DateTime,year,n,a_n,b_n,amplitude,period_hours
0,2022,0,137.9451631650517,0.0,137.9451631650517,inf
1,2022,1,-31.4069125952819,20.265823191890945,37.3777707790695,8760.0
2,2022,2,-4.535452607437638,-1.791540600190191,4.876468812208554,4380.0
3,2022,3,5.50365619135093,-5.924390244380732,8.086323716022568,2920.0
4,2022,4,-2.342000654283957,0.40234545133528193,2.3763099391444444,2190.0
5,2022,5,-3.7036095752876546,0.9017299552201035,3.8118028278366722,1752.0
6,2022,6,1.9016763572806434,2.260591298209191,2.954089705032549,1460.0
7,2022,7,-0.9988458579032767,-3.8472281511051123,3.9747776660470198,1251.4285714285713
8,2022,8,1.3250814806896332,-2.5794097701750087,2.8998613230533836,1095.0
9,2022,9,-1.0028860353788842,2.8057366333033995,2.979586960539778,973.3333333333334
10,2022,10,-1.5019941983637357,1.700614472407682,2.2689372304408906,876.0
11,2022,11,3.4781972929798832,-2.5701401829370494,4.32475166556882,796.3636363636364
12,2022,12,0.7988003925099838,0.28090574776630867,0.8467526830204043,730.0
13,2022,13,-4.286911049872197,2.0347872651623016,4.74530984910185,673.8461538461538
14,2022,14,-0.03435385279840842,0.8824683026502746,0.8831367348177469,625.7142857142857
15,2022,15,2.4865270912929676,0.00017054442940800952,2.486527097141567,584.0
16,2022,16,-0.16889321494932863,-0.7843151572607857,0.8022937018105846,547.5
17,2022,17,-2.5248549498865493,0.4532219119804181,2.565210053673148,515.2941176470588
18,2022,18,-1.9800001768122177,0.5810142138273993,2.063486907359939,486.6666666666667
19,2022,19,2.112279294190395,-0.7603866196189948,2.244974749960693,461.05263157894734
20,2022,20,3.1089137746252424,0.1536327277409121,3.1127074827371244,438.0
21,2022,21,-3.5938723389837843,1.0828980934841768,3.7534766110613296,417.14285714285717
22,2022,22,-2.3324101747693122,-1.6118779561395544,2.8351874309921805,398.1818181818182
23,2022,23,4.715427123007647,2.125482787887279,5.172323465716472,380.8695652173913
24,2022,24,-0.4695143546106426,1.5588414227717182,1.6280142230749715,365.0
25,2022,25,-2.6057290901059837,-1.7725052807608503,3.1514439644946344,350.4
26,2022,26,-0.6186091680811345,-0.634956726397522,0.8864803140687846,336.9230769230769
27,2022,27,0.11389898594773676,0.9973936119340674,1.0038759864280087,324.44444444444446
28,2022,28,2.7068753904879634,1.2096271724160468,2.9648561981783543,312.85714285714283
29,2022,29,-1.1823359880548288,0.13029604645087048,1.1894937781973958,302.0689655172414
30,2022,30,-2.716630972835645,-2.35297445545829,3.593963359664255,292.0
31,2022,31,1.4898225346422784,0.786321736887377,1.684598782686704,282.5806451612903
32,2022,32,1.2970847268205237,2.8683221706847957,3.1479677354434576,273.75
33,2022,33,-0.7846172938684199,-1.1063455430932214,1.3563276737424617,265.45454545454544
34,2022,34,-0.7217886092356838,-1.1337888771024482,1.3440446474219572,257.6470588235294
35,2022,35,-0.8722313166342451,1.5690782336729676,1.7952141858574393,250.28571428571428
36,2022,36,-0.5979419251389783,0.806509345522129,1.0039879831220295,243.33333333333334
37,2022,37,1.3050541491036327,-0.269709394408921,1.3326325410723818,236.75675675675674
38,2022,38,-1.2968783505427532,-0.6691682989639534,1.459342204023718,230.52631578947367
39,2022,39,-1.5319400778595675,-0.3133935148599196,1.5636674509973765,224.6153846153846
40,2022,40,0.17728266367832385,0.20418576478092526,0.2704088929381817,219.0
41,2022,41,1.0192198566908524,-0.7093086681282362,1.2417438958798122,213.65853658536585
42,2022,42,0.9453030260578494,-1.3237596764000172,1.626633791588262,208.57142857142858
43,2022,43,-1.2437601594818928,0.5640117966337179,1.365667837014703,203.72093023255815
44,2022,44,-0.6534766826680463,-0.4064680705723978,0.7695765505690011,199.0909090909091
45,2022,45,3.1808718704674166,-0.7959403438342539,3.278942952732461,194.66666666666666
46,2022,46,0.14555637204450708,1.6277364928376143,1.6342315464945767,190.43478260869566
47,2022,47,-1.955302382362132,-1.1763896210445788,2.2819070855257095,186.38297872340425
48,2022,48,0.10101190400776716,0.8451531231441807,0.8511681422090684,182.5
49,2022,49,-0.3887330195388344,0.9295717593854672,1.0075797816186929,178.77551020408163
50,2022,50,1.6060679267632123,-1.6026052970975755,2.268875916321272,175.2
51,2022,51,0.024536135605592518,1.5965353907398032,1.5967239197291283,171.76470588235293
52,2022,52,-5.239780921369575,-1.6995916357164675,5.508531186454877,168.46153846153845
53,2022,53,2.8596300203682152,-1.8543769947632769,3.4082543760843906,165.28301886792454
54,2022,54,3.224186144474629,2.0623829914407286,3.8273750662309256,162.22222222222223
55,2022,55,-2.7518984710496612,0.22124740111856137,2.7607780800830732,159.27272727272728
56,2022,56,-1.0021924683925756,-1.8083499222726327,2.0674910362771204,156.42857142857142
57,2022,57,1.3581749535141736,0.3722759074797777,1.4082714779626546,153.68421052631578
58,2022,58,0.6264444349012063,1.6825866046050144,1.795419258004916,151.0344827586207
59,2022,59,-0.28348740868283745,0.10426839787710696,0.30205464683988686,148.47457627118644
60,2022,60,-1.0531793572725958,-0.442167277765859,1.142234065378891,146.0
61,2022,61,-0.9732707793840596,-1.0368528166249333,1.4220828996039268,143.60655737704917
62,2022,62,0.901986570119416,0.7113569728915492,1.1487421449382,141.29032258064515
63,2022,63,-0.7887337014851838,1.1662744705844708,1.407940692144242,139.04761904761904
64,2022,64,-0.8121150638749093,-2.1529099388086057,2.300989370160893,136.875
65,2022,65,0.6543862301191572,-0.6655533673740792,0.9333716424836028,134.76923076923077
66,2022,66,-1.2402063955473124,0.2793660653162633,1.2712817555548994,132.72727272727272
67,2022,67,0.6516730978486395,-1.0084012692449291,1.200646053703766,130.7462686567164
68,2022,68,1.2310902701436788,0.07150767745264974,1.2331652773157002,128.8235294117647
69,2022,69,-0.5981113879070046,-0.18118174137689205,0.6249512427001056,126.95652173913044
70,2022,70,0.3954755467634893,-0.20628958558879762,0.4460451784407928,125.14285714285714
71,2022,71,0.024366746367653257,0.7042593106567765,0.7046807184642585,123.38028169014085
72,2022,72,-0.0891344503948442,-0.24530019166418554,0.2609925942966143,121.66666666666667
73,2022,73,1.3923766178444883,-0.1585741137308769,1.4013773208759979,120.0
74,2022,74,-0.9118983110346639,1.458710813224454,1.7202894425897697,118.37837837837837
75,2022,75,-1.723725022717089,-0.8776417087374501,1.9342913231611778,116.8
76,2022,76,2.1186570940966116,-1.0220214227693107,2.3522830762825517,115.26315789473684
77,2022,77,-0.32150154851805457,1.417328532403357,1.453335272559006,113.76623376623377
78,2022,78,-1.3371488628929011,-0.5675519485460251,1.4526122317515326,112.3076923076923
79,2022,79,0.9665282604532364,-0.2698317723578175,1.003486952395755,110.88607594936708
80,2022,80,0.03426709568206729,1.2557547903248967,1.2562222443781232,109.5
81,2022,81,-0.1687585631015255,-1.1214422915814861,1.13406889824544,108.14814814814815
82,2022,82,0.4302746352622685,0.7627053557522975,0.8757029870014815,106.82926829268293
83,2022,83,-1.5913048323076815,1.0059713584784,1.8826123986112107,105.5421686746988
84,2022,84,-0.5362199950113321,-1.570811961790501,1.6598138758168264,104.28571428571429
85,2022,85,1.1590274880992528,1.2063896731255992,1.6729377638136314,103.05882352941177
86,2022,86,-1.7897127972504454,0.3312316613015766,1.8201061260516147,101.86046511627907
87,2022,87,-0.9329634419260431,-1.4762551000863258,1.746353316056455,100.6896551724138
88,2022,88,0.3910921992586651,0.8448168921189037,0.9309504227027467,99.54545454545455
89,2022,89,-0.8631431919929259,-0.5281834413426654,1.0119258458959914,98.42696629213484
90,2022,90,0.6358442147576101,-1.5576331059972763,1.682414561973191,97.33333333333333
91,2022,91,-0.29377260249621256,0.38283852674285374,0.48256365335159307,96.26373626373626
92,2022,92,-0.8783105327966577,-0.5962609370314874,1.0615820726873717,95.21739130434783
93,2022,93,1.2634357923039705,0.09562407092020231,1.2670493140419254,94.19354838709677
94,2022,94,0.25117635677613415,0.04829663698685763,0.2557774957801646,93.19148936170212
95,2022,95,0.2956875730076649,-1.1908373432193566,1.226998255433519,92.21052631578948
96,2022,96,0.6370443827943055,0.9854074869242562,1.173393992202174,91.25
97,2022,97,-1.325846010999743,1.2695752792437949,1.8356712762776701,90.30927835051547
98,2022,98,0.39589518349822705,-1.1408858635217716,1.2076230992743195,89.38775510204081
99,2022,99,0.926058035351882,0.6266220044970265,1.118140698373715,88.48484848484848
100,2022,100,-1.5181951651553713,0.7709377748061866,1.7027218246455467,87.6
101,2022,101,-0.5822140970663355,-1.1675654135277393,1.3046770672043597,86.73267326732673
102,2022,102,0.27284239244686814,0.5636281050254666,0.6261945479567266,85.88235294117646
103,2022,103,-0.5963210864138804,-0.03146409429459133,0.5971505901626569,85.04854368932038
104,2022,104,-0.11017762829079689,-2.32814118835547,2.3307467693194397,84.23076923076923
105,2022,105,0.4938313265488505,1.2315280564112707,1.3268499285183382,83.42857142857143
106,2022,106,-0.8888501808279181,0.3151250621520658,0.9430580304276965,82.64150943396227
107,2022,107,0.5198446332022497,-1.212676982181905,1.319402859547831,81.86915887850468
108,2022,108,0.5611788133689434,0.8399473071717083,1.0101649070321042,81.11111111111111
109,2022,109,-1.5846951710212376,-0.2110127221974962,1.5986823180317056,80.36697247706422
110,2022,110,0.6658998803211382,-0.7851063171129972,1.0294729621424936,79.63636363636364
111,2022,111,-0.047043061699808826,1.059631748526492,1.0606754886106318,78.91891891891892
112,2022,112,-1.3184358786270793,-1.6288155169602214,2.095546027731568,78.21428571428571
113,2022,113,0.9285523734584364,-0.631499394582535,1.122943006395874,77.52212389380531
114,2022,114,-0.3442450224775578,0.521187630051504,0.6246128250518698,76.84210526315789
115,2022,115,0.005580368040815332,-1.2153951252871225,1.2154079360770897,76.17391304347827
116,2022,116,0.7271749871920976,-0.1506166612068603,0.7426094805689795,75.51724137931035
117,2022,117,-0.4236823154365704,-0.39335750018775034,0.5781321884894921,74.87179487179488
118,2022,118,0.8931237961764573,-0.28359276815275763,0.937067219277886,74.23728813559322
119,2022,119,0.3193212223301872,0.8819544890592922,0.9379817502501219,73.61344537815125
120,2022,120,-0.14903501936769897,-0.24320151488319766,0.28523396333433476,73.0
121,2022,121,0.2852360301415978,-0.541659227245632,0.6121717988859612,72.39669421487604
122,2022,122,0.060603780292788616,0.23666346147018674,0.24429984073025338,71.80327868852459
123,2022,123,-0.06305145087764523,0.7262575284516841,0.7289893573232225,71.21951219512195
124,2022,124,-0.3053108768556609,-0.1327111320328336,0.3329068579825425,70.64516129032258
125,2022,125,-0.04598115400546944,-0.5329460587998518,0.5349259463832071,70.08
126,2022,126,0.056373372727098706,-0.29351479684060283,0.29887939560466315,69.52380952380952
127,2022,127,-0.2930917062967159,0.4606544017896634,0.5459901337827571,68.97637795275591
128,2022,128,-0.5431026703526897,-0.0437051552305756,0.5448583771384552,68.4375
129,2022,129,0.6187159336265187,-1.211235439951255,1.3601105460650047,67.90697674418605
130,2022,130,0.8122137269832088,0.07728699087790226,0.8158826001692372,67.38461538461539
131,2022,131,-0.6349357691816114,0.7852790391788805,1.0098547422079822,66.87022900763358
132,2022,132,-0.037460140557363,-0.7479716460509707,0.7489091035811862,66.36363636363636
133,2022,133,0.6091890057736408,0.5030789215282812,0.7900630645977164,65.86466165413533
134,2022,134,-0.8074869053473,0.13379723358345177,0.8184966719675434,65.3731343283582
135,2022,135,0.12447125712505827,-0.8613031721014043,0.8702506811960756,64.88888888888889
136,2022,136,-0.06912042661766535,0.7455120860847422,0.7487094923094217,64.41176470588235
137,2022,137,-0.9852446251915153,-0.5254515427511947,1.1166048071042771,63.941605839416056
138,2022,138,0.5062956997914689,-1.139230193877312,1.2466678668631317,63.47826086956522
139,2022,139,0.059982542150790366,0.4743577022263582,0.4781350593967584,63.02158273381295
140,2022,140,0.015133499893490974,-0.9006721591803613,0.900799290153828,62.57142857142857
141,2022,141,0.5868177713727586,-0.06396592626979841,0.5902937713735801,62.12765957446808
142,2022,142,-0.26568611607260906,0.24305067189522683,0.3600871302649806,61.690140845070424
143,2022,143,0.42479094078749763,-0.6563205745105715,0.781795395164882,61.25874125874126
144,2022,144,0.7989459860242368,0.5694156523781275,0.9810957515744569,60.833333333333336
145,2022,145,-0.3738315496572556,0.3979727105565921,0.5460149319083739,60.41379310344828
146,2022,146,0.3870966197270371,-0.07779965719884326,0.39483740915009036,60.0
147,2022,147,-0.33122395194318655,0.3325798642862339,0.4693811590482857,59.59183673469388
148,2022,148,-0.3246355867150832,-0.08385520542561518,0.33529085826908317,59.189189189189186
149,2022,149,0.35192992741640516,0.22460633074582814,0.41749572168157667,58.79194630872483
150,2022,150,-0.5592650921123717,0.6746715969489598,0.8763328174758259,58.4
151,2022,151,-0.7094725165974332,-1.0577226745374946,1.2736280885870277,58.01324503311258
152,2022,152,0.8164085583999656,-0.7521860965204704,1.1100931753809733,57.63157894736842
153,2022,153,-0.09972363251040042,0.8477849029171048,0.8536299224460412,57.254901960784316
154,2022,154,-0.7682702696327879,0.11001400844028728,0.7761071377424229,56.883116883116884
155,2022,155,0.5500145247944305,-1.3072257871270092,1.418222562228747,56.516129032258064
156,2022,156,1.3052875856759791,0.26684415187687094,1.3322843100144628,56.15384615384615
157,2022,157,-1.0311290904514165,0.33578737488129556,1.0844262825590485,55.796178343949045
158,2022,158,-0.009418191510819383,-0.4033870603123188,0.4034969922548975,55.44303797468354
159,2022,159,0.20965806280655502,1.0382984195288687,1.0592545073285946,55.094339622641506
160,2022,160,-0.6806256776989342,-0.5866353882262778,0.8985501610163615,54.75
161,2022,161,0.7852082860878016,-0.3695927462198708,0.8678426416115359,54.409937888198755
162,2022,162,-1.2749825251184126,0.5545857837619947,1.3903761472739058,54.074074074074076
163,2022,163,-0.23493256055556896,-1.1508301123050815,1.1745651345912334,53.74233128834356
164,2022,164,1.2117088511821774,0.06828356977060358,1.2136313220800825,53.41463414634146
165,2022,165,-0.539213350166537,0.4301379507446204,0.6897606060573495,53.09090909090909
166,2022,166,0.25858135186776465,-0.8890898739030756,0.9259293274385186,52.7710843373494
167,2022,167,0.3133377191188761,0.3307490063378804,0.455604468169612,52.455089820359284
168,2022,168,-0.3339370768171748,0.11212483600921733,0.3522583570666473,52.142857142857146
169,2022,169,0.7008788652899451,0.07216696504866485,0.7045844553028802,51.83431952662722
170,2022,170,-0.4236204512451359,0.22581120268928223,0.4800468581014906,51.529411764705884
171,2022,171,-0.3393317745150104,-0.011091680226844255,0.3395130020570058,51.228070175438596
172,2022,172,0.5230729606644664,0.13451032188050932,0.5400910560921081,50.93023255813954
173,2022,173,-0.429498716327596,0.04328893608219241,0.431674737868897,50.63583815028902
174,2022,174,-0.7943915292264485,0.13327204299145815,0.8054932272526272,50.3448275862069
175,2022,175,-0.1857418642673349,-0.20633548828254683,0.2776227185701885,50.05714285714286
176,2022,176,-0.13180606296651412,-0.1900416540017633,0.23127617363329625,49.77272727272727
177,2022,177,-0.3071009200036507,-0.1892273117821808,0.3607186585018847,49.49152542372882
178,2022,178,-0.2578809325791344,-0.7721610459182111,0.8140855337256583,49.21348314606742
179,2022,179,0.27795365036288955,-0.4040755980337484,0.4904440036093691,48.93854748603352
180,2022,180,0.22126807688929997,0.3732950642837461,0.4339455805384994,48.666666666666664
181,2022,181,-0.13981706233854446,-0.1999804743414968,0.24401024781519012,48.39779005524862
182,2022,182,0.004114340209850336,-0.5729716607234919,0.5729864324638052,48.13186813186813
183,2022,183,0.5514728290383417,0.09113202203444262,0.5589519895372395,47.868852459016395
184,2022,184,-0.36095196688811787,0.6974424031963071,0.7853102750993656,47.608695652173914
185,2022,185,-0.7809418339834168,-0.11142413363349402,0.7888507372255902,47.351351351351354
186,2022,186,0.6381289002598858,-1.0426123609143403,1.222394792396575,47.096774193548384
187,2022,187,0.23004473214638443,0.08853469462126587,0.24649334867290548,46.844919786096256
188,2022,188,-0.8635228244119058,0.2323937704311009,0.8942474673240615,46.59574468085106
189,2022,189,0.3302123890956479,-1.0377870986962157,1.0890556845875992,46.34920634920635
190,2022,190,0.8684125710406743,-0.4010350022583306,0.9565403632768527,46.10526315789474
191,2022,191,0.3535979718713132,0.46782358690461906,0.5864217204161265,45.86387434554974
192,2022,192,0.019188879112144005,0.22601350397398898,0.2268266233495989,45.625
193,2022,193,-0.28498431260217044,-0.04381512711502338,0.2883328350941621,45.38860103626943
194,2022,194,0.19519923950501353,-0.1777404483066916,0.26399698874721916,45.154639175257735
195,2022,195,0.7242932623569761,0.5815169076794028,0.9288501729626402,44.92307692307692
196,2022,196,-0.6682708905307984,0.5755396577915337,0.8819477766974766,44.69387755102041
197,2022,197,-0.4015016340240786,-0.12561665533939886,0.4206936013569288,44.46700507614213
198,2022,198,0.04960531431823159,-0.11848672800323133,0.1284515158397217,44.24242424242424
199,2022,199,-0.10278000425851298,0.11252807155851836,0.1524017590582831,44.02010050251256
200,2022,200,-0.4956164044495003,0.6297287863008865,0.8013700547533819,43.8
201,2022,201,-0.8205283559772424,-0.7782219591780641,1.130882929710083,43.582089552238806
202,2022,202,0.4056068994920009,-0.760961761605215,0.8623107093970399,43.366336633663366
203,2022,203,0.36203925119575053,0.23996285463564043,0.43434386263796254,43.152709359605915
204,2022,204,-0.521745573723827,-0.29391240407323405,0.5988346557844773,42.94117647058823
205,2022,205,0.4287349370168453,0.12697219252728228,0.447141570304108,42.73170731707317
206,2022,206,0.022724536649067345,-0.33466035780508807,0.33543100580021573,42.52427184466019
207,2022,207,0.647966632926638,0.23649985964869616,0.6897774575905895,42.31884057971015
208,2022,208,-0.2780555886652712,0.8462720677318875,0.8907812992037916,42.11538461538461
209,2022,209,-0.6942403173403265,-0.5720452194358658,0.899558420170822,41.91387559808612
210,2022,210,0.7441673019455891,0.058055192123850595,0.7464284149317433,41.714285714285715
211,2022,211,-0.6030025659244549,0.4258189306516232,0.7381963534268972,41.51658767772512
212,2022,212,-0.4268936850235825,-0.2900366222081201,0.5161002427192894,41.320754716981135
213,2022,213,-0.10350686442438921,-0.7914664925292086,0.7982060384258295,41.12676056338028
214,2022,214,0.5945009931274007,0.3945747897206916,0.7135269409858284,40.93457943925234
215,2022,215,-0.26459739034044544,0.010767605369209768,0.264816389788021,40.74418604651163
216,2022,216,-0.378054616322129,-0.5470706182007267,0.664989890314881,40.55555555555556
217,2022,217,0.9922651129313924,0.20031560725255051,1.0122827652635933,40.36866359447004
218,2022,218,-0.057526232324327596,0.296932196008334,0.3024532962818626,40.18348623853211
219,2022,219,-0.5140812527280455,-0.1745730520886842,0.5429136993316663,40.0
220,2022,220,0.07292080847418216,0.25439149771837294,0.26463650243291326,39.81818181818182
221,2022,221,-0.21214018535889226,-0.17453187127962017,0.27470863171089305,39.63800904977376
222,2022,222,0.333990036600004,0.13397139840633154,0.3598578610215706,39.45945945945946
223,2022,223,-0.365596316890396,0.3679182559709229,0.5186757272135534,39.28251121076233
224,2022,224,-0.9479848808795336,-0.8285346815672476,1.2590254377636394,39.107142857142854
225,2022,225,0.43900202516320613,0.10662507096803617,0.45176507595910403,38.93333333333333
226,2022,226,-0.28747993953375284,0.6402035994826814,0.7017872643650009,38.76106194690266
227,2022,227,-0.41640042152806195,-1.0665514824242643,1.1449547483242049,38.590308370044056
228,2022,228,0.23903180562839038,-0.16449262916653626,0.29016207393814963,38.421052631578945
229,2022,229,-0.3274880522061109,-0.22041512562434107,0.3947546731094471,38.2532751091703
230,2022,230,0.5818170931822257,-0.030261312480818512,0.5826035332471616,38.08695652173913
231,2022,231,0.35237226241048936,0.4574892474255368,0.5774622263198441,37.922077922077925
232,2022,232,-0.5686864609024749,-0.7145579699707206,0.9132345718721228,37.758620689655174
233,2022,233,0.6811141764307846,-0.25134175750502263,0.7260090911281343,37.59656652360515
234,2022,234,-0.5218091505704947,1.0730153465295114,1.1931666788453943,37.43589743589744
235,2022,235,-0.3671578350436529,-0.48161712492669617,0.6056070762933662,37.276595744680854
236,2022,236,0.485884755573578,-0.9237912795006684,1.04377886727998,37.11864406779661
237,2022,237,0.07335849572360098,0.38874471536416577,0.3956057666647389,36.962025316455694
238,2022,238,-0.15097576046048589,-0.11933069908385686,0.19244088960110325,36.80672268907563
239,2022,239,-0.22012246152116027,-0.1609082880708586,0.27266348350307035,36.65271966527197
240,2022,240,0.6140310310322159,-0.6022417531988423,0.8600751341403269,36.5
241,2022,241,0.3498097225115044,0.4549904284610922,0.5739190987890053,36.34854771784232
242,2022,242,-0.5029648901562506,0.41145534355341185,0.6498224222574543,36.19834710743802
243,2022,243,0.3568349008368939,-0.28141920626259725,0.454453425676104,36.04938271604938
244,2022,244,-0.21551078428202336,-0.03601311675380092,0.21849906800756771,35.90163934426229
245,2022,245,-0.11143053383035775,-0.0798735570421613,0.13710050687100284,35.755102040816325
246,2022,246,-0.03488629868537279,0.3385865269223545,0.34037903879250164,35.609756097560975
247,2022,247,-0.9283909381978451,-0.3962061874465669,1.009400355210369,35.465587044534416
248,2022,248,0.505368997398782,-0.3296278385893597,0.6033674962284123,35.32258064516129
249,2022,249,-0.08185701464239517,-0.3242711031446542,0.33444329740752204,35.18072289156626
250,2022,250,-0.08051985208083053,-0.26092756826539276,0.27306893353146205,35.04
251,2022,251,0.0638760144814501,0.07771605928492757,0.10059786825183126,34.9003984063745
252,2022,252,0.11976317040826631,-0.6911655596446286,0.7014649298611528,34.76190476190476
253,2022,253,0.7887629665376908,-0.3733620409391141,0.872666162398634,34.62450592885376
254,2022,254,-0.41939730633668826,0.093870629807503,0.42977412172317586,34.488188976377955
255,2022,255,0.6649335550458223,-0.43194504413357837,0.7929143420177457,34.35294117647059
256,2022,256,0.7898853879795747,0.8804422104280565,1.1828344821009766,34.21875
257,2022,257,-0.7351669330000722,0.02350682538417646,0.7355426501681427,34.08560311284047
258,2022,258,0.5955768426797883,-1.03795518459801,1.1966882387532327,33.95348837209303
259,2022,259,-0.196504055222345,1.1255350328734444,1.142559825105124,33.82239382239382
260,2022,260,-0.9484740221355185,0.4593063329422111,1.0538336102757158,33.69230769230769
261,2022,261,0.6364127536068499,-0.6556285851879032,0.9137122274923023,33.5632183908046
262,2022,262,-0.2498595514092753,-0.29341510682804983,0.3853858071405331,33.43511450381679
263,2022,263,-0.10436381887737892,-0.7816114916897767,0.7885482424254006,33.30798479087453
264,2022,264,0.8763832462229928,0.13255689180436148,0.8863514674355676,33.18181818181818
265,2022,265,-0.6397599781324553,0.8253122648391007,1.0442380782723284,33.056603773584904
266,2022,266,-0.3006596918967159,-0.941220640335958,0.9880751712930849,32.932330827067666
267,2022,267,1.2786292592163553,-0.6943272579351446,1.4549856094257092,32.80898876404494
268,2022,268,-0.1725230527765853,1.1373753989075177,1.1503855883048029,32.6865671641791
269,2022,269,-0.7715905071486933,0.16242063874167717,0.7885000790178984,32.56505576208178
270,2022,270,0.16764316959068987,-0.4253863174141169,0.4572283361227262,32.44444444444444
271,2022,271,0.23449162044538302,-0.2101529232578814,0.3148818369054248,32.32472324723247
272,2022,272,0.06150654169321522,-0.2882733270155966,0.29476187972616186,32.205882352941174
273,2022,273,-0.3311910985759544,0.7083063390345442,0.7819113848080652,32.08791208791209
274,2022,274,-0.6354309566045193,-0.31684166861882296,0.7100430575567193,31.970802919708028
275,2022,275,0.44205789170755305,-1.164685260052242,1.2457555677595364,31.854545454545455
276,2022,276,0.6996761818158718,-0.04549333575320868,0.7011536229660309,31.73913043478261
277,2022,277,-0.35453843553554704,0.24011644948298205,0.42819786499270024,31.624548736462096
278,2022,278,0.5183544221994493,-0.48227347633165524,0.7080106023123838,31.510791366906474
279,2022,279,0.07730402279092478,0.05017071912161757,0.09215754443798978,31.397849462365592
280,2022,280,0.29162864718981707,-0.23343543813144932,0.3735496909882064,31.285714285714285
281,2022,281,0.826860992927731,0.26095713534595155,0.8670627013736656,31.17437722419929
282,2022,282,-0.30504204611883934,1.288487326503154,1.3241035610780651,31.06382978723404
283,2022,283,-0.3493276156879765,-0.4569012105039518,0.5751421556817263,30.954063604240282
284,2022,284,0.7039454990307297,-0.39650817170448355,0.8079344006997444,30.845070422535212
285,2022,285,-0.5371087970436637,0.9366826010134018,1.0797500427890352,30.736842105263158
286,2022,286,-0.6772006470041859,-0.26164088119161105,0.7259866851489845,30.62937062937063
287,2022,287,-0.06132558550223537,0.14633372896814678,0.15866438690177145,30.522648083623693
288,2022,288,-0.4616812308126511,-0.5112532382619358,0.6888609674803764,30.416666666666668
289,2022,289,0.352013533878174,-1.2440471669704078,1.292890900919524,30.311418685121108
290,2022,290,0.27058602814639426,0.7228495855247935,0.7718343876256144,30.20689655172414
291,2022,291,-0.3915763975129613,0.2633368788547531,0.47188810840515105,30.103092783505154
292,2022,292,0.27907363671092156,-0.9409636388183139,0.9814757583788107,30.0
293,2022,293,0.44391909647239564,-0.0839190129416635,0.45178154560137934,29.897610921501705
294,2022,294,-0.38480887701768174,0.6304659527401695,0.7386238483803369,29.79591836734694
295,2022,295,-0.1459348197086195,-0.15861113390396475,0.21553297520724923,29.694915254237287
296,2022,296,-0.049683553214622686,-0.08992874646360152,0.1027406195257989,29.594594594594593
297,2022,297,-0.243300307175565,-0.5275076058472736,0.5809124836827376,29.494949494949495
298,2022,298,0.21470689425851358,-0.47195179835617307,0.5184954680744687,29.395973154362416
299,2022,299,-0.3508291196116564,0.609709989745345,0.7034396511163972,29.297658862876254
300,2022,300,0.390800753203253,-0.538370707186267,0.6652580304366653,29.2
301,2022,301,0.5521572732412823,-0.8689286432698199,1.0295215595061513,29.102990033222593
302,2022,302,-0.5861751405464775,0.3571361084849733,0.6864018468641189,29.00662251655629
303,2022,303,0.30381432003686104,-0.04908914293467529,0.3077545856904836,28.91089108910891
304,2022,304,0.5674049406373968,0.11687611623318213,0.5793171784139325,28.81578947368421
305,2022,305,0.10574583878466327,-0.25939226293483064,0.28011877568403787,28.721311475409838
306,2022,306,-0.07968306860628942,-0.10316384881231827,0.13035402227889054,28.627450980392158
307,2022,307,-0.5855079386200578,0.13326142879754535,0.6004816022096535,28.534201954397393
308,2022,308,0.7323461095375454,-0.1814467095892283,0.7544890539799343,28.441558441558442
309,2022,309,0.7194808295369431,0.1418168220563116,0.733324399627695,28.349514563106798
310,2022,310,-0.7996018798103017,0.5723617148909238,0.9833418016483624,28.258064516129032
311,2022,311,-1.1797979139759185,-1.0917664006067187,1.6074442420549706,28.167202572347268
312,2022,312,1.425776851093344,-0.49318565887043064,1.5086655438595766,28.076923076923077
313,2022,313,1.0118518413379232,1.7736872838662574,2.0420114421246045,27.987220447284344
314,2022,314,-1.8045085765279525,-0.707961668484683,1.9384171188901922,27.898089171974522
315,2022,315,1.0257825372838374,-1.1410710696545576,1.5343640375735685,27.80952380952381
316,2022,316,-0.02254601085089357,1.0960939939578744,1.0963258485486027,27.72151898734177
317,2022,317,0.05089376379254018,-0.09363158360737975,0.10656945454395747,27.634069400630914
318,2022,318,0.7434356354468911,-0.09672996484018793,0.7497020942683211,27.547169811320753
319,2022,319,-1.4430588772250823,0.2412226083994893,1.4630814297027928,27.460815047021942
320,2022,320,0.3968780857420015,-0.28432468794194765,0.4882138292956493,27.375
321,2022,321,0.9337476576929893,0.42766025826942133,1.0270238481896183,27.289719626168225
322,2022,322,-0.5539500952373474,-0.7313658347098271,0.9174729926239074,27.204968944099377
323,2022,323,0.12483935791645648,-0.4193237525020739,0.43751259947276216,27.120743034055728
324,2022,324,0.0705886516920921,0.037045377834093424,0.07971899250854991,27.037037037037038
325,2022,325,0.5128940864766026,-0.012003994312925228,0.5130345405741542,26.953846153846154
326,2022,326,0.7425094683269525,-0.09840558952086331,0.7490019830441855,26.87116564417178
327,2022,327,-0.35940717400067396,-0.460053072941132,0.5837999200460113,26.788990825688074
328,2022,328,0.02348130261919787,0.4850255022208917,0.4855935639784804,26.70731707317073
329,2022,329,0.2305865124122467,0.7553514577269275,0.78976323312537,26.62613981762918
330,2022,330,0.3965859570577785,-0.41375032602986855,0.5731228085020318,26.545454545454547
331,2022,331,-0.08467098977238291,-0.3880194435331818,0.3971501794898688,26.46525679758308
332,2022,332,-0.5637349298350065,0.7256184468193229,0.9188684353489166,26.3855421686747
333,2022,333,-0.21367283802044804,0.5607359645011141,0.6000674158731728,26.306306306306308
334,2022,334,0.5076050266179822,-0.9769636390771047,1.1009635848322241,26.227544910179642
335,2022,335,0.8426159838182413,-0.015383775086418186,0.842756404141726,26.149253731343283
336,2022,336,-1.3524571073420824,1.2143234999936527,1.817614312728899,26.071428571428573
337,2022,337,-1.1941652306648238,-0.4981938393483852,1.2939195105158035,25.99406528189911
338,2022,338,1.7343198820114865,-0.037956883066419936,1.7347351896218783,25.91715976331361
339,2022,339,0.37850934103036354,-0.6880404973932236,0.7852827817419369,25.84070796460177
340,2022,340,-0.7422502715200836,0.07582322572521655,0.7461130123051165,25.764705882352942
341,2022,341,-0.1561243743396678,1.7197481262782426,1.7268203259460664,25.6891495601173
342,2022,342,-0.3977785596229527,-0.804353456678772,0.8973362055365871,25.614035087719298
343,2022,343,1.5550661446731064,-0.34225396750058207,1.592284048961858,25.53935860058309
344,2022,344,-0.6380134956760257,0.9196687873156205,1.1193086701296144,25.46511627906977
345,2022,345,-2.0994294211060893,-0.834868015484954,2.259338066223299,25.391304347826086
346,2022,346,0.9464987930930484,0.5860431437099517,1.1132414525232341,25.31791907514451
347,2022,347,-0.1849086345797238,0.19856541558390722,0.27132900215079775,25.244956772334294
348,2022,348,-1.0261499473651952,-1.6289091347010325,1.9251827662822196,25.17241379310345
349,2022,349,0.006902467953541449,-0.04067527948389477,0.04125678641075451,25.10028653295129
350,2022,350,-0.38755787219216736,0.4881611949408432,0.6232996522894845,25.02857142857143
351,2022,351,0.9623798092487735,-0.37936392869127067,1.0344524578934409,24.957264957264957
352,2022,352,-0.3170944168269394,-0.38306908969957715,0.49728341684202526,24.886363636363637
353,2022,353,-0.5486971942022539,-0.4112716824132005,0.6857207942598871,24.81586402266289
354,2022,354,1.0716309137679814,0.5571113229151463,1.2077937909525216,24.74576271186441
355,2022,355,-0.19858474650140465,1.255904396644359,1.2715076700726815,24.676056338028168
356,2022,356,-0.2538885513620195,-1.093096134873248,1.1221936359592932,24.60674157303371
357,2022,357,-0.4524921272997958,-0.8604112098892648,0.9721402035567726,24.537815126050422
358,2022,358,0.02086096708405189,1.987363079479148,1.9874725632381756,24.46927374301676
359,2022,359,-0.750000971990585,0.7149420137408766,1.036167718566199,24.401114206128135
360,2022,360,-0.8116256098055219,-1.7989899056264058,1.9736009756376516,24.333333333333332
361,2022,361,-1.1256652738383528,-0.7945386884128168,1.3778294655400332,24.265927977839336
362,2022,362,-0.04318684886468394,-1.343610935706411,1.3443048205168047,24.19889502762431
363,2022,363,0.8604895777675474,2.251543198637536,2.410371151664722,24.132231404958677
364,2022,364,-1.6890929510118822,-0.4816400653428091,1.7564202656828616,24.065934065934066
365,2022,365,-0.403297647149393,-9.476999372426093,9.485576740354842,24.0
366,2022,366,3.592669068356896,2.564783940223524,4.414225605330669,23.934426229508198
367,2022,367,-2.0264714905122028,3.6410009919889945,4.166950314741417,23.869209809264305
368,2022,368,0.2504184411622545,-3.6692221950118498,3.677757592887507,23.804347826086957
369,2022,369,2.4513179272816945,-0.34085448950945585,2.474902293754518,23.739837398373982
370,2022,370,-0.8751884529882019,0.337779159716125,0.9381095826087769,23.675675675675677
371,2022,371,0.3666803973433175,0.20289746453178972,0.41907266065597987,23.61185983827493
372,2022,372,0.33859674569055176,0.9924746224181089,1.0486437108647533,23.548387096774192
373,2022,373,0.14487203684977465,-1.4605687544148251,1.467736009449205,23.485254691689008
374,2022,374,0.7051565207289431,-0.9550877908666718,1.187197711836208,23.422459893048128
375,2022,375,-0.6896795848218684,1.3930731527108573,1.5544486927923458,23.36
376,2022,376,0.056057649626125396,0.2104369535536495,0.21777550712269336,23.29787234042553
377,2022,377,1.2465665471437388,-0.9077626605146052,1.5420639429940697,23.23607427055703
378,2022,378,0.7417595226908615,0.1629502499636518,0.7594471498832498,23.174603174603174
379,2022,379,-0.7586311626701912,0.33515179108587473,0.8293660012578258,23.113456464379947
380,2022,380,0.28590959090886486,0.4310893762545021,0.5172836209403601,23.05263157894737
381,2022,381,1.5883027535607714,-0.13027569757423868,1.5936365314422178,22.992125984251967
382,2022,382,-0.18155546916931875,-0.07676616354395284,0.1971178131233917,22.93193717277487
383,2022,383,-0.13553101755249633,0.4369548196719203,0.4574911705741822,22.87206266318538
384,2022,384,-0.2910230198245686,0.40742802602390427,0.5006915162628047,22.8125
385,2022,385,0.4878561100228164,-0.2930241829501183,0.5690929237656877,22.753246753246753
386,2022,386,0.9701338754875073,0.03902574522283152,0.9709185059306511,22.694300518134714
387,2022,387,-1.835542756221216,0.02160179732193519,1.835669863445962,22.635658914728683
388,2022,388,0.4895551235111449,-1.4412629942626851,1.522137719651889,22.577319587628867
389,2022,389,1.9626792711933272,1.4447157945256084,2.4370707106121747,22.519280205655527
390,2022,390,-0.9523095277690213,0.42022323301828135,1.0409039351678873,22.46153846153846
391,2022,391,-0.3726186451291639,-1.4777408629331625,1.523995640636922,22.404092071611252
392,2022,392,0.25866325392927214,0.6296047790513274,0.6806679489571622,22.346938775510203
393,2022,393,0.7463655904685457,0.7735875471861047,1.074941527617607,22.290076335877863
394,2022,394,0.9415821206866467,0.2176967414618261,0.9664205923095079,22.233502538071065
395,2022,395,-1.329808525698374,-0.18195169112829118,1.342198619029437,22.17721518987342
396,2022,396,-0.20908289266932295,-1.0418291532797905,1.0626022965487403,22.12121212121212
397,2022,397,0.8430147732763855,1.068708752520427,1.3611804824034186,22.065491183879093
398,2022,398,-0.17050993624005314,0.3668503781446016,0.40454028019645233,22.01005025125628
399,2022,399,0.07980200974926716,-1.6361285783342794,1.638073589800584,21.954887218045112
400,2022,400,0.38038435428331424,0.045831429602955776,0.38313545505863145,21.9
401,2022,401,0.0647141720538298,1.0890063451343823,1.090927469544863,21.845386533665835
402,2022,402,0.03532857844669749,0.3574306590157847,0.359172360378026,21.791044776119403
403,2022,403,0.3443114327132877,-0.4432672482463602,0.561280870923798,21.736972704714642
404,2022,404,0.27968210627983303,-0.3992265242816584,0.48744630295360475,21.683168316831683
405,2022,405,-0.6090978090043562,0.7673079313561384,0.9796742328222905,21.62962962962963
406,2022,406,-0.3279565276695444,-0.08292987380559981,0.3382792456100099,21.576354679802957
407,2022,407,0.6098225643545159,-0.8294055224925871,1.02946446307637,21.523341523341525
408,2022,408,0.1702228459277251,0.2115493891287104,0.27153077416098637,21.470588235294116
409,2022,409,-0.6042283729531889,0.5719989472091426,0.8320304815870783,21.418092909535453
410,2022,410,-0.7362734388095221,-0.9417323411214453,1.1953904713567352,21.365853658536587
411,2022,411,0.6467807934788252,-0.3082473089844472,0.7164787493772946,21.313868613138688
412,2022,412,0.06696605435025581,0.4903044251878991,0.4948564254347695,21.262135922330096
413,2022,413,-0.20917328821721612,-0.6765943776103875,0.7081902402021579,21.210653753026634
414,2022,414,0.555627388565799,0.2012114813421508,0.590938114482686,21.159420289855074
415,2022,415,0.04212751443496898,-0.6807681868827954,0.6820704155321188,21.10843373493976
416,2022,416,0.8336614811384283,-0.715833382277382,1.0988215943985606,21.057692307692307
417,2022,417,0.42381906806394715,2.3032825003245416,2.341950656772227,21.007194244604317
418,2022,418,-1.3942446218282094,-0.8832462565739371,1.6504672112007435,20.95693779904306
419,2022,419,1.19294247203121,-1.8387008750943885,2.191787546649721,20.90692124105012
420,2022,420,0.846986655436688,1.952001059416,2.127837994408647,20.857142857142858
421,2022,421,-1.3405145288575224,0.29868693322679923,1.373387449396031,20.807600950118765
422,2022,422,-0.02027063492976514,-1.4479221145923613,1.4480640001623102,20.75829383886256
423,2022,423,0.8505938934488246,0.304438481119624,0.903433871602595,20.70921985815603
424,2022,424,0.006585375636015322,0.130398621102432,0.1305648021393325,20.660377358490567
425,2022,425,0.09737508071307394,-0.3926839850086004,0.4045770858886009,20.611764705882354
426,2022,426,0.17111956337219839,0.43881875725159425,0.471002979485826,20.56338028169014
427,2022,427,0.13729101381806408,-0.6676551197583568,0.6816246631502836,20.515222482435597
428,2022,428,0.5874009992749168,0.21786571150041475,0.6265025157146241,20.46728971962617
429,2022,429,-0.2816375995055785,0.8444385429477717,0.8901663834761568,20.41958041958042
430,2022,430,0.0933137731631808,-0.655105146217737,0.6617176232071442,20.372093023255815
431,2022,431,0.30516821421717194,0.37217158404840395,0.48128923418418157,20.324825986078885
432,2022,432,-0.5527710674144968,0.23187137390081322,0.5994332214727616,20.27777777777778
433,2022,433,-0.31648093139743716,-0.4328016338875522,0.5361692216398888,20.23094688221709
434,2022,434,0.5242263956365636,0.6061713722460027,0.8014094124807275,20.18433179723502
435,2022,435,-0.08530137425586164,-0.08664335859697828,0.12158698959552845,20.137931034482758
436,2022,436,-0.5684122853673602,-0.29769204105722497,0.6416487181202514,20.091743119266056
437,2022,437,-0.44747814495378513,-0.10187475063020467,0.4589282678450382,20.045766590389015
438,2022,438,0.363508122168952,-0.9564113805223267,1.0231621981266805,20.0
439,2022,439,1.1879500863825965,-0.0004751560402291009,1.187950181409002,19.954441913439634
440,2022,440,-0.37754397206024176,0.49128448977035516,0.6195965628761532,19.90909090909091
441,2022,441,-0.46989099274062285,-1.3974698706276958,1.474353954914137,19.86394557823129
442,2022,442,1.3721796672953364,0.05572720913518547,1.373310802832606,19.81900452488688
443,2022,443,0.6602275419020538,1.3918174586099654,1.5404727343181153,19.774266365688487
444,2022,444,-0.19769395870053588,-0.26663839494578984,0.3319321240343516,19.72972972972973
445,2022,445,0.13812331007287287,-0.5559127722006751,0.5728150304254653,19.685393258426966
446,2022,446,-0.11008253768167213,0.8218297139662412,0.8291696110327914,19.641255605381165
447,2022,447,0.4585831649052306,0.04369346706365168,0.46066000282045366,19.59731543624161
448,2022,448,0.4532038907270922,0.32394087989823744,0.5570740168410464,19.553571428571427
449,2022,449,-1.1402213401431434,0.5405598781738512,1.261867539169288,19.510022271714924
450,2022,450,0.2356663761480954,-1.0445785068012854,1.0708328056788223,19.466666666666665
451,2022,451,0.7994222427677422,0.8098180076838802,1.1379284370297176,19.42350332594235
452,2022,452,-0.2148560755744116,0.762909860531258,0.792587275009548,19.38053097345133
453,2022,453,-0.13104979458051028,-0.8231713708351578,0.8335377342521614,19.337748344370862
454,2022,454,-0.08324136579428885,0.3951330844633968,0.4038059922993423,19.295154185022028
455,2022,455,-0.08056121336079078,0.39973173144486585,0.40776901086530987,19.252747252747252
456,2022,456,0.765966908310395,0.05317327801620821,0.7678103295225808,19.210526315789473
457,2022,457,-0.39961592398544243,0.1949724849700152,0.44464272916367553,19.168490153172865
458,2022,458,-0.6292072751933271,-0.3065078587196759,0.6998920363978519,19.12663755458515
459,2022,459,-0.10218954680012612,0.34512201032479806,0.3599331958653511,19.084967320261438
460,2022,460,0.33358001691146993,-0.16909658547285386,0.3739910198136243,19.043478260869566
461,2022,461,0.5353137074705742,-0.3362802846167007,0.6321749720036223,19.002169197396963
462,2022,462,-0.27026718628848284,0.13298183213294704,0.30121175219723545,18.961038961038962
463,2022,463,-0.7423319031701996,-0.19148027055551733,0.7666298640649898,18.920086393088553
464,2022,464,1.1372006626622908,-0.26996254993805113,1.168804998932075,18.879310344827587
465,2022,465,0.7665738196165512,0.23656947721184,0.8022471804062586,18.838709677419356
466,2022,466,-0.4272660151739922,0.27311893967462303,0.5070997958308132,18.798283261802574
467,2022,467,0.029212157834416035,-0.5565301528171016,0.5572962956632399,18.758029978586723
468,2022,468,0.6236792388400715,0.4792867555852172,0.786569505536246,18.71794871794872
469,2022,469,0.04825328911690985,1.1638256822105588,1.1648255656893323,18.678038379530918
470,2022,470,-0.18834550468094927,-0.46126552689071443,0.4982368065802545,18.638297872340427
471,2022,471,0.06862584085255341,0.6598375527082865,0.6633966400252421,18.598726114649683
472,2022,472,-0.6056795201128474,-0.07418118120725666,0.6102053168642773,18.559322033898304
473,2022,473,0.40265209070482294,-0.4331973144434969,0.5914293021063658,18.520084566596193
474,2022,474,0.394216477747267,0.8383867832416052,0.9264442938685886,18.481012658227847
475,2022,475,-1.0751975895352135,-0.06911772493673282,1.0774168721728667,18.442105263157895
476,2022,476,0.4804812075771714,-0.728856728658873,0.8729801382311804,18.403361344537814
477,2022,477,0.0552598572132397,0.8166391245392811,0.818506635005185,18.364779874213838
478,2022,478,-0.4985707080899702,-0.28115318155983016,0.5723808718559252,18.326359832635983
479,2022,479,0.21116492964611763,-0.22481124942903144,0.3084326918183155,18.288100208768267
480,2022,480,-0.6891874454116181,0.34000218270110455,0.7684925628491843,18.25
481,2022,481,0.28258768880069485,-0.5211975223281765,0.5928765968924296,18.212058212058214
482,2022,482,0.20352308742455055,0.12537773747149267,0.2390423062311184,18.17427385892116
483,2022,483,-0.5486179443115177,-0.31844714400884544,0.6343423620947807,18.13664596273292
484,2022,484,0.41619346979287114,-0.2995868272557396,0.5128052957637917,18.09917355371901
485,2022,485,-0.05021652472181487,0.06372953487667464,0.08113663149733254,18.061855670103093
486,2022,486,0.19345669471822924,-0.25760688082049055,0.32215958433261704,18.02469135802469
487,2022,487,0.21921097026621586,0.07705590809170285,0.23235976944577288,17.987679671457904
488,2022,488,-0.35425775327042336,-0.4366966854216978,0.5623189049022853,17.950819672131146
489,2022,489,0.2133686337717088,0.07130909566278333,0.2249692445687845,17.914110429447852
490,2022,490,0.25472939710286585,0.14065185929259635,0.29098111840951785,17.877551020408163
491,2022,491,0.14232748285561042,-0.38757384013718205,0.4128808471395785,17.841140529531568
492,2022,492,0.5322862103959675,0.2952346596161398,0.6086806338436915,17.804878048780488
493,2022,493,-0.11898064503058557,0.09982067558137024,0.1553079558986447,17.768762677484787
494,2022,494,-0.2063126212769649,0.11692078895826281,0.23713997678332302,17.732793522267208
495,2022,495,0.15315310865951995,0.00793258565637665,0.1533584057274673,17.696969696969695
496,2022,496,0.40459369244821747,0.2691267189859673,0.4859272032321658,17.661290322580644
497,2022,497,-0.5795918935011237,0.21079605313488198,0.6167347395999855,17.62575452716298
498,2022,498,-0.20883028769055845,-0.6772489522685146,0.7087144928712282,17.59036144578313
499,2022,499,0.5245115750766032,0.3105595802003721,0.6095569253511689,17.55511022044088
500,2022,500,-0.5403817933471897,0.23882473536768364,0.590804313461377,17.52
501,2022,501,0.7636328252574404,-0.8214200926493217,1.1215462809972134,17.48502994011976
502,2022,502,0.11029193010377109,0.5616250292644542,0.5723521497664827,17.45019920318725
503,2022,503,-0.7061456781074174,0.30193062413237404,0.7679868621915021,17.415506958250496
504,2022,504,0.7276499336478497,-0.27029934847249354,0.7762320295648555,17.38095238095238
505,2022,505,-0.08389196977139297,0.6539756141841414,0.6593344876006785,17.346534653465348
506,2022,506,-0.4330453768810591,-0.3402973989756423,0.5507545898017066,17.31225296442688
507,2022,507,0.3654683205244137,-0.09049890407896787,0.3765065005367501,17.27810650887574
508,2022,508,-0.6145471978620368,0.3331983209067904,0.6990632156358865,17.244094488188978
509,2022,509,-0.06408879164882918,-0.30452287367171216,0.3111937560496428,17.210216110019648
510,2022,510,0.48425447839924446,-0.06890133466690952,0.48913167324208906,17.176470588235293
511,2022,511,-0.40648748850618,-0.45342946582014765,0.6089584212292382,17.142857142857142
512,2022,512,0.27380951102661427,0.16014788497414156,0.3172049706267613,17.109375
513,2022,513,0.10762063243177751,0.22761218114366966,0.25177272594543365,17.076023391812864
514,2022,514,-0.16260322142176567,-0.49972040219680713,0.5255095508061433,17.042801556420233
515,2022,515,0.6475656968583984,0.13770121445001193,0.6620445273610464,17.009708737864077
516,2022,516,-0.16968712383195703,0.4542598060168341,0.48491823161932535,16.976744186046513
517,2022,517,-0.2717295763800898,-0.11238369357941662,0.29405281372953274,16.943907156673113
518,2022,518,0.5477693922260879,-0.17777416340050975,0.5758949211726814,16.91119691119691
519,2022,519,0.15788950005430982,0.4124240292608685,0.44161371597717575,16.878612716763005
520,2022,520,-0.8253011991495001,0.27271781676440865,0.869193348397437,16.846153846153847
521,2022,521,0.12982912793543144,-0.3691468624370534,0.3913119069330698,16.813819577735124
522,2022,522,0.17555157583767306,0.3290167103417086,0.3729213743715558,16.7816091954023
523,2022,523,-1.0569544592573428,-0.3623855921898491,1.1173522481163982,16.749521988527725
524,2022,524,0.5541220186825445,-0.8201751461903952,0.9898173983201418,16.717557251908396
525,2022,525,0.3529456251402616,1.0316304413802755,1.0903357198074874,16.685714285714287
526,2022,526,-0.643382410659452,-0.459446154970848,0.790589460885651,16.653992395437264
527,2022,527,0.9257783014281996,-0.8535157729689075,1.2591880868647043,16.622390891840606
528,2022,528,-0.14069902653348906,0.6631469780371635,0.6779086446913726,16.59090909090909
529,2022,529,-0.5950658426826962,-0.08434662945273566,0.6010139025244795,16.559546313799622
530,2022,530,0.7622320587813234,0.3305682059302491,0.8308267269448898,16.528301886792452
531,2022,531,-0.38331348788734576,-0.11954006390477455,0.40152092955999186,16.497175141242938
532,2022,532,0.029291969361378303,-0.8657499859883515,0.8662453796170567,16.466165413533833
533,2022,533,0.27535598481890755,0.42290416346788834,0.5046472528945984,16.435272045028142
534,2022,534,-0.4931486622377026,0.0539931676481496,0.4960956210444886,16.40449438202247
535,2022,535,0.4240009579638961,-0.46480726295364194,0.6291443427773611,16.373831775700936
536,2022,536,0.5974846390181593,-0.197182784619758,0.6291811697858273,16.34328358208955
537,2022,537,0.01747012534606552,-0.0043495479498384506,0.018003439865069807,16.312849162011172
538,2022,538,-0.13843073367398168,0.24424162152649967,0.2807437224790801,16.28252788104089
539,2022,539,0.4859193784141723,-0.16557263335297825,0.5133536200650146,16.25231910946197
540,2022,540,0.012956731936333562,-0.068293611663878,0.06951182846513662,16.22222222222222
541,2022,541,0.4589768914503443,0.09070564913117715,0.467853931980623,16.192236598890943
542,2022,542,0.45649469766380557,0.4993848436603255,0.6765889675961447,16.162361623616235
543,2022,543,-0.663173878507294,0.32360172197623593,0.7379144039794807,16.132596685082873
544,2022,544,0.15021300507303778,-0.4830034524873872,0.5058223818770855,16.102941176470587
545,2022,545,0.4036795035367494,0.39945412581754336,0.5679090950216718,16.073394495412845
546,2022,546,-0.6122151576030358,0.5637051706317863,0.8322084586183448,16.043956043956044
547,2022,547,0.005977715891903775,-0.21767061669342438,0.21775268186403585,16.014625228519197
548,2022,548,-0.3182626229550296,-0.3914776935446561,0.5045254024459611,15.985401459854014
549,2022,549,0.10472647315093302,-0.24444314625441965,0.26593248377998635,15.956284153005464
550,2022,550,0.39578102997330505,0.212664417541718,0.44929809500496254,15.927272727272728
551,2022,551,-0.39363066244192285,0.0300800890081248,0.39477830508932954,15.8983666061706
552,2022,552,0.446076576848611,-0.38593764573841205,0.5898577615078764,15.869565217391305
553,2022,553,0.4849685420102911,0.12635529337868012,0.5011588040775098,15.840867992766727
554,2022,554,-0.6015707758773288,0.265032914650511,0.6573658374435017,15.812274368231048
555,2022,555,0.014652565855335193,-0.049261571303440416,0.05139455314942313,15.783783783783784
556,2022,556,0.20591100511100172,0.14891522587280065,0.2541162854335987,15.755395683453237
557,2022,557,-0.31946344939951576,-0.4169456723695466,0.5252624003390404,15.727109515260324
558,2022,558,0.38386887164223593,-0.31153504728388187,0.49437778702329854,15.698924731182796
559,2022,559,0.037848594885433136,0.4887713325331085,0.49023456797842413,15.670840787119857
560,2022,560,-0.5053709541204467,-0.30254434319497825,0.5890100855400453,15.642857142857142
561,2022,561,0.6660711737015486,-0.04446749851462483,0.6675538681337309,15.614973262032086
562,2022,562,0.20398543860098994,-0.021754343224731413,0.20514217170142673,15.587188612099645
563,2022,563,-0.1505703723216343,0.07849558756955964,0.16980281001492875,15.559502664298401
564,2022,564,0.08792868279013574,0.23988388043629116,0.25549115317439297,15.53191489361702
565,2022,565,0.0481535547208524,-0.27925101024897125,0.28337235496308594,15.504424778761061
566,2022,566,0.276076297689623,0.4220027440739325,0.5042860677749668,15.477031802120141
567,2022,567,0.1389368409428209,0.06659670722247693,0.15407325265615388,15.44973544973545
568,2022,568,-0.05761017260656592,-0.12035200628800866,0.13342989696955923,15.422535211267606
569,2022,569,-0.12711685760338978,0.6227405466440511,0.6355820040887659,15.39543057996485
570,2022,570,0.014105816125862314,-0.18572583959791863,0.1862607353763225,15.368421052631579
571,2022,571,-0.1628014454653817,0.12789220135028662,0.20702832127957735,15.341506129597198
572,2022,572,-0.021123358404695224,-0.15971798953333957,0.16110875969625357,15.314685314685315
573,2022,573,0.09719052083483194,-0.038934189720912234,0.1046989420642343,15.287958115183246
574,2022,574,-0.5722584139060667,-0.0015504781926634842,0.5722605143367075,15.261324041811847
575,2022,575,0.21776693812210884,-0.7756822518339596,0.8056707734237855,15.234782608695653
576,2022,576,0.8078822633171012,0.3951398255642183,0.8993382195421714,15.208333333333334
577,2022,577,-0.6341583267147978,0.09113475228544855,0.6406733383057565,15.181975736568457
578,2022,578,-0.025075493215877487,-0.4129586868766137,0.41371929786616984,15.155709342560554
579,2022,579,0.6998308998641367,0.1743070563927687,0.7212116459909388,15.129533678756477
580,2022,580,-0.49115007669459165,0.03150744285911181,0.4921596456360715,15.10344827586207
581,2022,581,0.458061189642463,0.1956541263411703,0.4980969690843291,15.077452667814114
582,2022,582,-0.168759948948828,-0.19291680223314825,0.2563138953569913,15.051546391752577
583,2022,583,-0.3537431102023096,-0.36584272039222865,0.5088959462204329,15.025728987993139
584,2022,584,0.9703419051276294,0.0070852621548977875,0.970367772438121,15.0
585,2022,585,-0.1345285982651354,0.2060493556652476,0.24607779404335917,14.974358974358974
586,2022,586,-0.30375158781416495,-0.08312764309004746,0.31492099349730984,14.948805460750853
587,2022,587,0.5358322988932093,0.010028434240882948,0.5359261348642229,14.923339011925043
588,2022,588,0.1625983871548662,-0.3420396371719575,0.3787206739829344,14.89795918367347
589,2022,589,0.16006032239039755,0.43642101800959726,0.46484686915612455,14.872665534804753
590,2022,590,0.1940011426012677,0.10337751572452543,0.21982573572712524,14.847457627118644
591,2022,591,-0.18311190721534687,-0.07873006801644372,0.1993198288528155,14.82233502538071
592,2022,592,0.5256926360519034,0.13912371284645567,0.5437905433853939,14.797297297297296
593,2022,593,0.5697301307297912,0.09607589845594033,0.5777741774478167,14.772344013490725
594,2022,594,-0.5518629922316836,0.3609433926533923,0.6594186036919554,14.747474747474747
595,2022,595,-0.32884850134167276,0.12309521360901304,0.3511321239193485,14.722689075630251
596,2022,596,0.44950065876168827,-0.34829747389083665,0.5686492526557383,14.697986577181208
597,2022,597,-0.1335648747104954,0.2615980718218373,0.2937228743855907,14.673366834170855
598,2022,598,-0.05755987737526054,-0.30052253967010284,0.30598518972856115,14.648829431438127
599,2022,599,0.36670274428540156,-0.19850432666314013,0.41698305765394267,14.624373956594324
600,2022,600,-0.3752222168035828,0.3446096124393666,0.5094580424025176,14.6
601,2022,601,0.5890123738067271,-0.4085434906095024,0.7168286826130998,14.575707154742096
602,2022,602,0.8462414945475842,0.14889073902562544,0.8592398496704665,14.551495016611296
603,2022,603,-0.5300134015010204,0.49259705302110535,0.7235786497788333,14.527363184079602
604,2022,604,0.2921668930165978,-0.05990034275714035,0.2982441020999326,14.503311258278146
605,2022,605,-0.30054302352890727,0.17484613783510028,0.34770286295592706,14.479338842975206
606,2022,606,0.23769222387744585,0.005922753898634017,0.23776600325856012,14.455445544554456
607,2022,607,0.3771307217371556,0.24737312838256567,0.4510222233147334,14.43163097199341
608,2022,608,-0.6225895040155922,-0.2259183676548972,0.6623117086042148,14.407894736842104
609,2022,609,0.5361411366453708,-0.22474997585247736,0.5813431603184812,14.38423645320197
610,2022,610,0.36564430267448683,0.44542290889566866,0.57627885944861,14.360655737704919
611,2022,611,-0.009151474600930258,-0.1458222151229026,0.14610909592055368,14.337152209492634
612,2022,612,0.0879592932698067,0.5864503286737771,0.5930099706363334,14.313725490196079
613,2022,613,-0.3125152339737219,-0.06449635214481653,0.3191011609280642,14.290375203915172
614,2022,614,0.5256051605079501,-0.18897776309709519,0.5585457722494817,14.267100977198696
615,2022,615,0.24237274476642734,0.604071517588607,0.6508816680222408,14.24390243902439
616,2022,616,-0.24061168830645863,-0.04375640057807695,0.24455798318851407,14.220779220779221
617,2022,617,-0.03485536217706789,-0.0003048547695327639,0.03485669532421399,14.19773095623987
618,2022,618,0.17240076832203974,0.2613247442707449,0.3130697156963603,14.174757281553399
619,2022,619,0.24862483039019403,0.13915480466056893,0.2849181741249123,14.151857835218093
620,2022,620,-0.513098775210916,0.27067708780507505,0.5801176078913468,14.129032258064516
621,2022,621,-0.013498564812370968,-0.23564473110248776,0.23603103725645394,14.106280193236715
622,2022,622,0.051117101667658586,0.21218039894969792,0.21825095596893662,14.083601286173634
623,2022,623,-0.35044555981757564,0.14346332693130479,0.37867376007594244,14.06099518459069
624,2022,624,0.4504539999244942,-0.17450948035384076,0.48307594100859935,14.038461538461538
625,2022,625,-0.06365454372340255,-0.16229888840939696,0.17433539547538948,14.016
626,2022,626,0.23367439717541555,0.1497288252378475,0.2775291786504614,13.993610223642172
627,2022,627,0.2780288068547425,0.6869769144193897,0.7411054569939808,13.971291866028707
628,2022,628,-0.4653578894927601,0.11071845596279369,0.47834772060075814,13.949044585987261
629,2022,629,0.3398521092076714,-0.49193099561098746,0.5979093247104618,13.926868044515103
630,2022,630,0.2968391534113692,0.8018749526037326,0.8550537542232166,13.904761904761905
631,2022,631,-0.7236645607122404,0.5424801230393366,0.9044197478624698,13.882725832012678
632,2022,632,0.045651837809327175,0.23999722463093423,0.24430054876303536,13.860759493670885
633,2022,633,-0.020993858330708416,-0.23420407006780825,0.23514312348851857,13.838862559241706
634,2022,634,-0.062050987216967626,-0.2817702713187347,0.2885217683531585,13.817034700315457
635,2022,635,-0.1278991181857387,0.5818623701199874,0.5957533064904792,13.795275590551181
636,2022,636,-0.37238103245563053,0.44000221383474575,0.5764282969391759,13.773584905660377
637,2022,637,0.2196711241775086,-0.5067529799347945,0.5523169248449704,13.751962323390895
638,2022,638,0.3019397751166422,0.050047700499226085,0.30605947154556207,13.730407523510971
639,2022,639,-0.37476397959407964,0.06752527986030372,0.3807987707719184,13.708920187793428
640,2022,640,-0.29904425095817677,0.2941883169571892,0.4194928245694325,13.6875
641,2022,641,0.1901049003956047,0.16941353890951624,0.25463860728544085,13.666146645865835
642,2022,642,0.2637444549051044,-0.5945737785943794,0.6504453210571883,13.644859813084112
643,2022,643,-0.21284935124539647,0.0984046603874928,0.2344958923127737,13.623639191290824
644,2022,644,-0.1078346098822162,0.5490744880932217,0.559563308807219,13.602484472049689
645,2022,645,-0.15627832645219117,-0.28118893398128975,0.32169882174517167,13.581395348837209
646,2022,646,0.44239622209259416,-0.18982998300133885,0.481404029655017,13.560371517027864
647,2022,647,0.22994592452552973,-0.0409005349114001,0.23355509406120706,13.539412673879443
648,2022,648,-0.5536034809758493,0.022089731201782908,0.5540440148337897,13.518518518518519
649,2022,649,0.22412304053314697,-0.03264033160720213,0.22648736950490364,13.49768875192604
650,2022,650,0.5947869220065839,-0.010286579620253243,0.5948758663035086,13.476923076923077
651,2022,651,-0.21353598156251516,-0.16766886178508736,0.2714967083302734,13.456221198156681
652,2022,652,0.02893531189279308,0.21703782014414183,0.21895814131302374,13.43558282208589
653,2022,653,0.033914745147680295,0.6407837721994334,0.6416806469362836,13.415007656967841
654,2022,654,-0.06266800020484121,-0.40655991567527383,0.4113614508963616,13.394495412844037
655,2022,655,0.3201090635082947,-0.1378013209562355,0.34850970803901704,13.374045801526718
656,2022,656,-0.5031721383338167,-0.004459050193953445,0.5031918957257339,13.353658536585366
657,2022,657,-0.09448632929698095,0.15203643090050373,0.1790048679365485,13.333333333333334
658,2022,658,0.29348242792075774,0.4875320153276143,0.5690513170775268,13.31306990881459
659,2022,659,0.27183947601856734,-0.5610650109675969,0.6234505972842747,13.292867981790591
660,2022,660,0.04440302899411977,-0.6719752517612231,0.6734406937239624,13.272727272727273
661,2022,661,-0.17756640579869484,0.7955185771315846,0.8150948625955924,13.252647503782148
662,2022,662,0.10311095094783634,0.35251379442293296,0.36728441767085757,13.23262839879154
663,2022,663,0.5604037024225548,-0.28700899495082666,0.6296240726589089,13.212669683257918
664,2022,664,0.14420701317437593,-0.03236699215054091,0.14779473884258468,13.19277108433735
665,2022,665,-0.3345472717827222,-0.29163020887949753,0.4438130865447322,13.172932330827068
666,2022,666,-0.026188385858889048,0.8885856014867404,0.8889714296440837,13.153153153153154
667,2022,667,0.1549667312213768,0.6653105850370395,0.6831199472623869,13.13343328335832
668,2022,668,0.13682131931918937,-1.1311804484023695,1.1394249779024634,13.113772455089821
669,2022,669,0.15905867593694792,-0.04119850369067179,0.1643075746798221,13.094170403587444
670,2022,670,-0.3646135786206477,0.7268240367972738,0.8131520412449569,13.074626865671641
671,2022,671,0.08082132322890609,0.041211868461798654,0.09072212734820491,13.055141579731744
672,2022,672,0.015865118049547353,0.01011776072979663,0.01881677583730773,13.035714285714286
673,2022,673,-0.04175758317879117,-0.7647166786265012,0.7658559226920434,13.016344725111441
674,2022,674,0.5725073628813341,0.1167077230427494,0.5842819295264596,12.997032640949556
675,2022,675,0.1819090384429518,1.0664288219375928,1.0818323948405508,12.977777777777778
676,2022,676,-0.432859359090398,-0.28581658354056616,0.5187083421142864,12.958579881656805
677,2022,677,0.4189422951750538,-0.895175109253906,0.9883577909412585,12.939438700147711
678,2022,678,0.7833700668136894,0.8514208224726497,1.1569728080295092,12.920353982300885
679,2022,679,-0.13482692409597286,1.1315919712278957,1.1395958445030483,12.901325478645067
680,2022,680,-0.5190586653588574,-0.38348953591225354,0.6453573601023807,12.882352941176471
681,2022,681,0.20004677491979525,-0.00798162914466961,0.2002059403704452,12.863436123348018
682,2022,682,-0.3691814288935369,0.0469322439798049,0.37215260709130277,12.84457478005865
683,2022,683,-0.0862653407756181,0.132206974730427,0.15786194343952972,12.825768667642752
684,2022,684,0.24011909830016903,0.8639166297893509,0.8966655589432866,12.807017543859649
685,2022,685,-0.432363997304784,-0.9032746676082393,1.0014208662236603,12.788321167883211
686,2022,686,0.20484214490808567,-0.8196851835263304,0.8448929544167942,12.769679300291545
687,2022,687,0.1568307983425076,1.0294287376987707,1.0413065952488887,12.751091703056769
688,2022,688,-0.034119346444602905,0.04309538633321079,0.05496673653233861,12.732558139534884
689,2022,689,0.18349697278199695,0.07037583655089713,0.19652963489101463,12.714078374455733
690,2022,690,-0.23275170696347178,-0.10487395522709056,0.25528788373008154,12.695652173913043
691,2022,691,0.05307260883385977,-0.1794029254422451,0.18708851238295643,12.677279305354558
692,2022,692,-0.16813039153135292,1.1396850927956077,1.1520199387584482,12.658959537572255
693,2022,693,-0.3134126051966695,-0.24151120122404834,0.3956704707365034,12.64069264069264
694,2022,694,0.3258033540023582,-0.13463522241641845,0.35252584103056106,12.622478386167147
695,2022,695,-0.4455952284581066,0.0067336732135675975,0.4456461039654441,12.60431654676259
696,2022,696,-0.1999373565025726,-0.30572842565094105,0.3653009947649196,12.586206896551724
697,2022,697,0.3421948889443938,0.5702330863225619,0.6650286570942792,12.568149210903874
698,2022,698,-0.19282936185844896,0.03152434453661364,0.19538921949073795,12.550143266475645
699,2022,699,-0.0743139255241516,-0.8410277914751112,0.8443046284134135,12.532188841201716
700,2022,700,0.47860174789065196,-0.04900786745217621,0.4811043589037593,12.514285714285714
701,2022,701,0.1672894193475678,0.7165499805259201,0.7358190160748381,12.496433666191155
702,2022,702,-0.517004036738315,0.43257737134239876,0.674104113769685,12.478632478632479
703,2022,703,0.22534255461440625,-0.8530355846161508,0.882297554990132,12.460881934566146
704,2022,704,0.8149169345104332,0.14911952503878628,0.8284480930629721,12.443181818181818
705,2022,705,-0.283725704848256,0.7412373732127636,0.7936832611558577,12.425531914893616
706,2022,706,-0.22540926269800218,0.17177557931720322,0.2834011033143974,12.407932011331445
707,2022,707,-0.23544717848413482,0.18250041905488967,0.2978955803823722,12.390381895332391
708,2022,708,0.16239854299068016,-0.6676685225168398,0.6871350251044663,12.372881355932204
709,2022,709,0.2996574856625812,0.28581865428094194,0.41410978236282786,12.355430183356841
710,2022,710,-0.720100396693559,0.5312674907166383,0.8948685534817805,12.338028169014084
711,2022,711,0.16054602892208575,-0.9445154578539076,0.9580628776482407,12.320675105485233
712,2022,712,1.0455690499019703,0.7271895505190766,1.2735852073956597,12.303370786516854
713,2022,713,-0.6194255168374678,0.47581001672557244,0.7810781925810972,12.286115007012622
714,2022,714,-0.15644738181190537,-0.3643103314409813,0.3964817787369777,12.268907563025211
715,2022,715,0.10502881725584888,0.8053242626624282,0.8121442116317434,12.251748251748252
716,2022,716,-0.03001329748762549,-0.34039939200864594,0.3417199790851224,12.23463687150838
717,2022,717,0.17374140584864717,0.45564777501878895,0.48764840919030716,12.217573221757322
718,2022,718,-0.625105462319891,-0.13835120257768993,0.6402326876041692,12.200557103064067
719,2022,719,0.23276291074557848,-0.6826710408108987,0.7212616186797893,12.183588317107093
720,2022,720,0.831565951350179,0.7761165956094372,1.1374791872492924,12.166666666666666
721,2022,721,-0.3232177104433364,-0.25176992241707113,0.4097045059285173,12.149791955617198
722,2022,722,-0.29570079267298255,-0.3429482008141436,0.45282714939487495,12.132963988919668
723,2022,723,0.12721385772710048,0.5366895606803915,0.551560558906384,12.116182572614107
724,2022,724,0.6698531303609584,0.4178649314987213,0.789502575822781,12.099447513812155
725,2022,725,-0.21611048510946693,0.6823857435423002,0.7157891063462946,12.082758620689654
726,2022,726,-0.8180356842429112,-0.10516675626073171,0.8247681051769473,12.066115702479339
727,2022,727,0.0785040379187979,-0.20076553436960012,0.21556828096978264,12.04951856946355
728,2022,728,0.5560651819934036,1.009765760413132,1.1527512210048045,12.032967032967033
729,2022,729,-0.501998339522504,1.5207445607314738,1.6014575710513577,12.016460905349794
730,2022,730,-2.6756709718173357,-2.0615898085266853,3.377775553237222,12.0
731,2022,731,-0.4972158493082233,-1.0196310568164622,1.1344034083287802,11.98358413132695
732,2022,732,0.9875371769775217,1.7568238172054902,2.015355948861938,11.967213114754099
733,2022,733,-1.7090848019704723,0.1871260895413179,1.7192984132236828,11.950886766712141
734,2022,734,0.23887334394424647,-1.7989201212346013,1.8147104664463196,11.934604904632153
735,2022,735,0.7005920341107772,-0.34739569539836623,0.7819929459021935,11.918367346938776
736,2022,736,-0.7262763318428561,-0.07952874752005927,0.7306176372612584,11.902173913043478
737,2022,737,0.7464000174497162,0.387225965035999,0.8408667754448367,11.886024423337856
738,2022,738,0.12908864574009307,-0.023470379704197762,0.13120494343762534,11.869918699186991
739,2022,739,-0.27564856134974697,-0.7269920833052832,0.7774957353984271,11.85385656292287
740,2022,740,0.030155693473498144,0.43533892410927155,0.4363821085854525,11.837837837837839
741,2022,741,-0.24691497208335034,0.46583065719220573,0.5272240554252471,11.821862348178138
742,2022,742,0.667756997901933,-0.2483494063716764,0.7124442686218805,11.805929919137466
743,2022,743,-0.5212162250567403,-0.27745013483403036,0.5904616249866033,11.790040376850605
744,2022,744,-0.2831608335361642,-0.3222135310654008,0.4289540969037705,11.774193548387096
745,2022,745,0.46965840589168445,0.36695462785137883,0.596015702080291,11.758389261744966
746,2022,746,-0.16890749181024148,-0.3630716866648238,0.40043824798246586,11.742627345844504
747,2022,747,0.7870926144602596,-0.12149637495070043,0.7964145609317098,11.726907630522089
748,2022,748,-0.8073180149315746,0.17046030747443935,0.8251176241344859,11.711229946524064
749,2022,749,-0.7123700512280475,-0.2564349820382504,0.7571195347497044,11.695594125500667
750,2022,750,1.1093153713971695,-0.1566342989782164,1.1203191049136123,11.68
751,2022,751,0.4181912036315242,-0.09066961113267023,0.4279075381174449,11.66444740346205
752,2022,752,-0.7163880498046542,0.19396623677350652,0.7421824161963093,11.648936170212766
753,2022,753,-0.609017514023847,-0.2163117998640143,0.6462918281613934,11.633466135458168
754,2022,754,0.9490920394729758,0.10221423026473701,0.954580247155568,11.618037135278515
755,2022,755,0.8119013255634933,1.0679970119644908,1.3415667631604618,11.602649006622517
756,2022,756,-1.2167131274626266,-0.28979041642514564,1.2507475044915122,11.587301587301587
757,2022,757,-0.5597010943872671,-0.2564919465479795,0.6156731549306629,11.571994715984149
758,2022,758,0.37325049270163696,0.1590118254862486,0.405710107030234,11.556728232189974
759,2022,759,0.7850197723981174,-0.051403729060155626,0.7867009510718046,11.541501976284586
760,2022,760,-0.26387218228903114,0.16638829578662687,0.31195126792618383,11.526315789473685
761,2022,761,-0.8530999274296418,-0.5009730210520944,0.9893196925172986,11.511169513797634
762,2022,762,0.666375760309143,-0.20648686828966545,0.6976342026475351,11.496062992125983
763,2022,763,0.3305936201532026,0.9819279959626449,1.0360862565159408,11.48099606815203
764,2022,764,-0.16765856913735414,-0.21991674077113987,0.27653710180839336,11.465968586387435
765,2022,765,0.13398577549674978,-0.23482089428189262,0.27035724592992366,11.450980392156863
766,2022,766,-0.5649087205711694,0.8062665996192813,0.9844733070220817,11.43603133159269
767,2022,767,0.09206207672819756,-0.26713450280260614,0.28255312519790704,11.421121251629726
768,2022,768,0.5588434358110346,0.027685685645427092,0.5595288043869943,11.40625
769,2022,769,-0.5900449662080508,-0.005515118195035879,0.5900707403999669,11.391417425227568
770,2022,770,0.0402466771521481,0.4813304187048958,0.483010110652375,11.376623376623376
771,2022,771,-0.3569116206853901,0.305147461529932,0.4695752104385762,11.361867704280156
772,2022,772,-0.32247882947216083,-0.7540289338685086,0.8200928170448847,11.347150259067357
773,2022,773,0.7574298212385077,0.22186619319905537,0.7892556884723975,11.332470892626132
774,2022,774,-0.5538675950937676,0.8815711847252984,1.0411229834332347,11.317829457364342
775,2022,775,-0.8023564818444222,-0.17745334244365585,0.8217454671016957,11.303225806451612
776,2022,776,0.7698798908549397,-0.4092010257167556,0.8718718517021058,11.288659793814434
777,2022,777,0.47121848210858436,-0.062281801753630066,0.47531661101879946,11.274131274131275
778,2022,778,-0.6397898454638244,0.7968845443472405,1.0219373872102604,11.259640102827763
779,2022,779,-0.13340865398712073,0.13711759526742864,0.19130892266326124,11.245186136071887
780,2022,780,-0.03419531045586785,-0.3908754502323223,0.3923683688213078,11.23076923076923
781,2022,781,0.08424904714520931,-0.1971018382536426,0.21435259874291424,11.21638924455826
782,2022,782,0.2658566342759675,0.3784022102967091,0.4624586281452433,11.202046035805626
783,2022,783,-0.9359983807111556,0.4669122452325454,1.0459923582139603,11.187739463601533
784,2022,784,-0.45453818141908847,-0.8955693884830779,1.0043154324990362,11.173469387755102
785,2022,785,1.701049387332571,-0.7070411349092984,1.842139024231978,11.159235668789808
786,2022,786,-0.24661692333121452,1.0459647271505228,1.0746451122656362,11.145038167938932
787,2022,787,-1.0766272088151077,-0.062303177961194285,1.0784284087249714,11.130876747141041
788,2022,788,0.9176260176052683,-0.5307112536786494,1.060043368437003,11.116751269035532
789,2022,789,0.31221057174558253,0.5403882734419395,0.6240952869420373,11.102661596958175
790,2022,790,-0.2155165895401419,0.31223255540189676,0.3793897323594993,11.08860759493671
791,2022,791,-0.281666797363365,0.20359353460204976,0.3475435398172306,11.074589127686473
792,2022,792,-0.18461870013125523,-0.1742614072876383,0.25387221688877754,11.06060606060606
793,2022,793,0.3839873407149545,-0.06783993597685603,0.3899340133185184,11.046658259773015
794,2022,794,-0.0053915408236120226,0.2276479916462179,0.22771182844334015,11.032745591939547
795,2022,795,-0.37412581172568804,0.18270768733333567,0.4163558838422977,11.018867924528301
796,2022,796,0.4089818489285547,0.2861387882676102,0.499140820715232,11.00502512562814
797,2022,797,-0.12142950066797024,-0.2818959517189528,0.30693721056269274,10.991217063989962
798,2022,798,-0.17324051923358472,0.16037582031047679,0.23607770170979803,10.977443609022556
799,2022,799,0.10662417085841538,0.19709587878294338,0.22408815061146198,10.963704630788486
800,2022,800,0.025929729658799843,-0.010975516387601431,0.028156932364036956,10.95
801,2022,801,0.23227022053926785,0.10290774319385934,0.2540461748553074,10.936329588014981
802,2022,802,-0.026837589807705724,0.15755007514418093,0.15981953073583882,10.922693266832917
803,2022,803,-0.7700775269155254,0.08253317988499226,0.7744876520915361,10.909090909090908
804,2022,804,0.27069743236936483,0.12457434946741336,0.2979863561249006,10.895522388059701
805,2022,805,0.09867285271603415,0.5527838614879859,0.5615214416072541,10.881987577639752
806,2022,806,-0.8833898692111894,-0.5467642901123175,1.0389075271490669,10.868486352357321
807,2022,807,0.07796022066455251,-0.1235825472477592,0.14611790441390252,10.855018587360595
808,2022,808,-0.050647135602474865,0.0995566692974988,0.11169898274535457,10.841584158415841
809,2022,809,0.03748463657569505,-0.4069520169268794,0.4086747387104652,10.828182941903584
810,2022,810,0.3061848706905042,0.12645263081812985,0.3312694415133805,10.814814814814815
811,2022,811,-0.2266779314932829,-0.2892489878261871,0.3674885870126407,10.801479654747226
812,2022,812,0.25536995902996357,0.14927460302177734,0.29579845010120404,10.788177339901479
813,2022,813,0.4296180980087331,0.34882335741868475,0.553398088917449,10.77490774907749
814,2022,814,0.11260351346379316,0.07467231886284065,0.13511293960514809,10.761670761670763
815,2022,815,-0.2008621026627754,0.34647476017237483,0.4004876324215468,10.748466257668712
816,2022,816,0.06232463495154052,0.07459596175608817,0.09720554321723918,10.735294117647058
817,2022,817,-0.1494070627584816,0.19803277945410205,0.24807146579248868,10.722154222766218
818,2022,818,0.08860511048236093,-0.01982740708093216,0.09079642985902246,10.709046454767726
819,2022,819,0.025973042073371373,0.15766209264778047,0.15978715334038102,10.695970695970695
820,2022,820,-0.47229471906304094,0.18225604402792744,0.5062406218781209,10.682926829268293
821,2022,821,0.21042432524501165,-0.31502395375248293,0.37883834031505437,10.66991473812424
822,2022,822,0.21158264269122065,0.24942104367344625,0.32707502459734206,10.656934306569344
823,2022,823,-0.49967968193803713,0.14644544203369053,0.5206976589482047,10.643985419198057
824,2022,824,-0.13371539527211623,0.30950466380254565,0.3371541840883857,10.631067961165048
825,2022,825,-0.36311799585543414,0.0899024561730313,0.3740817163936389,10.618181818181819
826,2022,826,0.020592134075408015,-0.8862798642740779,0.8865190543939017,10.605326876513317
827,2022,827,0.5915042733710716,0.5174551081126193,0.7858989084660202,10.592503022974608
828,2022,828,-0.9628143870052674,0.4372840316240178,1.0574634121981166,10.579710144927537
829,2022,829,-0.37317546354591397,-0.6846163149776159,0.7797175291900509,10.566948130277442
830,2022,830,0.8274434096631936,0.10565930007372812,0.8341621448418297,10.55421686746988
831,2022,831,-0.30715684084482303,0.015690865352699156,0.3075573574689581,10.541516245487365
832,2022,832,-0.5183030985776342,-0.2793341231177883,0.5887831980730772,10.528846153846153
833,2022,833,0.1756117173111243,0.08139535334484516,0.19355794688695793,10.516206482593038
834,2022,834,0.007937327945099947,-0.3515048503446619,0.3515944552900845,10.503597122302159
835,2022,835,0.39315345616251907,-0.13168607319441186,0.41462134769678444,10.491017964071856
836,2022,836,0.4703528287470892,-0.0600701227450118,0.474173178445375,10.47846889952153
837,2022,837,-0.01861125360838351,0.2121610877784145,0.21297583414133084,10.46594982078853
838,2022,838,0.02487643006958277,0.20403370993565859,0.20554462182970223,10.45346062052506
839,2022,839,0.3597161131707399,-0.057326067315435346,0.3642553500890802,10.441001191895113
840,2022,840,0.07695397575548232,0.5215796373929052,0.5272259786158966,10.428571428571429
841,2022,841,-0.19734864215954478,0.4799271882023912,0.518918676227855,10.41617122473246
842,2022,842,0.05642766163138713,0.02542395071529771,0.061890696127610376,10.403800475059382
843,2022,843,-0.4647876964707847,0.23726701945022932,0.5218459938616122,10.391459074733095
844,2022,844,-0.35353432145542113,-0.28308710110434265,0.45290708015950176,10.37914691943128
845,2022,845,0.33816674780990497,0.435012221944257,0.5509921801307233,10.366863905325443
846,2022,846,-0.36845141983201013,0.19126704059233568,0.4151379645288713,10.354609929078014
847,2022,847,-0.0461143577221433,-0.22317516826091613,0.22788964372347864,10.342384887839433
848,2022,848,-0.35867371156560124,-0.05442941278161433,0.36278008813053053,10.330188679245284
849,2022,849,0.04487853903907031,-0.13587430307425413,0.14309405823511898,10.318021201413428
850,2022,850,0.38768594579838717,0.7991725553904347,0.888243866209538,10.305882352941177
851,2022,851,-0.6306166760490437,-0.06637332884602318,0.6341000007043422,10.293772032902467
852,2022,852,0.03174692474734907,-0.8112763830787626,0.8118973069128097,10.28169014084507
853,2022,853,0.06786726521845039,0.6669260731689431,0.670370310172503,10.269636576787807
854,2022,854,-0.34108035432718337,0.1606012124839473,0.37699941320812547,10.257611241217798
855,2022,855,0.34659638170951834,0.019252662956857507,0.3471306913038092,10.24561403508772
856,2022,856,-0.5872786305218302,0.08319696649043182,0.5931424155300363,10.233644859813085
857,2022,857,-0.004330921061346161,-0.7864899214585834,0.7865018457913295,10.221703617269545
858,2022,858,0.4020339403598883,0.6770272915125615,0.787399036482858,10.20979020979021
859,2022,859,-0.4633694850327885,-0.008465807809063251,0.4634468141668595,10.19790454016298
860,2022,860,0.09864264893880449,-0.6067122009586745,0.6146788323846716,10.186046511627907
861,2022,861,0.11057218101182056,0.23802572184448323,0.26245466555825997,10.174216027874564
862,2022,862,0.2520642373284759,0.06873378436360936,0.2612675120502535,10.162412993039442
863,2022,863,0.29770135185427216,0.16159965485358385,0.3387337351736,10.15063731170336
864,2022,864,-0.31429525772963035,0.12964641349358214,0.33998485490251423,10.13888888888889
865,2022,865,-0.09883057971114792,0.27091817433120513,0.28838193540684,10.127167630057803
866,2022,866,-0.5290279178889662,0.0025038663823058554,0.5290338432017324,10.115473441108545
867,2022,867,0.5354172884305243,0.16897791057616104,0.5614492025223478,10.103806228373703
868,2022,868,-0.11354220121600056,0.239872637962808,0.26538785560046096,10.09216589861751
869,2022,869,-0.8925235788574757,-0.4176744287479528,0.9854188283397498,10.080552359033371
870,2022,870,0.4619110651591062,-0.04788031900106966,0.4643860000732841,10.068965517241379
871,2022,871,0.0015206011028054427,0.3735140949056936,0.3735171901277548,10.05740528128588
872,2022,872,0.05041384840048232,-0.21573203076865957,0.2215442737019323,10.045871559633028
873,2022,873,0.012039642296423998,0.20786505302451852,0.20821343197669007,10.034364261168385
874,2022,874,-0.5270530448081305,-0.06965520440910163,0.5316359276260352,10.022883295194507
875,2022,875,0.37498528775816775,0.08689270270382117,0.38492117091457895,10.01142857142857
876,2022,876,-0.2596075774223677,0.5679881606524483,0.6245051199921919,10.0
877,2022,877,-0.43375813594425766,-0.5482388817220268,0.6990793888605611,9.988597491448118
878,2022,878,0.19177806047448204,-0.1873674860638269,0.26811452648678413,9.977220956719817
879,2022,879,-0.31462363428585066,0.41931762465018985,0.5242282914852213,9.965870307167236
880,2022,880,0.27300354931504695,-0.48296522375560313,0.5547849541001568,9.954545454545455
881,2022,881,0.11116804701033756,0.22209564914151878,0.2483642728809545,9.943246311010215
882,2022,882,-0.5265770649255406,-0.06566349014987145,0.5306553488322333,9.931972789115646
883,2022,883,0.2674685216048814,-0.36068228711201206,0.4490335424952715,9.920724801812005
884,2022,884,0.38431074799034487,0.5302064223578095,0.6548386070860256,9.90950226244344
885,2022,885,-0.35386719336927747,0.12858488262498263,0.37650506315683213,9.898305084745763
886,2022,886,-0.08131718322156262,-0.46737010936749324,0.4743915085847045,9.887133182844243
887,2022,887,0.30999107908893775,0.16998501821207238,0.3535383650062361,9.875986471251409
888,2022,888,0.2806546625317457,0.6671162859996141,0.7237480076979329,9.864864864864865
889,2022,889,-0.5764251107028593,-0.017008559504091234,0.5766759916497372,9.853768278965129
890,2022,890,0.13301016115391434,-0.25552845567859533,0.2880737659553159,9.842696629213483
891,2022,891,0.12982159918287228,0.6184610181154184,0.6319396162156304,9.831649831649832
892,2022,892,-0.6219547128923237,0.15982018043491564,0.6421605367532498,9.820627802690582
893,2022,893,0.20929538293395353,-0.3390310962520427,0.39843022167417486,9.80963045912654
894,2022,894,-0.23528669177061742,0.13772967680654472,0.27263398760535484,9.798657718120806
895,2022,895,-0.3323560435601754,-0.16047239814454184,0.3690690047365581,9.787709497206704
896,2022,896,0.33154287744413574,0.3083364681990144,0.452760485472594,9.776785714285714
897,2022,897,-0.22487288883041964,-0.05415037147435646,0.23130084059888123,9.765886287625419
898,2022,898,0.1576283692734778,-0.23791969646492075,0.2853988170363989,9.755011135857462
899,2022,899,-0.1759311694568126,0.27470369356964386,0.32621142783055057,9.744160177975528
900,2022,900,-0.20952155800057956,0.06420136671572156,0.21913716881249695,9.733333333333333
901,2022,901,0.179475131816554,0.13062123445679621,0.2219757415385446,9.72253052164262
902,2022,902,-0.2561769762667239,-0.291215595147877,0.387857146416685,9.711751662971174
903,2022,903,0.12309252380563192,-0.2730129477102779,0.29947927980796096,9.700996677740864
904,2022,904,-0.2547134569478976,0.21607692752373617,0.3340182386613737,9.690265486725664
905,2022,905,0.05277789505385034,-0.004269525226935666,0.05295030738323131,9.679558011049723
906,2022,906,0.30768281363252914,-0.02654310076814202,0.3088255980374966,9.668874172185431
907,2022,907,-0.2587327377307276,-0.021064121858359475,0.2595887647863468,9.658213891951489
908,2022,908,0.1861213815044958,-0.0014068976496211178,0.18612669882136357,9.647577092511014
909,2022,909,-0.1385357824291568,0.2194630545689447,0.25953072136837724,9.636963696369637
910,2022,910,-0.19885857941589102,-0.059890776904553945,0.2076815826344197,9.626373626373626
911,2022,911,0.4920498865594846,0.08163898318567084,0.49877651752943614,9.615806805708013
912,2022,912,-0.38111897090517005,0.23676352132594536,0.44867430839583095,9.605263157894736
913,2022,913,0.051701146424543994,-0.0018171509934067213,0.051733070461214434,9.594742606790799
914,2022,914,0.32183281016130816,0.24062077991991995,0.4018391686055444,9.584245076586432
915,2022,915,-0.6802285205605111,0.4492766961795736,0.8152057347160743,9.573770491803279
916,2022,916,-0.3799670245322186,0.07588875331376363,0.3874713442454614,9.563318777292576
917,2022,917,0.07610309930441979,-0.13114661442377346,0.15162821702623916,9.55288985823337
918,2022,918,-0.14689115728724272,0.0955743094291848,0.17524685649691707,9.542483660130719
919,2022,919,-0.4727377245985065,-0.04573462307252771,0.47494485154190225,9.532100108813928
920,2022,920,-0.34954148183072636,-0.26637095204469385,0.43946869241575853,9.521739130434783
921,2022,921,0.29195393682669163,-0.06160118087986007,0.2983819812160196,9.511400651465799
922,2022,922,0.29480133802679065,0.20337601593063576,0.3581475013988012,9.501084598698482
923,2022,923,-0.1959433288862181,-0.040302776052185144,0.20004524961249448,9.490790899241604
924,2022,924,-0.3494644544718872,-0.12120941150745318,0.36988799166412095,9.480519480519481
925,2022,925,-0.018516147404126965,0.1608827989557492,0.1619448137932406,9.47027027027027
926,2022,926,0.023243967521796405,-0.017791664691319126,0.02927157936706965,9.460043196544277
927,2022,927,-0.16318675452904666,0.22452886346834675,0.277566437784021,9.449838187702266
928,2022,928,-0.06364277953371893,-0.3568435989572388,0.36247449221087574,9.439655172413794
929,2022,929,-0.07906379128321397,-0.1949454681439622,0.2103682928626465,9.429494079655544
930,2022,930,-0.27956973002296737,0.3246223897581937,0.42841443705533017,9.419354838709678
931,2022,931,0.39549666281711776,-0.23494106667955802,0.4600162117925905,9.40923737916219
932,2022,932,-0.03743998318119758,0.2996575371920079,0.3019874036058258,9.399141630901287
933,2022,933,-0.5202395967271944,-0.14840511512559248,0.5409928984730893,9.389067524115756
934,2022,934,0.5367559049707956,-0.3235288845928566,0.6267199060879713,9.379014989293362
935,2022,935,-0.03988453438264598,0.5377513695632888,0.5392284409692365,9.368983957219251
936,2022,936,-0.3348217030213164,0.1638375098459148,0.3727576993793754,9.35897435897436
937,2022,937,0.3051236989022344,-0.26839435871530043,0.4063692943887109,9.34898612593383
938,2022,938,-0.19652447384437166,0.285571195327555,0.34665945309570845,9.339019189765459
939,2022,939,-0.04252582298058073,0.3763442931922641,0.3787393201643586,9.329073482428115
940,2022,940,-0.3930097048242233,0.26644177824416465,0.47481348894059,9.319148936170214
941,2022,941,-0.3240803429635157,-0.14259158106552888,0.35406274540837707,9.309245483528162
942,2022,942,-0.11541259033572122,0.3490595025576616,0.36764466857796696,9.299363057324841
943,2022,943,-0.6291019493603811,0.0019783158023309226,0.62910505992437,9.289501590668081
944,2022,944,-0.10152906475270297,-0.6658623850847104,0.6735583618813278,9.279661016949152
945,2022,945,-0.0426616165981928,0.2284374597706284,0.23238693284526277,9.26984126984127
946,2022,946,-0.40885946566792225,-0.4022707002308515,0.5735745626598852,9.260042283298096
947,2022,947,0.29354384544795703,-0.11840237115692483,0.3165234757422524,9.25026399155227
948,2022,948,0.3037859742009843,0.36693222290586763,0.47636663855467715,9.240506329113924
949,2022,949,-0.3782305978367493,-0.2688604207002149,0.4640520563029985,9.23076923076923
950,2022,950,-0.14802628059835995,-0.08558034489234081,0.17098472206509097,9.221052631578948
951,2022,951,-0.01035791367735598,0.1747578706901969,0.1750645587888055,9.211356466876971
952,2022,952,0.09925607264027961,0.11131818982590339,0.14914257387509552,9.201680672268907
953,2022,953,-0.2163978883065048,-0.036937704741712235,0.21952776611422176,9.19202518363064
954,2022,954,0.19032234366772832,-0.42696525607029967,0.46746328667645487,9.182389937106919
955,2022,955,-0.18557685501478063,0.14307900956027692,0.234329622740973,9.172774869109947
956,2022,956,-0.061826372248283176,0.3611508962291278,0.3664047900239372,9.163179916317992
957,2022,957,0.11196624374904221,-0.018991904950404946,0.11356554139753462,9.153605015673982
958,2022,958,-0.3184366562112569,-0.2948508509659549,0.4339803317367666,9.144050104384133
959,2022,959,-0.08888065925291082,-0.17174888745976122,0.19338420807526596,9.13451511991658
960,2022,960,0.06343904351912262,0.2048416640175934,0.2144402470622475,9.125
961,2022,961,-0.5184673362466983,0.12290465617833424,0.5328357469849986,9.115504682622268
962,2022,962,0.4446699579199382,-0.2229279424140882,0.4974215907914519,9.106029106029107
963,2022,963,0.016129874201033415,-0.21659524831120194,0.21719501475110425,9.096573208722742
964,2022,964,-0.3816285055801126,0.08654916641471937,0.39131965766926763,9.08713692946058
965,2022,965,0.22356854785765135,0.4147246555262888,0.4711469362020492,9.077720207253886
966,2022,966,-0.595531305649986,-0.02374379662185983,0.5960044495531869,9.06832298136646
967,2022,967,-0.11042240746568138,-0.612281845989048,0.6221592778366913,9.05894519131334
968,2022,968,0.33765341890655726,0.08961240165545473,0.3493425451183202,9.049586776859504
969,2022,969,-0.6305296913656311,0.028521185281680288,0.6311744209832254,9.040247678018575
970,2022,970,0.07641381765652344,-0.29692849514718656,0.30660333129178036,9.030927835051546
971,2022,971,0.28234123958401464,-0.25445646179104875,0.38008507799841,9.0216271884655
972,2022,972,-0.15768397864123154,-0.26185084616166543,0.3056633814438827,9.012345679012345
973,2022,973,0.2349637087144569,0.2501230080952303,0.34317555797500904,9.003083247687565
974,2022,974,-0.08102002273032714,-0.07310925691419193,0.10912931562952297,8.993839835728952
975,2022,975,0.05695580368164572,-0.31020055963382015,0.31538603451985214,8.984615384615385
976,2022,976,-0.05307656412011225,-0.15198013787317352,0.16098162617747785,8.975409836065573
977,2022,977,0.13413868099372456,0.12661411059042715,0.18445682079918085,8.966223132036847
978,2022,978,0.15639827563422187,0.31269618989737724,0.34962741282355797,8.957055214723926
979,2022,979,0.026255742182305187,-0.45317721736215644,0.45393717002868456,8.947906026557712
980,2022,980,0.3172296003565701,-0.139889112634601,0.3467038839933658,8.938775510204081
981,2022,981,-0.42762614634459967,0.4926104652416961,0.6523259856108549,8.929663608562691
982,2022,982,0.07235630472388377,-0.014586612406932459,0.07381195089418514,8.920570264765784
983,2022,983,0.33694277282296564,0.3544490731151793,0.4890445558329408,8.911495422177008
984,2022,984,-0.7011929620719822,-0.20085121533715472,0.7293920624476883,8.902439024390244
985,2022,985,0.1888791557382974,-0.4783461822799341,0.514286307006321,8.893401015228426
986,2022,986,-0.09648947758220455,0.5059455848942512,0.5150642233334332,8.884381338742394
987,2022,987,-0.0908129029705913,0.1728055907185533,0.19521463963938307,8.875379939209726
988,2022,988,0.45250167236848604,-0.10505491966815825,0.4645366504838557,8.866396761133604
989,2022,989,-0.44935919853887596,-0.058443530093050054,0.45314383535610214,8.857431749241659
990,2022,990,-0.19588135012027527,-0.02891800484893765,0.1980044300751502,8.848484848484848
991,2022,991,0.09548687121473502,0.20816178174820404,0.22901761931119258,8.839556004036327
992,2022,992,-0.2787788608797068,0.006468605026083793,0.2788538974523584,8.830645161290322
993,2022,993,-0.10561978232662027,-0.24463404758789428,0.26646079572417175,8.821752265861027
994,2022,994,-0.13933592688938853,-0.37769771677281844,0.4025792664526145,8.81287726358149
995,2022,995,0.39180740991203755,-0.13759699556851526,0.41526615519623244,8.804020100502512
996,2022,996,0.10924700181200249,0.4210535825174104,0.4349954330285059,8.795180722891565
997,2022,997,0.01381793777864587,-0.1877418306342391,0.1882496490683312,8.786359077231696
998,2022,998,0.045318899704095084,0.016859521645684803,0.04835334673537235,8.77755511022044
999,2022,999,0.1523245582488226,0.19919431503540339,0.25076113372714376,8.76876876876877
1000,2022,1000,0.09767454088294904,0.16105200301606987,0.18835621468956912,8.76
1001,2022,1001,-0.429909327514763,0.21909067982354316,0.48251710422506067,8.75124875124875
1002,2022,1002,-0.36721472888748846,-0.2431843459303448,0.44043760422729716,8.74251497005988
1003,2022,1003,0.34505020901979494,-0.09634682696091959,0.35824901648161095,8.733798604187438
1004,2022,1004,-0.22299362633452957,0.3025351078163445,0.3758372637821734,8.725099601593625
1005,2022,1005,-0.11406587172847621,-0.2970401043214258,0.31818838235935126,8.716417910447761
1006,2022,1006,-0.1592629988271686,-0.04154533610805607,0.16459258108357755,8.707753479125248
1007,2022,1007,-0.1929740892974347,0.0009554361954698785,0.19297645451841505,8.699106256206553
1008,2022,1008,0.3465545236832397,-0.12665367813026504,0.36897315900921834,8.69047619047619
1009,2022,1009,0.05375475793232236,0.15181971506870032,0.16105526965580458,8.681863230921705
1010,2022,1010,-0.6598416632779006,-0.034605311616779585,0.6607484757375084,8.673267326732674
1011,2022,1011,0.11809872866760038,-0.4075111575968215,0.42427898048195245,8.664688427299703
1012,2022,1012,0.25300590897994846,0.24415054338101103,0.35159846104898257,8.65612648221344
1013,2022,1013,-0.3751937815387989,0.18159755633662536,0.41683095635139406,8.647581441263574
1014,2022,1014,-0.13319926484057995,-0.16458492663298996,0.21173153338333345,8.63905325443787
1015,2022,1015,-0.2434070108645373,-0.11261908217955385,0.2681977453465522,8.630541871921181
1016,2022,1016,-0.06985062202353481,-0.008503914010907348,0.07036636945714646,8.622047244094489
1017,2022,1017,-0.01063895178004762,0.054109198255339115,0.055145195899677174,8.613569321533923
1018,2022,1018,-0.36072481516025834,-0.11948589615354492,0.379999041646184,8.605108055009824
1019,2022,1019,-0.23941777536320016,-0.21414059286200057,0.32121186882049185,8.59666339548577
1020,2022,1020,0.2571409420725213,-0.4453607857290168,0.5142642254280487,8.588235294117647
1021,2022,1021,0.06692200243319613,0.04110418013261475,0.0785373034553845,8.579823702252693
1022,2022,1022,-0.2412928908504354,0.30614218562832707,0.3898016123571697,8.571428571428571
1023,2022,1023,0.0857053246677441,-0.3884616006093005,0.397803742848585,8.563049853372434
1024,2022,1024,0.3470429316633011,0.05017060196567674,0.35065066051421756,8.5546875
1025,2022,1025,-0.2061117737328153,0.038296449509502575,0.2096394078324043,8.546341463414635
1026,2022,1026,-0.15427325076529938,-0.09989565169844258,0.1837916677380928,8.538011695906432
1027,2022,1027,-0.11958887318761677,0.29462029158017305,0.31796637369550584,8.529698149951315
1028,2022,1028,-0.04748553744217927,-0.16512277086665783,0.17181503346580412,8.521400778210117
1029,2022,1029,0.40911600570336404,-0.14041679278004124,0.43254223125298186,8.513119533527696
1030,2022,1030,-0.6140072091818233,0.011047371311673727,0.6141065846741502,8.504854368932039
1031,2022,1031,-0.16731524010033078,-0.2677271673111241,0.315709083946392,8.496605237633366
1032,2022,1032,0.4343443682256625,0.18622624201843735,0.4725835835338121,8.488372093023257
1033,2022,1033,-0.2325184188049397,0.11335345259277403,0.2586770579279338,8.480154888673766
1034,2022,1034,-0.07493146252420549,-0.4669656274912907,0.4729393421299938,8.471953578336556
1035,2022,1035,-0.25320869163793774,-0.15939239042384418,0.29919989245657064,8.46376811594203
1036,2022,1036,0.021170472659960495,-0.0031773533442603186,0.021407580127618744,8.455598455598455
1037,2022,1037,0.279725128980688,0.30826081831113794,0.4162581889754422,8.447444551591127
1038,2022,1038,-0.5506373087451772,-0.12784291930516323,0.5652833429339645,8.439306358381502
1039,2022,1039,-0.031195834749419657,-0.750221113923529,0.7508694293166914,8.431183830606352
1040,2022,1040,0.40154339448470366,0.11334808767821183,0.417234809950711,8.423076923076923
1041,2022,1041,-0.40711074723963153,0.3706464153877561,0.5505614641053297,8.414985590778098
1042,2022,1042,-0.08500852256268018,-0.4341583203164187,0.4424024141076354,8.406909788867562
1043,2022,1043,0.2005667967373938,-0.49689827058433206,0.5358497282477608,8.398849472674977
1044,2022,1044,0.06417470841805559,0.05237182117309689,0.08283236597809636,8.39080459770115
1045,2022,1045,0.18651474042098545,0.2713630377157792,0.32928049840924833,8.382775119617225
1046,2022,1046,-0.13539630522665283,-0.40047842595888794,0.4227471219624534,8.374760994263863
1047,2022,1047,0.10844226395897445,-0.11115597837262543,0.15529126228002482,8.366762177650429
1048,2022,1048,0.04857401380715939,0.23704621851295782,0.24197178457132365,8.358778625954198
1049,2022,1049,0.26694173552972267,-0.2029940996076416,0.33535726418722095,8.350810295519542
1050,2022,1050,0.2640013086719772,0.3636769295224974,0.44939692928126257,8.342857142857143
1051,2022,1051,-0.7034884384556175,-0.07001489117384083,0.7069639792993756,8.334919124643196
1052,2022,1052,0.10209314508247355,-0.4989386824605665,0.5092767608366957,8.326996197718632
1053,2022,1053,0.16619938853458519,0.8074180143145266,0.8243458537464012,8.31908831908832
1054,2022,1054,0.09950247180290099,-0.05745841607483632,0.11490087672736059,8.311195445920303
1055,2022,1055,0.013374607963635708,-0.2511814883063874,0.25153731374488514,8.303317535545023
1056,2022,1056,-0.4486118509237893,0.19734212202864854,0.49009846553120134,8.295454545454545
1057,2022,1057,0.32459421771944896,-0.16754399055139205,0.3652839921852393,8.287606433301798
1058,2022,1058,0.10430759546600983,0.5996533891426816,0.6086577540639774,8.279773156899811
1059,2022,1059,0.0844279027786488,0.03224433405308279,0.09037570384858847,8.271954674220963
1060,2022,1060,-0.4783616875354685,-0.031899304967540246,0.47942410218844167,8.264150943396226
1061,2022,1061,-0.621553703134589,0.06053032572179285,0.62449413625134,8.25636192271442
1062,2022,1062,0.6253099029440108,-0.18272168673392714,0.6514596607025945,8.248587570621469
1063,2022,1063,0.01367570939337172,0.6153850804577311,0.6155370194207495,8.24082784571966
1064,2022,1064,-0.7731293182733785,-0.38041146319747016,0.861650639241856,8.233082706766917
1065,2022,1065,0.27670088701996387,-0.29792055889647634,0.4065956717561362,8.225352112676056
1066,2022,1066,0.08471744442795523,0.039658135851962276,0.09354043580001313,8.217636022514071
1067,2022,1067,0.13889226660173162,0.1884697694349589,0.23411944753188077,8.209934395501406
1068,2022,1068,-0.20371283857815933,0.3761617620325572,0.42778100918227935,8.202247191011235
1069,2022,1069,-0.7032291276837194,-0.8814407439434498,1.127594338007418,8.194574368568755
1070,2022,1070,0.7231443826581218,0.03646045568401534,0.7240629551348985,8.186915887850468
1071,2022,1071,0.1220897995597965,0.381108510180296,0.4001869759105062,8.179271708683473
1072,2022,1072,-0.35653924815236665,-0.24765651516828605,0.43411287124243897,8.171641791044776
1073,2022,1073,-0.06736735406943317,0.1642203715982649,0.17750124180463805,8.164026095060578
1074,2022,1074,0.2961003363866321,-0.07061795268958378,0.304404836443748,8.156424581005586
1075,2022,1075,0.17890193947543281,0.42877167957180695,0.4645977369196924,8.148837209302325
1076,2022,1076,-0.4591526923140024,0.32483808969464706,0.5624419786748359,8.141263940520446
1077,2022,1077,0.07507579568486737,-0.3668753462516426,0.37447816329524286,8.133704735376044
1078,2022,1078,-0.147726761019994,0.48348027308041175,0.5055456165168163,8.126159554730984
1079,2022,1079,-0.376154870927369,-0.00885014338947402,0.37625896927568364,8.118628359592215
1080,2022,1080,0.518639226722527,-0.27357805694928,0.5863715551930229,8.11111111111111
1081,2022,1081,-0.46518612821718036,0.08513264431580415,0.4729119379058771,8.103607770582794
1082,2022,1082,-0.039970424061969975,0.071189548878841,0.08164304421851626,8.096118299445472
1083,2022,1083,-0.054304361312734924,0.2848503703968827,0.2899805117121241,8.088642659279778
1084,2022,1084,-0.6730580697713532,-0.42993852780612224,0.798657813444804,8.081180811808117
1085,2022,1085,0.7216226122475224,-0.2005293558793329,0.7489667663363431,8.073732718894009
1086,2022,1086,-0.3266503025196392,0.5458333348344506,0.6361088346758511,8.066298342541437
1087,2022,1087,-0.9200331575090811,-0.20225566262335334,0.9420023163343821,8.058877644894205
1088,2022,1088,0.7090183962073702,-0.34971678277044965,0.7905750529277946,8.051470588235293
1089,2022,1089,0.1115957539804939,-0.2751602565598653,0.29692891253053455,8.044077134986226
1090,2022,1090,0.44193291633398074,0.3201300124161984,0.5456994845050274,8.036697247706423
1091,2022,1091,-0.03651869387017977,0.6621787855198874,0.6631850111353369,8.029330889092575
1092,2022,1092,-0.8713364020320301,-0.8431737091750102,1.2125052698236278,8.021978021978022
1093,2022,1093,0.9240519663842626,-0.03630639749633615,0.9247649382831208,8.014638609332113
1094,2022,1094,0.4353092852762872,1.0612805558585197,1.1470878746160298,8.007312614259599
1095,2022,1095,-2.0596707969260115,0.8376438021798746,2.2234862111198685,8.0
1096,2022,1096,0.28655084012540305,-0.3471134615220323,0.45011014112812625,7.992700729927007
1097,2022,1097,0.8494955328935011,-0.6576668283168293,1.0743222596010618,7.985414767547858
1098,2022,1098,0.010827746696036198,1.1562563897136786,1.1563070867430605,7.978142076502732
1099,2022,1099,-1.0389732961651643,0.22760247746756626,1.0636110181328888,7.970882620564149
1100,2022,1100,-0.02114197488735837,-0.8497545749392559,0.8500175414262537,7.963636363636364
1101,2022,1101,0.08694895420472512,0.52670110823925,0.5338297275890033,7.956403269754769
1102,2022,1102,-0.5751866529035008,-0.11637766527613495,0.5868419264618508,7.9491833030853
1103,2022,1103,0.11637106394401318,-0.002831708937935738,0.11640551146303509,7.941976427923844
1104,2022,1104,-0.6674041842407441,0.18274493860657115,0.6919711393753156,7.934782608695652
1105,2022,1105,0.25127013678301363,-0.7393020565452907,0.7808355860557653,7.927601809954751
1106,2022,1106,0.4571397866831786,0.2605612343023664,0.5261833723996937,7.920433996383363
1107,2022,1107,-0.739292026012871,-0.12029262494742891,0.7490146963464458,7.913279132791328
1108,2022,1108,0.27304366041032146,-0.0807572293836607,0.2847359664460957,7.906137184115524
1109,2022,1109,-0.24263809271523218,0.21762076307967224,0.3259325705722956,7.899008115419297
1110,2022,1110,-0.20751684806682064,-0.5123224809991912,0.5527545266831874,7.891891891891892
1111,2022,1111,0.1164278740046143,0.18515625973818872,0.21871966158868744,7.884788478847884
1112,2022,1112,-0.446747327896079,-0.36111356687656737,0.5744442385163279,7.877697841726619
1113,2022,1113,0.21983489473165263,-0.18764443651941753,0.28902909109355496,7.870619946091645
1114,2022,1114,-0.12766710610777932,0.3597302335166531,0.38171289064934755,7.863554757630162
1115,2022,1115,-0.0016309148321027255,-0.5647173231286127,0.5647196781808967,7.856502242152466
1116,2022,1116,0.16473934133291845,-0.05648072152439653,0.17415258392203156,7.849462365591398
1117,2022,1117,-0.095457282767496,0.35192903746088483,0.36464522517304204,7.84243509400179
1118,2022,1118,-0.3442485895469091,-0.1451511122819452,0.3735986306207802,7.835420393559929
1119,2022,1119,-0.0040414453262073834,-0.2188259062666919,0.21886322334682853,7.828418230563003
1120,2022,1120,0.6758768014947057,-0.3246742293744751,0.7498151812404329,7.821428571428571
1121,2022,1121,-0.12037650868213359,0.2976059238962501,0.32102926623695915,7.814451382694023
1122,2022,1122,-0.14755728406695673,-0.07814110901409989,0.16697061118403445,7.807486631016043
1123,2022,1123,0.5101485476611467,-0.2639504957007384,0.5743878522927194,7.80053428317008
1124,2022,1124,-0.08816902530457774,0.10489844997851644,0.13703087911509065,7.7935943060498225
1125,2022,1125,0.09879733671019478,0.3038430794659392,0.31950200418835034,7.786666666666667
1126,2022,1126,-0.10300814371324682,0.2150933969043392,0.23848657627442368,7.779751332149201
1127,2022,1127,-0.34154867448090176,-0.09324339272924934,0.35404777548704075,7.7728482697426795
1128,2022,1128,0.2690794992746419,0.1496291050884003,0.3078841438259651,7.76595744680851
1129,2022,1129,-0.49843842876568767,-0.08432231422830316,0.505520642454118,7.7590788308237375
1130,2022,1130,-0.31564409564124707,-0.1389358795120365,0.34486863256748046,7.752212389380531
1131,2022,1131,0.772232133626658,-0.022206353254817714,0.7725513512579331,7.745358090185676
1132,2022,1132,-0.337852229944252,0.2100077228893417,0.3978031836869462,7.738515901060071
1133,2022,1133,-0.46530581634271145,-0.2843719693268137,0.545322766498124,7.731685789938217
1134,2022,1134,0.05906052711992404,-0.13481175224545972,0.14718136569272108,7.724867724867725
1135,2022,1135,0.2415482559024669,0.2228669935203281,0.32865674605934014,7.71806167400881
1136,2022,1136,-0.12011098910062837,0.2896122010225817,0.31353130096351706,7.711267605633803
1137,2022,1137,-0.6490976047725294,-0.5863798596687582,0.8747394128233776,7.704485488126649
1138,2022,1138,0.19983840442199888,-0.6768823010820679,0.7057655683016036,7.697715289982425
1139,2022,1139,0.6088582250952171,0.6287131543472654,0.8752077288937675,7.690956979806848
1140,2022,1140,-0.047933501545822065,0.3004986879589161,0.3042976865430846,7.684210526315789
1141,2022,1141,-0.10545421875569937,-0.5787605008439344,0.5882893077308958,7.677475898334794
1142,2022,1142,-0.1765037749189041,-0.25664161155062226,0.3114779275324716,7.670753064798599
1143,2022,1143,0.26759217691568815,0.049795632204983016,0.27218592567061745,7.664041994750656
1144,2022,1144,0.050903750707827725,0.7395517309852988,0.7413015274768266,7.6573426573426575
1145,2022,1145,-0.47593203651966853,-0.21135548980453298,0.5207518088843025,7.650655021834061
1146,2022,1146,0.11930137891651212,-1.0008793087902492,1.0079643891407217,7.643979057591623
1147,2022,1147,0.2768131477595943,0.15720649363248743,0.3183384997338467,7.637314734088927
1148,2022,1148,-0.15579895579407643,0.5892280399262124,0.609477643283009,7.630662020905923
1149,2022,1149,-0.32683622672928725,0.017620396686375616,0.327310857568189,7.624020887728459
1150,2022,1150,-0.18672771634004837,-0.6645899263867142,0.6903238445137672,7.6173913043478265
1151,2022,1151,0.4093721225505791,-0.0844017874165149,0.41798229201805776,7.610773240660295
1152,2022,1152,-0.3971280141910491,0.5266862116934459,0.6596279445591426,7.604166666666667
1153,2022,1153,-0.5158081288401374,-0.3430835346592461,0.6194871568740113,7.597571552471813
1154,2022,1154,0.5109271920989715,-0.5890969475391649,0.7797960048795459,7.590987868284229
1155,2022,1155,-0.2870402027324858,-0.20320676725840703,0.3516888798985816,7.584415584415584
1156,2022,1156,-0.11874897554758075,0.18274584475257635,0.21793889732659627,7.577854671280277
1157,2022,1157,0.2623299634291321,-0.24400164145254602,0.35826500072469625,7.571305099394987
1158,2022,1158,0.24239615468993042,-0.415576477245443,0.4811025922276837,7.564766839378239
1159,2022,1159,-0.2799662581457714,0.08711590580475563,0.29320690091525436,7.558239861949957
1160,2022,1160,-0.3441750554945448,-0.17938107435543676,0.3881160118593199,7.551724137931035
1161,2022,1161,0.5851939788556364,-0.21586942814391225,0.6237400122615758,7.545219638242894
1162,2022,1162,0.12974967382442348,0.20700116964386517,0.24430403617515722,7.538726333907057
1163,2022,1163,-0.262574389555536,-0.6900417551893744,0.7383108653916011,7.5322441960447115
1164,2022,1164,-0.17584358988074344,-0.21520710305421883,0.2779119740261946,7.525773195876289
1165,2022,1165,0.26450106912901367,0.30778497600696114,0.40582312283308464,7.51931330472103
1166,2022,1166,0.6834954844938043,-0.11168939933477325,0.6925608993057454,7.512864493996569
1167,2022,1167,-0.05105891632367069,-0.22516012663958074,0.23087679737145445,7.506426735218509
1168,2022,1168,-0.5700050055374739,-0.03212809865778564,0.5709097310969047,7.5
1169,2022,1169,0.014284136977055065,-0.2907619510207109,0.2911126048980867,7.493584260051326
1170,2022,1170,0.9622125134057146,0.34930320070203236,1.0236530891738795,7.487179487179487
1171,2022,1171,-0.1851706983776674,0.48367393777119094,0.5179079702193846,7.480785653287788
1172,2022,1172,-0.2962079469029579,-1.0981946974118895,1.1374404341467983,7.474402730375426
1173,2022,1173,0.2687627550277661,0.41480057144586824,0.4942599847872917,7.468030690537084
1174,2022,1174,-0.20350923810253935,0.5575215692181837,0.59350342049274,7.461669505962521
1175,2022,1175,0.22951043924800593,-0.3987891316348651,0.4601171733742422,7.45531914893617
1176,2022,1176,-0.06313035358979854,0.2524164867177901,0.26019132251350213,7.448979591836735
1177,2022,1177,-0.45265352774741935,-0.4818794744494352,0.6611376891978309,7.442650807136788
1178,2022,1178,0.18912651159860094,-0.07664459642583735,0.2040667330819387,7.4363327674023765
1179,2022,1179,0.036389293530612606,0.322512524808766,0.32455894586682094,7.430025445292621
1180,2022,1180,0.08773841028356473,-0.7601313896788695,0.7651782525753176,7.423728813559322
1181,2022,1181,0.04007346094651147,-0.12286832957468229,0.12923818586123967,7.417442845046571
1182,2022,1182,0.0732187317443689,0.21482182688320228,0.22695682405182355,7.411167512690355
1183,2022,1183,0.307041867913609,-0.2283245065603037,0.38263140089109815,7.404902789518174
1184,2022,1184,0.12372154081719718,-0.286431906010753,0.3120100261900797,7.398648648648648
1185,2022,1185,0.007844133964281045,0.3093931345383672,0.3094925558670608,7.3924050632911396
1186,2022,1186,-0.3455500073485841,-0.05764763836593594,0.35032564534697747,7.386172006745363
1187,2022,1187,0.3665175025318961,-0.334065536553383,0.4959182012942438,7.379949452401011
1188,2022,1188,0.5846387712760417,0.3021032144268241,0.6580796646654412,7.373737373737374
1189,2022,1189,-0.38989465324944506,-0.002970479023241601,0.3899059686361989,7.367535744322961
1190,2022,1190,-0.0190619452564571,0.07450959487518133,0.07690928087964297,7.361344537815126
1191,2022,1191,0.054259856611660114,0.4544848217249707,0.45771233893996816,7.355163727959698
1192,2022,1192,0.20744159004974957,-0.5333986482053162,0.5723164607012688,7.348993288590604
1193,2022,1193,0.22305240620192107,0.5740171809381089,0.6158312268183552,7.342833193629505
1194,2022,1194,-0.9408871968876805,0.32606563953497464,0.9957848756395674,7.336683417085427
1195,2022,1195,-0.042109084432421284,-0.846539641690424,0.8475863023581068,7.330543933054393
1196,2022,1196,0.7591487596531356,0.5036927837004246,0.9110506350553612,7.3244147157190636
1197,2022,1197,-0.4893161885275642,0.18872250177979608,0.5244487725537814,7.318295739348371
1198,2022,1198,-0.2676506296377186,-0.6590547839595218,0.7113297883579733,7.312186978297162
1199,2022,1199,0.1859217876616738,0.2936466221874733,0.3475561103612267,7.306088407005838
1200,2022,1200,0.05146093280996184,-0.0018068370477572061,0.05149264283165659,7.3
1201,2022,1201,0.13417981552526637,0.011333190639420827,0.13465758093944794,7.293921731890092
1202,2022,1202,-0.4152379477292038,-0.013531437318146477,0.41545836497807564,7.287853577371048
1203,2022,1203,-0.07843540890555188,-0.31916229605410823,0.3286589183221891,7.2817955112219455
1204,2022,1204,0.1248230792162258,-0.09405923286143164,0.15629440294361535,7.275747508305648
1205,2022,1205,0.13073605586536438,0.13882779240577092,0.19069628273118358,7.269709543568465
1206,2022,1206,-0.06057375018970132,-0.1407156869129178,0.15319949006252812,7.263681592039801
1207,2022,1207,-0.04824099672352369,-0.3345090300426777,0.33796965092293724,7.257663628831814
1208,2022,1208,0.4438747629154276,0.1081761911157145,0.45686638470950197,7.251655629139073
1209,2022,1209,-0.30551661528723784,0.29222510624670134,0.42277170545989234,7.245657568238213
1210,2022,1210,-0.1554407911585148,-0.4513359518738302,0.4773530988794787,7.239669421487603
1211,2022,1211,0.6218234684557254,0.1905234282215437,0.6503565196287329,7.233691164327002
1212,2022,1212,-0.27474940234438094,-0.013131238604405895,0.2750630173539881,7.227722772277228
1213,2022,1213,-0.06964403401253116,-0.13853396110944055,0.1550546673086966,7.221764220939819
1214,2022,1214,0.08182751308812343,0.1440903439353565,0.16570385968225465,7.215815485996705
1215,2022,1215,0.06263428761903486,-0.3214337163674153,0.32747929400698295,7.209876543209877
1216,2022,1216,0.6354790625326825,0.36161999167543774,0.7311652735850908,7.203947368421052
1217,2022,1217,-0.4606152754533674,0.18403564074395012,0.4960197063071363,7.198027937551355
1218,2022,1218,-0.12237657095177733,-0.6409617636234547,0.6525396597488959,7.192118226600985
1219,2022,1219,0.2751277899271823,0.5480281847943058,0.6132130071346804,7.186218211648892
1220,2022,1220,-0.24982697814265328,0.08486323477650834,0.2638470913704044,7.180327868852459
1221,2022,1221,0.11021404465600922,-0.1232308948324862,0.16532691577795816,7.174447174447175
1222,2022,1222,-0.3473602121821991,-0.052527260589448156,0.35130930832002466,7.168576104746317
1223,2022,1223,0.13321445111323363,-0.5405914556366449,0.5567631560122731,7.162714636140638
1224,2022,1224,0.19415044349752936,0.4463339385107845,0.4867323488087022,7.1568627450980395
1225,2022,1225,-0.37222823284508105,-0.14461055891968666,0.39933203111951343,7.151020408163265
1226,2022,1226,0.4184055871826957,-0.20666365015104396,0.4666616543915404,7.145187601957586
1227,2022,1227,-0.18266857058584987,0.13543841946044632,0.22740134596308226,7.139364303178484
1228,2022,1228,0.011244119269055977,-0.21216157516386105,0.21245932362254055,7.133550488599348
1229,2022,1229,0.11627060282958476,0.16485281232937105,0.20173076814223923,7.127746135069162
1230,2022,1230,-0.1723187377436144,-0.22673874847316874,0.2847880043764685,7.121951219512195
1231,2022,1231,0.2800444854003535,0.24133516694987023,0.369685780913833,7.116165718927701
1232,2022,1232,-0.22336274628276473,0.04550828736601051,0.22795157522150647,7.1103896103896105
1233,2022,1233,0.23949609197469696,-0.47420671431020134,0.5312535985459576,7.104622871046229
1234,2022,1234,0.2453823483749626,0.40304377747074827,0.47186521746352694,7.098865478119935
1235,2022,1235,-0.6182264280057085,-0.14225002000939213,0.6343807882316188,7.093117408906883
1236,2022,1236,0.2659200263381015,0.022689659545006388,0.26688626989398484,7.087378640776699
1237,2022,1237,0.2241862347171044,0.059263086601387766,0.23188700108060437,7.081649151172191
1238,2022,1238,0.14069615193984505,-0.45534487179331945,0.47658615111976815,7.075928917609047
1239,2022,1239,0.017925066797531745,0.5753160082757317,0.5755951853499278,7.070217917675545
1240,2022,1240,-0.36919531263696126,-0.09487174799605225,0.38119001487569165,7.064516129032258
1241,2022,1241,0.4846683090382096,-0.13664386161348044,0.5035622252538423,7.0588235294117645
1242,2022,1242,0.32337148936012683,0.486342843767541,0.5840363702843218,7.053140096618358
1243,2022,1243,-0.24169841414234752,-0.270087718364886,0.3624437873801615,7.047465808527756
1244,2022,1244,-0.07820027207046408,0.27534378850620106,0.2862332692417885,7.041800643086817
1245,2022,1245,-0.42575406715922115,0.1394827726318089,0.44802005486772073,7.036144578313253
1246,2022,1246,0.3726594312531986,-0.23346205186513194,0.43974945294228057,7.030497592295345
1247,2022,1247,0.08436633558596428,0.44262697978864884,0.4505955190822746,7.02485966319166
1248,2022,1248,-0.6958562268108819,-0.2632792642880942,0.7439972173305204,7.019230769230769
1249,2022,1249,0.24002925655864604,-0.30313888252825116,0.3866616429186805,7.013610888710969
1250,2022,1250,0.09050338999512171,0.3596077096935388,0.37082147789959735,7.008
1251,2022,1251,-0.16073883604086686,-0.033730294016744565,0.1642397824713267,7.002398081534772
1252,2022,1252,0.11031069539442796,-0.08739559129376383,0.1407353505555334,6.996805111821086
1253,2022,1253,-0.13772421742004795,-0.1178926179944133,0.181291559212064,6.99122106943336
1254,2022,1254,0.045963162380102285,0.12717530778451996,0.135226370231797,6.985645933014354
1255,2022,1255,-0.22080178588892183,-0.13867379943195354,0.2607371306519862,6.9800796812749
1256,2022,1256,0.22168203833329317,-0.3221329160290395,0.3910403325860081,6.974522292993631
1257,2022,1257,0.24352023657332406,0.3466491968255208,0.42363636680590394,6.968973747016706
1258,2022,1258,-0.46019115357950147,-0.20900139686858518,0.5054280183427232,6.963434022257552
1259,2022,1259,0.3813865587496196,-0.3030027231609579,0.48709994604581214,6.957903097696585
1260,2022,1260,0.10704005773264896,0.4365594546087194,0.4494905242245618,6.9523809523809526
1261,2022,1261,-0.298239864091013,-0.06613692308997347,0.305485039124398,6.946867565424267
1262,2022,1262,0.020477451688793412,0.08576665456324264,0.08817735005452057,6.941362916006339
1263,2022,1263,-0.13865207348459457,-0.31975660707838605,0.3485235791906464,6.935866983372922
1264,2022,1264,0.17512429086088355,-0.15283521797391555,0.2324373487687846,6.930379746835443
1265,2022,1265,-0.099950365120092,0.3151611533547075,0.3306306520447086,6.924901185770751
1266,2022,1266,-0.1888682332835518,-0.38609540126781844,0.42981492345404654,6.919431279620853
1267,2022,1267,0.12821106861460108,-0.11744644572784123,0.17387278605175885,6.91397000789266
1268,2022,1268,-0.14707109388403072,0.02796446302182685,0.14970610491340858,6.908517350157728
1269,2022,1269,0.23685664634152195,-0.1484654647918368,0.2795408112458876,6.90307328605201
1270,2022,1270,-0.2893451726090378,0.306653633061285,0.4216124756003303,6.897637795275591
1271,2022,1271,-0.31888944437468414,-0.46176523988671425,0.5611752083807957,6.892210857592447
1272,2022,1272,0.46970917418445474,-0.25245328742222883,0.5332535706803405,6.886792452830188
1273,2022,1273,-0.07707997177226189,0.20060371995344056,0.21490270940025652,6.881382560879811
1274,2022,1274,-0.07639123971314234,-0.31389943009371657,0.32306109904795227,6.875981161695448
1275,2022,1275,0.17895093275214172,-0.23221688264968535,0.293169092709991,6.870588235294117
1276,2022,1276,0.03555449368450601,-0.17936227353089862,0.18285225507861388,6.8652037617554855
1277,2022,1277,0.4692241788983743,0.20736018688003846,0.5130005625394363,6.859827721221613
1278,2022,1278,-0.23952074495885958,-0.0659087200337247,0.24842332145378573,6.854460093896714
1279,2022,1279,0.04000431534633139,-0.4324342468019657,0.4342806961557376,6.849100860046912
1280,2022,1280,0.3898788955624789,0.028639247301780742,0.39092935383650956,6.84375
1281,2022,1281,-0.06647609616053625,0.23783623256588587,0.2469517055658434,6.838407494145199
1282,2022,1282,0.10413660242966466,-0.0999749754693567,0.14435867720955506,6.8330733229329175
1283,2022,1283,0.38754195558669097,-0.39283421866029483,0.5518219737292102,6.827747466874513
1284,2022,1284,0.1986235277832681,0.20742816942387235,0.2871893996295988,6.822429906542056
1285,2022,1285,-0.10028189906582086,0.2993924919461805,0.31574091200538335,6.817120622568093
1286,2022,1286,0.20218410468784814,-0.005821302653053748,0.20226789105788687,6.811819595645412
1287,2022,1287,0.17407610273192353,0.08954625433544147,0.1957575572177043,6.806526806526806
1288,2022,1288,-0.08824588993516369,-0.11532209950187565,0.14521199579914026,6.801242236024844
1289,2022,1289,0.07648874207301104,0.01937537027223456,0.07890457931639835,6.795965865011637
1290,2022,1290,-0.0656349666542987,0.18084393455399156,0.19238627163256553,6.790697674418604
1291,2022,1291,-0.06403529629832848,0.03396117001083592,0.07248365498869122,6.785437645236251
1292,2022,1292,0.35117928887076794,-0.1585532619715375,0.38531289858191003,6.780185758513932
1293,2022,1293,-0.23303520628770608,0.28939156453906056,0.3715546864136139,6.774941995359629
1294,2022,1294,-0.16774184510155563,0.009252668188097864,0.16799684064491607,6.769706336939722
1295,2022,1295,0.2152784070665586,-0.0890318499484909,0.23296236360057285,6.764478764478764
1296,2022,1296,-0.37105125251954535,0.10832814256899376,0.3865410954462302,6.7592592592592595
1297,2022,1297,0.04160120943883988,-0.3673607838657409,0.3697088126475021,6.754047802621434
1298,2022,1298,0.25971367316956423,0.038998636901397335,0.2626253714160044,6.74884437596302
1299,2022,1299,-0.24640554676401513,-0.07043242939544159,0.2562741122053047,6.74364896073903
1300,2022,1300,0.42718311682768956,-0.3513533004496774,0.5531135118938071,6.7384615384615385
1301,2022,1301,0.11203539332250434,0.2561332884362222,0.27956428742255557,6.733282090699462
1302,2022,1302,-0.485780021962971,0.14970579628817388,0.5083247536571682,6.728110599078341
1303,2022,1303,0.5243688690037656,-0.08019534213395563,0.5304658364873938,6.722947045280123
1304,2022,1304,0.02356918007422806,0.2285616008662099,0.22977360953750986,6.717791411042945
1305,2022,1305,-0.13450035069688668,-0.0694267303447643,0.1513618684608185,6.712643678160919
1306,2022,1306,0.09967960080616935,-0.21825263990622024,0.23993798707772704,6.707503828483921
1307,2022,1307,0.10237600445305658,0.26418443840885697,0.2833271321020551,6.702371843917368
1308,2022,1308,0.057326534559115266,0.28259031073508695,0.2883463460595789,6.697247706422019
1309,2022,1309,-0.11627016258325219,-0.3067687690232784,0.3280637565400869,6.692131398013751
1310,2022,1310,0.2069804864462962,0.0017325729461581992,0.20698773774926663,6.687022900763359
1311,2022,1311,-0.13068958821581905,0.5950346017422998,0.6092174864025471,6.6819221967963385
1312,2022,1312,-0.2468154658400137,-0.3283554207648329,0.41077385082728113,6.676829268292683
1313,2022,1313,0.20373644259064705,0.02094434005090745,0.20481016434654817,6.6717440974866715
1314,2022,1314,-0.25658885246166807,0.06724402361171194,0.2652538367660082,6.666666666666667
1315,2022,1315,0.001811678995591812,-0.2945697377264878,0.2945753088176857,6.661596958174905
1316,2022,1316,0.05414492976100618,0.24263222116700445,0.24860021755271747,6.656534954407295
1317,2022,1317,0.06164717910628268,-0.08373665649337542,0.10398174037999001,6.651480637813211
1318,2022,1318,0.06678915553338625,0.04647772940448702,0.08136934697697638,6.646433990895296
1319,2022,1319,-0.4148952024351488,0.039989237213984744,0.4168179076007405,6.641394996209249
1320,2022,1320,0.14503584444866988,-0.3754992974092048,0.4025358599301995,6.636363636363637
1321,2022,1321,-0.13548256375538206,0.14845915400331564,0.2009866798798153,6.631339894019682
1322,2022,1322,-0.29780194199895216,-0.07138938644936386,0.3062391894515852,6.626323751891074
1323,2022,1323,0.2784226752835904,-0.45594767711106954,0.5342354072644865,6.621315192743764
1324,2022,1324,-0.00918565638275654,0.03148430157529275,0.03279691340455772,6.61631419939577
1325,2022,1325,0.024904772951805185,-0.15588769062687632,0.15786456158606868,6.611320754716981
1326,2022,1326,0.30008922080620304,0.06382560499030912,0.3068016432427523,6.606334841628959
1327,2022,1327,-0.21233873746588625,0.23718108840703167,0.3183435379060658,6.601356443104748
1328,2022,1328,0.0007540126541048619,-0.24536818820700057,0.2453693467388879,6.596385542168675
1329,2022,1329,0.2194678898036439,-0.11404367413589891,0.247329970414585,6.591422121896162
1330,2022,1330,-0.25150508742893135,0.011901324792003305,0.2517865177773408,6.586466165413534
1331,2022,1331,-0.028691680091473923,0.062101255620471446,0.06840890626307818,6.581517655897821
1332,2022,1332,-0.01952941776410552,-0.15725192743321173,0.1584599849793791,6.576576576576577
1333,2022,1333,0.2579130878347903,-0.18784298011260356,0.31906761987713544,6.571642910727682
1334,2022,1334,0.2767428689876233,0.4329093705036643,0.5138065186481967,6.56671664167916
1335,2022,1335,-0.4631007663776951,0.0013469559935575292,0.46310272522417434,6.561797752808989
1336,2022,1336,-0.07301545389239861,-0.2989681551890434,0.30775512071166733,6.5568862275449105
1337,2022,1337,0.18611876999090315,0.26234085674676066,0.32165652746610185,6.551982049364248
1338,2022,1338,-0.3161436297397493,-0.12149383796962353,0.3386850266687514,6.547085201793722
1339,2022,1339,-0.0972383570148455,-0.1673396839106544,0.19354035208778628,6.542195668409261
1340,2022,1340,-0.017429336908203502,-0.26721205461908293,0.2677798796004125,6.537313432835821
1341,2022,1341,0.1498345051852794,-0.34547051607704066,0.37656374815249316,6.532438478747204
1342,2022,1342,0.13301942735268568,0.2632648627352777,0.2949619568762403,6.527570789865872
1343,2022,1343,0.09614631879924967,-0.01060957086171247,0.09672992097855063,6.52271034996277
1344,2022,1344,-0.1268339135762036,-0.11572739694840561,0.17169645318849697,6.517857142857143
1345,2022,1345,-0.05046987845086706,-0.2781679728188483,0.28270944401097187,6.5130111524163565
1346,2022,1346,0.3855987429320041,-0.1160097020082909,0.4026718782219516,6.508172362555721
1347,2022,1347,-0.4189159962301183,0.28619181392478543,0.5073424546152544,6.503340757238307
1348,2022,1348,0.1896466047236869,-0.5279306929013378,0.5609604720392596,6.498516320474778
1349,2022,1349,0.7635924076026064,0.07690848456909553,0.7674557185577938,6.4936990363232026
1350,2022,1350,-0.45498248238127326,-0.0017729003315071635,0.45498593654025293,6.488888888888889
1351,2022,1351,0.2892298590035052,-0.2770297681657604,0.40049894355561344,6.484085862324204
1352,2022,1352,0.22789478962488705,0.44365322851312133,0.4987626913756555,6.479289940828402
1353,2022,1353,-0.1447605472908336,-0.16687781301779372,0.22091586753681455,6.47450110864745
1354,2022,1354,0.6656782601964972,-0.06682661626891626,0.6690241720148745,6.469719350073856
1355,2022,1355,-0.3847556141511968,0.28832941089802505,0.4808021753379105,6.464944649446495
1356,2022,1356,-0.18865887275678003,-0.34767746030158303,0.39556514845423096,6.460176991150442
1357,2022,1357,0.566578806288769,0.11718867124272377,0.5785712820415835,6.455416359616802
1358,2022,1358,0.08961216726148706,0.2486956053197531,0.26434796126821014,6.450662739322533
1359,2022,1359,-0.18538696789991865,-0.10016734145832067,0.21071740355735516,6.445916114790287
1360,2022,1360,0.1609961348383979,-0.10174060240791699,0.19044922055820926,6.4411764705882355
1361,2022,1361,0.2030326182565762,0.10087278959112461,0.22671030800564826,6.436443791329904
1362,2022,1362,-0.10329243138330253,0.10568691089649317,0.14778040978396814,6.431718061674009
1363,2022,1363,0.0828545340990435,-0.09213838387250413,0.12391269347167985,6.426999266324285
1364,2022,1364,-0.05435461287057279,-0.0037397078794090617,0.054483110734732755,6.422287390029325
1365,2022,1365,0.1583247061484318,-0.1306971357135501,0.20530088616641043,6.417582417582418
1366,2022,1366,0.5079542811972672,0.10508746641457345,0.5187108321445258,6.412884333821376
1367,2022,1367,-0.3534961273964437,0.3604168417973048,0.5048364209676499,6.408193123628383
1368,2022,1368,-0.1439812762327186,0.026649765108911136,0.14642683458288155,6.4035087719298245
1369,2022,1369,0.37170386032636105,0.06906837905268116,0.3780663972987864,6.398831263696128
1370,2022,1370,-0.20729527971175432,0.06440577063890487,0.21707011835433657,6.394160583941606
1371,2022,1371,0.0035682891759017663,-0.10082342782167916,0.10088655155845205,6.389496717724289
1372,2022,1372,-0.23045054452925068,-0.0032422830190881606,0.23047335176328743,6.384839650145772
1373,2022,1373,-0.1874632223301812,-0.1882691665996763,0.2656835313273136,6.380189366351056
1374,2022,1374,0.7000002951174693,-0.1870858665167608,0.7245698962935676,6.3755458515283845
1375,2022,1375,0.13393129403506376,0.5278417908221604,0.5445682213095546,6.370909090909091
1376,2022,1376,-0.6461096193006051,-0.08001874467705983,0.6510458045732768,6.366279069767442
1377,2022,1377,0.36404772120473655,-0.13951008389985245,0.3898638311309546,6.3616557734204795
1378,2022,1378,0.08642213767769709,0.5334518183116936,0.5404069099676975,6.357039187227866
1379,2022,1379,-0.18158343185380285,-0.2077547909590892,0.27592498235980645,6.352429296591733
1380,2022,1380,0.05922038027181777,0.2167656490974325,0.2247095905122208,6.3478260869565215
1381,2022,1381,-0.44535344766068824,0.03740264742059805,0.4469213033379936,6.343229543808834
1382,2022,1382,0.047430889328418636,-0.4071429468309456,0.4098964118123881,6.338639652677279
1383,2022,1383,0.5017212721235105,0.36914087535577594,0.6228878075220787,6.334056399132321
1384,2022,1384,-0.4085834257287331,0.05887538539144336,0.41280349657581406,6.329479768786127
1385,2022,1385,-0.26402275646628576,-0.1673342478117615,0.31258401498282606,6.324909747292419
1386,2022,1386,0.16878292258625802,-0.08159579318344297,0.18747146028660994,6.32034632034632
1387,2022,1387,-0.04828487057433245,-0.11956508686272063,0.12894665068496336,6.315789473684211
1388,2022,1388,-0.16830676284104637,0.18171602798875766,0.2476850444537239,6.311239193083574
1389,2022,1389,-0.1057525043040109,-0.35064278921985687,0.366243031057863,6.306695464362851
1390,2022,1390,0.12791530083951397,-0.16605384937642978,0.20960964930459045,6.302158273381295
1391,2022,1391,0.09478551279420416,-0.0822629222588651,0.12550490753045607,6.297627606038821
1392,2022,1392,0.16681067414102263,-0.06503678787318742,0.17904073498576914,6.293103448275862
1393,2022,1393,-0.18817405044033492,-0.00526454996355991,0.1882476792564533,6.288585786073223
1394,2022,1394,0.13843709688753167,-0.15159832624537475,0.20529705871016982,6.284074605451937
1395,2022,1395,0.43226780583313174,0.1082231724199142,0.44560937042259396,6.279569892473118
1396,2022,1396,-0.28511593919626077,-0.14775077619593996,0.32112519466754486,6.275071633237823
1397,2022,1397,0.06973137717901648,-0.08843905255898263,0.11262295938578755,6.270579813886901
1398,2022,1398,0.05047522687238175,0.09721927436842136,0.10954147998151567,6.266094420600858
1399,2022,1399,0.05232656963878111,-0.08203420912499311,0.09730201106310861,6.261615439599714
1400,2022,1400,0.3741937003674784,0.17852895695938606,0.41460042675775494,6.257142857142857
1401,2022,1401,-0.45676597951246023,-0.19622203726783158,0.49713001111330574,6.252676659528908
1402,2022,1402,0.27977675051693024,-0.13106447808898988,0.3089545719787165,6.248216833095578
1403,2022,1403,0.31280918675328284,0.6700433761384185,0.7394644773241108,6.24376336421953
1404,2022,1404,-0.7043212789809937,-0.3229769960662488,0.7748435997111937,6.239316239316239
1405,2022,1405,0.27283596205885,-0.5663240648760174,0.6286194466052365,6.234875444839858
1406,2022,1406,0.32809186237140403,0.514155354425645,0.6099180261632681,6.230440967283073
1407,2022,1407,-0.568597718836043,-0.11777610687280092,0.5806673550456107,6.226012793176972
1408,2022,1408,0.31502091397033083,-0.23132711142399587,0.3908329677988698,6.221590909090909
1409,2022,1409,0.09629504330503462,0.10675686369757073,0.14376982754270864,6.217175301632364
1410,2022,1410,-0.07141377460039854,-0.2781306773041779,0.2871525741837556,6.212765957446808
1411,2022,1411,0.3212208176163353,0.2510924147477228,0.40771339739325396,6.208362863217576
1412,2022,1412,-0.29858372569619523,0.07474480155379537,0.30779705425805653,6.203966005665722
1413,2022,1413,0.002661493615256598,-0.3611257280783408,0.36113553553808,6.199575371549894
1414,2022,1414,0.18196556292063384,0.23961816025900956,0.3008792595293593,6.1951909476661955
1415,2022,1415,-0.0060074907706714345,-0.02643513366767859,0.027109154125271717,6.190812720848056
1416,2022,1416,-0.031069348226967747,0.02119953524321981,0.03761282618704825,6.186440677966102
1417,2022,1417,-0.21960019039170126,-0.16000708094491803,0.27171034130593,6.182074805928017
1418,2022,1418,0.4564684125387384,-0.42097353724952163,0.6209525994067585,6.1777150916784205
1419,2022,1419,-0.026836862626682105,0.49290971044727094,0.49363974703102653,6.173361522198731
1420,2022,1420,-0.0878695512574521,-0.14829444583952675,0.1723725636667226,6.169014084507042
1421,2022,1421,0.4707580160601638,-0.3577630554637053,0.5912761736613675,6.164672765657987
1422,2022,1422,-0.13349763577305787,0.043103284239864856,0.14028368354608672,6.160337552742616
1423,2022,1423,0.23030539137896044,0.032386742108014,0.23257143926670606,6.156008432888264
1424,2022,1424,0.06702511406862165,0.17613770885138913,0.18845916904021537,6.151685393258427
1425,2022,1425,0.21287260330846636,0.0006162169668133365,0.21287349520941745,6.147368421052631
1426,2022,1426,0.3243829149330679,0.1630796373947955,0.36306919951063316,6.143057503506311
1427,2022,1427,-0.4323326960168131,-0.10888831055289144,0.4458343013051251,6.13875262789068
1428,2022,1428,0.4296960436880569,0.03960682184681171,0.43151754344171644,6.1344537815126055
1429,2022,1429,-0.05500030262433854,0.7786250482807003,0.7805651792764597,6.130160951714486
1430,2022,1430,-0.4195551027158379,-0.5471847980549698,0.6895198963317559,6.125874125874126
1431,2022,1431,0.2182100722202264,-0.04675983385029317,0.22316388076941,6.121593291404612
1432,2022,1432,-0.2893272129492579,0.20890832476357218,0.3568654148394145,6.11731843575419
1433,2022,1433,0.05175770170389852,-0.4024762260928418,0.4057905522010167,6.113049546406141
1434,2022,1434,0.0006904487356050014,0.48148908900950904,0.48148958405625286,6.108786610878661
1435,2022,1435,-0.22101070925209892,-0.5565540379174161,0.5988306360952956,6.104529616724738
1436,2022,1436,0.5012023344245373,-0.21253965468054506,0.5444050742272073,6.100278551532034
1437,2022,1437,-0.0487622400694832,0.44666416332005515,0.4493179618610843,6.096033402922756
1438,2022,1438,-0.1547022744451564,-0.3163420062189281,0.3521435199135728,6.0917941585535464
1439,2022,1439,0.18190559962588235,-0.09179456942080756,0.20375448498230234,6.087560806115358
1440,2022,1440,0.25421514157178077,-0.08567698165462943,0.2682645772177315,6.083333333333333
1441,2022,1441,0.14673414267770116,0.09439719029945298,0.17447560907986853,6.07911172796669
1442,2022,1442,-0.3234164936270539,-0.02096441967267372,0.32409525643278114,6.074895977808599
1443,2022,1443,0.2795524475631873,-0.36632148717936835,0.46080473403370403,6.070686070686071
1444,2022,1444,0.34655613387884865,0.34657949917871006,0.49012090669550096,6.066481994459834
1445,2022,1445,-0.10797749942056545,-0.13604184783080725,0.17368513103411795,6.062283737024221
1446,2022,1446,-0.01487134930719323,-0.19372399317970151,0.1942939591539212,6.058091286307054
1447,2022,1447,0.06437161655774429,-0.10585516697091595,0.12389116753303181,6.053904630269523
1448,2022,1448,0.11316929864783698,-0.09525395430583183,0.1479209449920491,6.0497237569060776
1449,2022,1449,0.06969896505005829,0.36491335912885287,0.37151003404989263,6.045548654244306
1450,2022,1450,-0.01764765172327889,-0.3889325630502344,0.389332734575672,6.041379310344827
1451,2022,1451,0.3664924033836468,-0.17377338838751066,0.40560309694280977,6.037215713301172
1452,2022,1452,0.21222555160274487,0.46543647834599394,0.5115376820217746,6.033057851239669
1453,2022,1453,-0.043730604961679666,-0.21156349525481385,0.2160358265074294,6.0289057123193395
1454,2022,1454,-0.058184881469873426,0.2337440677353588,0.24087708407637126,6.024759284731775
1455,2022,1455,-0.07554846748764303,-0.39392012934954806,0.40109928851407367,6.020618556701031
1456,2022,1456,0.6799568937826531,-0.22194251952278266,0.7152620913865595,6.016483516483516
1457,2022,1457,-0.27881608035168776,0.930768996998547,0.9716323031046056,6.012354152367879
1458,2022,1458,-0.5097422588506848,-0.9922008995211811,1.1154818669386066,6.008230452674897
1459,2022,1459,1.2446585089333355,-0.3787577132133744,1.301011994248623,6.004112405757368
1460,2022,1460,0.6987550322191207,1.3684880134161592,1.5365604569672,6.0
1461,2022,1461,0.03650925339495542,-0.3177013855457953,0.3197922700147318,5.9958932238193015
1462,2022,1462,0.03265615554181907,-0.0480717694195616,0.05811470992699678,5.991792065663475
1463,2022,1463,0.16759023347966523,0.04446473626871119,0.17338857842780403,5.9876965140123035
1464,2022,1464,0.41181083370586163,0.3228531632227287,0.5232803529279871,5.983606557377049
1465,2022,1465,-0.376862588876178,0.49603094378837226,0.6229543386878676,5.979522184300341
1466,2022,1466,0.24837518751325985,-0.35928531573956907,0.43677931713661633,5.975443383356071
1467,2022,1467,0.1597196796365426,0.16820727521908785,0.2319570294253437,5.971370143149284
1468,2022,1468,-0.2137147580059695,0.04652243449282512,0.21871976294036466,5.967302452316076
1469,2022,1469,0.5649960196255974,0.42731066741917695,0.7083889529651002,5.963240299523485
1470,2022,1470,-0.42824416803733434,0.3405913838581956,0.5471705019611615,5.959183673469388
1471,2022,1471,0.11652349204796349,-0.4893966600324621,0.5030773449977459,5.955132562882393
1472,2022,1472,0.24588318028816722,0.19815009984080523,0.3157879041628169,5.951086956521739
1473,2022,1473,-0.5881659236294058,0.25266221873150874,0.6401385400779747,5.94704684317719
1474,2022,1474,0.27837397284545756,0.1440559859116299,0.31343930167535666,5.943012211668928
1475,2022,1475,-0.04254661350834388,0.0008164233838269803,0.04255444592718896,5.938983050847457
1476,2022,1476,0.10696851463810991,-0.3048054875436874,0.32303041398702464,5.934959349593496
1477,2022,1477,0.03206339582892092,0.44366782898963675,0.4448249136822932,5.930941096817874
1478,2022,1478,-0.21981507988147858,0.05793396584345483,0.2273213886585497,5.926928281461435
1479,2022,1479,0.43193978639308983,0.3011912547251203,0.5265815710715676,5.922920892494929
1480,2022,1480,-0.5858812479930455,0.3005865774158697,0.6584900358186714,5.918918918918919
1481,2022,1481,-0.06938840538791866,-0.5543515483415258,0.5586773576501245,5.914922349763673
1482,2022,1482,0.3811069623392438,0.28747886865385686,0.4773747130566797,5.910931174089069
1483,2022,1483,-0.43737806933167533,0.1886519656135365,0.47632881464609583,5.9069453809844905
1484,2022,1484,0.19065735537413928,-0.36057732185163277,0.4078801689123373,5.902964959568733
1485,2022,1485,-0.1814805689236422,-0.12363155561746775,0.21959043340101106,5.898989898989899
1486,2022,1486,0.21268779036741073,0.050110499589624415,0.21851123161177183,5.895020188425303
1487,2022,1487,0.4326685386541717,0.11199302092149005,0.44692784772965066,5.891055817081372
1488,2022,1488,-0.5632047253934809,-0.07485181879392185,0.5681569831325708,5.887096774193548
1489,2022,1489,0.14825790747455964,-0.16555404225880818,0.2222353438068894,5.8831430490261925
1490,2022,1490,0.15200530185538344,0.09378017880315408,0.17860664525290706,5.879194630872483
1491,2022,1491,-0.05127041074370585,0.07536403825566819,0.09115038826044641,5.875251509054326
1492,2022,1492,0.41285720319113045,-0.06919125874812536,0.41861497884566,5.871313672922252
1493,2022,1493,0.06416547856303932,-0.17023180288175793,0.18192326775758386,5.867381111855325
1494,2022,1494,-0.010627557088070236,0.2859324499121258,0.2861298846370482,5.863453815261044
1495,2022,1495,0.2443500344658434,0.33181598818865293,0.41207862036396786,5.8595317725752505
1496,2022,1496,-0.03487379874112595,-0.04762418504024889,0.059027492233572176,5.855614973262032
1497,2022,1497,0.140943836884793,0.11699396498372,0.18317410569842846,5.851703406813627
1498,2022,1498,-0.06535333085714974,0.14008094177532682,0.1545759622411796,5.847797062750334
1499,2022,1499,-0.41652108215074446,-0.0191152293045914,0.41695947509007913,5.8438959306204135
1500,2022,1500,0.3218351017002885,0.06533149416671387,0.32839920343461615,5.84
1501,2022,1501,0.42309164460188725,0.14946072491503865,0.4487148850038948,5.8361092604930045
1502,2022,1502,-0.4304783163215749,0.13644826279737393,0.4515857717460539,5.832223701731025
1503,2022,1503,-0.2588439674883445,-0.10079665791078593,0.2777771872402252,5.828343313373254
1504,2022,1504,0.3414017579540833,-0.020609523963998837,0.342023263554047,5.824468085106383
1505,2022,1505,-0.20808264427634043,0.31740882677771026,0.3795349129730182,5.820598006644518
1506,2022,1506,-0.14645063398882238,-0.2084476390439501,0.25475126382164415,5.816733067729084
1507,2022,1507,-0.02684002396295213,-0.33513761986722285,0.33621066481686596,5.812873258128732
1508,2022,1508,-0.2664324956985661,-0.00264833790176125,0.2664456576073409,5.809018567639257
1509,2022,1509,0.5155143993618442,-0.29430189021416353,0.5936065182703375,5.805168986083499
1510,2022,1510,0.34722879419398667,0.38928439393049974,0.5216418070623237,5.801324503311259
1511,2022,1511,-0.624946093337666,-0.08447205021274264,0.6306291674551335,5.797485109199206
1512,2022,1512,0.3534237374670301,-0.43953217912847087,0.56400077543793,5.7936507936507935
1513,2022,1513,0.24848674760834982,0.519967934179434,0.5762918672962546,5.789821546596166
1514,2022,1514,-0.31460642133779193,0.3456534054944194,0.46739006951032,5.785997357992074
1515,2022,1515,0.038346842288174005,-0.3975536168060012,0.3993987463037496,5.782178217821782
1516,2022,1516,-0.03705903965430895,-0.07619032540676389,0.0847250736540737,5.778364116094987
1517,2022,1517,0.07385400825086655,0.23684085816559297,0.24808870718219642,5.774555042847726
1518,2022,1518,0.0798415407276772,-0.039277456390870026,0.0889797179491261,5.770750988142293
1519,2022,1519,-0.12404140185671246,-0.09755524946191312,0.15780778203927248,5.766951942067149
1520,2022,1520,-0.009229785924879913,0.21819852699956363,0.21839364947955428,5.7631578947368425
1521,2022,1521,0.15960933205395952,0.07503403142769641,0.17636679038584233,5.759368836291913
1522,2022,1522,-0.22345663176972122,0.041232359077943086,0.22722890158824696,5.755584756898817
1523,2022,1523,-0.15153891283353751,-0.1922626025723915,0.2448039020331985,5.751805646749836
1524,2022,1524,0.27895497119122376,-0.09216167918874303,0.29378504227272234,5.748031496062992
1525,2022,1525,-0.2725723344450242,0.27996808828273095,0.3907400772399693,5.744262295081967
1526,2022,1526,0.0917477276373368,-0.36663434200212186,0.377939659551553,5.740498034076015
1527,2022,1527,0.41233602741443154,0.11832655093378029,0.4289780555690458,5.736738703339882
1528,2022,1528,-0.3812331840057942,0.2900484140943073,0.47902695446688437,5.732984293193717
1529,2022,1529,-0.13224213135760104,-0.1452331517044337,0.1964195755519395,5.729234793982996
1530,2022,1530,-0.014637819631137429,0.09231836622427869,0.09347163476624207,5.7254901960784315
1531,2022,1531,-0.20940291220221574,-0.1253114106577672,0.24403386912436653,5.721750489875898
1532,2022,1532,0.12077473692776144,-0.20276839118397927,0.23601177416245409,5.718015665796345
1533,2022,1533,0.013373167637854833,-0.07928208080999337,0.08040205190312301,5.714285714285714
1534,2022,1534,-0.2793127520920283,-0.0011803233712647681,0.27931524599363283,5.710560625814863
1535,2022,1535,0.3961342706873016,-0.23797286224112027,0.4621184302494238,5.706840390879479
1536,2022,1536,0.4794374125548859,0.129558942679673,0.4966344250911315,5.703125
1537,2022,1537,-0.4069579847541889,0.21836525703446188,0.4618421665839069,5.699414443721535
1538,2022,1538,0.15563243469397336,-0.5989147262910158,0.6188055462720227,5.695708712613784
1539,2022,1539,0.2253963787227088,0.5056003813187071,0.5535659609576196,5.692007797270955
1540,2022,1540,-0.3341101293080718,0.2836650926951544,0.43828696457915217,5.688311688311688
1541,2022,1541,0.31068680352927724,-0.5571448889917312,0.6379159170430286,5.684620376378975
1542,2022,1542,0.07670918174359193,0.3439255805247946,0.35237636626636637,5.680933852140078
1543,2022,1543,-0.3190337735289796,-0.0035014197316788026,0.31905298712326396,5.677252106286455
1544,2022,1544,0.20026454286104634,-0.07823356256539406,0.2150032033226884,5.6735751295336785
1545,2022,1545,-0.31191714400930837,0.3559490825825464,0.47327798820384626,5.669902912621359
1546,2022,1546,0.020731235081678394,-0.24669182440268023,0.2475613870035766,5.666235446313066
1547,2022,1547,0.1025321923267649,0.08038771912588,0.1302882797859964,5.662572721396251
1548,2022,1548,-0.4328462897893709,-0.14993057104297255,0.45807759901319767,5.658914728682171
1549,2022,1549,-0.044599113018660576,-0.21099898042772286,0.21566096221520906,5.655261459005811
1550,2022,1550,0.19597397875680286,-0.07751251397104528,0.21074626965116916,5.651612903225806
1551,2022,1551,0.13033559703546965,0.23305220470047386,0.2670219054129153,5.647969052224371
1552,2022,1552,-0.25047589225274003,-0.01783746192892748,0.25111023007410943,5.644329896907217
1553,2022,1553,0.09590316561537815,-0.5539885325135514,0.5622283444754176,5.640695428203477
1554,2022,1554,0.468345606374973,0.4729329114450248,0.665592326982973,5.637065637065637
1555,2022,1555,-0.4095510756135427,0.2514470229975226,0.4805805748368596,5.633440514469453
1556,2022,1556,-0.16407357578305082,-0.5645443852809038,0.5879034795120965,5.629820051413882
1557,2022,1557,0.17428818075211874,0.11435908939380761,0.2084571209550398,5.626204238921002
1558,2022,1558,0.2629125007635291,-0.33470241699304254,0.4256156611295186,5.622593068035943
1559,2022,1559,0.26469731062088925,0.31475374424370334,0.41125975461423664,5.618986529826812
1560,2022,1560,-0.3719164246218987,0.08535866756146064,0.38158607027956937,5.615384615384615
1561,2022,1561,0.41511542520477646,-0.6921116325188313,0.8070559634317959,5.61178731582319
1562,2022,1562,0.34321095203595625,0.5782211030518305,0.6724086567050599,5.60819462227913
1563,2022,1563,-0.35481983369624875,0.2226190616903231,0.418875113861057,5.604606525911708
1564,2022,1564,0.13901680937469024,-0.36717566309884586,0.3926113101539436,5.601023017902813
1565,2022,1565,-0.021817793941755106,0.054401132948049526,0.05861313332791761,5.597444089456869
1566,2022,1566,0.04744690949399866,-0.06708544916469872,0.0821685262747305,5.593869731800766
1567,2022,1567,0.18346453198291932,0.22145887502062114,0.2875817584985368,5.590299936183791
1568,2022,1568,-0.17365536148373512,-0.025980434232955166,0.17558806205143795,5.586734693877551
1569,2022,1569,0.26508572677666487,-0.2551495091531958,0.36792895314425766,5.583173996175908
1570,2022,1570,-0.12606444382872342,0.09550772353057459,0.15815805149229056,5.579617834394904
1571,2022,1571,-0.08177944021766172,0.12048216682829627,0.14561534728851735,5.576066199872693
1572,2022,1572,0.23914080055555056,-0.03587920911420665,0.24181736938650744,5.572519083969466
1573,2022,1573,-0.13176294208977923,-0.22648596720432926,0.26202550686647863,5.568976478067387
1574,2022,1574,0.11732911278531917,-0.042224019112814405,0.12469558331003333,5.565438373570521
1575,2022,1575,-0.21153181868066812,0.18826880991519834,0.28317989882976535,5.561904761904762
1576,2022,1576,0.13919531926309228,-0.44810390603754524,0.4692253696368722,5.558375634517766
1577,2022,1577,0.7517896924231657,0.3046002093023566,0.8111529012096039,5.554850982878884
1578,2022,1578,-0.38251709848907967,0.25217291330647235,0.4581599162322888,5.551330798479087
1579,2022,1579,-0.10347997412785617,-0.6110461639231383,0.6197463347940708,5.547815072830906
1580,2022,1580,0.3512861843229066,0.43438447436456873,0.5586518189938432,5.544303797468355
1581,2022,1581,0.02809644727749455,-0.0847443738380182,0.08928056477652241,5.540796963946869
1582,2022,1582,0.19428375497888414,8.80918233971511e-05,0.19428377495010857,5.537294563843236
1583,2022,1583,-0.3603393270604225,0.20990392058066729,0.4170180889379898,5.533796588755528
1584,2022,1584,0.24212538603548006,-0.5638272543639726,0.6136170428911228,5.53030303030303
1585,2022,1585,0.4248797209787698,0.4437833204298305,0.6143829528809559,5.526813880126183
1586,2022,1586,-0.06308216853404547,0.2388825086212199,0.24707127091615674,5.523329129886507
1587,2022,1587,0.0039534917642964785,-0.15262390385428298,0.15267509988485933,5.519848771266541
1588,2022,1588,-0.1672596199818691,0.20112194156795798,0.26158328665368585,5.516372795969773
1589,2022,1589,0.3784751884721948,-0.05738984105191412,0.38280159631985256,5.512901195720579
1590,2022,1590,-0.06804771690791961,0.46478765055329624,0.46974253786860026,5.509433962264151
1591,2022,1591,-0.35661724633301795,-0.3286838568616608,0.4849834411024784,5.5059710873664365
1592,2022,1592,0.41883936676993005,0.05140209098371904,0.4219817414459238,5.50251256281407
1593,2022,1593,-0.26208219812879335,0.37467448337469533,0.4572395948166726,5.499058380414312
1594,2022,1594,0.09393445384120587,-0.24888942348877288,0.26602561294548194,5.495608531994981
1595,2022,1595,0.23917612337955027,0.23697819965457537,0.33669553769896277,5.492163009404389
1596,2022,1596,-0.35829872238243393,-0.08955461592797495,0.36932100359293346,5.488721804511278
1597,2022,1597,0.2828401620867737,0.18295037287192542,0.33685218749957524,5.485284909204759
1598,2022,1598,-0.18941387971282309,0.19970038115224442,0.27524145774249836,5.481852315394243
1599,2022,1599,-0.02426796585392571,-0.5091078175347324,0.5096858876226276,5.478424015009381
1600,2022,1600,0.2365220535665138,0.38110656574053586,0.4485363934775708,5.475
1601,2022,1601,-0.3940585544108967,-0.034900981678975596,0.39560109052751846,5.47158026233604
1602,2022,1602,0.25165556450170323,-0.14328372742745626,0.28958720567417423,5.468164794007491
1603,2022,1603,0.027758676415540903,0.18166622224079437,0.18377475457631387,5.46475358702433
1604,2022,1604,0.1712517223129257,-0.3415137967649601,0.38204558075701106,5.461346633416459
1605,2022,1605,-0.09462309158949173,0.27177126419021597,0.2877727393300163,5.457943925233645
1606,2022,1606,-0.3420592890561303,0.05567876389190469,0.34656122399673595,5.454545454545454
1607,2022,1607,0.4462889813440476,-0.3472328098081863,0.5654595291233456,5.451151213441195
1608,2022,1608,0.006886424970841942,0.24969518927939885,0.249790132707747,5.447761194029851
1609,2022,1609,-0.11207519715521075,-0.18801323999848898,0.21888313830011843,5.444375388440025
1610,2022,1610,-0.031619608736687906,0.01101490861586054,0.03348324757960298,5.440993788819876
1611,2022,1611,-0.004881365668350733,-0.10110569540888603,0.10122346257119735,5.437616387337058
1612,2022,1612,0.5362307580580771,0.07774941811431606,0.5418379812311561,5.4342431761786605
1613,2022,1613,-0.19023732515206898,0.2290202990800692,0.2977256073496843,5.430874147551147
1614,2022,1614,-0.09004363331702897,-0.36756264816325146,0.37843117766076534,5.4275092936802976
1615,2022,1615,0.3839963915373046,0.203498909165643,0.43458604987421945,5.424148606811145
1616,2022,1616,-0.3345658406914063,0.23934431387527072,0.4113635889842118,5.420792079207921
1617,2022,1617,0.0003310387920695052,-0.22538077423872083,0.22538101735311938,5.417439703153989
1618,2022,1618,0.34106542502647796,-0.01320183526563525,0.34132083528972124,5.414091470951792
1619,2022,1619,-0.17188225454498943,-0.11615169611181256,0.20744812830469064,5.410747374922792
1620,2022,1620,0.0782940132976909,0.1590076268567503,0.17723819542320593,5.407407407407407
1621,2022,1621,-0.09548753302622652,-0.03691619105810606,0.10237516361732123,5.40407156076496
1622,2022,1622,0.19577057134858328,-0.28013492790435784,0.3417626287909936,5.400739827373613
1623,2022,1623,0.3284972897549633,0.3613723415515143,0.4883650669476479,5.397412199630314
1624,2022,1624,-0.3434693234853091,-0.15787414600311833,0.3780151083642952,5.394088669950739
1625,2022,1625,0.26344828899121675,-0.16376041994291307,0.3101974792165128,5.390769230769231
1626,2022,1626,0.2783720901050012,0.2855262453684206,0.39876842571047977,5.387453874538745
1627,2022,1627,0.00683313184811942,-0.18195706973053763,0.18208532866702226,5.384142593730793
1628,2022,1628,0.08239548319261354,0.2039005677754192,0.21991920605004597,5.380835380835381
1629,2022,1629,-0.05535024907814837,0.06442666917327758,0.08493789362690847,5.377532228360957
1630,2022,1630,0.26992770245565684,-0.15874974003181208,0.3131492368075604,5.374233128834356
1631,2022,1631,0.019354757375867004,0.3159617526932367,0.31655400139322315,5.370938074800736
1632,2022,1632,-0.10451542839670125,-0.04777401359338492,0.11491662694217453,5.367647058823529
1633,2022,1633,0.17751386360220658,0.12760643438716482,0.21861970146349713,5.364360073484384
1634,2022,1634,-0.1563989936395257,0.0423737083513473,0.16203757703354318,5.361077111383109
1635,2022,1635,0.43280102379020496,-0.04674500374686996,0.4353180694264189,5.3577981651376145
1636,2022,1636,-0.09759374682382811,0.20366324444850586,0.22583900583912717,5.354523227383863
1637,2022,1637,-0.26424921844702576,-0.02475019159616288,0.2654057675219412,5.351252290775809
1638,2022,1638,0.6178301015454204,0.2961231907578965,0.6851298989828586,5.347985347985348
1639,2022,1639,-0.14866584298212276,0.18128920982018576,0.23445108331336947,5.344722391702257
1640,2022,1640,-0.16339810499804108,-0.010044374673854257,0.16370653676484523,5.341463414634147
1641,2022,1641,-0.10114303915662229,0.10213478851615831,0.1437408410824092,5.338208409506398
1642,2022,1642,-0.30216238895339387,-0.027479500995927084,0.30340934770208916,5.33495736906212
1643,2022,1643,0.2900451821685504,0.3295371424099147,0.43899992702377527,5.331710286062082
1644,2022,1644,-0.11201243531361951,-0.39023669621212576,0.4059944146604023,5.328467153284672
1645,2022,1645,-0.012460959503955725,-0.2962512433370565,0.2965131948000141,5.325227963525836
1646,2022,1646,0.0540939541832525,0.4447759298471029,0.44805332679329013,5.321992709599028
1647,2022,1647,-0.08373625047413841,0.08594579578860297,0.1199934975621758,5.318761384335155
1648,2022,1648,0.11905078955945513,-0.2288167562596128,0.257934484782281,5.315533980582524
1649,2022,1649,0.20147877936593922,-0.09544148594659338,0.22294119353426498,5.312310491206792
1650,2022,1650,-0.15418698350043814,0.07000396335972235,0.16933452325805784,5.3090909090909095
1651,2022,1651,-0.10975595544459196,0.11245793264471819,0.1571405624601084,5.305875227135069
1652,2022,1652,0.35855193136760394,-0.07355001286240599,0.366017884644315,5.302663438256658
1653,2022,1653,0.21178280807850072,-0.10693368313961128,0.23724833063146694,5.2994555353902
1654,2022,1654,-0.15290825456164517,0.11985933148805497,0.19428637023181097,5.296251511487304
1655,2022,1655,-0.0015842166067008465,0.24742914627215482,0.2474342178584529,5.293051359516617
1656,2022,1656,0.08395708621414644,0.21850411511518797,0.23407870609656262,5.2898550724637685
1657,2022,1657,-0.004783715848691009,0.06271738059569017,0.06289955298812282,5.286662643331321
1658,2022,1658,0.018687726846041582,-0.08962127438511742,0.09154891565215159,5.283474065138721
1659,2022,1659,-0.11704094383982795,0.14025546592068439,0.1826750619420889,5.280289330922242
1660,2022,1660,-0.22250208884631667,0.12040366034081898,0.25299055508939755,5.27710843373494
1661,2022,1661,0.4133221812889195,-0.2178431609048118,0.4672160830905013,5.273931366646599
1662,2022,1662,-0.041491452386393776,0.12177873796378592,0.12865302810732757,5.270758122743683
1663,2022,1663,-0.32699147125417366,0.2302175741788185,0.39990443075033427,5.267588695129285
1664,2022,1664,0.2661036268554374,0.09278095125282809,0.2818145580714338,5.264423076923077
1665,2022,1665,-0.17312136182300822,-0.005627712339069034,0.17321280860728586,5.261261261261262
1666,2022,1666,-0.026835376035681115,-0.04907440809805467,0.05593241401147301,5.258103241296519
1667,2022,1667,0.0179880986722763,0.21711022994966078,0.21785413386630545,5.254949010197961
1668,2022,1668,-0.3611601482898321,-0.024121946386801235,0.3619648063144002,5.251798561151079
1669,2022,1669,0.4267674558436095,-0.04184176228575491,0.428813705982452,5.248651887357699
1670,2022,1670,0.015294570934754158,-0.15515810548429843,0.1559101074258975,5.245508982035928
1671,2022,1671,-0.3234959663936663,-0.19863611235047154,0.3796128888785011,5.242369838420108
1672,2022,1672,0.22980722972127268,0.37792233888332744,0.44230832804640974,5.239234449760765
1673,2022,1673,0.08019867363530649,0.11744938641042005,0.14221879489380637,5.236102809324566
1674,2022,1674,-0.03443678492835414,-0.044894785602700715,0.05658121535027488,5.232974910394265
1675,2022,1675,-0.08602116465527272,-0.13438470379614675,0.15955841996907477,5.2298507462686565
1676,2022,1676,0.09948864165511445,-0.13467274854420733,0.16743577580323468,5.22673031026253
1677,2022,1677,-0.1617365839509399,0.5100207773340388,0.5350513208100104,5.2236135957066185
1678,2022,1678,0.1277515239808443,-0.29628731812657993,0.32265558535700173,5.2205005959475566
1679,2022,1679,0.4284112660113895,-0.12485207409044238,0.44623340669448636,5.217391304347826
1680,2022,1680,-0.3819651057344939,0.354945328276957,0.5214245180890518,5.214285714285714
1681,2022,1681,-0.0003565037107542909,-0.1523622835101689,0.1523627005908233,5.211183819155265
1682,2022,1682,0.16855601624098468,0.14357025415986155,0.22141262044101806,5.20808561236623
1683,2022,1683,-0.20697977603187265,0.14693711993030387,0.25383290744034087,5.204991087344029
1684,2022,1684,0.1733012737274497,-0.3086319852249407,0.3539590848946308,5.201900237529691
1685,2022,1685,-0.16413071001334814,0.08407843099832521,0.18441277756333999,5.198813056379822
1686,2022,1686,0.1520326876284356,0.15501351935635244,0.217124686046446,5.195729537366548
1687,2022,1687,0.20515684009176594,0.03890675559857305,0.20881346859732375,5.192649673977475
1688,2022,1688,-0.37090970793035843,0.1657331723351897,0.4062529948803695,5.18957345971564
1689,2022,1689,0.024958663937696343,0.09406894543703093,0.09732369393518706,5.186500888099467
1690,2022,1690,0.01267024497014963,-0.013468824665856964,0.018491737221883697,5.183431952662722
1691,2022,1691,-0.2024300970989575,-0.03132707433038108,0.2048397661529484,5.1803666469544645
1692,2022,1692,0.04731977482105727,-0.0989749713647881,0.10970508669052767,5.177304964539007
1693,2022,1693,-0.15958942210841387,-0.16835429271230548,0.231974032002632,5.174246898995865
1694,2022,1694,0.07038628973394552,-0.07528718164896188,0.10306497709287431,5.1711924439197166
1695,2022,1695,0.38173750371856874,0.04357543622798286,0.38421652799917816,5.168141592920354
1696,2022,1696,0.030866634056423606,-0.012129514449223755,0.03316435162560995,5.165094339622642
1697,2022,1697,-0.09011193461438614,0.17386237381294797,0.19582718347517705,5.16205067766647
1698,2022,1698,0.06684312113045562,0.055027721144500066,0.08657974899950693,5.159010600706714
1699,2022,1699,0.3729162197173195,-0.11764978156269043,0.3910344972377819,5.155974102413184
1700,2022,1700,-0.0775361979233983,0.4552847271827368,0.46183984756003404,5.152941176470589
1701,2022,1701,-0.4286457861835102,-0.15022769205230926,0.45420872896966985,5.149911816578483
1702,2022,1702,0.3087019570767746,-0.2435813870297775,0.3932286744508608,5.146886016451234
1703,2022,1703,0.09139696015745909,0.5431908418175768,0.5508263746050219,5.143863769817968
1704,2022,1704,0.003117573677556574,-0.14983407780719166,0.14986650772593108,5.140845070422535
1705,2022,1705,0.07055227965829987,0.15235806604508098,0.16790057907577394,5.13782991202346
1706,2022,1706,-0.46683430393071007,0.1485518400897123,0.4898999045932853,5.1348182883939035
1707,2022,1707,0.2760004190881402,-0.3065532711306276,0.41249380525980883,5.131810193321617
1708,2022,1708,-0.01708959010920478,0.30041560299574677,0.3009012938047937,5.128805620608899
1709,2022,1709,-0.23388617784590543,0.11224061100353658,0.2594237825370175,5.125804564072557
1710,2022,1710,0.2465397771380656,-0.24338550908944367,0.3464366720571232,5.12280701754386
1711,2022,1711,-0.0016324940474482699,-0.03784153868722439,0.03787673543260631,5.1198129748684975
1712,2022,1712,0.2606674062563634,0.29234626374298545,0.39168078151589625,5.116822429906542
1713,2022,1713,-0.2327328943068919,0.3570193649836236,0.426177694237712,5.113835376532399
1714,2022,1714,-0.20370278106135742,-0.0766319727595924,0.21764025882441473,5.110851808634773
1715,2022,1715,0.19513402574495503,0.2586427083623501,0.323995892863543,5.107871720116618
1716,2022,1716,-0.5502946075012165,-0.13873930991784925,0.5675145382819712,5.104895104895105
1717,2022,1717,-0.08506278912585426,-0.23719050979797718,0.2519821740363668,5.101921956901572
1718,2022,1718,0.037899057834980425,0.28163183419067545,0.2841704217795781,5.09895227008149
1719,2022,1719,-0.17163335126234394,-0.5468555735474839,0.5731570688611376,5.0959860383944156
1720,2022,1720,0.49173877112027725,-0.019095862974423942,0.4921094095885775,5.093023255813954
1721,2022,1721,-0.2174406090254492,0.21953240593079487,0.30899012234555584,5.090063916327717
1722,2022,1722,-0.09002467608995926,-0.3918183546416344,0.40202744351496655,5.087108013937282
1723,2022,1723,0.3033293580410817,0.4051269056972741,0.5060993076160674,5.084155542658154
1724,2022,1724,-0.026849614135082293,0.08928116205797734,0.09323104460224407,5.081206496519721
1725,2022,1725,-0.12487286570476193,-0.44355110172235523,0.46079367663677273,5.078260869565217
1726,2022,1726,-0.008496725143204696,0.0739917770372657,0.07447803305197853,5.07531865585168
1727,2022,1727,0.19817325689876147,0.09044922286305611,0.21783870562045052,5.072379849449913
1728,2022,1728,-0.1702291451397106,0.2029480683466389,0.2648884299108375,5.069444444444445
1729,2022,1729,0.017392778802974653,-0.06937055859803261,0.07151771217462342,5.066512434933488
1730,2022,1730,0.16925196411588825,-0.10505205167342616,0.19920381752838504,5.063583815028902
1731,2022,1731,-0.19405379897300265,0.07841439391858634,0.20929809858064585,5.0606585788561524
1732,2022,1732,0.09671634437196322,0.2447617922675462,0.2631774804627053,5.0577367205542725
1733,2022,1733,-0.06515673442209267,-0.045302457284174875,0.07935812924039733,5.054818234275822
1734,2022,1734,-0.19643163218001525,-0.2736366048194982,0.33684176940820004,5.051903114186851
1735,2022,1735,0.3045150113365634,0.10933018240674593,0.32354672137791735,5.0489913544668585
1736,2022,1736,-0.019102681251930678,0.026231236319648573,0.03244981032101905,5.046082949308755
1737,2022,1737,-0.07302297901759418,-0.04545511179686433,0.08601466533719372,5.043177892918825
1738,2022,1738,0.02959793787211684,0.08759891104477431,0.09246408569013145,5.0402761795166855
1739,2022,1739,-0.18860613572111531,-0.07527587027623864,0.20307321605149428,5.03737780333525
1740,2022,1740,0.34705419202029647,0.004466423142581322,0.3470829312060007,5.0344827586206895
1741,2022,1741,0.11765267688123049,0.2616298536982113,0.28686640222142895,5.031591039632395
1742,2022,1742,-0.46168364276576995,-0.44331867610485337,0.6400650237130842,5.02870264064294
1743,2022,1743,0.3248973887709782,-0.17472040620973037,0.36889772780039365,5.025817555938038
1744,2022,1744,0.24076147092675484,0.31028667769026674,0.3927389823214371,5.022935779816514
1745,2022,1745,0.06224913568474102,-0.10145550291615725,0.1190301388954398,5.020057306590258
1746,2022,1746,0.3152438875464269,0.0935070137022837,0.32881951013725347,5.017182130584192
1747,2022,1747,-0.1704937897654839,0.1475197200694897,0.22545553920446848,5.014310246136233
1748,2022,1748,0.048295911777233455,-0.18436689378694793,0.1905876350108843,5.011441647597254
1749,2022,1749,0.4004927226757847,0.5073711137819025,0.6463898730770395,5.008576329331047
1750,2022,1750,-0.13136101437645722,0.12055309784093596,0.17829404223657638,5.005714285714285
1751,2022,1751,-0.1742342614040032,-0.2935820906341178,0.34139130303523824,5.002855511136493
1752,2022,1752,0.24858514727943584,0.27860995690855916,0.37338731035819633,5.0
1753,2022,1753,0.038574207456682816,0.31253120671534035,0.31490272252214335,4.997147746719909
1754,2022,1754,-0.21463961943713597,0.1299350748928039,0.25090494199899116,4.994298745724059
1755,2022,1755,0.041681672756131584,-0.16686584113142405,0.17199293816970188,4.9914529914529915
1756,2022,1756,-0.06085147128040877,0.21452201755741704,0.22298564432244322,4.988610478359909
1757,2022,1757,-0.28954089461954174,-0.04147172260319132,0.29249586908666014,4.985771200910643
1758,2022,1758,0.09089117583499651,0.006190788068726969,0.09110176563371396,4.982935153583618
1759,2022,1759,-0.005741928028228395,-0.08564997343815282,0.08584222555035277,4.980102330869812
1760,2022,1760,-0.02098038107154694,-0.27766574632799734,0.2784572553800513,4.9772727272727275
1761,2022,1761,0.3110516027408267,0.2674697735544888,0.41023551690818605,4.974446337308348
1762,2022,1762,-0.22556642098005736,0.11176289445893453,0.2517362803641767,4.971623155505108
1763,2022,1763,0.034113116390058124,-0.12725316436141468,0.13174624301981014,4.968803176403857
1764,2022,1764,0.2518249859003364,0.14262042092453875,0.28940699367568373,4.965986394557823
1765,2022,1765,-0.18280766477542426,-0.033553199538988915,0.18586139862797518,4.963172804532578
1766,2022,1766,-0.05302468749449741,0.2645798246059317,0.26984088102508613,4.9603624009060026
1767,2022,1767,-0.08017027571727973,-0.2654318752057763,0.27727486991041844,4.957555178268251
1768,2022,1768,0.26904288415933053,-0.22797811237066054,0.352644428903762,4.95475113122172
1769,2022,1769,0.08353344084903878,0.6454827597878409,0.6508654460972769,4.951950254381006
1770,2022,1770,-0.45222863276420966,-0.07535916196321324,0.4584645456123998,4.9491525423728815
1771,2022,1771,0.37949508340348087,-0.4399889455525487,0.5810394053210665,4.946357989836251
1772,2022,1772,0.289982244759186,0.4907243621592304,0.5700000893790806,4.943566591422122
1773,2022,1773,-0.46721951937066875,0.1434102141644302,0.48873363789250934,4.94077834179357
1774,2022,1774,0.033367117806720414,0.019414928549785233,0.0386044557184896,4.937993235625704
1775,2022,1775,0.17257675998498348,0.235945106662559,0.29232316268972075,4.9352112676056334
1776,2022,1776,-0.20487936615251373,-0.13999194698779988,0.24813967819857177,4.9324324324324325
1777,2022,1777,-0.06743421494384222,0.052087637538530004,0.08520854023768741,4.929656724817107
1778,2022,1778,-0.09350015645648804,0.2455429986201859,0.26274254209925796,4.926884139482564
1779,2022,1779,-0.07675921545044533,-0.1302129095543836,0.15115349473692619,4.924114671163575
1780,2022,1780,0.11000335946403907,-0.0639001681737472,0.12721623554408365,4.921348314606742
1781,2022,1781,0.08245635780657289,0.14722701162707127,0.16874490776128134,4.918585064570466
1782,2022,1782,-0.4140758383041785,-0.04929802628136002,0.4170001142236604,4.915824915824916
1783,2022,1783,-0.12144049221238798,-0.2611565907124693,0.28801138522868724,4.913067863151991
1784,2022,1784,0.5816098387496266,0.042568029578258254,0.5831655353950044,4.910313901345291
1785,2022,1785,-0.44605147688497215,0.2854096041515533,0.5295475070031123,4.907563025210084
1786,2022,1786,-0.0931176672523994,-0.377688864469462,0.38899842968675363,4.90481522956327
1787,2022,1787,0.3298944537058916,0.037130421031056404,0.33197743711260286,4.902070509233352
1788,2022,1788,-0.37350764760030475,0.08243233892151446,0.38249582130525933,4.899328859060403
1789,2022,1789,0.2893587568431103,-0.15585474440370264,0.32866273216617325,4.896590273896031
1790,2022,1790,-0.0273718139182744,0.25854522339493835,0.2599900935372639,4.893854748603352
1791,2022,1791,-0.19016575982720652,-0.4179503977465404,0.45917921467238704,4.891122278056951
1792,2022,1792,0.4246482490368753,0.13235459406485758,0.4447964410605792,4.888392857142857
1793,2022,1793,-0.35439301864811784,-0.024699888791120884,0.35525272155582277,4.8856664807585055
1794,2022,1794,0.35528688949816384,-0.36237837052406274,0.5074907459973584,4.882943143812709
1795,2022,1795,0.23487621465700878,0.6865684564397075,0.7256328834814529,4.880222841225627
1796,2022,1796,-0.2885103248267425,-0.23879301014578022,0.374513429967625,4.877505567928731
1797,2022,1797,0.45817690117292315,-0.07182084559254728,0.46377182604169814,4.874791318864775
1798,2022,1798,-0.1058722934671801,0.469340911353617,0.4811339040165892,4.872080088987764
1799,2022,1799,-0.002925349442232574,-0.01825155566102196,0.018484505765817845,4.869371873262923
1800,2022,1800,-0.16466061444837216,0.3970878843470092,0.4298742907475384,4.866666666666666
1801,2022,1801,-0.043935293176687075,-0.15552996508927908,0.16161645964193688,4.863964464186563
1802,2022,1802,0.15222228233551374,-0.23189952951319087,0.2773968547548298,4.86126526082131
1803,2022,1803,-0.47665549979120925,0.41278621191029985,0.6305496984571973,4.858569051580699
1804,2022,1804,-0.07328652319031102,-0.2148909233302085,0.22704410014583853,4.855875831485587
1805,2022,1805,0.02667550563680037,-0.13565552253807733,0.1382534028371735,4.853185595567867
1806,2022,1806,0.16846107167390073,-0.11015180578160756,0.2012773037042878,4.850498338870432
1807,2022,1807,0.2570321943784047,0.12128790857014231,0.28421172690847435,4.84781405644715
1808,2022,1808,-0.6834080621319731,0.01327699579706818,0.6835370202149802,4.845132743362832
1809,2022,1809,0.3107072171344248,-0.2615765222932767,0.40615422168735815,4.842454394693201
1810,2022,1810,0.37896705485144805,0.36356151275663756,0.5251599777407596,4.8397790055248615
1811,2022,1811,-0.49948180885015936,-0.007611779026592428,0.4995398047725294,4.837106570955274
1812,2022,1812,0.1721820637225643,-0.19815810931737873,0.262513427001362,4.8344370860927155
1813,2022,1813,-0.018069350459727938,0.2807951526353072,0.28137593921570825,4.83177054605626
1814,2022,1814,-0.06873062920409863,-0.04119494682802999,0.08013066226455084,4.829106945975744
1815,2022,1815,0.12791041519287802,0.09683287090268278,0.1604296705789489,4.8264462809917354
1816,2022,1816,-0.33354864896269515,-0.00952631499211046,0.33368465937493763,4.823788546255507
1817,2022,1817,0.1446860241441941,-0.1821046174755591,0.23258576329727068,4.821133736929004
1818,2022,1818,0.10585223740718325,0.3118439526617496,0.32931952109738377,4.818481848184819
1819,2022,1819,-0.18506240233954635,-0.1433265164059734,0.23407388377338445,4.815832875206158
1820,2022,1820,-0.147455096736516,-0.13558068847314253,0.20031257733958346,4.813186813186813
1821,2022,1821,0.12978782445866624,-0.20022324750913542,0.2386089441341587,4.810543657331137
1822,2022,1822,0.5818337864881961,0.1667337983040674,0.6052526039564746,4.807903402854007
1823,2022,1823,-0.5451033437922215,0.7188195130024387,0.9021303385246081,4.805266044980801
1824,2022,1824,-0.5151680495053361,-0.8472416928552483,0.9915727937692519,4.802631578947368
1825,2022,1825,0.9503071745526482,-0.26401214502918074,0.9862992135904532,4.8
1826,2022,1826,-0.48737517265191677,0.6933776606972505,0.847530022637238,4.7973713033953995
1827,2022,1827,-0.4063095388893371,-0.2873281988363607,0.49763936263022135,4.794745484400657
1828,2022,1828,0.16489390403363016,-0.3729367411077347,0.4077644080293296,4.792122538293216
1829,2022,1829,-0.20675664274694594,-0.020459887220472466,0.20776649466423283,4.789502460360853
1830,2022,1830,0.38915454243456554,0.1592433510066619,0.4204755673487902,4.786885245901639
1831,2022,1831,-0.24259525715374158,0.026653146089145513,0.24405501222048143,4.7842708902239215
1832,2022,1832,0.04161466579735925,-0.3075942881078296,0.3103965632638164,4.781659388646288
1833,2022,1833,0.1753682217692593,-0.12852832845986,0.2174248017664907,4.779050736497545
1834,2022,1834,-0.28791718079825723,-0.09193330192291092,0.3022383744683415,4.776444929116685
1835,2022,1835,0.27423747437057516,0.37852601823435944,0.4674271481519986,4.773841961852861
1836,2022,1836,-0.13898352020827254,-0.22427718601867658,0.26384972059477224,4.771241830065359
1837,2022,1837,0.17220254119233858,-0.48310092852122216,0.5128744703445143,4.768644529123571
1838,2022,1838,0.27480188935810484,0.5869076065941717,0.6480560292697563,4.766050054406964
1839,2022,1839,-0.3247408901362817,-0.018021586398790673,0.32524056220409175,4.763458401305057
1840,2022,1840,0.3997969466726599,0.024016168723019482,0.40051763373029436,4.760869565217392
1841,2022,1841,0.019748403538718498,0.19971155541972252,0.20068558695255864,4.758283541553504
1842,2022,1842,-0.11390286164618167,-0.2415840716658303,0.2670893587805966,4.755700325732899
1843,2022,1843,-0.16533965374210893,0.35594752370297117,0.3924740000685876,4.753119913185024
1844,2022,1844,-0.07984914812216537,-0.2627117016118458,0.2745784489351395,4.750542299349241
1845,2022,1845,0.5569933480007998,-0.06376547173956652,0.56063145211744,4.747967479674797
1846,2022,1846,-0.23773448084246251,0.34827024429902254,0.4216750484028383,4.745395449620802
1847,2022,1847,-0.13784387584883742,-0.43127465532777415,0.45276789024523384,4.7428262046561995
1848,2022,1848,0.37123004300674406,0.4212388356026454,0.5614747558445184,4.740259740259741
1849,2022,1849,-0.20229086434855967,0.24276170191116525,0.3159981609340359,4.737696051919957
1850,2022,1850,-0.012746112008678182,-4.6833806344162526e-05,0.012746198050524198,4.735135135135135
1851,2022,1851,-0.3146092816475968,0.02088238710842952,0.3153015607163453,4.73257698541329
1852,2022,1852,-0.2865722259673357,-0.14228034299903555,0.31994895952291663,4.730021598272138
1853,2022,1853,0.1786408367376113,-0.012046069930547982,0.17904652007533,4.727468969239072
1854,2022,1854,-0.08280381255060659,-0.22484266043560555,0.23960528651237437,4.724919093851133
1855,2022,1855,-0.0009866384518576684,-0.08079898902008209,0.0808050127288031,4.722371967654986
1856,2022,1856,-0.01801619842038877,-0.07135612559746514,0.07359538073686445,4.719827586206897
1857,2022,1857,0.22462933157487655,-0.03995267839783446,0.22815466928146927,4.717285945072698
1858,2022,1858,0.228626139307762,0.009600485308152456,0.22882762266152276,4.714747039827772
1859,2022,1859,-0.1384153079044766,-0.23528607750261693,0.2729804676691329,4.71221086605702
1860,2022,1860,0.08818459910107491,0.11001367793641567,0.14099479725051806,4.709677419354839
1861,2022,1861,-0.01422276289529536,0.2774779163129413,0.2778421872677859,4.707146695325094
1862,2022,1862,0.28228559838803036,-0.31949871997823487,0.42633858742203823,4.704618689581095
1863,2022,1863,0.2860303379504329,0.022480674794379804,0.28691241689276803,4.702093397745571
1864,2022,1864,-0.16086166052373008,0.3609507279066287,0.39517325542447435,4.6995708154506435
1865,2022,1865,-0.049347041007051104,0.0011702863556642383,0.049360915979201975,4.697050938337801
1866,2022,1866,0.21734113343220968,0.12670109659457826,0.2515757066170464,4.694533762057878
1867,2022,1867,0.04294882550786146,0.11035638615621987,0.11841931252108098,4.692019282271023
1868,2022,1868,-0.1143872595028758,-0.09417495008605552,0.14816668438042777,4.689507494646681
1869,2022,1869,-0.1635487231479737,0.08624213853073645,0.18489427060265357,4.686998394863563
1870,2022,1870,0.1454416263432007,0.18691849667247434,0.2368370559512447,4.684491978609626
1871,2022,1871,0.18783229433986265,0.04146770821406591,0.19235524848962066,4.681988241582042
1872,2022,1872,-0.06847458777603059,0.012104303214976757,0.06953620156017594,4.67948717948718
1873,2022,1873,-0.0019285090247144118,0.14437058716059073,0.14438346714271733,4.6769887880405765
1874,2022,1874,-0.17621304017781542,0.3252001724814982,0.3698732049104187,4.674493062966915
1875,2022,1875,0.015484097757271578,-0.0043406492290357064,0.016080998696793396,4.672
1876,2022,1876,-0.12878597525026134,0.12567036563993572,0.1799412910402614,4.669509594882729
1877,2022,1877,-0.4582901113652495,0.03029827395887815,0.4592905524611409,4.667021843367075
1878,2022,1878,0.10607739319728532,-0.2830477694014794,0.3022721507361943,4.664536741214057
1879,2022,1879,0.3498776355875805,0.16065744227444184,0.385000225509702,4.6620542841937205
1880,2022,1880,-0.33047064147848976,-0.008345174210179504,0.33057599249159453,4.659574468085107
1881,2022,1881,-0.005333159626179186,-0.22129300107436345,0.22135725629871844,4.657097288676236
1882,2022,1882,0.32739403118565474,0.16191013902768311,0.3652420358829979,4.654622741764081
1883,2022,1883,-0.24993594527386923,0.34864038308349743,0.4289733015661352,4.652150823154541
1884,2022,1884,0.08916173884353835,-0.1108061378923597,0.1422245262541731,4.649681528662421
1885,2022,1885,0.06497615519549857,-0.04419507943978313,0.07858184135459195,4.647214854111406
1886,2022,1886,-0.2342728884873814,0.2571141714004471,0.34783830067311383,4.644750795334041
1887,2022,1887,0.11671106281077312,-0.059860853959520066,0.1311670462394546,4.642289348171701
1888,2022,1888,0.06076606844541044,0.12054418679836863,0.1349941333732407,4.639830508474576
1889,2022,1889,-0.1450582616194757,0.16309350295038869,0.21826907698685286,4.637374272101641
1890,2022,1890,0.04453502601209098,0.023860993002062996,0.050524405280439666,4.634920634920635
1891,2022,1891,-0.15455792755431486,0.18364660908566519,0.24002964399954427,4.632469592808038
1892,2022,1892,-0.13177030276435586,0.14539940616399089,0.1962253806301601,4.630021141649048
1893,2022,1893,-0.0062992408860878995,-0.12962745163448933,0.1297804170627943,4.627575277337559
1894,2022,1894,-0.19895828244761715,-0.13265806694567547,0.2391287537714131,4.625131995776135
1895,2022,1895,0.019627223450749423,0.11468598830435556,0.11635335755246785,4.62269129287599
1896,2022,1896,0.02313903613508805,0.0951034135500962,0.09787785378798175,4.620253164556962
1897,2022,1897,-0.05106872757842831,0.07772054241473335,0.09299729915282534,4.617817606747496
1898,2022,1898,-0.10421537982827371,0.19649697426860768,0.22242280973288064,4.615384615384615
1899,2022,1899,-0.07170916840495394,0.027732340844859163,0.07688489814043774,4.612954186413902
1900,2022,1900,-0.27827404115308474,0.06194476484187654,0.28508524316594164,4.610526315789474
1901,2022,1901,-0.26160851791667195,-0.10594538618225345,0.28224712841739324,4.608100999473961
1902,2022,1902,0.06826318212097168,-0.1368535873781904,0.15293386286745306,4.605678233438486
1903,2022,1903,-0.33776810502592003,0.08402136643188486,0.3480616077505274,4.6032580136626375
1904,2022,1904,0.09870063830607091,-0.43316309276581677,0.44426577736358835,4.600840336134453
1905,2022,1905,0.3263981901483341,0.09769589890595677,0.34070554324100893,4.5984251968503935
1906,2022,1906,-0.6021974403326333,0.1543482989115513,0.6216632163157678,4.59601259181532
1907,2022,1907,0.5342435608690104,-0.4125816371773851,0.6750109552192256,4.593602517042475
1908,2022,1908,0.24427166691225166,0.383905356368439,0.45502963629248167,4.591194968553459
1909,2022,1909,-0.6623437999546522,-0.06739488293532277,0.6657637565865494,4.588789942378209
1910,2022,1910,0.4007577833464433,-0.2578567180890692,0.4765468371277061,4.5863874345549736
1911,2022,1911,-0.010409440232732358,0.379045106736977,0.37918801324304163,4.583987441130298
1912,2022,1912,0.06536754986687228,0.011825299095580437,0.06642856519824863,4.581589958158996
1913,2022,1913,0.1580763356786684,-0.0016479701932789784,0.15808492561706505,4.57919498170413
1914,2022,1914,-0.3388771144704989,0.03936618611437268,0.3411559692003689,4.576802507836991
1915,2022,1915,0.02774908927463332,0.2954524390875433,0.29675268443326686,4.5744125326370755
1916,2022,1916,0.07373705743476211,0.1219393238899318,0.1425003591219022,4.572025052192067
1917,2022,1917,-0.15187821453694691,0.038858279285699536,0.15677039873642057,4.569640062597809
1918,2022,1918,-0.38190999503962836,0.018777846350831448,0.3823713533003543,4.56725755995829
1919,2022,1919,-0.019923079292677122,-0.5083088724754946,0.5086991634805496,4.564877540385617
1920,2022,1920,0.2806621493717958,0.3682232597993913,0.462989860739181,4.5625
1921,2022,1921,-0.3176455891357979,0.17726853488492827,0.3637620840022736,4.560124934929724
1922,2022,1922,0.13816958181081235,-0.49018832339524204,0.5092891376524863,4.557752341311134
1923,2022,1923,-0.0780071251082067,0.27689665801380103,0.28767493944878014,4.555382215288612
1924,2022,1924,-0.0058751857210583855,0.03586875274146279,0.03634673617376288,4.553014553014553
1925,2022,1925,0.1335800052357842,0.10144808244530679,0.16773589726299465,4.55064935064935
1926,2022,1926,-0.7124302617922645,-0.17916117921699432,0.7346125550627477,4.548286604361371
1927,2022,1927,0.21401249568909328,-0.30576456704678984,0.373220201452688,4.545926310326933
1928,2022,1928,0.2058315621998663,0.3219312188208604,0.3821077618278934,4.54356846473029
1929,2022,1929,-0.28517398750108175,-0.23603899992559074,0.3701872669786741,4.541213063763608
1930,2022,1930,0.4043364350458721,-0.2590099909610103,0.48018134920384753,4.538860103626943
1931,2022,1931,-0.17048629030663148,0.1553536499105497,0.23065197099319718,4.536509580528223
1932,2022,1932,-0.05830240503890537,0.1581108735713697,0.16851771056723452,4.53416149068323
1933,2022,1933,0.4260160043368702,0.2456181546098576,0.4917498488307893,4.531815830315572
1934,2022,1934,-0.23324370485848103,-0.2663769950322717,0.3540611943415052,4.52947259565667
1935,2022,1935,0.01648858318506128,0.01749575716773557,0.024041108425425315,4.5271317829457365
1936,2022,1936,-0.10040149342683928,0.40147603226062534,0.4138399018486187,4.524793388429752
1937,2022,1937,-0.2550259583774009,0.0660911290671761,0.26345071035714807,4.522457408363449
1938,2022,1938,0.32216235102816704,0.06147396802071782,0.3279750435082038,4.520123839009288
1939,2022,1939,-0.12985846266678647,-0.1475231789581128,0.19653576940620388,4.517792676637442
1940,2022,1940,-0.4073364171942686,0.25946867015468034,0.4829564654961165,4.515463917525773
1941,2022,1941,-0.2633997931359597,0.37234555951084336,0.4560928268582059,4.513137557959815
1942,2022,1942,0.1376086505625345,-0.4062148004032216,0.428889968145993,4.51081359423275
1943,2022,1943,0.04085995779541291,0.11895755305938505,0.12577931300861575,4.5084920226453935
1944,2022,1944,-0.6089164174040727,-0.14302264147503593,0.6254875533203739,4.506172839506172
1945,2022,1945,0.029457129656857543,-0.31043424866469066,0.3118287113651209,4.5038560411311055
1946,2022,1946,0.04629378073859799,0.4059559648312364,0.4085870280823089,4.501541623843782
1947,2022,1947,-0.006666856220426513,-0.30933682479802577,0.30940865881223867,4.499229583975347
1948,2022,1948,0.12888317596347093,-0.14616124393358376,0.19486914141198342,4.496919917864476
1949,2022,1949,-0.66797291270869,0.2572691310967408,0.7158038962787246,4.494612621857363
1950,2022,1950,0.2786891305960256,-0.3449122356898685,0.44343216148690884,4.492307692307692
1951,2022,1951,0.1550264140302374,0.11103553134945487,0.19068843244709513,4.490005125576627
1952,2022,1952,-0.45761889994866156,-0.2376679769665388,0.5156560140884525,4.487704918032787
1953,2022,1953,0.2597400295050691,-0.24596768723703458,0.35772193962913407,4.485407066052227
1954,2022,1954,-0.194135473105921,0.04296090981819404,0.19883214451005343,4.483111566018423
1955,2022,1955,0.26674960523661306,-0.25370043618800175,0.3681294109628722,4.4808184143222505
1956,2022,1956,0.17998875113565008,0.11782546945933671,0.2151250608104134,4.478527607361963
1957,2022,1957,-0.3363396318518174,-0.2942599321084869,0.44689289052155146,4.476239141543179
1958,2022,1958,0.5755543958624056,0.16514501713819577,0.5987785394301584,4.473953013278856
1959,2022,1959,-0.10429803150834167,0.3444916072861156,0.35993408683686284,4.47166921898928
1960,2022,1960,-0.08966534374871063,-0.5839502511393013,0.5907941855462252,4.469387755102041
1961,2022,1961,0.35019676916439324,0.25468971865161844,0.4330180480303562,4.4671086180520145
1962,2022,1962,-0.20263317957908483,0.13856057093402685,0.24547756981828936,4.464831804281346
1963,2022,1963,0.18609279707620324,0.058005153114984234,0.19492338728725633,4.462557310239429
1964,2022,1964,0.0027960435738515056,0.24379843341474242,0.24381446633690437,4.460285132382892
1965,2022,1965,-0.07561921133806274,-0.3935047165089621,0.40070466311011316,4.458015267175573
1966,2022,1966,-0.1597435218207765,0.4296759922913637,0.4584096978852792,4.455747711088504
1967,2022,1967,-0.21465956965737862,-0.05067793506082441,0.22056061286530765,4.453482460599898
1968,2022,1968,0.2706927958039456,-0.11471352492445684,0.29399622871858505,4.451219512195122
1969,2022,1969,-0.2568129351212046,0.04691242400360777,0.2610625579654469,4.448958862366684
1970,2022,1970,-0.042510277592901775,-0.3510099711160229,0.353574777838998,4.446700507614213
1971,2022,1971,0.07529512484833013,0.2809687760652396,0.29088280964939195,4.444444444444445
1972,2022,1972,-0.2556075219495754,-0.020398635877077503,0.2564201817775822,4.442190669371197
1973,2022,1973,0.4163204880797262,-0.23762210030095296,0.4793610448778432,4.439939178915357
1974,2022,1974,-0.17596957145094444,0.19208159236371275,0.26050072591378426,4.437689969604863
1975,2022,1975,-0.1584124415801933,-0.08857784968878984,0.18149528121383213,4.435443037974683
1976,2022,1976,0.10218372521350122,0.1743064493269156,0.20205012243367962,4.433198380566802
1977,2022,1977,-0.12882953000321098,-0.13801335574689833,0.1887981307253018,4.430955993930198
1978,2022,1978,0.11137084595608795,0.05850294858062391,0.12580167058350933,4.4287158746208295
1979,2022,1979,-0.03201251856688017,0.055198515343233355,0.0638096970772626,4.426478019201617
1980,2022,1980,-0.10163543355069427,-0.3813258841033654,0.39463805092800014,4.424242424242424
1981,2022,1981,0.24925369577743156,0.32871115262804024,0.4125268799978532,4.42200908632004
1982,2022,1982,-0.1127733619593592,0.09622712451420523,0.14824807135301626,4.419778002018163
1983,2022,1983,-0.027604701162106327,-0.2929502406548669,0.294247961804315,4.417549167927382
1984,2022,1984,0.224440030966094,0.3802875437041246,0.441578920915138,4.415322580645161
1985,2022,1985,-0.14943834232110112,0.004893419284301206,0.14951843935772796,4.413098236775818
1986,2022,1986,-0.17986314078479618,0.05721147407603498,0.18874295266028937,4.410876132930514
1987,2022,1987,0.024008420831007977,0.21964243545566928,0.22095068165474535,4.408656265727227
1988,2022,1988,-0.03824359050395362,-0.16202230764005926,0.16647462385494102,4.406438631790745
1989,2022,1989,-0.18303943388551605,0.13079350376346208,0.22496749761655122,4.40422322775264
1990,2022,1990,-0.11855946001447575,-0.05222051797438816,0.1295504845858844,4.402010050251256
1991,2022,1991,-0.05376444159184745,-0.14255198258043308,0.15235380834523066,4.399799095931693
1992,2022,1992,-0.1940579635276741,0.15633523112475184,0.2491971061215151,4.397590361445783
1993,2022,1993,0.03869413852206668,-0.15192877281127437,0.15677878799092915,4.395383843452082
1994,2022,1994,-0.10766690429325154,0.02583401308008574,0.11072289064106947,4.393179538615848
1995,2022,1995,-0.2546018373714408,-0.08060971386369485,0.2670580864944935,4.390977443609023
1996,2022,1996,0.22141383610148377,-0.16430620011334715,0.2757183603114997,4.38877755511022
1997,2022,1997,-0.25293647618940956,-0.029129177386252418,0.2546082676629247,4.386579869804707
1998,2022,1998,-0.054057488840242474,-0.18362894575648067,0.1914204843253445,4.384384384384385
1999,2022,1999,0.19509511372581181,0.06508909749319979,0.20566646302245467,4.382191095547774
2000,2022,2000,-0.2260183195112873,-0.23044917217069547,0.322786464568862,4.38
2001,2022,2001,0.19170225540827274,-0.2012524775049488,0.2779430057232931,4.377811094452774
2002,2022,2002,-0.018207710440646983,0.18721220219643264,0.18809553256451475,4.375624375624375
2003,2022,2003,-0.279893396811892,-0.2837535893640216,0.39856795287110713,4.373439840239641
2004,2022,2004,0.36286964585859727,0.11329076580791139,0.3801436274658393,4.37125748502994
2005,2022,2005,-0.004788248645401626,-0.1181526515489287,0.1182496359112059,4.369077306733167
2006,2022,2006,-0.0533174460210439,-0.21589391379215678,0.22238015213301332,4.366899302093719
2007,2022,2007,0.12627533293259074,0.3520466275186894,0.3740084058607767,4.364723467862481
2008,2022,2008,0.0644421107622149,-0.05378480063198143,0.08393801533579147,4.362549800796812
2009,2022,2009,0.08718909405426632,0.08714774065186003,0.12327476149937405,4.360378297660527
2010,2022,2010,-0.16943355566055335,-0.01814453579619612,0.17040232968782226,4.358208955223881
2011,2022,2011,-0.13706724194585526,-0.08660983304960042,0.16213787958254322,4.35604177026355
2012,2022,2012,-0.18409911062208503,0.25667190645703786,0.315868564589978,4.353876739562624
2013,2022,2013,-0.05644582262954496,-0.12121893333225485,0.13371671806672378,4.351713859910581
2014,2022,2014,0.19392784823980433,-0.3071902428748526,0.36328206071925917,4.349553128103277
2015,2022,2015,-0.23754814419541884,0.007353103982081178,0.23766192153742005,4.347394540942928
2016,2022,2016,-0.046355919668868255,-0.01479425290745758,0.04865944109251959,4.345238095238095
2017,2022,2017,0.01015835583095964,-0.07163784447424006,0.07235449505112863,4.3430837878036685
2018,2022,2018,0.04771841718281459,-0.08617077777671045,0.09850101664996332,4.340931615460852
2019,2022,2019,0.17547182660204289,-0.08576358188841222,0.1953093799831124,4.338781575037147
2020,2022,2020,-0.22424685382603296,-0.10607181840246116,0.24806830130042593,4.336633663366337
2021,2022,2021,0.09215929712156366,0.05331007748978777,0.10646736780773643,4.334487877288471
2022,2022,2022,0.17566912999535272,-0.076608879060703,0.19164697645478668,4.332344213649852
2023,2022,2023,-0.03484075769926069,-0.14747547081310491,0.15153512097400243,4.330202669303016
2024,2022,2024,0.14067177731832115,0.006994263258771382,0.14084554892657536,4.32806324110672
2025,2022,2025,0.11083059889179837,0.23817560349438427,0.26269952369699656,4.325925925925926
2026,2022,2026,-0.25983331372302726,-0.015150621771550566,0.2602746477480158,4.323790720631787
2027,2022,2027,0.14963220956485412,-0.14632206001655867,0.20928436011023333,4.321657622101628
2028,2022,2028,0.09196678283619467,0.0919417713757382,0.13004298700409916,4.319526627218935
2029,2022,2029,-0.1874476490024754,0.0005595034857081388,0.18744848401815828,4.317397732873337
2030,2022,2030,0.28959730882246193,-0.017282480788245274,0.29011253923160313,4.315270935960591
2031,2022,2031,0.01626307708699598,-0.043063089976915665,0.04603169988928834,4.31314623338257
2032,2022,2032,0.12657180162142476,-0.06771153515163582,0.14354536898933562,4.311023622047244
2033,2022,2033,0.12067994233615101,0.40334446818520625,0.42101117383967807,4.308903098868667
2034,2022,2034,-0.1360461435767144,0.10967167881241804,0.17474676052971677,4.3067846607669615
2035,2022,2035,0.03142428005607181,0.05708387425574932,0.06516175317691071,4.304668304668304
2036,2022,2036,-0.19614776270764872,0.19031305806033505,0.27330021017828093,4.302554027504912
2037,2022,2037,-0.20240807705296446,-0.1682035659724431,0.2631757383615078,4.300441826215022
2038,2022,2038,-0.1157004453809092,0.2593145951639664,0.28395537030736456,4.298331697742885
2039,2022,2039,-0.03565736586130269,-0.1510734015454698,0.1552244194535304,4.296223639038744
2040,2022,2040,0.13764449623735486,-0.241373927978308,0.27786216088577553,4.294117647058823
2041,2022,2041,-0.18314286827106813,0.15048255874983113,0.2370365176221803,4.292013718765311
2042,2022,2042,0.015482246422058614,-0.12554596440503335,0.1264969925834731,4.289911851126346
2043,2022,2043,0.03014500838176815,0.1640480544149683,0.1667947411871048,4.2878120411160054
2044,2022,2044,-0.05695570926157141,-0.06077060561717939,0.08328877069910089,4.285714285714286
2045,2022,2045,0.1529816980543763,-0.10818909198060377,0.18737203516850615,4.28361858190709
2046,2022,2046,-0.31123736302174637,0.12358462058176045,0.3348758793718473,4.281524926686217
2047,2022,2047,0.04174938349507214,-0.198759324885377,0.20309672634267015,4.279433317049341
2048,2022,2048,0.3853040747711458,0.24121685295613632,0.4545820060069591,4.27734375
2049,2022,2049,-0.31134331869874365,0.152819574203116,0.3468263028635071,4.2752562225475845
2050,2022,2050,0.0075172531343587375,-0.09673123611050499,0.09702288974336051,4.273170731707317
2051,2022,2051,0.05857048863451158,0.06691039978087986,0.08892414597690898,4.2710872745002435
2052,2022,2052,-0.20116720782119946,0.16995281240424295,0.26334806615331247,4.269005847953216
2053,2022,2053,-0.03703961029095302,0.17326031653999546,0.17717525227312392,4.26692644909888
2054,2022,2054,-0.22570940453585467,-0.20240327097534777,0.3031696214950471,4.264849074975658
2055,2022,2055,-0.004349330138028077,-0.1528984228482752,0.15296027060037362,4.262773722627737
2056,2022,2056,0.10141863164906322,0.051839337689171365,0.11389932299017545,4.260700389105058
2057,2022,2057,-0.09720622231723701,-0.07865006114481302,0.1250395208534923,4.258629071463296
2058,2022,2058,-0.07458672323499699,0.20976332824153987,0.222629362748722,4.256559766763848
2059,2022,2059,-0.09328422449099785,0.014430865925642935,0.0943938368234429,4.254492472073823
2060,2022,2060,0.002898190819596068,-0.18869448948636827,0.18871674507723987,4.252427184466019
2061,2022,2061,-0.02403210747925451,0.20993598075603565,0.21130702356025227,4.250363901018923
2062,2022,2062,-0.263840464573142,-0.026560037382988667,0.265173954852201,4.248302618816683
2063,2022,2063,-0.12580076394993173,-0.25972516920629984,0.2885879341372877,4.246243334949103
2064,2022,2064,-0.06789432542980527,-0.10108993025307252,0.12177361546796321,4.244186046511628
2065,2022,2065,0.18250859102735512,-0.09693135899623127,0.2066520606131152,4.242130750605327
2066,2022,2066,-0.04655999188251916,0.15707596784775504,0.16383129285765044,4.240077444336883
2067,2022,2067,-0.3097074101298415,-0.09132573986009108,0.3228917320872847,4.238026124818577
2068,2022,2068,0.23690297500347773,-0.2581622924273643,0.3503866275942197,4.235976789168278
2069,2022,2069,-0.15204635620951168,0.1320856027733789,0.20140680449427859,4.233929434509425
2070,2022,2070,-0.07873134473252898,-0.2048640864401436,0.21947190835354521,4.231884057971015
2071,2022,2071,0.1982657802210582,-0.06716854805486155,0.20933450134763548,4.229840656687591
2072,2022,2072,-0.308564886557534,-0.06433150836129806,0.3151996703429488,4.227799227799228
2073,2022,2073,0.2898958267805002,-0.2579974932055808,0.388075117580493,4.225759768451519
2074,2022,2074,0.3543270058804369,0.1655587387794605,0.391097587671467,4.223722275795564
2075,2022,2075,-0.2830179600245921,0.13712686175816177,0.3144883812036999,4.2216867469879515
2076,2022,2076,0.03299137561584721,-0.13679559268477626,0.1407176785020458,4.219653179190751
2077,2022,2077,0.041275781811502446,-0.11911315533264856,0.12606202416846407,4.217621569571497
2078,2022,2078,0.04038558591104038,0.13169537985183755,0.13774857031453286,4.215591915303176
2079,2022,2079,-0.06889252782520079,0.08718703031599391,0.11112046906609109,4.213564213564213
2080,2022,2080,0.003867661720297971,-0.39017819801440934,0.390197366742722,4.211538461538462
2081,2022,2081,0.26591982367135825,0.20518621573644888,0.33587904928657103,4.209514656415185
2082,2022,2082,-0.06569575677763659,0.16986585809039095,0.18212726924700545,4.207492795389049
2083,2022,2083,0.043749401377386976,-0.10263710138790508,0.11157232946475043,4.205472875660106
2084,2022,2084,-0.2594133761666767,0.509279174579166,0.5715422796208784,4.203454894433781
2085,2022,2085,-0.1632261783668961,-0.32288163988934926,0.3617946084201604,4.201438848920863
2086,2022,2086,0.23585493039093539,0.04565007374898135,0.2402321323699234,4.199424736337488
2087,2022,2087,-0.5292263689125046,0.291474399801189,0.6041836436811061,4.197412553905127
2088,2022,2088,0.040556925139476965,-0.5793344737301009,0.580752353958985,4.195402298850575
2089,2022,2089,0.19304579719837053,0.15752202803916393,0.24915832142139172,4.193393968405936
2090,2022,2090,-0.25837652530417843,0.0005509899398356772,0.258377112798666,4.1913875598086126
2091,2022,2091,0.1548352393501763,-0.25436080656169235,0.2977807436006248,4.189383070301291
2092,2022,2092,-0.05718439068920305,0.13013172293691547,0.14214190041302227,4.187380497131931
2093,2022,2093,0.0876407802295397,0.01154872255437617,0.08839841260950579,4.185379837553751
2094,2022,2094,0.08669478617749464,0.12225219665635677,0.14987189709103585,4.1833810888252145
2095,2022,2095,-0.22965308912758073,-0.09465974084096358,0.24839687574911026,4.181384248210024
2096,2022,2096,0.1877031630545628,-0.0951474991163157,0.21044126023376947,4.179389312977099
2097,2022,2097,0.0724148094043001,-0.005087391041918732,0.07259329286287064,4.177396280400572
2098,2022,2098,0.08530242252089855,0.21301136669414492,0.2294566312592455,4.175405147759771
2099,2022,2099,-0.0029471556916505653,0.2096641989552032,0.20968491135558098,4.173415912339209
2100,2022,2100,-0.031111509289248888,-0.11971142311264431,0.12368811921081818,4.171428571428572
2101,2022,2101,0.035827668316972774,0.2758120825952689,0.2781293345236537,4.169443122322703
2102,2022,2102,-0.306827850338258,0.124386531323174,0.33108207278227464,4.167459562321598
2103,2022,2103,-0.20508567608084113,-0.16775467865724408,0.2649561600433757,4.165477888730385
2104,2022,2104,0.08277305913816274,0.1271894019715007,0.15175151825585723,4.163498098859316
2105,2022,2105,-0.013161641157569116,-0.08752203355511841,0.08850613061016671,4.161520190023753
2106,2022,2106,-0.06226593686851375,-0.1460789944838001,0.15879584227400867,4.15954415954416
2107,2022,2107,-0.08658306815753951,0.38025023344138253,0.3899831633850352,4.157570004746084
2108,2022,2108,-0.20363805240942584,-0.2433035090165892,0.31727756600316004,4.1555977229601515
2109,2022,2109,0.021228845036115718,0.0852139561346559,0.08781846150830971,4.153627311522048
2110,2022,2110,-0.1676616134637301,0.41212173155560244,0.44492104720910797,4.151658767772512
2111,2022,2111,-0.3410505107290328,-0.4355116306967619,0.5531598605653585,4.149692089057319
2112,2022,2112,0.03636909599540071,-0.005349688758947486,0.036760444955689545,4.1477272727272725
2113,2022,2113,-0.2740571597513763,-0.026927070565084407,0.2753768217192733,4.145764316138192
2114,2022,2114,-0.02291891456211985,-0.43916569699671115,0.4397633296027681,4.143803216650899
2115,2022,2115,0.0155794459356372,0.2160510361459796,0.2166120249557093,4.141843971631205
2116,2022,2116,-0.17258380556286418,-0.14351037160673272,0.2244557789437889,4.1398865784499055
2117,2022,2117,0.21870920952821807,-0.33572901580690234,0.40068402811583254,4.137931034482759
2118,2022,2118,-0.07411411891333872,0.17070760034452312,0.18610208875153966,4.135977337110481
2119,2022,2119,-0.044941513092225875,-0.09222370671549336,0.10259118714277579,4.134025483718736
2120,2022,2120,-0.044639779738672156,-0.03954671760515413,0.059637679435562994,4.132075471698113
2121,2022,2121,0.029879028530390338,-0.10636084391195016,0.11047798633022828,4.13012729844413
2122,2022,2122,0.17387667388218275,-0.05459649551486103,0.1822467422008832,4.12818096135721
2123,2022,2123,-0.26594315181851047,-0.022771388029442775,0.2669162717257057,4.126236457842675
2124,2022,2124,0.02848646629597427,-0.016232163434048284,0.03278661147147311,4.124293785310734
2125,2022,2125,-0.024884991449368826,0.010929764298454183,0.027179450823276823,4.12235294117647
2126,2022,2126,-0.14851049792506843,-0.2449901436871271,0.28648828684222144,4.12041392285983
2127,2022,2127,0.24483210750090828,0.17804559878240886,0.3027259422466512,4.118476727785613
2128,2022,2128,-0.4310705298527416,-0.020983714836121256,0.43158095184547596,4.116541353383458
2129,2022,2129,-0.1424163610372042,-0.45736862091450825,0.4790286789831256,4.114607797087834
2130,2022,2130,0.35412418978255544,0.14760150422943802,0.38365367956002216,4.112676056338028
2131,2022,2131,0.009400395173985882,-0.0946545456252043,0.09512018942864327,4.110746128578132
2132,2022,2132,-0.12067243856725497,0.024069092036811852,0.12304941536327771,4.108818011257036
2133,2022,2133,-0.13650124166311242,-0.06398901759494582,0.15075537585219873,4.106891701828411
2134,2022,2134,0.19137436580262296,-0.2571911893411326,0.3205798742295943,4.104967197750703
2135,2022,2135,0.1575773578772037,0.4362714266007124,0.46385706999439075,4.1030444964871196
2136,2022,2136,-0.3961902707417909,-0.24645637780348595,0.46659133810055686,4.101123595505618
2137,2022,2137,0.09793891712154187,-0.5303277053576033,0.5392953796916873,4.099204492278895
2138,2022,2138,0.20213642872831258,0.2936518603602999,0.3564976169795547,4.097287184284378
2139,2022,2139,-0.04474766657319327,-0.034555989448859924,0.05653733342257483,4.095371669004208
2140,2022,2140,0.12865904273256448,-0.2933503876696497,0.3203242095483787,4.093457943925234
2141,2022,2141,0.0179307806455039,0.15922375554593848,0.16023020072604902,4.091546006539001
2142,2022,2142,0.031027390039957442,-0.06730199720524815,0.07410976832042372,4.089635854341736
2143,2022,2143,0.23784287240439902,-0.05473850274942882,0.24406051634138706,4.087727484834344
2144,2022,2144,-0.1534419632742613,0.20537072295998013,0.2563621850869677,4.085820895522388
2145,2022,2145,-0.018752102688253884,-0.31225704350402583,0.31281960068561226,4.083916083916084
2146,2022,2146,0.2881363688081736,-0.08181157809507641,0.2995257941152425,4.082013047530289
2147,2022,2147,0.006847919413286108,0.5833303566074437,0.583370550285201,4.08011178388449
2148,2022,2148,-0.18696173062086985,-0.019876843370916837,0.18801536538044614,4.078212290502793
2149,2022,2149,-0.05965623181496462,-0.35585082068884344,0.3608166744751193,4.076314564913914
2150,2022,2150,0.2764359092752016,0.36437753621873387,0.4573705290436215,4.074418604651163
2151,2022,2151,-0.32075639919634336,0.23062149255856193,0.39505814819510154,4.072524407252441
2152,2022,2152,-0.21845693088439128,-0.2499598412739484,0.3319689035152618,4.070631970260223
2153,2022,2153,0.23933092519266363,0.11211052860654032,0.26428784001163247,4.068741291221551
2154,2022,2154,-0.264600953728181,-0.024606156124411076,0.26574259657247623,4.066852367688022
2155,2022,2155,0.001645112037309403,-0.05961389688487437,0.05963659191650487,4.064965197215777
2156,2022,2156,-0.1177407000026381,0.33336974609029557,0.35355092991734494,4.063079777365492
2157,2022,2157,-0.039400271020393604,-0.4997721396592652,0.5013228230751923,4.061196105702364
2158,2022,2158,0.18298927750750338,0.10216537022511246,0.2095777625511647,4.059314179796107
2159,2022,2159,-0.43862938629853604,0.19620776317740002,0.4805135012210469,4.057433997220936
2160,2022,2160,0.1301585950489969,-0.22740115931570273,0.2620163107962067,4.055555555555555
2161,2022,2161,0.041674123439157044,0.2847895070689133,0.28782250763443906,4.053678852383156
2162,2022,2162,-0.18232880298134596,-0.34941042855712895,0.3941210981171739,4.051803885291397
2163,2022,2163,0.0891332766059621,-0.09387340532372207,0.1294486663723762,4.049930651872399
2164,2022,2164,-0.2673093555743438,0.15739673462905182,0.31020642103196244,4.048059149722736
2165,2022,2165,0.23797327863755266,-0.04072528127263618,0.24143286826826543,4.046189376443418
2166,2022,2166,-0.026164638355001674,-0.05091052091552917,0.05724045282960782,4.044321329639889
2167,2022,2167,-0.27871983492307817,-0.2259182349732044,0.3587809851050581,4.042455006922012
2168,2022,2168,0.301268087795983,0.23451532025443222,0.3817851439727416,4.040590405904059
2169,2022,2169,-0.33121478630269013,0.10784687373705718,0.3483305654696318,4.0387275242047025
2170,2022,2170,0.09107963884070937,-0.035897499630073826,0.09789857553123643,4.0368663594470044
2171,2022,2171,0.005216049685228631,-0.08748944441786788,0.08764479481900773,4.035006909258406
2172,2022,2172,-0.29375740974130404,-0.3202439701412421,0.4345683101535881,4.033149171270718
2173,2022,2173,0.24727242689639908,0.5487869882889685,0.6019225960358288,4.03129314312011
2174,2022,2174,-0.3826786198051189,-0.08202097610199387,0.3913698590549285,4.029438822447102
2175,2022,2175,0.049296712928867344,-0.5808300539655028,0.5829182768580515,4.027586206896552
2176,2022,2176,0.1739156897952817,0.4909052151433728,0.5208018792323332,4.025735294117647
2177,2022,2177,-0.44582520705566464,-0.07290885171836285,0.451747513446523,4.023886081763895
2178,2022,2178,0.15809176597318655,-0.2483611096510768,0.2944083002492202,4.022038567493113
2179,2022,2179,-0.0864961452596021,0.07991869379843429,0.11776493859896539,4.020192748967416
2180,2022,2180,-0.22093383814758416,-0.40105887636387,0.45788643040482524,4.018348623853211
2181,2022,2181,0.08938083693071085,0.2704794836239642,0.2848650295700064,4.016506189821183
2182,2022,2182,-0.22127047533161012,0.05779358371304927,0.22869351012189637,4.014665444546288
2183,2022,2183,0.07339281158732076,-0.6483162558706747,0.652457257158553,4.012826385707742
2184,2022,2184,0.1694304420752969,0.005296504500420575,0.16951320792715094,4.010989010989011
2185,2022,2185,-0.15923419239830175,0.2405899286292746,0.28851177062050487,4.009153318077804
2186,2022,2186,-0.31315560456875563,-0.024900796142335233,0.31414404708882354,4.007319304666057
2187,2022,2187,0.15992321285256572,-0.40986435999208876,0.43995934766840855,4.005486968449931
2188,2022,2188,0.44519989389603926,-0.054981048148703505,0.44858205624007597,4.003656307129799
2189,2022,2189,-0.5874040538687018,0.30530023301412434,0.6620058570585787,4.001827318410233
2190,2022,2190,-0.38360778702865295,-0.705555022491438,0.8030957751301608,4.0
2191,2022,2191,0.7067098028665462,0.16607759027778254,0.725961783746326,3.998174349612049
2192,2022,2192,-0.07111285876999837,0.137984789870373,0.15523157191116993,3.9963503649635035
2193,2022,2193,-0.06779787714243447,-0.3300271571739381,0.3369190950619034,3.9945280437756496
2194,2022,2194,0.2095980771499605,0.3280118079335923,0.38925968207460765,3.992707383773929
2195,2022,2195,-0.33200641166930533,-0.05256006367716784,0.3361410681295521,3.990888382687927
2196,2022,2196,0.3696535717379933,-0.04283763413891756,0.3721274324707539,3.989071038251366
2197,2022,2197,-0.11837709862409909,0.14823505563156122,0.18970179017803637,3.9872553482020936
2198,2022,2198,-0.42172351217387327,-0.3338660263660155,0.5378821843877151,3.9854413102820745
2199,2022,2199,0.29293032062703583,0.11851963517895785,0.31599853902448866,3.9836289222373806
2200,2022,2200,0.06817976122553153,0.11549021489588994,0.13411364426287628,3.981818181818182
2201,2022,2201,-0.17226246357916053,-0.09229624740256805,0.19543017587608535,3.980009086778737
2202,2022,2202,-0.1446367333325725,-0.03953351426049085,0.1499422668192732,3.9782016348773843
2203,2022,2203,0.24456269166070277,-0.3322741959640727,0.41257369215195844,3.976395823876532
2204,2022,2204,0.029388339537640227,0.43925462588939346,0.44023664189389167,3.97459165154265
2205,2022,2205,-0.3297640805656421,-0.2166989548194325,0.39459192319551817,3.9727891156462585
2206,2022,2206,0.10230802241911327,-0.5114655418391711,0.5215974807647624,3.970988213961922
2207,2022,2207,0.17816144198147368,0.27160407082888444,0.3248234454280351,3.9691889442682373
2208,2022,2208,0.15547307451385997,-0.11474825566499142,0.19323312106611146,3.967391304347826
2209,2022,2209,-0.20574432590903854,0.04835264027757552,0.2113497231263322,3.9655952919873245
2210,2022,2210,-0.023218323447026113,-0.16984737826497387,0.17142701784484218,3.9638009049773757
2211,2022,2211,0.502304554276163,-0.04007069837598032,0.5039003136682033,3.962008141112619
2212,2022,2212,-0.3228277139191572,0.4218528263934906,0.5312038591825606,3.9602169981916817
2213,2022,2213,-0.05865055294600081,-0.26261121330369064,0.26908091109127036,3.958427474017171
2214,2022,2214,0.23063105864759867,-0.12405855718918492,0.261880145915597,3.956639566395664
2215,2022,2215,-0.1667384843854375,-0.03120763903306299,0.16963383774816493,3.9548532731376973
2216,2022,2216,0.2157422580854129,0.15525726135658138,0.2657998102477478,3.953068592057762
2217,2022,2217,-0.11051197693157931,0.07936084771744137,0.13605528727600716,3.9512855209742894
2218,2022,2218,-0.11540313986610312,-0.09691432537221935,0.15069927389774565,3.9495040577096483
2219,2022,2219,0.24667132466552652,0.10127879548727531,0.26665358956443647,3.9477242000901307
2220,2022,2220,-0.24118037475692516,0.06190969990278108,0.2489995664854525,3.945945945945946
2221,2022,2221,-0.288722581789114,0.174249368806212,0.3372292569815598,3.9441692931112113
2222,2022,2222,-0.012392705182819616,-0.20530968441438766,0.20568336261371198,3.942394239423942
2223,2022,2223,-0.002978875446203343,-0.22983926874310293,0.22985857207267316,3.9406207827260458
2224,2022,2224,-0.16392247239125352,0.19158748118814592,0.2521434907009884,3.9388489208633093
2225,2022,2225,-0.20368324055701617,-0.40129102631860825,0.4500237219165777,3.9370786516853933
2226,2022,2226,0.2740593454418209,-0.08480152659889424,0.28687945854923513,3.9353099730458223
2227,2022,2227,-0.05409021325552492,0.2589392246877844,0.264528397817586,3.9335428828019756
2228,2022,2228,-0.0990853005556877,-0.47518999176735277,0.4854105737023739,3.931777378815081
2229,2022,2229,0.10988840270688592,-0.19550500326347237,0.2242714144747856,3.930013458950202
2230,2022,2230,-0.0669144471042766,0.25761512383326496,0.26616366254411866,3.928251121076233
2231,2022,2231,0.040469164318438666,-0.25279973685677454,0.2560184763166269,3.9264903630658896
2232,2022,2232,0.11868002062819552,-0.1646031707910465,0.2029264672997964,3.924731182795699
2233,2022,2233,0.17122189245706707,-0.06306815568030223,0.1824678840714011,3.922973578145992
2234,2022,2234,0.11821703130445795,-0.19755689046639877,0.230225957400967,3.921217547000895
2235,2022,2235,0.054594549930911736,0.311494929697308,0.3162430332976359,3.9194630872483223
2236,2022,2236,-0.028010239241901286,0.11186152744287645,0.11531511099696322,3.9177101967799643
2237,2022,2237,0.015485584732982949,-0.3062869241460349,0.3066781427447371,3.915958873491283
2238,2022,2238,0.05268112227399929,0.1165051558223561,0.12786223827713772,3.9142091152815013
2239,2022,2239,-0.156385584698132,0.139741115219978,0.2097237001015855,3.9124609200535954
2240,2022,2240,-0.10382524334380538,-0.33837157892324915,0.35394209495115586,3.9107142857142856
2241,2022,2241,0.3212143920175784,-0.01862196996477024,0.32175373098783383,3.9089692101740297
2242,2022,2242,0.20841501067737783,0.23542176962135603,0.31442046098703935,3.9072256913470116
2243,2022,2243,-0.2710983730017889,-0.12897940502947802,0.3002166130745852,3.905483727151137
2244,2022,2244,0.08509928466884152,-0.14911245721860394,0.17168696266437505,3.9037433155080214
2245,2022,2245,0.20699853263962825,0.2104471337880384,0.29518873392214645,3.9020044543429844
2246,2022,2246,-0.2414575828120034,0.06188416193893997,0.2492617375296506,3.90026714158504
2247,2022,2247,-0.10690208051819328,-0.08245813802652512,0.13500888617390985,3.8985313751668893
2248,2022,2248,-0.0023186779361496373,-0.004967184514100187,0.00548171409038303,3.8967971530249113
2249,2022,2249,0.05031616469028571,-0.36289093108757997,0.3663625858282347,3.895064473099155
2250,2022,2250,0.13922830480989523,0.08765157288375756,0.16452148519033544,3.8933333333333335
2251,2022,2251,-0.048809741075890915,0.10158813143659276,0.1127055423334361,3.8916037316748113
2252,2022,2252,-0.07407543588309198,-0.26967901239843606,0.27966755251452735,3.8898756660746003
2253,2022,2253,0.20993566360429405,0.1859716145479285,0.280461092257979,3.88814913448735
2254,2022,2254,0.12023406863961648,-0.0747583534515421,0.14158051657068393,3.8864241348713398
2255,2022,2255,-0.38933368910827915,-0.14851825827050774,0.41669940546437956,3.88470066518847
2256,2022,2256,-0.025936643353962417,-0.12319081232860385,0.125891563302121,3.882978723404255
2257,2022,2257,0.5528477321985069,-0.18228233166338753,0.5821232373249442,3.8812583074878155
2258,2022,2258,-0.035248514124510424,0.19235291938104418,0.19555588291431247,3.8795394154118688
2259,2022,2259,-0.164842037109913,-0.04938854556095828,0.172081741132442,3.8778220451527226
2260,2022,2260,0.1395076021258127,-0.22805029379617264,0.26733744135720067,3.8761061946902653
2261,2022,2261,0.25375652150083283,0.2888461158339144,0.38447945437505726,3.874391862007961
2262,2022,2262,0.02585619300943943,0.11107853945912133,0.1140481680927535,3.872679045092838
2263,2022,2263,0.0067301465781073435,-0.20993495683812358,0.21004280748358803,3.870967741935484
2264,2022,2264,-0.047462170680745736,0.0880705380385014,0.10004537628556036,3.8692579505300353
2265,2022,2265,0.1792377280772115,-0.06135609020856283,0.18944849688493628,3.8675496688741724
2266,2022,2266,0.19123167874374725,0.09313344838320974,0.2127049462586607,3.8658428949691084
2267,2022,2267,-0.16255543690941904,0.23026801039058814,0.28186455378080466,3.8641376268195855
2268,2022,2268,0.1631918989931058,-0.0400868549273866,0.16804330345165613,3.8624338624338623
2269,2022,2269,-0.04721220982102063,0.18244019480064647,0.18845003962610862,3.860731599823711
2270,2022,2270,-0.17046142553382235,0.0720368581115591,0.1850578464199985,3.859030837004405
2271,2022,2271,0.05103205596863125,0.18451179409738983,0.19143895344841158,3.857331571994716
2272,2022,2272,-0.40475076859253367,-0.17391869656580072,0.44053478601739704,3.8556338028169015
2273,2022,2273,0.19330159785328715,-0.16710641690679853,0.25551920143907525,3.8539375274967003
2274,2022,2274,0.13123716487226947,0.26158128077478493,0.2926567270634456,3.8522427440633247
2275,2022,2275,-0.4672725500893854,-0.37870897854129737,0.6014683088034065,3.8505494505494506
2276,2022,2276,0.257176806627864,0.10274587315371436,0.27694155397380316,3.8488576449912126
2277,2022,2277,-0.0072047952594105884,0.1242045901008652,0.12441338061821954,3.847167325428195
2278,2022,2278,-0.08290322932976919,-0.21980198603411832,0.23491670544652002,3.845478489903424
2279,2022,2279,0.029414054126982385,0.09181834548873424,0.09641470400552819,3.843791136463361
2280,2022,2280,-0.061119935262578945,-0.2716968316550078,0.27848665105866655,3.8421052631578947
2281,2022,2281,0.033209168080673014,0.18979759074372052,0.1926810169599777,3.8404208680403333
2282,2022,2282,-0.008467843966632116,-0.054371805443845636,0.055027244240163704,3.838737949167397
2283,2022,2283,0.43362365632829136,-0.32044864407276685,0.5391816102349847,3.8370565045992118
2284,2022,2284,-0.08180378956676941,0.5227235737302028,0.5290858101676505,3.8353765323992994
2285,2022,2285,-0.24867617245783813,-0.029783294158541435,0.2504533556557281,3.833698030634573
2286,2022,2286,0.346183210861065,0.09304031392205829,0.35846801181805854,3.832020997375328
2287,2022,2287,-0.3385875216018936,0.17879969105792973,0.38289794894583057,3.830345430695234
2288,2022,2288,-0.05267671715127942,-0.2761308276387112,0.2811104240370242,3.8286713286713288
2289,2022,2289,-0.14773542105865836,0.2674415817965563,0.30553355676459365,3.8269986893840104
2290,2022,2290,-0.320768869630541,-0.22429332320105497,0.3914079234719552,3.8253275109170306
2291,2022,2291,0.3411329014325845,-0.12202259102319016,0.3622998332318498,3.8236577913574856
2292,2022,2292,-0.17644023659185873,0.08784754642701725,0.1970998439924244,3.8219895287958114
2293,2022,2293,-0.16565237336001962,-0.14411200049375786,0.21956542871344797,3.820322721325774
2294,2022,2294,-0.01120913727627498,0.11453866271542229,0.1150858375957513,3.8186573670444637
2295,2022,2295,-0.15859987474573028,-0.34939133649702253,0.38370330502686184,3.816993464052288
2296,2022,2296,0.20122789277262967,-0.004679556756804692,0.20128229698896302,3.8153310104529616
2297,2022,2297,-0.3037680846003454,-0.04507161182880307,0.30709363297634307,3.813670004353505
2298,2022,2298,-0.026612199018477566,-0.4355443772774333,0.4363566359236286,3.8120104438642297
2299,2022,2299,0.31897380011417137,0.14594826429488786,0.350777965399718,3.8103523270987387
2300,2022,2300,-0.00861268393128646,-0.2539902155998193,0.25413619959569506,3.8086956521739133
2301,2022,2301,0.09755355025925769,-0.18049545965835861,0.2051714066956399,3.8070404172099086
2302,2022,2302,-0.005794426584179928,0.35378148140078514,0.35382893036264507,3.8053866203301476
2303,2022,2303,0.14272957350091053,-0.2542398406651722,0.2915641057009658,3.8037342596613115
2304,2022,2304,0.13542314675174746,-0.04503071189995941,0.14271367730656537,3.8020833333333335
2305,2022,2305,-0.052470775719358,-0.054512613837560266,0.07566245681970772,3.8004338394793926
2306,2022,2306,0.12092044613471074,-0.19657658542289208,0.23079018226506315,3.7987857762359063
2307,2022,2307,-0.0007431419947730796,0.20555811665026616,0.20555945996433447,3.7971391417425226
2308,2022,2308,0.35365261311158,-0.11173918797296989,0.37088518019665817,3.7954939341421143
2309,2022,2309,0.11278732412085739,-0.03168087215740331,0.11715228611937999,3.793850151580771
2310,2022,2310,-0.17233061174350017,0.1392859673461934,0.2215816338134861,3.792207792207792
2311,2022,2311,0.35407541794951736,0.12031960860097107,0.3739601714220597,3.7905668541756814
2312,2022,2312,-0.21737705401747726,0.18723857059240068,0.2868990518123102,3.7889273356401385
2313,2022,2313,-0.13270337997793813,-0.281593110441987,0.3112954656045637,3.7872892347600517
2314,2022,2314,0.46163242238469565,0.10820837927348312,0.47414506930026806,3.7856525496974935
2315,2022,2315,-0.5012373892951442,0.2812672516564626,0.5747609827413407,3.7840172786177106
2316,2022,2316,0.10842550810069228,-0.25602580416955695,0.27803831248150246,3.7823834196891193
2317,2022,2317,0.22269093473038135,0.20818706502165663,0.3048493176200702,3.780750971083297
2318,2022,2318,-0.31939609223011955,-0.15156039928427853,0.3535313541442696,3.7791199309749786
2319,2022,2319,0.27485249758528535,0.1538722019605108,0.31499293637325504,3.777490297542044
2320,2022,2320,-0.3250357650488897,0.22718210683418122,0.3965601571344938,3.7758620689655173
2321,2022,2321,-0.1348667703132066,-0.4870525076549761,0.5053802439230444,3.774235243429556
2322,2022,2322,0.2417271662345173,0.2130851032557304,0.32223793092259523,3.772609819121447
2323,2022,2323,-0.19585600365104863,-0.17632835701356428,0.2635360765687737,3.770985794231597
2324,2022,2324,0.09615554463325805,-0.05216410244449544,0.10939370341824202,3.7693631669535286
2325,2022,2325,-0.07234778062803378,0.16510239998395707,0.18025815887849472,3.767741935483871
2326,2022,2326,0.08777155989073276,-0.432957284381494,0.441764481171416,3.7661220980223558
2327,2022,2327,0.06592751779363078,0.37970553308430965,0.38538646766235746,3.764503652771809
2328,2022,2328,-0.20476637887026347,-0.043092804585225276,0.20925166599733608,3.7628865979381443
2329,2022,2329,0.21678657626750558,-0.2059288725710321,0.29900354547758023,3.7612709317303565
2330,2022,2330,-0.17815786388152804,0.06406531991988011,0.18932667450537885,3.759656652360515
2331,2022,2331,0.1902288255927958,-0.14951116643437276,0.24195163767782402,3.7580437580437582
2332,2022,2332,-0.12318287052447918,0.2950427927061656,0.31972530259349824,3.7564322469982847
2333,2022,2333,-0.22054043833355255,-0.249570646128213,0.33305193641414127,3.7548221174453493
2334,2022,2334,0.4584456652402778,0.055086050002136865,0.46174332792411715,3.7532133676092543
2335,2022,2335,-0.458850762245801,0.28002721185615886,0.5375493106622747,3.7516059957173447
2336,2022,2336,-0.056020639738451214,-0.47058800869839673,0.47391073632850694,3.75
2337,2022,2337,0.34612278988271106,0.36546838908111806,0.5033568605807801,3.748395378690629
2338,2022,2338,-0.5894198577987173,-0.08326795952408055,0.5952724769807218,3.746792130025663
2339,2022,2339,0.31001394653972386,-0.2050452445870721,0.37168830944341924,3.745190252244549
2340,2022,2340,0.05443573197151828,0.25400445880287703,0.25977204238912516,3.7435897435897436
2341,2022,2341,-0.2709970146007943,-0.3233703934682482,0.42190969803306577,3.7419906023067067
2342,2022,2342,0.15542380268120032,0.18715482453670385,0.24327656440201778,3.740392826643894
2343,2022,2343,-0.1851951450368115,0.058391122028193645,0.1941822980524153,3.738796414852753
2344,2022,2344,-0.010482752219794375,-0.3344153283145489,0.33457958680384126,3.737201365187713
2345,2022,2345,0.0927852427170092,0.09538368331393689,0.13306820923341423,3.7356076759061834
2346,2022,2346,-0.1780943485442124,-0.13182314813773557,0.22157377861184474,3.734015345268542
2347,2022,2347,-0.06704854451272539,-0.06973361070704502,0.0967382229706367,3.732424371538134
2348,2022,2348,0.031930534481640106,-0.013157552439983441,0.034535202598133426,3.7308347529812607
2349,2022,2349,0.20797903434058448,-0.1905257270250967,0.2820555466281131,3.7292464878671776
2350,2022,2350,-0.15110605157776585,-0.05148057763903519,0.1596348605332531,3.727659574468085
2351,2022,2351,0.018642856647473224,-0.1689507273719643,0.1699761876954947,3.726074011059124
2352,2022,2352,0.23031510651702833,-0.08301152428226347,0.2448182212451004,3.7244897959183674
2353,2022,2353,0.04248211774965867,0.09161752543910859,0.10098762942104134,3.7229069273268167
2354,2022,2354,0.12165007909616714,-0.04280991365458467,0.1289629033916991,3.721325403568394
2355,2022,2355,-0.12760247330815402,-0.07392816218800294,0.14747123230940273,3.7197452229299364
2356,2022,2356,-0.02951025861698155,0.005951727584346612,0.030104458554828822,3.7181663837011882
2357,2022,2357,0.32558126029189943,0.12351616263548015,0.34822320354257835,3.7165888841747985
2358,2022,2358,-0.2689909299817359,0.014743286246056161,0.2693946638331433,3.7150127226463106
2359,2022,2359,0.005334482017879773,-0.14283768624519355,0.14293726354691222,3.7134378974141584
2360,2022,2360,0.26015795211811155,0.11436204582556754,0.2841845132580219,3.711864406779661
2361,2022,2361,-0.29283032861155783,0.05359073314912851,0.2976937487321728,3.710292249047014
2362,2022,2362,0.11321418018593196,-0.05595099591193812,0.1262852506776242,3.7087214225232854
2363,2022,2363,-0.08568273422117273,-0.07690841262844532,0.11513659225738501,3.7071519255184087
2364,2022,2364,-0.18336594973193768,-0.09928892644444905,0.2085218512184915,3.7055837563451774
2365,2022,2365,0.264425124076434,0.21832935670223944,0.3429115837075954,3.704016913319239
2366,2022,2366,-0.2951997518405263,-0.11832939354683554,0.318032606604842,3.702451394759087
2367,2022,2367,-0.047009739779993606,-0.48363792482848045,0.48591723365875966,3.700887198986058
2368,2022,2368,0.3042278500912347,0.20415258543609371,0.3663780327904176,3.699324324324324
2369,2022,2369,-0.17339912166421131,-0.0032908907611581043,0.1734303472749848,3.6977627691008865
2370,2022,2370,0.14951809702147803,-0.085299125230455,0.17213832258391784,3.6962025316455698
2371,2022,2371,0.08454427833420362,-0.05580078008065139,0.10129887490323135,3.6946436102910165
2372,2022,2372,-0.049171456315982735,-0.15737754756756017,0.16488033416576478,3.6930860033726813
2373,2022,2373,0.06153754007741849,0.12468616070414532,0.13904498376395977,3.691529709228824
2374,2022,2374,0.051230628991737706,0.06282794211869777,0.0810674266136499,3.6899747262005054
2375,2022,2375,-0.11176286017165833,-0.16030952179245803,0.19542282285105858,3.688421052631579
2376,2022,2376,0.0799004513734893,-0.13348546654097845,0.15557137239013483,3.686868686868687
2377,2022,2377,0.24582458663405682,0.09792699587305127,0.26461183630844165,3.6853176272612536
2378,2022,2378,-0.14990673739679572,0.08580968918594024,0.17272907304544752,3.6837678721614804
2379,2022,2379,0.11571026348205742,-0.1723726121309371,0.20760824282270113,3.682219419924338
2380,2022,2380,0.20044711890827666,0.1567926151259199,0.2544857002596681,3.680672268907563
2381,2022,2381,-0.22481268354623082,-0.05759910835080767,0.23207412601594735,3.6791264174716507
2382,2022,2382,0.20549381724814092,0.09574866200947096,0.22670578996535629,3.677581863979849
2383,2022,2383,0.005125109617567492,0.14486452471018665,0.14495515605903905,3.6760386067981536
2384,2022,2384,-0.2833974237480045,-0.21460342430563026,0.35548379641090305,3.674496644295302
2385,2022,2385,0.21450211691992155,0.14121792673994044,0.2568144485730016,3.6729559748427674
2386,2022,2386,-0.07942221492673048,0.015485763695244998,0.08091784167346987,3.6714165968147525
2387,2022,2387,-0.05955914793738654,-0.0595382662448513,0.08421459048448966,3.669878508588186
2388,2022,2388,-0.07510196554575937,0.14234628084748596,0.16094337171796724,3.6683417085427137
2389,2022,2389,-0.2158040521987616,-0.15851682056370045,0.26776663598557277,3.666806195060695
2390,2022,2390,0.09379598394843583,-0.19926346901448885,0.22023536657072904,3.6652719665271967
2391,2022,2391,0.11863965500793047,0.14426562899612716,0.1867831348116017,3.6637390213299876
2392,2022,2392,-0.3176285059219975,-0.1929465956849622,0.37163995554926094,3.6622073578595318
2393,2022,2393,0.051511361310922876,-0.3127453680365885,0.316959122873038,3.6606769745089847
2394,2022,2394,0.4479463371005017,0.06373746633429281,0.4524581588793282,3.6591478696741855
2395,2022,2395,-0.11783112358398756,-0.043825207153242805,0.12571723218035624,3.6576200417536535
2396,2022,2396,0.018940523804733572,0.01947461691825387,0.02716623172452188,3.656093489148581
2397,2022,2397,-0.030181927615472726,0.000591234922061062,0.030187717921676353,3.6545682102628287
2398,2022,2398,0.03289756871276768,-0.19627324479541614,0.19901114704893447,3.653044203502919
2399,2022,2399,0.31890437158866236,0.2112175776363434,0.38250864476626456,3.6515214672780325
2400,2022,2400,-0.12677668463252698,0.01011618282459994,0.12717965608286544,3.65
2401,2022,2401,-0.11642342364555792,-0.2636784572037139,0.2882373021777089,3.6484798000832988
2402,2022,2402,0.2619168825636664,0.25096789984198575,0.36274693675200953,3.646960865945046
2403,2022,2403,0.178733786102813,-0.022647778493302392,0.18016294892493243,3.645443196004994
2404,2022,2404,-0.13168839388695647,0.10717782146258505,0.16979080804917546,3.643926788685524
2405,2022,2405,-0.12539905845812335,0.019264966564568494,0.12687025971013766,3.6424116424116426
2406,2022,2406,0.2048764003473212,-0.06130082986738741,0.2138507216768422,3.6408977556109727
2407,2022,2407,-0.18860346966031366,0.2201619184708385,0.28990091257646805,3.6393851267137514
2408,2022,2408,-0.039531072922965996,-0.23847936164772573,0.24173355509392488,3.637873754152824
2409,2022,2409,0.03601496194576712,-0.13008945931039503,0.1349827578160484,3.6363636363636362
2410,2022,2410,-0.06425946602097052,0.09693634105202639,0.11630104552348204,3.6348547717842323
2411,2022,2411,0.26756313698646295,0.00309258870585289,0.2675810090027697,3.633347158855247
2412,2022,2412,-0.163342084052426,-0.09114277639079996,0.18704983857467816,3.6318407960199006
2413,2022,2413,-0.005313523587592401,-0.20759005562317603,0.20765804758436215,3.630335681723995
2414,2022,2414,0.12242005902329937,0.27474104964902196,0.30078117496531337,3.628831814415907
2415,2022,2415,-0.1635218309268264,-0.09748317152450774,0.1903742575038395,3.627329192546584
2416,2022,2416,0.18564999918533098,-0.269739104008697,0.3274524491112077,3.6258278145695364
2417,2022,2417,0.046793093024723516,-0.08208577024537649,0.09448633357050724,3.6243276789408356
2418,2022,2418,-0.05234489823230818,-0.13166163142730644,0.14168547406509457,3.6228287841191067
2419,2022,2419,0.1881370850464321,0.33869266898486866,0.3874381070491934,3.6213311285655228
2420,2022,2420,0.14258180467983878,-0.16216989467997497,0.21593667073073503,3.6198347107438016
2421,2022,2421,0.1896721527568205,-0.20432988749662032,0.2787942403561956,3.618339529120198
2422,2022,2422,-0.1588982861316456,0.39482167932881,0.4255970204355242,3.616845582163501
2423,2022,2423,-0.14385646350137923,-0.10776358757117802,0.17974335285994475,3.6153528683450267
2424,2022,2424,0.2661079810543261,-0.04778578307645046,0.27036445521746966,3.613861386138614
2425,2022,2425,0.035889657191005876,0.027192716961139136,0.04502789523191756,3.6123711340206186
2426,2022,2426,0.04552825153654129,-0.3082831326612625,0.3116268787691719,3.6108821104699094
2427,2022,2427,0.049790610317583514,0.2906392188459814,0.2948732955138524,3.6093943139678615
2428,2022,2428,-0.0004929680786707627,0.15176169763887118,0.15176249829176755,3.6079077429983526
2429,2022,2429,0.2738537447785475,-0.22236125569601903,0.35276111118424636,3.606422396047756
2430,2022,2430,-0.01116228475282243,0.28865699155948565,0.2888727321452755,3.6049382716049383
2431,2022,2431,-0.2731085937829333,0.07432956398697577,0.28304273189853363,3.6034553681612507
2432,2022,2432,0.161007891231236,-0.12013744681031435,0.20088939037398323,3.601973684210526
2433,2022,2433,-0.005057658484494949,0.13884847554102292,0.138940559482866,3.6004932182490754
2434,2022,2434,-0.047558494778719304,-0.18616122353668144,0.19214008320569592,3.5990139687756777
2435,2022,2435,-0.024915892495055356,-0.06615968859599279,0.07069587041648115,3.597535934291581
2436,2022,2436,0.01375529105142453,0.19547287208590153,0.1959562495901078,3.5960591133004924
2437,2022,2437,0.27145282018042893,0.07017289404841157,0.28037629829041877,3.5945835043085763
2438,2022,2438,-0.14674641842028208,-0.1531183108451624,0.21208424843739876,3.593109105824446
2439,2022,2439,-0.18077469305586735,-0.0842308288109618,0.19943500738743086,3.591635916359164
2440,2022,2440,0.11480766773101242,0.11710236042678078,0.163993180917251,3.5901639344262297
2441,2022,2441,-0.0465593407554683,-0.1376583876233944,0.14531897293421983,3.5886931585415813
2442,2022,2442,0.2647123310985722,-0.09951252724809515,0.2827991536673032,3.5872235872235874
2443,2022,2443,0.07352342617014009,-0.19049306546376554,0.20418937823887537,3.5857552189930413
2444,2022,2444,0.10634285391049617,0.12770729338490117,0.16618650776018595,3.5842880523731586
2445,2022,2445,0.028970522613235697,0.46916881177421915,0.47006240556134316,3.5828220858895707
2446,2022,2446,0.11417323749453444,-0.3912786370543208,0.4075960009311552,3.581357318070319
2447,2022,2447,0.27629226025617276,0.1286337966747462,0.30476887427101973,3.579893747445852
2448,2022,2448,-0.43041049099127676,0.35857932026126815,0.5602073898784138,3.5784313725490198
2449,2022,2449,0.14023740336100693,-0.22783650308033798,0.2675369160271431,3.576970191915067
2450,2022,2450,0.10096992612112196,0.3582081910239885,0.3721666751572245,3.5755102040816324
2451,2022,2451,-0.11144211322423017,-0.2836989844624142,0.3048023267379816,3.574051407588739
2452,2022,2452,0.3471632240956848,0.004789921259344102,0.3471962665556491,3.572593800978793
2453,2022,2453,-0.45914971450539704,0.5069267677408617,0.6839540980084738,3.5711373827965756
2454,2022,2454,0.03541827569137985,-0.3144322542528791,0.3164207590653587,3.569682151589242
2455,2022,2455,0.22984498923538446,0.07314100418303308,0.24120183575071824,3.5682281059063135
2456,2022,2456,-0.37448245596006796,0.22138015209870954,0.4350244608813762,3.566775244299674
2457,2022,2457,-0.0915290127546698,-0.3431238075337442,0.35512182060850395,3.5653235653235655
2458,2022,2458,-0.01424428575669007,-0.07873320691477309,0.08001135886736781,3.563873067534581
2459,2022,2459,0.2047568231987747,0.03695394653653043,0.20806477551733504,3.5624237494916633
2460,2022,2460,0.07443621193029279,-0.08236662174886776,0.11101806170552843,3.5609756097560976
2461,2022,2461,-0.22825546714202866,-0.16281105120877773,0.2803711766140253,3.5595286468915077
2462,2022,2462,0.043410964465967476,0.03568250201846089,0.05619388566528352,3.5580828594638505
2463,2022,2463,0.23988126883616898,-0.11373683168982841,0.26547898225903066,3.556638246041413
2464,2022,2464,0.011029471710617265,0.10038556549683472,0.10098965791770265,3.5551948051948052
2465,2022,2465,-0.2461786535161768,-0.04401582100729937,0.25008263023645694,3.5537525354969572
2466,2022,2466,0.1734118963816197,-0.5086035546135507,0.5373539444092772,3.5523114355231145
2467,2022,2467,0.3290423900560686,0.27547214302153583,0.42913144377298607,3.550871503850831
2468,2022,2468,-0.10807851892231742,0.16030628049493628,0.19333667478924663,3.5494327390599674
2469,2022,2469,0.1565660117463897,-0.29694848903012855,0.3356952802340942,3.547995139732685
2470,2022,2470,0.10214335607503974,0.10243095120582411,0.14465602287911236,3.5465587044534415
2471,2022,2471,-0.04433895961965309,0.1932647865867308,0.19828570567382772,3.5451234318089844
2472,2022,2472,0.16940721125168323,0.015011315728565913,0.17007099348206067,3.5436893203883497
2473,2022,2473,-0.24878805090437844,0.1430461926033375,0.2869803259652318,3.542256368782855
2474,2022,2474,-0.08637672850396325,-0.3226869045024222,0.33404756781692446,3.5408245755860954
2475,2022,2475,0.37094927732849226,-0.09732855293750858,0.3835051675889649,3.5393939393939395
2476,2022,2476,-0.18449407013670405,0.4414356067499865,0.4784385611782727,3.5379644588045234
2477,2022,2477,0.05069273739267714,-0.3178927630952287,0.3219092456775389,3.536536132418248
2478,2022,2478,0.2463366327938055,-0.06989164538119558,0.2560597171565277,3.5351089588377724
2479,2022,2479,-0.3378861722915246,0.33130050897778823,0.4732093539594916,3.5336829366680114
2480,2022,2480,0.20243859432002623,-0.12607310582027473,0.23848650377209682,3.532258064516129
2481,2022,2481,0.011234990033962158,0.2278310976723129,0.22810794389418843,3.5308343409915355
2482,2022,2482,-0.2789406758972541,-0.18539504317155175,0.33493166870661617,3.5294117647058822
2483,2022,2483,0.2681919899619115,-0.27715431843003846,0.3856701436514748,3.5279903342730567
2484,2022,2484,-0.09761000193121933,0.25470619726140326,0.2727690587298668,3.526570048309179
2485,2022,2485,-0.07207415119525507,0.09048351080365034,0.11568037429862853,3.5251509054325956
2486,2022,2486,0.27468405407836305,-0.09675097743699561,0.29122513833791736,3.523732904263878
2487,2022,2487,-0.18580799569236095,-0.10206367297770011,0.2119943504080034,3.522316043425814
2488,2022,2488,-0.05762458276034413,0.13535983021052195,0.1471151799540927,3.5209003215434085
2489,2022,2489,-0.011850368922153427,-0.052554078370796765,0.053873577911579144,3.519485737243873
2490,2022,2490,-0.026916498251588566,0.0422699423284234,0.050112332839092714,3.5180722891566263
2491,2022,2491,0.03574606152676714,-0.01535571179404334,0.038904740063096986,3.5166599759132877
2492,2022,2492,0.0852843197827376,-0.5211400504003041,0.5280723125974659,3.5152487961476724
2493,2022,2493,0.2552772476797424,0.37880869440628834,0.45679590644043794,3.5138387484957883
2494,2022,2494,-0.16851964239555686,0.3774907898216382,0.4133983143087192,3.51242983159583
2495,2022,2495,0.07105144319187744,-0.3619363998802747,0.36884449994264884,3.5110220440881763
2496,2022,2496,0.047887027919835165,0.17943772402129407,0.18571770040827332,3.5096153846153846
2497,2022,2497,-0.01887657614484718,0.02571362177842667,0.03189851833418273,3.5082098518221865
2498,2022,2498,-0.07263551601489943,0.18336105979154915,0.19722372178475583,3.5068054443554844
2499,2022,2499,-0.2635550630397865,0.01555965092289057,0.26401396552218226,3.5054021608643455
2500,2022,2500,0.32182219515147864,-0.3960979380017166,0.5103558579866877,3.504
2501,2022,2501,-0.07844738929526854,0.32357207985746794,0.33294576698094697,3.502598960415834
2502,2022,2502,-0.3610892034829716,0.0583692826113617,0.3657764153475889,3.501199040767386
2503,2022,2503,0.3346136175964769,-0.15094845847778313,0.36708542629450747,3.499800239712345
2504,2022,2504,-0.12638825990437655,0.13108718735379998,0.1820929513462465,3.498402555910543
2505,2022,2505,-0.1946028847786246,-0.24949180362830947,0.3164118247503869,3.497005988023952
2506,2022,2506,0.23584055421474093,0.09466965649535676,0.25413207368072416,3.49561053471668
2507,2022,2507,-0.2778402922299377,0.14628895267694567,0.31399949946096223,3.494216194654966
2508,2022,2508,0.01783601833398427,-0.45405456234005126,0.45440474153756993,3.492822966507177
2509,2022,2509,0.34485357253277577,0.06728267743022297,0.35135586685125647,3.491430848943802
2510,2022,2510,-0.4379785924189917,0.171243004343743,0.47026525913997985,3.49003984063745
2511,2022,2511,0.10761057503726974,-0.18996956410843516,0.21833110439742826,3.4886499402628437
2512,2022,2512,0.33785061684179474,0.12537172197929441,0.36036246748577283,3.4872611464968153
2513,2022,2513,-0.20556778828305322,-0.0009449959500163,0.20556996034667063,3.485873458018305
2514,2022,2514,0.03657214264160499,-0.1698092110580875,0.17370287786207805,3.484486873508353
2515,2022,2515,0.05857567985892992,-0.03513055168385168,0.06830275201298716,3.4831013916500995
2516,2022,2516,0.11500197525917845,0.07839026524869278,0.13917790054197937,3.481717011128776
2517,2022,2517,0.13533386733752711,0.1699579896527645,0.21725785117077034,3.4803337306317044
2518,2022,2518,-0.002971669113880244,-0.23520090036477195,0.23521967253978093,3.4789515488482925
2519,2022,2519,0.10599975470410514,0.03941824199187511,0.11309175831624728,3.477570464470028
2520,2022,2520,0.04194043479533258,0.2678370691872978,0.2711008957964966,3.4761904761904763
2521,2022,2521,0.020425377565016747,-0.041073062655439925,0.045871478334267614,3.474811582705276
2522,2022,2522,-0.09940148311481899,0.11104591467462613,0.14903640498666756,3.4734337827121333
2523,2022,2523,0.10876713893787936,-0.15309327088607483,0.18779733784941957,3.4720570749108206
2524,2022,2524,0.09738535035798666,0.16713067126501438,0.19343362619214405,3.4706814580031695
2525,2022,2525,-0.1799015426026485,0.1548585758740891,0.23737258382669968,3.4693069306930693
2526,2022,2526,0.21852983791791591,-0.14018930678523703,0.25963114566121664,3.467933491686461
2527,2022,2527,-0.07316912372465172,0.09483304919325193,0.11977907950023298,3.4665611396913336
2528,2022,2528,-0.1017011745123052,-0.12044159245044443,0.1576366267375108,3.4651898734177213
2529,2022,2529,0.11576227261283178,0.18901083285493875,0.22164385553632018,3.4638196915776986
2530,2022,2530,-0.24413675004675103,-0.006814590257104708,0.24423183937349777,3.4624505928853755
2531,2022,2531,0.27322806388431226,-0.27002053078107197,0.38414146084126566,3.4610825760568944
2532,2022,2532,0.015534051557539823,0.22408984821632985,0.22462761814035703,3.4597156398104265
2533,2022,2533,-0.18864287486002349,-0.24574975074451078,0.30980489703431685,3.4583497828661667
2534,2022,2534,0.36561021784405834,0.12719884892887848,0.3871051259810589,3.45698500394633
2535,2022,2535,-0.02451769128770513,0.07299098988329236,0.07699871291276303,3.455621301775148
2536,2022,2536,0.03715462008751115,-0.27325035318343616,0.2757647934539866,3.454258675078864
2537,2022,2537,0.1687077226139352,0.3171279570874986,0.35921085289293647,3.452897122585731
2538,2022,2538,-0.06418258688545266,-0.12595491449897245,0.1413649353473206,3.451536643026005
2539,2022,2539,0.24068266568120256,0.1203058407789544,0.2690755300746254,3.4501772351319415
2540,2022,2540,-0.054606525929546075,0.0904420915090954,0.10564868475581593,3.4488188976377954
2541,2022,2541,-0.007725354467283022,-0.2172586040153261,0.21739591100187106,3.447461629279811
2542,2022,2542,0.14883344494206832,0.4176023504802414,0.4433318367317489,3.4461054287962236
2543,2022,2543,-0.049443764323680015,0.07291344282567988,0.08809685564870805,3.4447502949272515
2544,2022,2544,0.0708800075721047,-0.08963223006467481,0.11427122183554535,3.443396226415094
2545,2022,2545,-0.03219107937165269,0.21235230989866427,0.21477841863280955,3.4420432220039294
2546,2022,2546,0.13771980359459918,-0.013412217728797804,0.13837135500724004,3.4406912804399057
2547,2022,2547,-0.1297659071419496,0.31231272231553625,0.3381987983073186,3.4393404004711425
2548,2022,2548,-0.08177590323560703,0.007389374828845901,0.0821090811686536,3.437990580847724
2549,2022,2549,0.04962502575973071,-0.17638249256464344,0.18323052929293862,3.436641820321695
2550,2022,2550,-0.13735886468950984,0.08422685769030289,0.16112610361196478,3.4352941176470586
2551,2022,2551,0.13215455949596655,0.19344322779741455,0.23427571358605523,3.4339474715797724
2552,2022,2552,-0.17365672142089789,-0.009298128623204132,0.17390546883450497,3.4326018808777428
2553,2022,2553,0.06787324874669141,-0.38858370136281684,0.39446681845277815,3.4312573443008225
2554,2022,2554,0.4898569994590094,0.24255130273698874,0.5466177955193138,3.4299138606108066
2555,2022,2555,-0.6336283514624182,0.4784576248801552,0.7939814774810185,3.4285714285714284
2556,2022,2556,0.21249691267727544,-0.41626375604857035,0.46736543785033713,3.427230046948357
2557,2022,2557,0.5283956291914436,0.20633544473804646,0.5672532562302917,3.4258897145091907
2558,2022,2558,-0.5127758132356156,0.033493212511225945,0.513868494776406,3.424550430023456
2559,2022,2559,-0.01623008959153581,-0.3414195481056543,0.3418050959784223,3.4232121922626026
2560,2022,2560,0.3054934400941195,0.43873227253587616,0.5346141121454181,3.421875
2561,2022,2561,-0.14349816942615704,-0.3029123651405368,0.33518297329024926,3.4205388520109334
2562,2022,2562,0.4097950325569386,-0.07306100009911214,0.4162569860600838,3.4192037470725993
2563,2022,2563,-0.2843211767930455,0.5212417158881295,0.5937435961380837,3.4178696839641045
2564,2022,2564,-0.19759944166558177,-0.31177297329910236,0.3691177674216082,3.4165366614664587
2565,2022,2565,0.6211796694915918,0.05579758267072664,0.6236806490677579,3.415204678362573
2566,2022,2566,-0.1314904045151171,0.3686963919266767,0.3914418933881486,3.4138737334372564
2567,2022,2567,-0.22672081277670225,-0.10044466487810197,0.24797471171190558,3.412543825477211
2568,2022,2568,-0.050627980005874144,0.0629652095680152,0.0807948635460155,3.411214953271028
2569,2022,2569,0.2523848801434916,-0.049853545186619955,0.25726154724855205,3.4098871156091866
2570,2022,2570,-0.015163215981906163,0.13411664082655256,0.13497109492595977,3.4085603112840466
2571,2022,2571,-0.37147391299382054,0.11364090436957289,0.38846766040543834,3.407234539089848
2572,2022,2572,0.14306449299173943,-0.13133726492082592,0.19420846096879166,3.405909797822706
2573,2022,2573,-0.052160910112025206,0.1379092250469476,0.14744393814858722,3.4045860862806063
2574,2022,2574,0.11316576794157948,0.055873812368890795,0.1262076619799346,3.403263403263403
2575,2022,2575,-0.15586437153573643,-0.01373799227667346,0.15646863821873067,3.4019417475728155
2576,2022,2576,-0.40435472735441397,-0.21253224119573252,0.4568070698681704,3.400621118012422
2577,2022,2577,0.47131672976340244,0.03714810139516089,0.47277842716449453,3.3993015133876603
2578,2022,2578,0.0298448884473502,0.08073938267786593,0.08607883178597195,3.3979829325058186
2579,2022,2579,-0.18692305333135542,-0.3013085548594655,0.3545801363559672,3.3966653741760373
2580,2022,2580,0.15147756147030525,0.29599553018134217,0.33250384285948326,3.395348837209302
2581,2022,2581,-0.09955268474489772,-0.08731485559700519,0.13241835615896635,3.3940333204184423
2582,2022,2582,0.2423407478251534,0.012044964026584448,0.24263989617302492,3.3927188226181255
2583,2022,2583,-0.006420759144726862,0.30085786437549916,0.3009263709025529,3.391405342624855
2584,2022,2584,-0.34448209656803475,-0.3735631054074874,0.5081508718654277,3.390092879256966
2585,2022,2585,0.11630348782594825,0.21229333872075568,0.24206396457483295,3.388781431334623
2586,2022,2586,0.11214908239219841,0.07566283287513217,0.135285922993127,3.3874709976798143
2587,2022,2587,0.007185229552413752,-0.22935285408869777,0.22946537691414878,3.386161577116351
2588,2022,2588,0.00603601561404253,0.23382040264108161,0.23389829878759377,3.384853168469861
2589,2022,2589,-0.05994387133608568,0.06057611902127933,0.08522167509757946,3.3835457705677867
2590,2022,2590,-0.045840606523512094,0.0738035612083229,0.08688110757508864,3.382239382239382
2591,2022,2591,-0.023686421996885244,-0.0032282644996652708,0.023905402709310887,3.3809340023157084
2592,2022,2592,-0.016018937259134707,-0.07709119354971121,0.07873791001691072,3.3796296296296298
2593,2022,2593,-0.30013367003338226,0.07592181057346051,0.30958737249516427,3.3783262630158117
2594,2022,2594,-0.054330745102309314,-0.11563730308742758,0.1277646888960549,3.377023901310717
2595,2022,2595,0.39001798978831603,-0.27105645835550235,0.4749585623764953,3.3757225433526012
2596,2022,2596,-0.14805010420559392,0.08807500166020867,0.1722673482489731,3.37442218798151
2597,2022,2597,-0.192214018422965,0.09622450140790088,0.21495437550676436,3.3731228340392763
2598,2022,2598,0.08522654496792346,-0.2613187141388528,0.2748654840578441,3.371824480369515
2599,2022,2599,0.15717257182643998,0.06180255804179297,0.16888686602292857,3.370527125817622
2600,2022,2600,-0.013290178942571266,-0.09053092491835503,0.09150124164675799,3.3692307692307693
2601,2022,2601,-0.04641100060556051,-0.18993236831427845,0.19552055009814204,3.3679354094579006
2602,2022,2602,-0.10923553539567196,0.17155336308336436,0.20337885479663745,3.366641045349731
2603,2022,2603,0.2547328145034827,-0.26546389162462514,0.3679128762918695,3.36534767575874
2604,2022,2604,0.4134962426579922,-0.10474638628122962,0.426557086603017,3.3640552995391704
2605,2022,2605,-0.2173560827529445,0.3185605789098071,0.3856481675634623,3.362763915547025
2606,2022,2606,-0.04840420175136553,-0.10349784457602985,0.11425747493740149,3.3614735226400616
2607,2022,2607,0.3405522734865968,-0.04554598188194875,0.3435844691520276,3.3601841196777906
2608,2022,2608,-0.012653328044788373,0.20167249174507948,0.2020690491819026,3.3588957055214723
2609,2022,2609,-0.12199839593620729,-0.17526239940790866,0.21354277617663608,3.3576082790341126
2610,2022,2610,0.08249532461707446,-0.04163947569099043,0.09240846562678699,3.3563218390804597
2611,2022,2611,0.15305260315856015,0.30326215522447275,0.33969550206766636,3.355036384527001
2612,2022,2612,0.08367930784564734,-0.1963975177716586,0.2134811737563656,3.3537519142419603
2613,2022,2613,0.3162414697696377,0.010532829414425508,0.31641682587614406,3.352468427095293
2614,2022,2614,-0.28785084555803064,0.3893942914147844,0.48423756925180356,3.351185921958684
2615,2022,2615,0.02426329685173501,-0.13537433572758098,0.13753151765249746,3.349904397705545
2616,2022,2616,0.2508069505502504,0.06836893684021052,0.25995853124869056,3.3486238532110093
2617,2022,2617,-0.30719171666763634,0.27657669097113585,0.4133538638718072,3.34734428735193
2618,2022,2618,0.08801617828079887,-0.34853574113115615,0.3594774130387077,3.3460656990068753
2619,2022,2619,0.06281321753765502,0.21500758588315172,0.22399500504416084,3.3447880870561284
2620,2022,2620,-0.04637723791523505,0.2477490626070399,0.25205246719544977,3.3435114503816794
2621,2022,2621,0.12437127181273362,-0.32452152173318355,0.34753766892286364,3.342235787867226
2622,2022,2622,-0.050548180994873355,0.28073376175644477,0.28524824906003327,3.3409610983981692
2623,2022,2623,-0.12278291385899945,0.3375029281855498,0.3591432450562405,3.339687380861609
2624,2022,2624,-0.15401784077490727,-0.01628469864556111,0.15487635935462013,3.3384146341463414
2625,2022,2625,-0.07031283708701236,-0.03335250921351176,0.07782213650409585,3.337142857142857
2626,2022,2626,-0.005424348567957878,-0.21021055224625557,0.210280526518892,3.3358720487433358
2627,2022,2627,-0.0973332949856416,0.01372481120884009,0.09829618891635741,3.3346022078416446
2628,2022,2628,-0.11161639109138866,0.15167935999922066,0.1883211273597283,3.3333333333333335
2629,2022,2629,0.21223760360176205,-0.31523143007600335,0.38002059798171584,3.3320654241156333
2630,2022,2630,0.06948549642201834,0.00428392930271213,0.0696174278703613,3.3307984790874525
2631,2022,2631,-0.16048289374854222,0.1960859981574442,0.2533860253828279,3.3295324971493727
2632,2022,2632,0.1323316955934597,-0.0861563611072279,0.1579069226407732,3.3282674772036476
2633,2022,2633,0.02577992819876066,0.0638274110329116,0.06883707647116852,3.3270034181541965
2634,2022,2634,-0.014237711043771608,0.0032459225462162975,0.01460302807440879,3.3257403189066057
2635,2022,2635,0.08795214585208652,-0.15893729400561732,0.18164978223442696,3.3244781783681217
2636,2022,2636,0.0543573158420924,0.13557985143822798,0.14607057849399022,3.323216995447648
2637,2022,2637,0.01828388584011861,0.2853377958036635,0.2859229934711576,3.321956769055745
2638,2022,2638,-0.016745831568561347,-0.1995494939846667,0.20025090118263927,3.3206974981046247
2639,2022,2639,0.09184935661476769,0.08945607972686354,0.12821347242254122,3.319439181508147
2640,2022,2640,-0.2820144939309302,0.39489150338410145,0.4852540306190918,3.3181818181818183
2641,2022,2641,-0.15029359654298255,-0.3152231317084212,0.34921882527419607,3.316925407042787
2642,2022,2642,0.12557759789361578,0.1388601732909783,0.18722147531501607,3.315669947009841
2643,2022,2643,-0.2620138791204525,-0.07527021918789571,0.2726112227116502,3.3144154370034054
2644,2022,2644,0.16390856882829613,-0.4001746893466994,0.4324416734417113,3.313161875945537
2645,2022,2645,-0.05327430559562384,0.36613049405013454,0.36998606772430165,3.3119092627599245
2646,2022,2646,-0.013474313395897556,-0.23996781993097974,0.24034581694699408,3.310657596371882
2647,2022,2647,0.2570435355322413,0.028378901499048884,0.2586053773787531,3.309406875708349
2648,2022,2648,-0.2504593270440265,0.09325268428788339,0.2672563144815147,3.308157099697885
2649,2022,2649,0.26530238906234355,-0.30352331208730604,0.40312747192747267,3.3069082672706682
2650,2022,2650,-0.04727626370381259,0.35210791167347566,0.3552675422450643,3.3056603773584907
2651,2022,2651,-0.2439988431735104,-0.3521641941205969,0.4284332562845942,3.304413428894757
2652,2022,2652,0.5599208322078204,-0.15672887185065731,0.58144241126003,3.3031674208144794
2653,2022,2653,-0.12528867598235333,0.31052169757531334,0.3348447057883184,3.301922352054278
2654,2022,2654,0.18593958016697648,-0.06497285636501636,0.19696446262435394,3.300678221552374
2655,2022,2655,0.21307708498357383,0.2347741509811192,0.3170500687809458,3.2994350282485874
2656,2022,2656,-0.23194137377850427,0.04986166357638932,0.2372403556835659,3.2981927710843375
2657,2022,2657,0.20541463997880807,0.12053929636485719,0.23816988954474955,3.2969514490026346
2658,2022,2658,-0.16180796566468228,0.08472895630679869,0.18264942865878997,3.295711060948081
2659,2022,2659,-0.008601000473145238,-0.02624331921559441,0.02761682481007966,3.294471605866867
2660,2022,2660,0.1146474712346854,0.21020037798732974,0.23943316722318217,3.293233082706767
2661,2022,2661,-0.12425677744844575,-0.20996894812166547,0.24398095400500264,3.2919954904171362
2662,2022,2662,0.07063983439591694,0.2463592328301398,0.2562866711402245,3.2907588279489106
2663,2022,2663,-0.1269831045930053,0.12758583257239572,0.18000792628456536,3.2895230942546
2664,2022,2664,0.13816162936924548,-0.0784308068490226,0.15887110276243896,3.2882882882882885
2665,2022,2665,-0.15297975369529146,0.33204019698464654,0.365586511586895,3.2870544090056284
2666,2022,2666,-0.35057886432917257,-0.26470981057068926,0.4392912745852148,3.285821455363841
2667,2022,2667,0.33339810586536334,-0.018113965712063602,0.33388982127107414,3.28458942632171
2668,2022,2668,-0.23660045902410892,0.22910870009512055,0.32934871135271643,3.28335832083958
2669,2022,2669,0.02558875456114176,-0.36776177655155134,0.36865093062725823,3.2821281378793556
2670,2022,2670,0.19838756990852277,-0.0369207224782057,0.20179387414518235,3.2808988764044944
2671,2022,2671,-0.22275752149462813,0.11401230249152172,0.2502393224532227,3.2796705353800073
2672,2022,2672,0.33658688401610404,-0.07744686887124276,0.3453820319438024,3.2784431137724552
2673,2022,2673,-0.06767823333252812,0.235076751396442,0.24462506477079718,3.277216610549944
2674,2022,2674,-0.2121092733240238,-0.12418160862107319,0.24578733846511058,3.275991024682124
2675,2022,2675,0.2566434949160775,-0.15484357181919878,0.29973724362592324,3.274766355140187
2676,2022,2676,-0.06318038224937127,0.06562946485530523,0.09109877802896377,3.273542600896861
2677,2022,2677,0.15385543251340095,0.05265419202785737,0.16261598338414385,3.2723197609264103
2678,2022,2678,-0.0028210284285977534,0.14170519129491496,0.14173326864686145,3.2710978342046304
2679,2022,2679,-0.03624148337350709,-0.16728667414228168,0.17116739310598303,3.2698768197088466
2680,2022,2680,0.3780711467763938,0.19529017333236956,0.42553030893815835,3.2686567164179103
2681,2022,2681,-0.20610256478894107,0.26307438134409256,0.3341951485766313,3.267437523312197
2682,2022,2682,-0.0611319564494297,-0.16962135782439702,0.18030119558540675,3.266219239373602
2683,2022,2683,0.09094708173979331,0.26139820808464215,0.2767677634169965,3.2650018635855385
2684,2022,2684,-0.24735556112667173,-0.16938481656335633,0.2997932449247189,3.263785394932936
2685,2022,2685,0.24100453457253,0.04237721655042186,0.24470188836027226,3.2625698324022347
2686,2022,2686,0.037765354461961685,0.3048247994499117,0.30715530331953655,3.261355174981385
2687,2022,2687,-0.1445758931708796,-0.15506524120636514,0.2120080609706758,3.260141421659844
2688,2022,2688,-0.031958890582272394,0.16437332592814244,0.1674513689520901,3.2589285714285716
2689,2022,2689,0.05210913126290355,-0.04350304949743509,0.06788134409799794,3.2577166232800296
2690,2022,2690,0.07690654721162371,0.09250271249530957,0.12029700255203206,3.2565055762081783
2691,2022,2691,-0.3871014804106854,0.16715040753945976,0.42164773790066956,3.2552954292084726
2692,2022,2692,0.10810695300892535,-0.3383593059698011,0.3552099846924907,3.2540861812778603
2693,2022,2693,0.07853784293354482,0.14360087880389186,0.16367469311382316,3.252877831414779
2694,2022,2694,-0.09612151044224024,-0.08543335785762234,0.12860094635937272,3.2516703786191536
2695,2022,2695,0.27120883266957413,0.1073359148168417,0.2916765837834113,3.250463821892393
2696,2022,2696,-0.3876185676338832,0.12276355387101429,0.4065944467569432,3.249258160237389
2697,2022,2697,0.18909526168162402,-0.24996323609756652,0.3134304346913517,3.2480533926585093
2698,2022,2698,0.26342756563606445,0.28380672273017404,0.38722130391261395,3.2468495181616013
2699,2022,2699,-0.3560638724528488,-0.06301270725547924,0.3615965742948671,3.2456465357539828
2700,2022,2700,0.29068199412245677,0.09820820906000972,0.30682384854144334,3.2444444444444445
2701,2022,2701,-0.2093192433904349,0.18084613401817165,0.2766222511709111,3.2432432432432434
2702,2022,2702,0.13678635266633635,-0.3983998716819632,0.4212279240885677,3.242042931162102
2703,2022,2703,0.3282044326124475,0.5008558718740188,0.5988111171121843,3.2408435072142066
2704,2022,2704,-0.5317090664406597,0.04557998927170384,0.533659129742204,3.239644970414201
2705,2022,2705,0.21629427520533293,-0.30021727705840257,0.37001841431334465,3.2384473197781887
2706,2022,2706,0.2115081497413051,0.3719872309619329,0.4279137733302315,3.237250554323725
2707,2022,2707,-0.14296352645562452,-0.11790868103423652,0.18531332105345633,3.236054673069819
2708,2022,2708,-0.06292175325607359,0.16811484342667468,0.17950417157602092,3.234859675036928
2709,2022,2709,-0.1257421027735689,0.09125330179781997,0.1553648657159101,3.2336655592469548
2710,2022,2710,0.054827031880640004,-0.10009706266478209,0.1141289857089689,3.2324723247232474
2711,2022,2711,0.12309746927050096,0.053274965635790185,0.13413131216944293,3.231279970490594
2712,2022,2712,-0.12275620906772688,0.08326308348108094,0.14833013158309044,3.230088495575221
2713,2022,2713,-0.20891150619728677,0.09834094803700352,0.23090032369495633,3.228897899004792
2714,2022,2714,0.06510947450306782,-0.14347794618196252,0.15756003525850004,3.227708179808401
2715,2022,2715,0.1988644383034295,0.12796475116611958,0.2364784183868486,3.226519337016575
2716,2022,2716,-0.3527617878188132,-0.009791311027575605,0.352897646232961,3.2253313696612667
2717,2022,2717,-0.07786507981391802,-0.14128455254860678,0.16132047434621513,3.224144276775856
2718,2022,2718,0.20763654239292534,0.1702471517832775,0.26850889450297066,3.2229580573951435
2719,2022,2719,-0.17342814841297785,-0.14688070891199692,0.22726914729554612,3.221772710555351
2720,2022,2720,0.1455531839410907,-0.040343234578843,0.1510407426215607,3.2205882352941178
2721,2022,2721,0.026296217829757197,0.15440177395445975,0.15662502632859834,3.219404630650496
2722,2022,2722,-0.21818593733326339,-0.055647747815056894,0.22517054666825967,3.218221895664952
2723,2022,2723,0.3681685093454813,0.09218329202203698,0.3795336751879784,3.217040029379361
2724,2022,2724,-0.07039223359875842,-0.008372050529009306,0.07088834728700097,3.2158590308370045
2725,2022,2725,-0.24342998367675472,-0.12600840563209592,0.27410996925104325,3.214678899082569
2726,2022,2726,0.3113817976971989,0.20485626537841828,0.37272605677887916,3.2134996331621424
2727,2022,2727,-0.18672155356268114,0.04092176755160255,0.1911531575057252,3.2123212321232124
2728,2022,2728,0.038739270714636516,-0.06516481423610225,0.07581018473745865,3.2111436950146626
2729,2022,2729,-0.0001781939098034306,0.14659071051206707,0.146590818817217,3.2099670208867717
2730,2022,2730,-0.20732461652518114,-0.03728672621256947,0.21065088789028288,3.208791208791209
2731,2022,2731,0.18328831502817183,0.08173848833331829,0.20068828291876525,3.2076162577810328
2732,2022,2732,-0.07709836024967462,0.17194294149055211,0.18843707777826538,3.206442166910688
2733,2022,2733,-0.09397721084427028,-0.319583107798005,0.33311421306798017,3.2052689352360044
2734,2022,2734,0.14445466602747598,0.2841319277650157,0.31874457314999693,3.2040965618141914
2735,2022,2735,-0.21344280032948879,0.1560343522985791,0.2643946824535833,3.202925045703839
2736,2022,2736,0.020026587134285363,-0.19460447519399215,0.19563222116455212,3.2017543859649122
2737,2022,2737,-0.027006698255205214,0.023974423833107755,0.03611280588347005,3.2005845816587506
2738,2022,2738,-0.10305153552257122,-0.05668934684821863,0.11761505439201818,3.199415631848064
2739,2022,2739,-0.022293564393265342,0.044510998269734314,0.04978184388233284,3.1982475355969333
2740,2022,2740,0.06095436103216631,0.20014061896550042,0.20921687668238742,3.197080291970803
2741,2022,2741,-0.005452100125733452,-0.1434397411830063,0.1435433201038239,3.195913900036483
2742,2022,2742,-0.20976039485979897,-0.16896588326558135,0.26934901700109626,3.1947483588621446
2743,2022,2743,0.10093069835505948,0.14231686168309202,0.174473765906982,3.193583667517317
2744,2022,2744,-0.07877454102389116,-0.01981554406431834,0.0812285916416729,3.192419825072886
2745,2022,2745,0.02672131753469324,-0.20316830203433578,0.20491800253346457,3.191256830601093
2746,2022,2746,0.22944305374442117,0.09065826966555796,0.24670435093511903,3.190094683175528
2747,2022,2747,-0.1656744789519432,-0.07893479943655429,0.18351767091505636,3.188933381871132
2748,2022,2748,0.10940204957125813,-0.007583217298878019,0.10966455049373988,3.1877729257641922
2749,2022,2749,0.1975448334164407,0.32132772272054627,0.37719420276337967,3.186613313932339
2750,2022,2750,-0.1130652286349153,-0.10898013399527029,0.15703635098884824,3.1854545454545455
2751,2022,2751,0.0005367420854895889,0.061725878865987543,0.06172821246273784,3.184296619411123
2752,2022,2752,-0.06220596047049379,0.21400759483696188,0.22286505371178736,3.183139534883721
2753,2022,2753,-0.055569596641031,-0.03216453733426388,0.06420698975013654,3.1819832909553214
2754,2022,2754,0.032181982199240435,0.12587278871786234,0.12992166454400067,3.1808278867102397
2755,2022,2755,-0.03608774982961721,0.13425502430882716,0.13902063602188275,3.17967332123412
2756,2022,2756,-0.12433570580673482,-0.12507338052078126,0.17635962761742002,3.178519593613933
2757,2022,2757,0.02826281812144519,0.1498089807740473,0.15245168942561693,3.177366702937976
2758,2022,2758,-0.04720933153414306,0.1383501883584628,0.14618308931857601,3.1762146482958666
2759,2022,2759,-0.14132161101941057,-0.15894548414712106,0.2126863057930254,3.175063428778543
2760,2022,2760,0.06522769507200168,0.1628645320547241,0.17544089604710267,3.1739130434782608
2761,2022,2761,-0.21669072446950552,0.041176630197277325,0.2205683226248105,3.172763491488591
2762,2022,2762,-0.00748838182390991,-0.19540871192802495,0.19555214281544067,3.171614771904417
2763,2022,2763,0.06950947264022464,0.25488662899438064,0.26419455033524286,3.1704668838219328
2764,2022,2764,-0.06952283233590796,-0.28300438274051026,0.29141877919300946,3.1693198263386395
2765,2022,2765,0.07293374795951278,-0.13780878593939708,0.15591854627821636,3.1681735985533455
2766,2022,2766,-0.04320221599162086,0.3294776181958275,0.33229795719893035,3.1670281995661607
2767,2022,2767,0.041018610830045675,-0.1466817818989793,0.15230913162212723,3.1658836284784964
2768,2022,2768,0.035121148389101645,0.040813773653521,0.05384476932822855,3.1647398843930636
2769,2022,2769,0.04418087483774361,0.0023317144536297613,0.04424236198172101,3.1635969664138677
2770,2022,2770,-0.10336750925784523,-0.06643219824460228,0.12287424031822478,3.1624548736462095
2771,2022,2771,-0.0041123890019137905,-0.03322444087730242,0.03347798104594161,3.1613136051966797
2772,2022,2772,0.3729516047320053,0.10645394450934195,0.3878470597719879,3.16017316017316
2773,2022,2773,-0.15827357281539164,0.08686691177686755,0.18054468758010903,3.159033537684818
2774,2022,2774,-0.18700220897709585,-0.11526656490490984,0.2196729549746423,3.1578947368421053
2775,2022,2775,0.20039227884527155,0.27025508582556024,0.3364444632259268,3.156756756756757
2776,2022,2776,-0.1864197074566424,0.08053585514738072,0.2030722317121177,3.155619596541787
2777,2022,2777,0.013079233216805515,-0.05306067934979323,0.054648897835191175,3.1544832553114874
2778,2022,2778,-0.11291980551988176,-0.014075798833074324,0.1137937194727244,3.1533477321814254
2779,2022,2779,-0.10097858441125376,-0.1827883519367947,0.20882589904863388,3.152213026268442
2780,2022,2780,0.1582511839019428,0.29245002811076887,0.33252136194289234,3.1510791366906474
2781,2022,2781,0.020144310352166087,-0.0945711313338635,0.0966927718153288,3.149946062567422
2782,2022,2782,-0.07685895191364828,-0.07264746587100596,0.10575893714832554,3.1488138030194106
2783,2022,2783,-0.12984087883259143,0.26786500335472263,0.29767484582719655,3.1476823571685233
2784,2022,2784,0.08333350057019616,-0.057686069287305346,0.10135163988363817,3.146551724137931
2785,2022,2785,-0.0570185415695319,0.18066159364277973,0.1894458379069472,3.1454219030520645
2786,2022,2786,-0.17488685299633472,-0.13190492747322302,0.21905323837523566,3.1442928930366114
2787,2022,2787,-0.00999951119571858,-0.2911246769979934,0.2912963573087368,3.1431646932185147
2788,2022,2788,-0.11420505878184375,0.2534140874551645,0.27795952074375535,3.1420373027259685
2789,2022,2789,0.12789563837576323,0.04131528261932952,0.13440329941433385,3.1409107206884186
2790,2022,2790,0.08544187150488314,-0.11125427223578677,0.14027767640281014,3.139784946236559
2791,2022,2791,-0.2503556455475238,-0.13026624323751568,0.28221843204286456,3.138659978502329
2792,2022,2792,0.1519918256609082,-0.01867286113570405,0.15313455132898388,3.1375358166189113
2793,2022,2793,0.11507851253412998,0.31009791116051877,0.3307624201041964,3.1364124597207304
2794,2022,2794,-0.24701462498099866,-0.08661103417773584,0.2617588512273087,3.1352899069434503
2795,2022,2795,0.21817166205078475,-0.3038837502483454,0.374091175767353,3.1341681574239715
2796,2022,2796,-0.011391372361066857,0.1751705410822627,0.17554054183384865,3.133047210300429
2797,2022,2797,-0.15627010512901712,0.24304406856284036,0.28894768561214107,3.1319270647121917
2798,2022,2798,0.24761046732100628,-0.02424918534020124,0.24879502912355494,3.130807719799857
2799,2022,2799,-0.13842188340420014,-0.030856608709567468,0.14181942076535686,3.129689174705252
2800,2022,2800,-0.1451944982730246,0.05856323294303313,0.15656019475427113,3.1285714285714286
2801,2022,2801,0.05779461861384006,0.1923718398522454,0.20086598196025424,3.127454480542663
2802,2022,2802,-0.17383719371502881,0.036324849897622434,0.17759184845820275,3.126338329764454
2803,2022,2803,-0.04620874379281146,-0.07250505245846826,0.08597808229377372,3.1252229753835175
2804,2022,2804,-0.06154023426190553,-0.2748577183798651,0.2816628583714854,3.124108416547789
2805,2022,2805,-0.039944018706434374,0.005511414321959989,0.04032245426866134,3.122994652406417
2806,2022,2806,0.09197984076031117,0.4294218292516267,0.4391621551820073,3.121881682109765
2807,2022,2807,-0.12895862026396862,-0.36692671172055163,0.38892870492475,3.120769504809405
2808,2022,2808,0.012256381968920798,-0.09876098190455984,0.09951859346735605,3.1196581196581197
2809,2022,2809,-0.11464774456399801,0.23862897464493635,0.2647411809177133,3.118547525809897
2810,2022,2810,-0.045637756128793096,-0.15441563296584868,0.16101860913793437,3.117437722419929
2811,2022,2811,-0.08871184487144737,0.026587858256104088,0.09261050495026159,3.1163287086446103
2812,2022,2812,0.02797440930257685,-0.43636966792240395,0.43726542815381275,3.1152204836415365
2813,2022,2813,0.2990229078087109,-0.04089049976535686,0.3018057858382398,3.1141130465694986
2814,2022,2814,-0.23365884489520303,0.2647833757589932,0.3531383466519726,3.113006396588486
2815,2022,2815,0.2398902677491689,-0.26745917702994615,0.35927949000507114,3.1119005328596803
2816,2022,2816,0.22295543178277877,0.14595790474686457,0.26648233434796403,3.1107954545454546
2817,2022,2817,-0.28038978340460674,-0.008352113396108455,0.28051415015265047,3.109691160809372
2818,2022,2818,0.32135157191798536,0.001759909950239046,0.3213563910321266,3.108587650816182
2819,2022,2819,-0.10315354840297715,0.1943235137823275,0.22000518756801118,3.10748492373182
2820,2022,2820,-0.11820054527866092,-0.08075216497471656,0.14315125236014042,3.106382978723404
2821,2022,2821,0.33724467701211613,0.016768060388762312,0.33766128001624307,3.1052818149592345
2822,2022,2822,-0.16888543983437493,0.10107865153046246,0.1968227262875579,3.104181431608788
2823,2022,2823,0.0507317078344505,0.2759887805584485,0.28061274592209723,3.1030818278427206
2824,2022,2824,0.01733389123440701,-0.0794510292883195,0.08131992277603106,3.101983002832861
2825,2022,2825,-0.21226571797680718,0.020484976368048885,0.2132518916328973,3.1008849557522122
2826,2022,2826,-0.04184462143951874,0.2175031877742303,0.22149178096572505,3.099787685774947
2827,2022,2827,-0.12191214724703417,-0.1487470465645928,0.19232330984067345,3.098691192076406
2828,2022,2828,-0.061823654930539186,-0.040804931242842235,0.07407568239782517,3.0975954738330977
2829,2022,2829,-0.018184647978344633,-0.055757261112469356,0.05864770744760958,3.0965005302226936
2830,2022,2830,0.03712791946362815,-0.24794630618046268,0.2507106961264984,3.095406360424028
2831,2022,2831,0.08819625822032454,0.1761098652363044,0.19696005838142783,3.0943129636170963
2832,2022,2832,0.043646914878502766,-0.04518673118954259,0.06282430941926259,3.093220338983051
2833,2022,2833,0.083481225963206,0.006962344246482541,0.08377105302982879,3.0921284857042006
2834,2022,2834,-0.10875159779448759,0.08082851197739936,0.13549966188642165,3.0910374029640084
2835,2022,2835,0.08306878110088678,-0.10265203227617714,0.1320524976061277,3.0899470899470898
2836,2022,2836,0.05551454837913196,0.08435537369981701,0.10098363309851137,3.0888575458392102
2837,2022,2837,-0.14381569575379868,0.04554839033950642,0.1508562567733577,3.0877687698272824
2838,2022,2838,0.1662712032757133,-0.13545086489628144,0.2144599026389415,3.0866807610993656
2839,2022,2839,0.12029523887033271,0.13741846373398897,0.18263290686478173,3.0855935188446635
2840,2022,2840,-0.07485883633725213,0.14722035956945742,0.16515955815370734,3.084507042253521
2841,2022,2841,0.027539315625187327,-0.02963332897944948,0.04045427161015221,3.0834213305174236
2842,2022,2842,-0.05675685328176561,0.05041348524185147,0.07591350267691672,3.0823363828289936
2843,2022,2843,0.007018412645784213,0.08559421741965133,0.08588147746603482,3.081252198381991
2844,2022,2844,0.1623157984173166,-0.013808116608523114,0.1629020641370929,3.080168776371308
2845,2022,2845,-0.17696155593754537,-0.07195085950319666,0.19102962718668992,3.07908611599297
2846,2022,2846,0.12033687749129054,0.07255262343725266,0.14051635937491996,3.078004216444132
2847,2022,2847,0.14415719299614566,0.22537578545225337,0.26753605544066045,3.076923076923077
2848,2022,2848,-0.14273549008075614,-0.0014951470522166505,0.14274332066090303,3.0758426966292136
2849,2022,2849,0.06936391386696898,0.0994162932069317,0.12122273673676447,3.0747630747630748
2850,2022,2850,-0.10853675754650606,0.19814645808722262,0.22592531197548563,3.0736842105263156
2851,2022,2851,-0.24880262051942964,0.013447281293183337,0.2491657547728285,3.0726061031217116
2852,2022,2852,-0.029350402591307362,0.1126666022704024,0.11642684140450116,3.0715287517531555
2853,2022,2853,-0.045189276173619224,-0.22786843844472407,0.23230603935397942,3.070452155625657
2854,2022,2854,-0.041737159922478936,-0.0059248742645981,0.042155600499173045,3.06937631394534
2855,2022,2855,-0.04949539372634553,0.2479293162529434,0.2528215573438665,3.0683012259194395
2856,2022,2856,0.045922508886899006,-0.21970098708153313,0.22444910458067616,3.0672268907563027
2857,2022,2857,-0.1139192773693073,0.08026422256290185,0.13935547057784353,3.0661533076653833
2858,2022,2858,-0.00640519233752837,-0.09317745620406323,0.09339734917834046,3.065080475857243
2859,2022,2859,0.007189390955460599,0.054331986820934534,0.05480558488165839,3.0640083945435466
2860,2022,2860,-0.19733531386118644,0.2298854497923472,0.30296624584749166,3.062937062937063
2861,2022,2861,0.17396040703149387,-0.40983599276696353,0.4452277666339394,3.0618664802516604
2862,2022,2862,0.0001410786022932222,-0.010597129627486445,0.010598068669044187,3.060796645702306
2863,2022,2863,-0.02011168081798559,0.2312625246538892,0.2321353807902088,3.0597275585050645
2864,2022,2864,0.0892550033718732,0.03264544945089631,0.09503778720469097,3.058659217877095
2865,2022,2865,-0.12654468555219403,-0.10237358145910139,0.1627694922959058,3.0575916230366493
2866,2022,2866,0.21265189905498236,0.06688967187552164,0.22292388471248512,3.0565247732030705
2867,2022,2867,-0.1437936968679193,0.19317386973775855,0.24081688314651772,3.055458667596791
2868,2022,2868,-0.30347051516504436,-0.16775504878456132,0.3467507894255584,3.0543933054393304
2869,2022,2869,0.30759723483952006,0.04083995227156717,0.3102965687571532,3.0533286859532938
2870,2022,2870,-0.1355714882157426,0.07258475057507942,0.1537796294477189,3.052264808362369
2871,2022,2871,-0.1649195017596529,-0.1230436733823711,0.20576245434986376,3.051201671891327
2872,2022,2872,0.15162500984197438,0.15058002249716038,0.2136925052144416,3.050139275766017
2873,2022,2873,-0.1479893472409865,0.025046900152024005,0.1500939509242086,3.049077619213366
2874,2022,2874,0.009699244313226121,-0.041686390604560336,0.04279988904055273,3.048016701461378
2875,2022,2875,-0.025259284965294462,0.1279491172255133,0.13041858792268107,3.0469565217391303
2876,2022,2876,-0.28136681293990334,-0.21048745571251648,0.3513861870311455,3.0458970792767732
2877,2022,2877,0.21005259623951728,-0.0783183394883623,0.2241781779905797,3.0448383733055264
2878,2022,2878,0.1251652221439193,0.04394663344325857,0.13265609456535649,3.043780403057679
2879,2022,2879,-0.2066435511707736,-0.12525831728867204,0.2416427182649164,3.0427231677665856
2880,2022,2880,0.020957799367297993,0.042998886921126495,0.04783443979786676,3.0416666666666665
2881,2022,2881,0.15105196322784945,0.05745963744761212,0.16161158847866886,3.040610898993405
2882,2022,2882,0.06494129762910382,-0.06402144882975143,0.09119275216820866,3.039555863983345
2883,2022,2883,-0.16934312219675624,0.1299285072497116,0.21344439564318357,3.0385015608740895
2884,2022,2884,0.011352573879658073,-0.15676387820105891,0.15717440772062585,3.0374479889042996
2885,2022,2885,0.0548379394777626,-0.0018382298019384968,0.054868740599466004,3.0363951473136916
2886,2022,2886,0.021838726286734583,0.13681296075348037,0.13854499700804887,3.0353430353430353
2887,2022,2887,0.10194382261010526,-0.23269458831368076,0.2540458903403753,3.034291652234153
2888,2022,2888,-0.07247483453785677,-0.008809093801361875,0.07300823087084708,3.033240997229917
2889,2022,2889,0.11351292311405123,0.03778590753960923,0.11963677746616383,3.0321910695742473
2890,2022,2890,0.22513120704251702,0.09257615100563935,0.24342227531481092,3.0311418685121105
2891,2022,2891,-0.20760314698853413,0.09976284125980325,0.23032952727727207,3.030093393289519
2892,2022,2892,0.14997134819233507,-0.06528258172732318,0.1635641181788085,3.029045643153527
2893,2022,2893,-0.017329780173761314,0.24390079090856495,0.24451567861119747,3.0279986173522295
2894,2022,2894,-0.20383391515178395,-0.02009226537977404,0.20482178618056215,3.0269523151347615
2895,2022,2895,0.23560394725835287,0.08888782490641187,0.25181394993190837,3.0259067357512954
2896,2022,2896,-0.2528917489297144,0.22145313858148305,0.33614837388319946,3.0248618784530388
2897,2022,2897,-0.09718411469954903,-0.04984230577774976,0.10921999631559144,3.0238177424922332
2898,2022,2898,0.018277230479798748,0.14327484675197727,0.1444359334300653,3.022774327122153
2899,2022,2899,-0.24636434694358664,-0.2514376466785814,0.35201744503959326,3.0217316315971026
2900,2022,2900,0.013261762519297168,0.08614020154766118,0.08715508400426177,3.0206896551724136
2901,2022,2901,-0.28456491614309387,0.15768235008321213,0.3253320073821368,3.0196483971044468
2902,2022,2902,-0.02591766095429641,-0.5092390448819023,0.5098981564798739,3.018607856650586
2903,2022,2903,0.1423952371582447,0.10547507295231963,0.17720438645713568,3.0175680330692387
2904,2022,2904,-0.06139364691993991,-0.009148775709990554,0.06207157142462208,3.0165289256198347
2905,2022,2905,-0.029728224128120696,-0.11551403092905366,0.11927807280171047,3.0154905335628226
2906,2022,2906,-0.08837686346251392,0.04345170289123312,0.09848106660480391,3.0144528561596697
2907,2022,2907,0.3994953384574072,-0.3135620786123216,0.5078559860756572,3.0134158926728585
2908,2022,2908,-0.03134855240691533,0.32122757160107257,0.32275359718325575,3.0123796423658873
2909,2022,2909,-0.2586485096191557,0.09606095514512936,0.27591078020187076,3.011344104503266
2910,2022,2910,0.2607299243495166,-0.30048841023465195,0.39783586833850604,3.0103092783505154
2911,2022,2911,-0.0719553646288446,0.08650937926781457,0.11252309629659399,3.0092751631741668
2912,2022,2912,0.16020178070524274,0.05883045371692944,0.17066233569733674,3.008241758241758
2913,2022,2913,-0.14431952761069997,0.21951352504346366,0.262705755031714,3.007209062821833
2914,2022,2914,-0.26514209815318285,-0.0426306051381863,0.26854739005903594,3.0061770761839397
2915,2022,2915,0.2948264641625069,-0.20194454349428345,0.3573573038538327,3.0051457975986278
2916,2022,2916,-0.01055464694435943,0.09878387665277906,0.09934613660667205,3.0041152263374484
2917,2022,2917,-0.25794249057905216,0.2601401406662727,0.36634303764640125,3.0030853616729516
2918,2022,2918,-0.044584723151028495,-0.057329082743808706,0.0726252109580435,3.002056202878684
2919,2022,2919,0.05660714887749444,-0.2594082291418378,0.2655127090188774,3.001027749229188
2920,2022,2920,0.08182785093373286,0.1948779241427922,0.21136036172053896,3.0
2921,2022,2921,-0.22662572922021182,-0.019991474671399653,0.22750578059497736,2.998972954467648
2922,2022,2922,-0.1795111757075007,-0.13019267837059215,0.221753006079281,2.9979466119096507
2923,2022,2923,0.08070051116098266,0.13485369822345472,0.1571562675370807,2.9969209716045158
2924,2022,2924,-0.07453136732474058,-0.09516995495548705,0.12088111945843669,2.9958960328317374
2925,2022,2925,-0.11757854507448197,-0.1979673890093086,0.23025160449602713,2.994871794871795
2926,2022,2926,-0.07743438501955177,0.1266965929051025,0.14848606209714585,2.9938482570061518
2927,2022,2927,-0.04724043902757687,-0.15295870680562776,0.16008755437937142,2.992825418517253
2928,2022,2928,0.08812113796395739,-0.13045691700115356,0.15743043590585867,2.9918032786885247
2929,2022,2929,-0.07782865551109737,-0.08133965446656091,0.11257636966701577,2.99078183680437
2930,2022,2930,0.06276416825986829,-0.2537529072886667,0.26139984463423793,2.9897610921501707
2931,2022,2931,0.21875530238121543,0.13811905344029554,0.25870978961597146,2.9887410440122824
2932,2022,2932,-0.00761495035272746,-0.03903476997201899,0.03977060139906033,2.9877216916780354
2933,2022,2933,0.14493183900435155,-0.25143743732149454,0.2902171994282623,2.9867030344357315
2934,2022,2934,0.010788029602669029,0.1849002251366594,0.185214672308366,2.985685071574642
2935,2022,2935,0.1465424730820331,0.12091871123786721,0.18998955535614348,2.9846678023850086
2936,2022,2936,0.011096159971099433,0.18271416374646415,0.18305078639457942,2.983651226158038
2937,2022,2937,-0.1866367941978827,-0.183690310512703,0.26186909539828496,2.982635342185904
2938,2022,2938,0.2048985998178682,-0.040212421502922834,0.2088072677146359,2.9816201497617425
2939,2022,2939,-0.08926850806914638,0.3056977477140265,0.318465036527277,2.980605648179653
2940,2022,2940,-0.19762094039367936,-0.1415744350770633,0.24309947912217292,2.979591836734694
2941,2022,2941,0.25449272406120066,-0.08885143877499445,0.26955727549535186,2.9785787147228833
2942,2022,2942,-0.12267977045767828,-0.06050008746402303,0.13678664650726352,2.9775662814411965
2943,2022,2943,0.024971457222938098,0.09825096139229667,0.10137467677061958,2.976554536187564
2944,2022,2944,0.0038874505159026858,0.20448668627451713,0.20452363466124493,2.9755434782608696
2945,2022,2945,-0.060061461789253166,-0.17304434044193318,0.18317129401531668,2.974533106960951
2946,2022,2946,-0.005100874827438982,0.10835320689756238,0.10847320576525413,2.973523421588595
2947,2022,2947,-0.10530192861499585,-0.009334171878370297,0.10571481889826345,2.972514421445538
2948,2022,2948,0.08172146177159946,-0.06403685692325105,0.10382252336894879,2.971506105834464
2949,2022,2949,-0.047489424197847636,0.14109721768512667,0.14887467967766427,2.9704984740590032
2950,2022,2950,0.10581592934818874,-0.19077966482238462,0.21816024251353017,2.9694915254237286
2951,2022,2951,-0.0685847522034732,0.1343465724996018,0.15084054420878554,2.968485259234158
2952,2022,2952,-0.15600728592669347,-0.05449897859856742,0.1652525701176844,2.967479674796748
2953,2022,2953,0.3370672016597959,-0.15034375820606968,0.36907661002329945,2.966474771418896
2954,2022,2954,-0.1768334923724559,0.21679652275078753,0.2797692197177383,2.965470548408937
2955,2022,2955,0.0014498007755191487,-0.1203567973433965,0.12036552907310344,2.964467005076142
2956,2022,2956,0.211442971264957,-0.0070218675526601375,0.21155953469716401,2.9634641407307174
2957,2022,2957,-0.08130687671944627,0.08616567765730887,0.11847080740846873,2.962461954683801
2958,2022,2958,0.2553445722471297,0.08793557510818309,0.27006205943389483,2.9614604462474645
2959,2022,2959,-0.18243633231120304,0.1872577299509833,0.2614354084158439,2.9604596147347078
2960,2022,2960,-0.2655796364527537,-0.09217853050598046,0.2811217259206744,2.9594594594594597
2961,2022,2961,0.28794640383946235,0.05371665140591798,0.29291399782588684,2.9584599797365754
2962,2022,2962,-0.2178362058831525,0.1660132983314273,0.273885063149575,2.9574611748818365
2963,2022,2963,-0.3752925448911137,-0.07276157948944263,0.38228097219276697,2.9564630442119473
2964,2022,2964,0.25836881223682134,-0.2702869823174254,0.37391108026765674,2.9554655870445345
2965,2022,2965,-0.06063323066207762,0.11048386867279533,0.1260280678953232,2.954468802698145
2966,2022,2966,-0.1870785318781326,0.1367688246283599,0.23174142590374414,2.9534726904922453
2967,2022,2967,0.26089735466041114,-0.1337775163958514,0.2931959303296051,2.9524772497472194
2968,2022,2968,-0.21210069531184494,0.07920694592147615,0.2264076969406644,2.9514824797843664
2969,2022,2969,-0.058353629780914164,-0.08613646166748867,0.10404151160571792,2.950488379925901
2970,2022,2970,0.05472989536775539,0.06847640665523264,0.08766059385709317,2.9494949494949494
2971,2022,2971,-0.3613431485926912,0.04971446139931679,0.36474703385648505,2.94850218781555
2972,2022,2972,0.10425359475437745,-0.29613631442732374,0.3139514751387684,2.9475100942126513
2973,2022,2973,0.04026746767676238,-0.02243265477883764,0.04609439177953876,2.946518668012109
2974,2022,2974,-0.22315714624791497,-0.09129483324570759,0.241109639995739,2.945527908540686
2975,2022,2975,0.056791822160684895,-0.12495280392026985,0.13725346724898524,2.9445378151260506
2976,2022,2976,0.1367600111716592,-0.1199547247640059,0.18191326683032427,2.943548387096774
2977,2022,2977,-0.07409989186220979,0.06253232897655084,0.09695919833219932,2.9425596237823313
2978,2022,2978,-0.050183131545545365,-0.17771338484015162,0.18466291951299085,2.9415715245130962
2979,2022,2979,0.21540533281481045,-0.19802763953539274,0.29259939067779805,2.9405840886203425
2980,2022,2980,-0.10861949995792787,0.1397006311802878,0.17695892778631175,2.9395973154362416
2981,2022,2981,0.08322889586193875,-0.15270734513066567,0.17391544601688974,2.9386112042938612
2982,2022,2982,0.27605155128161846,-0.1303402313349335,0.30527534271446166,2.937625754527163
2983,2022,2983,-0.17907037775060425,0.15733111235717587,0.2383679489849472,2.9366409654710024
2984,2022,2984,0.22274309503183237,-0.040022329696037987,0.22631012628395192,2.935656836461126
2985,2022,2985,0.14435419683251371,0.16128948256164466,0.21645422455605526,2.9346733668341707
2986,2022,2986,-0.353731238058282,0.11287407829834914,0.3713035770497597,2.9336905559276625
2987,2022,2987,0.11569846882001215,-0.27016725598500196,0.2938987613001472,2.9327084030800132
2988,2022,2988,0.07638584190993424,0.09032467412064484,0.11829346389082598,2.931726907630522
2989,2022,2989,-0.04045146040665788,0.1837927144635177,0.18819161123413433,2.930746068919371
2990,2022,2990,0.10321527096648506,-0.17004585962155164,0.19891954789592042,2.9297658862876252
2991,2022,2991,-0.04252275298265232,-0.08691345799501987,0.09675811956562483,2.9287863590772316
2992,2022,2992,0.09743785338692505,0.19179961266793702,0.21513072001046843,2.927807486631016
2993,2022,2993,0.017962342348974116,0.08780521764385815,0.08962366868270373,2.926829268292683
2994,2022,2994,-0.18138143039969776,0.024281879143135298,0.18299954357473747,2.9258517034068134
2995,2022,2995,0.02050140265993248,-0.02826377589447726,0.034916307634655766,2.9248747913188646
2996,2022,2996,-0.09354119446057803,-0.09244417035795384,0.13151380039479532,2.923898531375167
2997,2022,2997,-0.1377905572256758,-0.0946715118094556,0.16717934324805242,2.9229229229229228
2998,2022,2998,0.2561558947173356,0.024982662564595477,0.2573712801134873,2.9219479653102067
2999,2022,2999,-0.10652535833279146,-0.06498675879855709,0.12478353572114977,2.920973657885962
3000,2022,3000,-0.16005334569592677,-0.15036456864720632,0.21960550305700507,2.92
3001,2022,3001,0.2553641190793554,-0.009000634078525652,0.2555226892606422,2.919026991002999
3002,2022,3002,0.09594836274543042,-0.032836360011249115,0.10141161103304226,2.9180546302465022
3003,2022,3003,-0.04159780319577831,0.17069585963504078,0.1756913592845711,2.917082917082917
3004,2022,3004,-0.0986613158647887,-0.13139793782340767,0.1643151645844525,2.9161118508655126
3005,2022,3005,0.21265203669264438,-0.22947208049898563,0.3128551173275942,2.9151414309484194
3006,2022,3006,0.29471531677724494,0.35836467284061785,0.4639852979171591,2.914171656686627
3007,2022,3007,-0.0028018720060591067,0.06293605640935448,0.06299839428985303,2.9132025274359825
3008,2022,3008,-0.06407711414982281,0.07340357616591633,0.09743696193803922,2.9122340425531914
3009,2022,3009,-0.16876693791225753,0.24060553009565935,0.29389334875919365,2.9112662013958124
3010,2022,3010,0.20271860952442647,0.009773207746765572,0.2029540594252264,2.910299003322259
3011,2022,3011,-0.16160366298924514,0.31165883873692335,0.35106548627626316,2.9093324476917966
3012,2022,3012,-0.4315760140036439,-0.012214143371171783,0.43174881720922526,2.908366533864542
3013,2022,3013,-0.04540377158242767,-0.268517999509573,0.2723296137670898,2.90740126120146
3014,2022,3014,-0.0670065380583885,-0.09799837708890767,0.11871629228808492,2.906436629064366
3015,2022,3015,0.26368389021362526,0.09126305165492486,0.2790307125668439,2.9054726368159205
3016,2022,3016,-0.20469359837695503,0.1322288994088873,0.24368822510616267,2.9045092838196287
3017,2022,3017,-0.235619106602813,-0.3907529595300928,0.45629402667340946,2.903546569439841
3018,2022,3018,0.39079554990907356,0.18664046991028127,0.43307716037337485,2.9025844930417497
3019,2022,3019,-0.22733950055493835,0.13975869569738117,0.26686277660176216,2.901623053991388
3020,2022,3020,-0.1003165184647987,-0.2341481254454709,0.2547327001516026,2.9006622516556293
3021,2022,3021,0.07407555479684952,0.13258323089960408,0.15187330553536652,2.899702085402185
3022,2022,3022,-0.05882389786921278,-0.3180040390267855,0.3233988555914768,2.898742554599603
3023,2022,3023,0.14076905089030192,0.23812155957498923,0.27661851496778295,2.897783658617268
3024,2022,3024,-0.09260637526021001,0.06068504177964881,0.11071863002508908,2.8968253968253967
3025,2022,3025,0.054060404782144425,-0.2887176868773321,0.29373530615335725,2.8958677685950414
3026,2022,3026,0.024851634550761066,0.4311684251813415,0.43188402912495233,2.894910773298083
3027,2022,3027,-0.17181838268738128,-0.2040825300306354,0.26677937643868316,2.8939544103072348
3028,2022,3028,0.0632355612153443,-0.08470822154894105,0.10570817849250849,2.892998678996037
3029,2022,3029,-0.06783980421672034,0.05744234771307533,0.08889242007591423,2.892043578738858
3030,2022,3030,0.1312747442276786,-0.1805576045912442,0.2232355416320854,2.891089108910891
3031,2022,3031,-0.05968556072407682,0.19555276065702826,0.20445842697118757,2.8901352688881556
3032,2022,3032,-0.06793712514099255,-0.13084253584925795,0.14742870195415556,2.8891820580474934
3033,2022,3033,0.31223339720086746,0.03530275914317616,0.31422281764810744,2.888229475766568
3034,2022,3034,-0.36986472347594224,0.262521906902904,0.4535610932122289,2.887277521423863
3035,2022,3035,-0.15959668268162622,-0.020161785522649054,0.16086515694345058,2.886326194398682
3036,2022,3036,0.1350159471273852,-0.02966318363388399,0.13823606780432668,2.8853754940711465
3037,2022,3037,-0.295635570063593,-0.13326490976930266,0.32428371291609137,2.884425419822193
3038,2022,3038,0.05284090951263445,0.01537750534458832,0.05503298455240515,2.8834759710335747
3039,2022,3039,-0.18410258877734548,-0.07278898905481733,0.19796969495895753,2.882527147087858
3040,2022,3040,-0.07017326106083698,-0.23514288320552534,0.24539042786979223,2.8815789473684212
3041,2022,3041,0.2680420903782486,0.08698492250627275,0.2818030144582621,2.880631371259454
3042,2022,3042,-0.21904824733053352,-0.09091385267740687,0.2371654765500827,2.8796844181459567
3043,2022,3043,0.0019488688548060888,-0.03193157799403131,0.03199099502988517,2.8787380874137365
3044,2022,3044,-0.02139633864093035,0.024994658264858728,0.03290191862208707,2.8777923784494086
3045,2022,3045,0.02606470649103233,-0.3329004622971968,0.3339192817465787,2.876847290640394
3046,2022,3046,0.15976760869999707,0.12636478355011865,0.20370014067590556,2.875902823374918
3047,2022,3047,-0.2578423911901885,-0.08398021402772449,0.2711740677919196,2.8749589760420085
3048,2022,3048,0.2278073898033226,-0.39006851114123203,0.45171855201324246,2.874015748031496
3049,2022,3049,0.2587711253809132,0.4028532972856591,0.4788040042280682,2.873073138734011
3050,2022,3050,-0.22901950090287498,-0.16828538694669054,0.2842004631481084,2.8721311475409834
3051,2022,3051,0.22462857553380355,-0.27655678879598183,0.3562887233347289,2.871189773844641
3052,2022,3052,0.058337737741335424,0.3753616156685083,0.3798679167316579,2.8702490170380077
3053,2022,3053,-0.03533063754772402,-0.1892463242112833,0.1925160387526473,2.8693088765149035
3054,2022,3054,0.12221203485360549,-0.07772454604444426,0.1448339964265083,2.868369351669941
3055,2022,3055,0.0012437993372277085,0.0033418995707567446,0.0035658560728543433,2.867430441898527
3056,2022,3056,0.2776601950036579,-0.05062932061377944,0.2822383956786925,2.8664921465968587
3057,2022,3057,-0.05389829544167544,0.2876919589529854,0.2926972659553286,2.8655544651619236
3058,2022,3058,0.026407449563753172,0.07881895566760895,0.08312509347359961,2.864617396991498
3059,2022,3059,0.09483133062255154,-0.020485727719902216,0.09701879358071637,2.8636809414841453
3060,2022,3060,-0.18118391413136534,0.074894964166978,0.19605322337960907,2.8627450980392157
3061,2022,3061,0.09373634850010809,0.2907739612142948,0.30550940992117726,2.861809866056844
3062,2022,3062,-0.2908262811105319,-0.028619025398049686,0.2922310291521356,2.860875244937949
3063,2022,3063,-0.007423857628598686,-0.32976832673011264,0.32985188035915153,2.859941234084231
3064,2022,3064,0.19663770647345008,0.2313680819820928,0.3036405390708084,2.8590078328981723
3065,2022,3065,-0.3356629941465362,-0.12813806328115013,0.3592895891907552,2.858075040783034
3066,2022,3066,0.09991009081696639,0.06294047973707409,0.1180827262413411,2.857142857142857
3067,2022,3067,0.02374130613499877,-0.019288742796442764,0.030589299038439124,2.8562112813824583
3068,2022,3068,0.086158724125442,-0.33278910910526677,0.34376142436579643,2.8552803129074316
3069,2022,3069,0.02630901760360653,0.4276724484403222,0.42848090688175,2.854349951124145
3070,2022,3070,-0.2951072800578196,-0.1652001128075668,0.3382002129135302,2.8534201954397393
3071,2022,3071,0.29178895208778277,-0.2862209885687605,0.40873371142807013,2.8524910452621297
3072,2022,3072,0.0717645443649784,0.32002097011010494,0.3279688569637758,2.8515625
3073,2022,3073,-0.12771807921845696,-0.14966955842987817,0.19675590074975327,2.8506345590628053
3074,2022,3074,-0.006087336820297839,0.03016105713385153,0.030769222235786365,2.8497072218607675
3075,2022,3075,0.0567458701437614,0.02383832691160786,0.06154965156942255,2.848780487804878
3076,2022,3076,0.04037802778967962,-0.07591433089759589,0.0859847123843176,2.847854356306892
3077,2022,3077,-0.14362971675867298,0.02318172592676263,0.14548844611555986,2.8469288267793305
3078,2022,3078,-0.001572720369288581,-0.10596161759531234,0.10597328839276046,2.8460038986354776
3079,2022,3079,0.13213094003837336,0.08418162794531796,0.15666886033589494,2.8450795712893795
3080,2022,3080,0.040377958896028465,-0.06656417294807296,0.0778535078520572,2.844155844155844
3081,2022,3081,0.007220770520300928,0.0775589468362258,0.0778943499956919,2.843232716650438
3082,2022,3082,-0.12748457830839374,-0.03990667497252505,0.13358465635630365,2.8423101881894874
3083,2022,3083,0.11311582418591884,0.0055896481794490355,0.11325384694583103,2.8413882581900745
3084,2022,3084,0.0946617439217943,0.3472631277093555,0.3599340573338393,2.840466926070039
3085,2022,3085,-0.27328823250917567,-0.26589964014816253,0.38129919572287535,2.8395461912479742
3086,2022,3086,-0.046092607796831456,-0.14086672089837904,0.14821592880043072,2.8386260531432277
3087,2022,3087,0.06450928350851005,0.1411316513021354,0.15517599897551446,2.837706511175899
3088,2022,3088,-0.0974448940379314,-0.06146428630578814,0.11521009445853073,2.8367875647668392
3089,2022,3089,-0.017348657113744555,-0.05769087819702592,0.06024295254047862,2.8358692133376495
3090,2022,3090,0.0727846680063962,-0.22965132375060832,0.24090939873157302,2.8349514563106797
3091,2022,3091,-0.05247463637341484,-0.08667914645420881,0.10132552438824233,2.8340342931090263
3092,2022,3092,0.11762441544828892,0.2529258242490784,0.27893901785448977,2.833117723156533
3093,2022,3093,0.03386098664472103,-0.12497065029817345,0.12947675410089,2.8322017458777884
3094,2022,3094,-0.07639230549536113,-0.17056411730912002,0.18689008120372744,2.8312863606981256
3095,2022,3095,0.049379580296566784,-0.007651875781367161,0.04996893188010486,2.8303715670436187
3096,2022,3096,0.05665220787446224,0.011575415125494893,0.05782268492883064,2.8294573643410854
3097,2022,3097,-0.008275268231098332,0.06087925093147942,0.06143910203017833,2.828543752018082
3098,2022,3098,-0.06780570171079313,-0.17643916472797225,0.18901955463495723,2.8276307295029053
3099,2022,3099,0.16090847291047378,-0.22424401105173192,0.27600165424676343,2.8267182962245885
3100,2022,3100,0.013024427777277003,0.18849747876045078,0.18894691110989906,2.825806451612903
3101,2022,3101,-0.02876264275472295,-0.02108376736105065,0.03566251343316566,2.8248951950983554
3102,2022,3102,0.27164188615468976,-0.028365370378529486,0.27311885425650967,2.8239845261121856
3103,2022,3103,-0.12796281715140512,0.09271668006312514,0.1580217242509771,2.823074444086368
3104,2022,3104,0.10828524614982886,-0.106392836315171,0.15180622567245322,2.8221649484536084
3105,2022,3105,0.1356372777826458,0.1681145167253608,0.2160091707731138,2.821256038647343
3106,2022,3106,-0.1837735533934588,0.1608180291052301,0.24420310688471816,2.8203477141017386
3107,2022,3107,0.07170070550617176,-0.0675202402512241,0.09848844609224879,2.8194399742516896
3108,2022,3108,-0.15977660939238314,-0.048218597461055376,0.1668939724796479,2.8185328185328187
3109,2022,3109,-0.02887419603707282,0.04747842013648657,0.055569052317310984,2.817626246381473
3110,2022,3110,0.02329121446853431,0.10973494333279903,0.1121794921528524,2.8167202572347265
3111,2022,3111,-0.23799192814695286,-0.18899673266817654,0.3039077538042598,2.815814850530376
3112,2022,3112,0.07660213373039339,-0.09331708045071553,0.12073095873012185,2.814910025706941
3113,2022,3113,0.043430555636225755,-0.06185318305923682,0.07557796912745646,2.814005782203662
3114,2022,3114,0.0507520653579808,-0.07348592269395537,0.0893081909585159,2.813102119460501
3115,2022,3115,0.03537281697597504,0.06173286482054698,0.07114901812230268,2.812199036918138
3116,2022,3116,0.06421370751894218,-0.1848625958582073,0.19569767392782966,2.8112965340179716
3117,2022,3117,0.1307237114711768,-0.06571781445409335,0.14631308853763605,2.8103946102021173
3118,2022,3118,0.06292518972959504,0.18055992992857456,0.19121053265528362,2.809493264913406
3119,2022,3119,0.09225526390321391,0.011237020476431553,0.09293709887358968,2.808592497595383
3120,2022,3120,-0.08478017319765258,-0.08736402429968051,0.1217380405183981,2.8076923076923075
3121,2022,3121,0.1444074459343875,0.018337002643368357,0.14556701586292117,2.806792694649151
3122,2022,3122,0.05945657060544763,0.10247385971204963,0.11847352325496785,2.805893657911595
3123,2022,3123,-0.17735424842422975,0.038454570853534056,0.18147529708930876,2.8049951969260327
3124,2022,3124,0.13036297146352685,-0.06608036370253542,0.14615443474578416,2.804097311139565
3125,2022,3125,0.13902034662454116,-0.1339264059086253,0.19303610795705925,2.8032
3126,2022,3126,0.0009235566914792948,0.13936860108006008,0.13937166112225002,2.802303262955854
3127,2022,3127,0.04556048111665742,0.03940921803317044,0.0602398863342824,2.801407099456348
3128,2022,3128,0.11907616245009323,-0.11757369185067154,0.16734008927700994,2.8005115089514065
3129,2022,3129,-0.05759214956812537,0.21736263866189426,0.22486300802474943,2.7996164908916588
3130,2022,3130,-0.07301972167638315,-0.0760634668444876,0.10543970192531334,2.7987220447284344
3131,2022,3131,-0.005702290351320036,0.09187730222307913,0.09205408616157014,2.7978281699137657
3132,2022,3132,-0.09189322587247682,0.1215849492704458,0.15240493709308411,2.796934865900383
3133,2022,3133,0.14429489731999026,-0.13729467953640212,0.19917541620789922,2.796042132141717
3134,2022,3134,-0.0791641333778565,0.06557224281456085,0.10279435315813208,2.7951499680918954
3135,2022,3135,-0.1680593143067551,-0.009407088229045166,0.1683223883926489,2.7942583732057416
3136,2022,3136,-0.004067597470768867,0.0076451345924202635,0.008659874832838303,2.7933673469387754
3137,2022,3137,-0.04961439887606775,-0.04401369570872994,0.06632340450982764,2.7924768887472107
3138,2022,3138,0.1888514722877316,-0.05886113436604746,0.1978118088590814,2.791586998087954
3139,2022,3139,-0.12359164802307966,0.046553396965023905,0.13206859668385937,2.7906976744186047
3140,2022,3140,-0.1109268464149695,-0.2642892179280592,0.2866244162115213,2.789808917197452
3141,2022,3141,0.3452211780234377,0.21441063525321527,0.4063860015620339,2.7889207258834765
3142,2022,3142,-0.09967262424202479,0.011995303440458769,0.10039182898981644,2.7880330999363463
3143,2022,3143,0.07825472233626805,-0.2476487861720341,0.25971854546875983,2.7871460388164175
3144,2022,3144,0.1804324119379642,0.3307799165866076,0.37679066933085575,2.786259541984733
3145,2022,3145,-0.1867577209632115,-0.04096691793548514,0.19119815559912062,2.7853736089030208
3146,2022,3146,0.07916219586277504,0.016388488303940355,0.08084080530712659,2.7844882390336934
3147,2022,3147,0.09240241277690185,0.085880232045304,0.12614919794888993,2.7836034318398473
3148,2022,3148,-0.1528157661003787,-0.11224821253403898,0.1896109690548847,2.7827191867852603
3149,2022,3149,-0.10363450328702535,0.06287749735943358,0.12121753151146927,2.781835503334392
3150,2022,3150,0.1506431469938362,-0.060453290308342365,0.16232054104552285,2.780952380952381
3151,2022,3151,0.10195665222617929,-0.09012225643860632,0.13607784551041358,2.780069819105046
3152,2022,3152,-0.1243285364273398,0.08320914001341498,0.14960396369059362,2.779187817258883
3153,2022,3153,0.1086818786285268,0.03696038633206684,0.11479469020839536,2.7783063748810655
3154,2022,3154,-0.055929623255737554,-0.032548641484894385,0.06471118002355487,2.777425491439442
3155,2022,3155,0.1661800321368675,0.0361806260368838,0.17007304542881319,2.776545166402536
3156,2022,3156,-0.009822960514472564,0.05622416440394881,0.057075802370103845,2.7756653992395437
3157,2022,3157,-0.2728501604913203,0.0004996431115766449,0.27285061796407606,2.7747861894203356
3158,2022,3158,0.10044786011291326,-0.05560812947111358,0.11481305093298201,2.773907536415453
3159,2022,3159,0.10588823306104174,0.06545082907518515,0.12448344840748345,2.7730294396961064
3160,2022,3160,-0.093231303247196,-0.18175489800366385,0.2042716790294065,2.7721518987341773
3161,2022,3161,-0.008351417896272499,0.026133723610521502,0.027435701023106912,2.7712749130022143
3162,2022,3162,-0.05550527430612867,0.015746424502317287,0.05769562687419009,2.7703984819734346
3163,2022,3163,0.07848133238799129,-0.1652985495711507,0.1829834146137855,2.76952260512172
3164,2022,3164,0.1579578457686625,0.06358187490743573,0.17027429593635493,2.768647281921618
3165,2022,3165,-0.11112803878097757,-0.23383464525827996,0.2588978221738686,2.7677725118483414
3166,2022,3166,0.1170537526118233,-0.12661059995920368,0.1724291884297419,2.766898294377764
3167,2022,3167,0.31482942585331,0.17906114898368095,0.3621884350148149,2.7660246289864223
3168,2022,3168,-0.001099874899280016,-0.08310598572572989,0.08311326361200892,2.765151515151515
3169,2022,3169,0.08371401135525237,0.0821698934315153,0.11730271558550512,2.7642789523508995
3170,2022,3170,0.058130520250283625,0.13062391552788524,0.1429746994835266,2.7634069400630916
3171,2022,3171,0.030710952829343562,-0.07357752868910088,0.07972963910417272,2.762535477767266
3172,2022,3172,0.03129112869417871,0.23749742315912886,0.23954991284110702,2.7616645649432536
3173,2022,3173,-0.17466040898640994,-0.1195021806917478,0.21162946311273187,2.760794201071541
3174,2022,3174,0.12939544216992618,-0.16637952826592073,0.2107731668888168,2.7599243856332705
3175,2022,3175,0.07411935305486017,0.25779490263548194,0.26823849522786364,2.7590551181102363
3176,2022,3176,0.009268505116657963,-0.05147994766784764,0.05230764952644925,2.7581863979848866
3177,2022,3177,-0.00443743699038031,-0.036523025650775975,0.036791605696555776,2.757318224740321
3178,2022,3178,-0.016462545121388623,0.05892177451208496,0.061178353226666225,2.7564505978602893
3179,2022,3179,0.11900230752095695,0.1351307032060958,0.18006070127678153,2.7555835168291916
3180,2022,3180,-0.14027311712637175,0.07946835090409037,0.1612196209639647,2.7547169811320753
3181,2022,3181,0.06974094801948783,-0.19813266312784264,0.2100484516219724,2.753850990254637
3182,2022,3182,0.0838138137952027,0.15402221078544617,0.17534992671265456,2.7529855436832182
3183,2022,3183,-0.20239193082521373,-0.04979896397252003,0.2084284780827573,2.7521206409048067
3184,2022,3184,0.2145482325022767,0.047668250356357814,0.2197799039081767,2.751256281407035
3185,2022,3185,-0.026830169934516035,0.08946917662815104,0.09340552224164424,2.7503924646781788
3186,2022,3186,-0.028874097546417152,-0.1385332260694766,0.1415103114064015,2.749529190207156
3187,2022,3187,0.062385304757191826,0.32470477415727655,0.3306434886855867,2.7486664574835267
3188,2022,3188,-0.15442352382886734,-0.12031915842811641,0.19576344039829024,2.7478042659974906
3189,2022,3189,0.05478106083002778,-0.04160076202041085,0.0687865395723761,2.7469426152398873
3190,2022,3190,-0.06266373154785303,0.08848453099829141,0.10842626747005997,2.7460815047021945
3191,2022,3191,0.0708680144536576,-0.2295076896652666,0.24020003140735047,2.745220933876528
3192,2022,3192,0.08240701136434161,0.2961846968244879,0.30743501777614163,2.744360902255639
3193,2022,3193,-0.13792086368730297,-0.14006382979478013,0.1965707024381628,2.7435014093329158
3194,2022,3194,0.2370837730303173,-0.10805757822175985,0.2605477991567819,2.7426424546023793
3195,2022,3195,-0.17350065906035156,0.5290558786855063,0.5567787724635966,2.7417840375586855
3196,2022,3196,-0.15835869284705534,-0.24141792850628396,0.2887214779064648,2.7409261576971216
3197,2022,3197,0.12106623651234368,-0.18001142237610135,0.21693581034289822,2.7400688145136063
3198,2022,3198,-0.2101716343842039,0.16001320392925636,0.26415211778714415,2.7392120075046904
3199,2022,3199,-0.017109368966409754,-0.16590734365862417,0.166787221291949,2.7383557361675526
3200,2022,3200,0.022039562528245956,-0.03883555252081895,0.044653582790563966,2.7375
3201,2022,3201,0.1090907639469005,-0.0008256440654381903,0.10909388831021267,2.7366447985004685
3202,2022,3202,0.09662225732067588,-0.10090375135206252,0.1397047874865488,2.73579013116802
3203,2022,3203,-0.21858451719755267,0.09930834139483263,0.24008610503125713,2.7349359975023417
3204,2022,3204,0.004542320301018127,0.10779579156327275,0.10789145171175327,2.7340823970037453
3205,2022,3205,0.1168339607315684,-0.13429907058058524,0.1780067828455834,2.733229329173167
3206,2022,3206,-0.17928422141287711,-0.06225419013071709,0.18978518444929524,2.732376793512165
3207,2022,3207,-0.09587593143291961,-0.023279664450480488,0.0986617301949285,2.7315247895229184
3208,2022,3208,0.07490162597544409,-0.11211575604334009,0.13483395835966203,2.7306733167082293
3209,2022,3209,0.03252968408730047,0.02606611293577613,0.04168480047211699,2.7298223745715178
3210,2022,3210,0.025152667171253813,-0.08344992050711827,0.08715816598846163,2.7289719626168223
3211,2022,3211,-0.08445702587684724,-0.16751578813067705,0.18760204821111184,2.728122080348801
3212,2022,3212,0.004150102173137165,0.09800251128158703,0.09809034389553883,2.727272727272727
3213,2022,3213,0.10216247835662873,-0.04882546696526183,0.11323028838762403,2.726423902894491
3214,2022,3214,0.1867552396839056,-0.2671665532098231,0.32596853637032247,2.7255756067205974
3215,2022,3215,0.05651721917724484,-0.015106008962192656,0.05850117580266722,2.724727838258165
3216,2022,3216,-0.06987725652186687,0.08598281369205873,0.11079654881550269,2.7238805970149254
3217,2022,3217,0.3636849196341045,0.02394906921039311,0.36447260347700927,2.723033882499223
3218,2022,3218,0.1091114143205616,0.22411993969809163,0.24926902756922986,2.7221876942200125
3219,2022,3219,-0.11351616531119312,-0.16175138417219492,0.19760928639256584,2.7213420316868593
3220,2022,3220,0.1648175554243025,0.07924964022926546,0.18288064974871188,2.720496894409938
3221,2022,3221,-0.26275804133427183,0.4447351369392826,0.5165569961913452,2.719652281900031
3222,2022,3222,0.0969502681565596,-0.2909072306701031,0.30663719825190383,2.718808193668529
3223,2022,3223,0.0816159073731411,-0.10654196439743858,0.13421008350346192,2.7179646292274278
3224,2022,3224,-0.22442563329622617,0.11268817477175616,0.25112843250775496,2.7171215880893302
3225,2022,3225,0.2561135464509217,-0.09743413158372997,0.27402109165745625,2.7162790697674417
3226,2022,3226,-0.05955252463425834,0.25231353208740126,0.25924625679985047,2.7154370737755733
3227,2022,3227,-0.00012704326723224897,-0.14456698356533706,0.14456703938717216,2.7145955996281375
3228,2022,3228,0.2437691853776768,-0.15223834193268515,0.28740203286356436,2.7137546468401488
3229,2022,3229,-0.24100668970532388,0.3747237351920469,0.4455357473862199,2.712914214927222
3230,2022,3230,-0.03864699630741061,0.09247466600742303,0.10022551659517376,2.7120743034055725
3231,2022,3231,0.17980054474197116,-0.36451617841857437,0.40644837337402584,2.711234911792015
3232,2022,3232,-0.0015442023422589342,0.02501228247587865,0.025059904938506534,2.7103960396039604
3233,2022,3233,-0.08885751022085506,0.29721700031325654,0.3102154128953939,2.7095576863594184
3234,2022,3234,0.015714664216681856,-0.097337594954758,0.09859796175895114,2.7087198515769946
3235,2022,3235,0.1441142921311319,0.09706852447030616,0.17375623050497974,2.7078825347758886
3236,2022,3236,-0.03880289588438717,-0.0529231856578874,0.06562414425494484,2.707045735475896
3237,2022,3237,-0.1300987348682202,-0.01725073762216301,0.13123745182995655,2.706209453197405
3238,2022,3238,-0.09065821098450456,0.2966372262209847,0.3101814875181796,2.705373687461396
3239,2022,3239,0.13199085291898566,-0.2106328907288192,0.24857151870449676,2.704538437789441
3240,2022,3240,0.11895155666775967,-0.16561202593050944,0.2039039380848025,2.7037037037037037
3241,2022,3241,-0.09545021702136877,0.11801474286754707,0.1517834755944126,2.702869484726936
3242,2022,3242,0.07755639446950374,0.02984248363630828,0.08309974821076535,2.70203578038248
3243,2022,3243,-0.05556664365957538,0.19082532903499333,0.19875099518971898,2.7012025901942645
3244,2022,3244,0.03529633611955258,-0.045212954143523214,0.05735889264838335,2.7003699136868065
3245,2022,3245,0.00452029723585609,-0.03883331275868399,0.03909551466491082,2.699537750385208
3246,2022,3246,-0.24732668060334595,0.10827974457151683,0.26999072210493164,2.698706099815157
3247,2022,3247,-0.0030102931664008755,-0.040175021148009644,0.040287643132736146,2.697874961502926
3248,2022,3248,0.16117628273719065,-0.14428972258645295,0.21632687803658235,2.6970443349753697
3249,2022,3249,-0.21496017489487054,0.008202904984288821,0.21511662985695598,2.696214219759926
3250,2022,3250,0.03362219875439971,-0.13484620532362335,0.1389746427923495,2.6953846153846155
3251,2022,3251,0.16998383306895068,0.0780338899403994,0.18703954524122235,2.6945555213780374
3252,2022,3252,-0.10024693585031648,0.1840629389738453,0.20959154002742325,2.6937269372693726
3253,2022,3253,-0.0364282622246262,-0.30091147044335415,0.3031084481387606,2.69289886258838
3254,2022,3254,0.007101540274257802,-0.05382158630962041,0.054288074446887734,2.6920712968653966
3255,2022,3255,-0.028112776017195452,0.11973873552319873,0.12299468671486397,2.6912442396313363
3256,2022,3256,0.2484420473134177,-0.10286200850373414,0.2688941123689858,2.6904176904176906
3257,2022,3257,-0.1497533709475194,-0.05819304693338171,0.1606626989115274,2.6895916487565246
3258,2022,3258,0.0696566907354879,-0.16744688497178672,0.1813574201707065,2.6887661141804786
3259,2022,3259,0.24491654607731456,0.17316467635628036,0.2999501953325196,2.6879410862227675
3260,2022,3260,-0.14852552297034136,0.08558585531591933,0.17141986350411925,2.687116564417178
3261,2022,3261,0.17177203247472775,-0.14561639018844835,0.22518828617850742,2.686292548298068
3262,2022,3262,-0.012475384647405831,-0.027012932896070742,0.02975455873892856,2.685469037400368
3263,2022,3263,-0.010013752511671007,-0.04626907081638068,0.047340280455192146,2.684646031259577
3264,2022,3264,0.10229726113432439,0.15858798379051056,0.18871904577525658,2.6838235294117645
3265,2022,3265,0.07981980251150259,-0.10816494349565668,0.13442788354502155,2.6830015313935682
3266,2022,3266,0.11904224222964035,-0.021145599116859686,0.12090571449303505,2.682180036742192
3267,2022,3267,-0.061595001513081254,0.09097520835803438,0.10986552119379515,2.681359044995409
3268,2022,3268,0.1910631847233291,0.02992094806184684,0.19339183976978117,2.6805385556915544
3269,2022,3269,-0.08486311268107506,0.18844347722650026,0.20667049137004384,2.679718568369532
3270,2022,3270,-0.06678732048876183,-0.11912614248495725,0.13657080215556663,2.6788990825688073
3271,2022,3271,0.2131039622692592,0.15033488339794188,0.26079470067685545,2.67808009782941
3272,2022,3272,-0.3642810754118003,-0.006619881219282689,0.36434122019136833,2.6772616136919316
3273,2022,3273,0.3149200620428824,-0.35162554398479384,0.472033016493227,2.676443629697525
3274,2022,3274,0.1547542718087548,0.29461077703407057,0.3327828039242365,2.6756261453879047
3275,2022,3275,-0.38624117849249934,0.00337625555175555,0.38625593466615565,2.6748091603053434
3276,2022,3276,0.2800424019139846,-0.13783091253727936,0.3121235449635494,2.673992673992674
3277,2022,3277,0.03321584622944845,0.12195496424010603,0.12639741193372553,2.6731766859932864
3278,2022,3278,0.0345804824636548,-0.10445100586568741,0.11002646224328493,2.6723611958511286
3279,2022,3279,0.21095459689671495,0.16675296862128478,0.2689022024749271,2.6715462031107045
3280,2022,3280,-0.3272965665398503,0.06497317960715711,0.33368331773859855,2.6707317073170733
3281,2022,3281,0.18983781678312833,-0.14615893687727527,0.23958470633594278,2.669917708015849
3282,2022,3282,0.34363332333911506,0.01564885725594292,0.34398945862119334,2.669104204753199
3283,2022,3283,-0.30806863646411986,0.16471070469878757,0.34933637230502246,2.6682911970758454
3284,2022,3284,-0.14133153063012308,0.009884339566710153,0.14167675080592246,2.66747868453106
3285,2022,3285,0.2789180653826333,-0.11576543219706635,0.30198828203849976,2.6666666666666665
3286,2022,3286,-0.056366727809921816,0.09812685321404724,0.11316398422505716,2.665855143031041
3287,2022,3287,-0.03815809260436569,0.12907438854711278,0.1345965742878116,2.665044113173106
3288,2022,3288,0.041503563696517885,-0.007164641201176568,0.04211742968240719,2.664233576642336
3289,2022,3289,-0.08007987560444163,-0.0749609896858848,0.10969018393416147,2.6634235329887503
3290,2022,3290,0.15337445217489903,0.13462395549712958,0.20407677960425463,2.662613981762918
3291,2022,3291,-0.05588288684124202,0.049344612872064625,0.07455057250756017,2.6618049225159526
3292,2022,3292,-0.17905484166782215,0.02732578164905673,0.18112795109375246,2.660996354799514
3293,2022,3293,0.2028213074756211,0.08892198920697832,0.2214579032923558,2.660188278165806
3294,2022,3294,-0.0898412930479051,0.016636801597605135,0.09136870965444154,2.6593806921675776
3295,2022,3295,-0.18070941205220467,-0.040974335815655114,0.1852964862046433,2.6585735963581185
3296,2022,3296,0.0955466679887284,-0.046845412463980135,0.10641267984910785,2.657766990291262
3297,2022,3297,-0.007617079348164628,0.0847186929949724,0.08506043052190966,2.656960873521383
3298,2022,3298,-0.20561721516191553,-0.012968484889198512,0.20602577695827975,2.656155245603396
3299,2022,3299,0.1854059486668983,-0.10013094266886935,0.2107168039830448,2.6553501060927553
3300,2022,3300,-0.11446295535868901,-0.01087569270149505,0.1149784712073638,2.6545454545454548
3301,2022,3301,0.05865659406835407,-0.05857478126475614,0.08289512065202449,2.653741290518025
3302,2022,3302,0.30370509650748667,0.18846187490056035,0.3574278443765346,2.6529376135675347
3303,2022,3303,-0.3477783212677166,-0.06093516842060392,0.35307627432927075,2.6521344232515895
3304,2022,3304,0.12823603651532767,-0.2245680791538228,0.25860259711765865,2.651331719128329
3305,2022,3305,0.2411174470204055,0.4065242616992765,0.4726516673066751,2.65052950075643
3306,2022,3306,-0.3304693199842782,-0.006517506465364517,0.33053358277397066,2.6497277676951
3307,2022,3307,0.12521350838773207,-0.03272929111731276,0.12942035844412755,2.6489265195040823
3308,2022,3308,-0.038650361780891034,-0.013505033112439505,0.0409418659218391,2.648125755743652
3309,2022,3309,-0.08291766993374734,-0.07500863621606924,0.11181071278833922,2.6473254759746148
3310,2022,3310,0.1083582393050988,0.24843913262487463,0.2710415293727164,2.6465256797583083
3311,2022,3311,-0.06269492531779097,-0.08375958318697845,0.1046246693483891,2.645726366656599
3312,2022,3312,-0.03628470095576088,-0.1948769887918341,0.19822618465788427,2.6449275362318843
3313,2022,3313,0.18891305479859385,0.0888416268062984,0.20876057320990027,2.644129188047087
3314,2022,3314,0.02456496535822723,0.16515709182791732,0.16697395756256728,2.6433313216656606
3315,2022,3315,-0.24490994021099954,-0.00550023154148551,0.2449716950203948,2.6425339366515836
3316,2022,3316,0.24286341845445059,-0.09249609591544962,0.25988106468725575,2.6417370325693605
3317,2022,3317,-0.07522485921134112,0.09097912093750557,0.11805075133148181,2.6409406089840215
3318,2022,3318,-0.2451326125891966,-0.04659617300333103,0.2495219451137745,2.640144665461121
3319,2022,3319,0.269029852693669,0.14713766720741608,0.30663749730197315,2.639349201566737
3320,2022,3320,-0.20492032713638675,-0.06502592799655324,0.21499002717683602,2.63855421686747
3321,2022,3321,0.0031813411058797957,-0.15567819142999786,0.15571069397490664,2.6377597109304425
3322,2022,3322,0.10637485326859494,0.24590759240858384,0.26792938139013667,2.6369656833232993
3323,2022,3323,-0.26028241671227914,-0.25701916226557076,0.36579473235857335,2.636172133614204
3324,2022,3324,0.19887364852344863,0.03862678332622057,0.20259011937199448,2.6353790613718413
3325,2022,3325,-0.024246061672476584,0.25526720088241406,0.25641609807687243,2.6345864661654135
3326,2022,3326,-0.29039668925384937,-0.41763935260181523,0.5086775658226537,2.6337943475646424
3327,2022,3327,0.3120255153360414,0.13984179922962653,0.3419293070687293,2.6330027051397655
3328,2022,3328,0.08071143395272357,0.19485956091297918,0.2109136886261864,2.6322115384615383
3329,2022,3329,-0.33777208025063415,-0.23604277688738132,0.41207544299259924,2.6314208471012317
3330,2022,3330,0.21701651084152462,0.14037936886418068,0.25846186020481876,2.630630630630631
3331,2022,3331,0.0598856529336994,0.0548415705204462,0.08120276648270411,2.6298408886220352
3332,2022,3332,-0.25939356715098927,-0.07418962290632797,0.26979459376773646,2.6290516206482595
3333,2022,3333,0.15618736104666014,0.05050726709056688,0.16415077148669643,2.6282628262826284
3334,2022,3334,-0.19132094364522428,-0.08558979332061745,0.20959321601131342,2.6274745050989803
3335,2022,3335,-0.00029309049805316514,-0.19529442733162325,0.19529464726107248,2.626686656671664
3336,2022,3336,0.3329854161636624,0.1790964741055112,0.3780936847062028,2.6258992805755397
3337,2022,3337,-0.2788683320755042,0.019279033731866783,0.27953394744862053,2.6251123763859754
3338,2022,3338,-0.05405670453172104,-0.172610625950409,0.18087718345833947,2.6243259436788495
3339,2022,3339,0.14613128662870906,0.06360557962046519,0.159373845691874,2.623539982030548
3340,2022,3340,-0.009116016059740674,-0.04243072992331326,0.043398946883842715,2.622754491017964
3341,2022,3341,-0.07382918415212603,0.20116476671320535,0.21428488467306056,2.6219694702184975
3342,2022,3342,-0.07928655576573,-0.08455672882491924,0.11591461648456222,2.621184919210054
3343,2022,3343,0.06353711532814532,-0.2915865548714966,0.298428691660253,2.620400837571044
3344,2022,3344,0.03411442424250365,0.1398922845531354,0.14399182344457248,2.6196172248803826
3345,2022,3345,0.0736866208981887,0.028976334428285806,0.07917920217009793,2.618834080717489
3346,2022,3346,-0.07386772331177721,-0.04099151333790502,0.08447925611057971,2.618051404662283
3347,2022,3347,0.021948716839638466,0.003992397024049423,0.022308863819214726,2.6172691962951897
3348,2022,3348,0.10279286919866103,-0.007001312659601669,0.1030310260894772,2.6164874551971327
3349,2022,3349,-0.18434020965924178,-0.0554107848265924,0.19248809826145652,2.615706180949537
3350,2022,3350,0.2232209476181184,-0.0944630707053817,0.2423857734740649,2.6149253731343283
3351,2022,3351,0.07662692201700869,0.042836548101346954,0.08778755624255491,2.6141450313339303
3352,2022,3352,0.016470232424100832,-0.1081747512482943,0.10942141181566911,2.613365155131265
3353,2022,3353,0.2536596627507593,0.048103287856871166,0.2581804617113192,2.6125857441097526
3354,2022,3354,0.0077085289314133216,0.12163498797573363,0.12187900441890433,2.6118067978533093
3355,2022,3355,0.09048742219656933,0.03233957141918337,0.09609277525057047,2.6110283159463488
3356,2022,3356,0.037532627982297444,0.28180137164639896,0.2842898366545125,2.6102502979737783
3357,2022,3357,-0.09286756568107803,-0.14597270139477797,0.1730098676608313,2.609472743521001
3358,2022,3358,0.10496083672839183,0.06562832653306748,0.12378955727465486,2.608695652173913
3359,2022,3359,-0.07270518637609207,0.22051540846584652,0.23219192384069137,2.6079190235189045
3360,2022,3360,-0.0983920380100028,-0.1532414487028819,0.18210967778874307,2.607142857142857
3361,2022,3361,0.1603401423669749,0.18437900980537758,0.24434520766954546,2.606367152633145
3362,2022,3362,-0.052515365898282367,0.12245930506748799,0.13324468114353596,2.6055919095776323
3363,2022,3363,-0.045473015759456094,-0.16650322585481492,0.17260104108121493,2.6048171275646745
3364,2022,3364,0.048192906828301844,0.31442661506683983,0.31809849501522647,2.604042806183115
3365,2022,3365,-0.2711619872181722,0.02149036316414915,0.2720122405720654,2.6032689450222883
3366,2022,3366,-0.05044365385611265,-0.2652072424833664,0.2699619300567886,2.6024955436720143
3367,2022,3367,0.14047466637560985,0.20333533868583104,0.24714042941578884,2.6017226017226016
3368,2022,3368,-0.07069800873660607,-0.10111934657607366,0.1233828622268641,2.6009501187648456
3369,2022,3369,0.03695685627010739,-0.048707684180166896,0.06114121133543444,2.6001780943900266
3370,2022,3370,-0.04054354975193722,0.14609893670806562,0.15162017917716353,2.599406528189911
3371,2022,3371,0.00041415568803542863,-0.20713630262246702,0.20713671666085703,2.5986354197567487
3372,2022,3372,0.040733589390181645,0.17139794675963904,0.17617173853381812,2.597864768683274
3373,2022,3373,-0.07179944416771891,0.0646606265356219,0.09662379006628004,2.597094574562704
3374,2022,3374,0.07688895951089543,-0.19764381405189754,0.21207307544252094,2.5963248369887375
3375,2022,3375,-0.08210479260211646,0.02780490514095468,0.08668511820453409,2.5955555555555554
3376,2022,3376,0.08739233502302954,-0.12315319408699449,0.15101036201071227,2.59478672985782
3377,2022,3377,0.23385846941640345,0.07113755245325008,0.2444388166532104,2.594018359490672
3378,2022,3378,-0.05153999395777063,0.15782114989444365,0.1660237523102387,2.5932504440497337
3379,2022,3379,0.010543097917772169,0.07715202427417614,0.0778690680778112,2.592482983131104
3380,2022,3380,-0.0602272300326452,-0.07290790186212821,0.09456680914222959,2.591715976331361
3381,2022,3381,0.049214639468354665,0.20005215292870548,0.20601685520706867,2.59094942324756
3382,2022,3382,-0.2045304301320703,0.195361897496946,0.2828408878567894,2.5901833234772322
3383,2022,3383,-0.17848855341785447,-0.41036258026834377,0.4474992860169624,2.589417676618386
3384,2022,3384,0.2415433751490574,0.05632052733650875,0.24802258743481553,2.5886524822695036
3385,2022,3385,-0.181417839728205,0.049266278188918246,0.1879882941521534,2.587887740029542
3386,2022,3386,0.04621127133761485,-0.27031439077186203,0.27423594122033235,2.5871234494979327
3387,2022,3387,0.10547785481811937,0.2724378047760241,0.2921436895231716,2.586359610274579
3388,2022,3388,-0.0725646647981169,-0.1926311231082442,0.2058455250113701,2.5855962219598583
3389,2022,3389,0.16661644976328793,-0.10053778160564673,0.1945992982050731,2.5848332841546178
3390,2022,3390,-0.17921580340965046,0.17197347541040292,0.24838111932370974,2.584070796460177
3391,2022,3391,0.13363064638687142,-0.30754809919430703,0.33532518988558613,2.583308758478325
3392,2022,3392,0.18377229783036608,0.18155900078579176,0.2583329793429168,2.582547169811321
3393,2022,3393,-0.038935640523642984,-0.09728657722155673,0.10478865497024127,2.5817860300618922
3394,2022,3394,0.2210665270107539,-0.06225922849829472,0.22966632512799795,2.581025338833235
3395,2022,3395,-0.10874823032848457,0.21752038996212428,0.24318983870394698,2.5802650957290134
3396,2022,3396,0.057726217090382774,0.0021842267646340697,0.05776752535919592,2.579505300353357
3397,2022,3397,0.2129008760911919,0.04110707069533144,0.21683305629342595,2.5787459523108627
3398,2022,3398,-0.21680832098808583,0.005743269042988985,0.21688437746636574,2.577987051206592
3399,2022,3399,0.10868021909801702,0.04032480124122183,0.11592014328121333,2.5772285966460724
3400,2022,3400,0.061528325720975434,-0.0668014478038118,0.09081942685742868,2.5764705882352943
3401,2022,3401,0.02548770539988558,0.11224438082344591,0.11510179908667852,2.5757130255807117
3402,2022,3402,0.019357255874070868,0.06923050127738624,0.07188578205801498,2.5749559082892417
3403,2022,3403,0.1801026423418834,-0.11299206001148268,0.21261271693896128,2.5741992359682633
3404,2022,3404,0.04269582768543485,0.39573591550930265,0.3980324716976371,2.573443008225617
3405,2022,3405,-0.11106640138245222,0.10422484223041147,0.15231074569445893,2.5726872246696035
3406,2022,3406,0.053790113678546365,-0.1294620293206863,0.14019198752204484,2.571931884908984
3407,2022,3407,-0.11667698060417826,0.2715182243526302,0.2955260799972026,2.5711769885529794
3408,2022,3408,-0.018533914827754065,-0.16830455789061863,0.16932197201072,2.5704225352112675
3409,2022,3409,0.10165635063924904,0.11642860332807632,0.15456271639116756,2.5696685244939865
3410,2022,3410,-0.20043073105333106,0.14803199629990996,0.2491705236963419,2.56891495601173
3411,2022,3411,0.1062036344851861,-0.31450940631823904,0.33195689274439566,2.5681618293755495
3412,2022,3412,0.10820484185459182,0.3635788720758224,0.3793387457414606,2.5674091441969518
3413,2022,3413,-0.3096644446112469,0.158454837977069,0.3478505482743001,2.5666569000878994
3414,2022,3414,0.14901167926315304,-0.3073365147614529,0.34155557946334525,2.5659050966608086
3415,2022,3415,-0.04501685966150074,0.2958778122786402,0.29928280514018424,2.5651537335285504
3416,2022,3416,-0.38964026674018876,-0.1044249192649135,0.40339075501162536,2.5644028103044496
3417,2022,3417,0.2976982818461437,-0.1789036026683887,0.3473194006413617,2.563652326602283
3418,2022,3418,-0.07673859446248969,0.24593898087874036,0.2576330611465692,2.5629022820362786
3419,2022,3419,-0.12925672565404134,-0.1505874631535971,0.19845373563085195,2.562152676221117
3420,2022,3420,0.17566299994860843,-0.05553856704167657,0.1842336070861872,2.56140350877193
3421,2022,3421,-0.2811105146606052,0.20019069037629134,0.3451078584531023,2.560654779304297
3422,2022,3422,0.13460413335225305,-0.023113955639437873,0.13657425694768768,2.5599064874342488
3423,2022,3423,0.04495429060754541,-0.10444825334445978,0.11371159074929917,2.5591586327782645
3424,2022,3424,-0.14384447389807326,-0.05612780548744813,0.1544071346144675,2.558411214953271
3425,2022,3425,0.1006443948126217,-0.012157404297636766,0.10137601632760616,2.5576642335766424
3426,2022,3426,0.06740239674754386,0.012412160608423395,0.06853571928770143,2.5569176882661995
3427,2022,3427,0.17721806634429982,0.24035650467592742,0.29862600753926605,2.55617157864021
3428,2022,3428,-0.14946675244664626,0.013956794165906049,0.15011696170099,2.5554259043173864
3429,2022,3429,-0.0030122978739781712,-0.22486467675358457,0.22488485229106842,2.5546806649168854
3430,2022,3430,0.04873813013563527,0.4712696578957282,0.473783173806621,2.553935860058309
3431,2022,3431,-0.09707458870787584,-0.057256162381232836,0.11270201375055088,2.5531914893617023
3432,2022,3432,-0.018388858607043437,-0.09936775173531347,0.10105493657313694,2.5524475524475525
3433,2022,3433,-0.19813938867493264,0.08610591579891266,0.2160403806700161,2.55170404893679
3434,2022,3434,0.14823035353950711,-0.3018471908713168,0.3362795925228773,2.550960978450786
3435,2022,3435,0.0637062006850184,0.37828151002437216,0.383608369084981,2.550218340611354
3436,2022,3436,-0.24952453040404185,-0.03643092305556356,0.25216998915025157,2.549476135040745
3437,2022,3437,0.25506942700237095,-0.3123941002664208,0.40329949971774626,2.5487343613616527
3438,2022,3438,-0.07647741000743176,0.37866744099438265,0.38631311796349743,2.5479930191972078
3439,2022,3439,-0.08440417905202705,-0.04518475175142657,0.09573780461387595,2.54725210817098
3440,2022,3440,0.055269826468937876,0.003127458533433981,0.05535823980930801,2.546511627906977
3441,2022,3441,-0.15989591237806683,0.013130147452800294,0.16043410973775715,2.5457715780296426
3442,2022,3442,0.11932065918558957,-0.03331503472031682,0.1238842655340037,2.5450319581638583
3443,2022,3443,-0.10117607807367134,0.18989969539414714,0.21517084627142105,2.5442927679349405
3444,2022,3444,-0.08509639838962745,-0.05374975718851347,0.10065005423103529,2.543554006968641
3445,2022,3445,0.13799970691034033,-0.10843547697718336,0.17550547505593408,2.5428156748911466
3446,2022,3446,-0.06357753295016984,-0.016547180393181916,0.06569560011899149,2.542077771329077
3447,2022,3447,-0.09611254637262434,0.17057838650097135,0.1957922560049417,2.5413402959094866
3448,2022,3448,0.01664395441703073,-0.04491452857663244,0.047899228552215,2.5406032482598606
3449,2022,3449,0.08537473541787702,-0.21096179511934463,0.22758234652021858,2.5398666280081184
3450,2022,3450,0.039135898174060296,0.18334636541888125,0.18747668718591212,2.5391304347826087
3451,2022,3451,-0.0704368136057625,-0.013603511844685966,0.07173841540932892,2.5383946682121126
3452,2022,3452,-0.05789705455846429,0.052828417069931445,0.07837672216073095,2.53765932792584
3453,2022,3453,0.14305707171873958,0.0939135268455202,0.17112882952122604,2.536924413553432
3454,2022,3454,0.12632006590765338,0.05221725697849765,0.13668723779955594,2.5361899247249564
3455,2022,3455,-0.40060700528132026,0.04423368824310421,0.4030416750859096,2.5354558610709117
3456,2022,3456,-0.002649192981946021,-0.03646434109748513,0.036560448508317495,2.5347222222222223
3457,2022,3457,0.13767693939804576,-0.03281830679039472,0.14153438063806842,2.53398900781024
3458,2022,3458,-0.14915184798678077,-0.00013478090100462088,0.14915190888407373,2.533256217466744
3459,2022,3459,0.04053312254659845,0.07838835969515391,0.08824777027820249,2.5325238508239374
3460,2022,3460,-0.18943125937929145,-0.030788427645294974,0.19191698545697813,2.531791907514451
3461,2022,3461,-0.06071674912137054,-0.10840214093723669,0.12424792868955191,2.5310603871713377
3462,2022,3462,0.28039803783244377,0.05713740462184749,0.2861603442603557,2.5303292894280762
3463,2022,3463,-0.21529639292966737,0.08406138196201601,0.23112518847129077,2.5295986139185676
3464,2022,3464,-0.22095742344578284,-0.1890705245363335,0.2908089514169797,2.5288683602771362
3465,2022,3465,0.32390153509662273,-0.04139551949038423,0.3265360523308682,2.5281385281385282
3466,2022,3466,0.022573168256433702,0.14811219898623984,0.14982246631821536,2.527409117137911
3467,2022,3467,-0.21107098539070906,-0.10862248373321695,0.23738113835386732,2.526680126910874
3468,2022,3468,0.26949650137413406,-0.06506981172791228,0.2772407701821732,2.5259515570934257
3469,2022,3469,-0.15952026582257506,0.1160369343019644,0.1972594366064737,2.525223407321995
3470,2022,3470,0.04945904555312603,-0.0344428734450017,0.06027029714689151,2.5244956772334293
3471,2022,3471,0.2208688136712239,0.006777589406226557,0.22097277789513625,2.5237683664649957
3472,2022,3472,-0.25951369801424007,0.04235552497831028,0.262947428116752,2.5230414746543777
3473,2022,3473,0.12486994226765682,0.08011673004511177,0.14836169625293877,2.5223150014396776
3474,2022,3474,0.08107937635493358,0.09485295780490723,0.12478360819612676,2.5215889464594126
3475,2022,3475,-0.1313580285081704,-0.04042338864782138,0.13743719294036139,2.520863309352518
3476,2022,3476,0.11459678050171937,0.06834135133915575,0.1334277422585767,2.5201380897583427
3477,2022,3477,0.020077571261621793,0.04022349837255154,0.04495596388792212,2.5194132873166524
3478,2022,3478,-0.19163871814583017,0.09952453780888995,0.2159410380605088,2.518688901667625
3479,2022,3479,-0.0008713445394092187,0.06531022056404083,0.06531603288190442,2.517964932451854
3480,2022,3480,0.0828428310823941,-0.08453726196087634,0.11836166322584316,2.5172413793103448
3481,2022,3481,-0.2904171131827391,0.07369836455302291,0.2996223432375933,2.516518241884516
3482,2022,3482,0.019684590665546443,-0.01119974309533551,0.022647678800963987,2.5157955198161974
3483,2022,3483,-0.05662616514386655,-0.00750309588284272,0.057121090909817,2.515073212747631
3484,2022,3484,-0.1734446678487947,-0.08088996582694988,0.1913798301197486,2.51435132032147
3485,2022,3485,0.2044964213573031,0.007754965191426501,0.20464341140887943,2.513629842180775
3486,2022,3486,-0.19020705007220678,0.0018893327907541294,0.19021643324267543,2.512908777969019
3487,2022,3487,-0.06811638076245695,-0.13706647649633283,0.1530590092327001,2.512188127330083
3488,2022,3488,0.23287581128865514,0.022335636907234835,0.23394448948287103,2.511467889908257
3489,2022,3489,-0.15029874000482582,-0.06805837816817206,0.16498986055488424,2.5107480653482375
3490,2022,3490,-0.016572381746560044,-0.06527737056884943,0.06734819184756638,2.510028653295129
3491,2022,3491,0.13160061024297284,0.05954893704931514,0.14444651785358534,2.509309653394443
3492,2022,3492,-0.15805621282759935,-0.02885584412646278,0.16066868442124652,2.508591065292096
3493,2022,3493,-0.05208129286800462,0.1329650953943954,0.14280118227817143,2.5078728886344117
3494,2022,3494,0.15533817605460992,0.053189807945862345,0.16419227938393055,2.5071551230681166
3495,2022,3495,-0.21491850133791782,-0.01659348765073083,0.21555812684691694,2.5064377682403434
3496,2022,3496,0.031442728121409955,-0.031938497947236376,0.044818665786059794,2.505720823798627
3497,2022,3497,0.06862365040968497,0.04757773644421956,0.08350357118534676,2.5050042893909064
3498,2022,3498,-0.33628336887931237,-0.07406517466311315,0.34434307642625417,2.5042881646655233
3499,2022,3499,0.2371199548586501,-0.028599451535570267,0.2388384425093743,2.5035724492712204
3500,2022,3500,0.02812171725481737,0.17210078643578777,0.17438323220188495,2.5028571428571427
3501,2022,3501,-0.3617671723024919,-0.13248840766037082,0.385264409360794,2.5021422450728363
3502,2022,3502,0.1767505304683934,-0.02990717234402891,0.17926290463582784,2.5014277555682467
3503,2022,3503,-0.05411343568545942,-0.058574940411301665,0.07974514133081648,2.5007136739937197
3504,2022,3504,-0.00418118356659219,0.031368803653058164,0.03164623419368655,2.5
3505,2022,3505,0.015876069156580176,0.1383925047662575,0.13930016133279646,2.499286733238231
3506,2022,3506,-0.19350663890353786,-0.3044805073288497,0.3607675132865733,2.4985738733599545
3507,2022,3507,0.1324168181248348,0.08988393314196733,0.16004166694762723,2.4978614200171085
3508,2022,3508,-0.08703605322348353,0.06656949550841167,0.10957541828788744,2.4971493728620295
3509,2022,3509,-0.06602879411710083,-0.31744717595495303,0.32424143963153973,2.4964377315474495
3510,2022,3510,0.016875776917690533,0.1852927605640763,0.18605966506481667,2.4957264957264957
3511,2022,3511,-0.008623022790378479,-0.24224295422457937,0.2423963807351402,2.4950156650526916
3512,2022,3512,0.03217851647145838,-0.10926984680601819,0.11390942166175105,2.4943052391799543
3513,2022,3513,-0.011306215798635593,0.16737548341346306,0.1677569162913284,2.493595217762596
3514,2022,3514,0.07117139764679202,-0.1846952575958926,0.19793358992705332,2.4928856004553217
3515,2022,3515,-0.010019883733625884,0.07103055587665233,0.07173379913389231,2.492176386913229
3516,2022,3516,0.0950471274932377,0.025714443037908687,0.09846415096605278,2.491467576791809
3517,2022,3517,0.04517136230301846,0.04658914278297467,0.06489221985386968,2.4907591697469433
3518,2022,3518,-0.252134354307842,-0.05655374570789281,0.2583990301371609,2.490051165434906
3519,2022,3519,0.23997280660493753,-0.020043366148984623,0.24080839776974766,2.4893435635123615
3520,2022,3520,0.016940146749792412,0.11156381236532716,0.11284260189037838,2.4886363636363638
3521,2022,3521,-0.20291554692682032,-0.1869671038853134,0.2759192220920322,2.4879295654643565
3522,2022,3522,0.200820257846886,0.08627058739391869,0.21856667223294027,2.487223168654174
3523,2022,3523,-0.0322246865542101,0.07429619595345065,0.0809836721609401,2.4865171728640365
3524,2022,3524,-0.09481280625005338,0.026809740590675507,0.09853035278303574,2.485811577752554
3525,2022,3525,0.07117535597070515,0.06578804721508148,0.09692264159591599,2.4851063829787234
3526,2022,3526,-0.05794753731923701,-0.07932035793732854,0.09823256214041394,2.4844015882019286
3527,2022,3527,-0.07231088050965254,0.1960216936329775,0.2089338838360646,2.483697193081939
3528,2022,3528,-0.09334980356092365,-0.006618305806309897,0.09358412149830156,2.4829931972789114
3529,2022,3529,-0.0850290145988125,-0.25399921200600123,0.26785356638154856,2.4822896004533863
3530,2022,3530,0.041298287866549425,0.11635046823429683,0.12346246408948956,2.481586402266289
3531,2022,3531,-0.021038536488669008,-0.0011997506564680603,0.0210727174142955,2.4808836023789294
3532,2022,3532,-0.14453590840014546,-0.12685160447298904,0.19230693792587644,2.4801812004530013
3533,2022,3533,-0.0001471723029757845,0.1659708168623195,0.16597088211379837,2.47947919615058
3534,2022,3534,-0.07223076173276514,-0.17200201619563457,0.18655287860512587,2.4787775891341255
3535,2022,3535,0.007307574705780017,-0.12909382745220344,0.12930049085111714,2.478076379066478
3536,2022,3536,-0.041309088464294284,0.1875173024382751,0.19201348781655528,2.47737556561086
3537,2022,3537,0.011183414423794252,-0.258014944554372,0.25825719810214387,2.4766751484308736
3538,2022,3538,0.10575731286810658,0.09921865604531492,0.14501362326526804,2.475975127190503
3539,2022,3539,-0.09666324303054828,0.16451830276758847,0.19081418841037673,2.4752755015541115
3540,2022,3540,0.03545190634019864,-0.18844270048910175,0.1917485046376621,2.4745762711864407
3541,2022,3541,0.012214835244549834,0.1741433251509501,0.17457118861565052,2.473877435752612
3542,2022,3542,-0.1527792419069804,0.060282017342562756,0.1642419507085832,2.4731789949181255
3543,2022,3543,-0.038810968785352354,-0.1569643473354123,0.16169136536157258,2.472480948348857
3544,2022,3544,-0.07390081466310995,0.06904285247873905,0.10113479068190259,2.471783295711061
3545,2022,3545,0.048076356574336544,-0.009776410919657735,0.04906031259513901,2.4710860366713683
3546,2022,3546,-0.06787446167267601,-0.19580029940770538,0.20723103000154836,2.470389170896785
3547,2022,3547,0.012117538406691343,0.010554810506057303,0.016069809017422,2.4696926980546943
3548,2022,3548,0.03274627351968731,0.19218888658533725,0.19495867909979744,2.468996617812852
3549,2022,3549,-0.06881696020238877,-0.26290969284281995,0.27176696010038287,2.4683009298393914
3550,2022,3550,0.2244107852000216,0.13397161095595797,0.2613591265982973,2.4676056338028167
3551,2022,3551,-0.22056857114344908,0.006466153646501105,0.22066333116139372,2.466910729372008
3552,2022,3552,0.0473613816993453,-0.3855344553143696,0.388432641150327,2.4662162162162162
3553,2022,3553,0.2575573197592812,0.3405014234203317,0.4269390967255829,2.465522094005066
3554,2022,3554,-0.19815989003171455,0.026052250468699103,0.19986510894066786,2.4648283624085536
3555,2022,3555,0.06566082355844172,-0.1887085340093386,0.19980554186089663,2.4641350210970465
3556,2022,3556,-0.049703311346251125,0.17376442829041389,0.18073321691896255,2.463442069741282
3557,2022,3557,0.08216419618446513,-0.08671694499944045,0.11946038541991758,2.46274950801237
3558,2022,3558,-0.06150736959876002,0.15834120095419624,0.16986786757528813,2.4620573355817874
3559,2022,3559,-0.2576384046675396,-0.054986576810796516,0.2634408305274726,2.461365552121382
3560,2022,3560,0.23657057597808237,-0.2810298076269182,0.36734641715065675,2.460674157303371
3561,2022,3561,-0.027261668209451934,0.11451559054835576,0.11771584019239259,2.459983150800337
3562,2022,3562,-0.057975196605725345,-0.04620552443258705,0.07413551044919639,2.459292532285233
3563,2022,3563,0.20712821198790599,-0.15724415306668027,0.26005349425640195,2.458602301431378
3564,2022,3564,0.008320368071166637,0.141818145340059,0.14206201065919694,2.457912457912458
3565,2022,3565,0.029595612434223456,0.27591840647582033,0.2775011122635597,2.4572230014025247
3566,2022,3566,-0.020357546976355455,-0.09435115427910408,0.09652238099370436,2.4565339315759953
3567,2022,3567,0.00020171316852976074,0.03325552956313726,0.033256141308441886,2.4558452481076536
3568,2022,3568,-0.11628681640108143,0.1802175377871867,0.2144784012313941,2.4551569506726456
3569,2022,3569,-0.09300969723918727,-0.1576553476106308,0.18304647609488175,2.454469038946484
3570,2022,3570,0.10842069053098156,0.17960687479876997,0.2097943650582539,2.453781512605042
3571,2022,3571,-0.04941204728411208,0.04872152877852795,0.06939263493573547,2.4530943713245588
3572,2022,3572,0.015159489770955641,-0.21724489434274635,0.21777317155266562,2.452407614781635
3573,2022,3573,-0.02708365502988543,0.38231009008020483,0.38326822115447057,2.4517212426532327
3574,2022,3574,-0.2480773856578663,-0.009104090047667206,0.24824438307933125,2.451035254616676
3575,2022,3575,0.012434841025605096,-0.21749446967960323,0.217849649098969,2.4503496503496502
3576,2022,3576,0.15914351812225547,0.20989441053593388,0.2634052446982706,2.4496644295302015
3577,2022,3577,-0.24089248879697478,-0.021858752622351024,0.2418821949317596,2.4489795918367347
3578,2022,3578,-0.23284172332721795,-0.1969687127206504,0.30497859254842596,2.4482951369480155
3579,2022,3579,0.13502543422536173,0.0246750839640551,0.1372615301400238,2.4476110645431683
3580,2022,3580,0.07209903796976753,-0.022453017471019854,0.07551429844552555,2.446927374301676
3581,2022,3581,-0.11157892442193408,0.06282909876748347,0.1280521457340324,2.446244065903379
3582,2022,3582,-0.18525686415116618,-0.07600987414866625,0.20024386802901037,2.4455611390284755
3583,2022,3583,0.1014312702584325,-0.29774334471605435,0.3145463430226814,2.4448785933575214
3584,2022,3584,0.07454944274766416,0.15568410178030667,0.1726127427542015,2.4441964285714284
3585,2022,3585,-0.12558394430670491,-0.037006126310262115,0.1309228034076594,2.4435146443514646
3586,2022,3586,0.1361644886331512,-0.28530287880577926,0.3161305120034963,2.4428332403792528
3587,2022,3587,0.03515830310278396,0.13717773746215994,0.14161157414669362,2.4421522163367717
3588,2022,3588,0.1340100168271151,-0.0010452885051471614,0.13401409343073833,2.4414715719063547
3589,2022,3589,0.07582636393238994,0.1596495944515525,0.1767417055359386,2.4407913067706883
3590,2022,3590,-0.3099097816465872,0.06653778862779557,0.31697215978018095,2.4401114206128134
3591,2022,3591,0.2412289587570934,-0.07596452109434419,0.2529071351467264,2.4394319131161235
3592,2022,3592,-0.07093655899709055,0.18532763739165248,0.19843973539470247,2.4387527839643655
3593,2022,3593,-0.24964019968858428,-0.11692030178578275,0.275663900919643,2.4380740328416364
3594,2022,3594,0.18193294301447838,-0.07693674035967323,0.19753191582901536,2.4373956594323873
3595,2022,3595,-0.04314412377518314,0.12220455660323946,0.12959694854016696,2.4367176634214185
3596,2022,3596,-0.09794060256697264,0.13252776863273338,0.16479068872346217,2.436040044493882
3597,2022,3597,-0.10059194215910866,-0.12291017382706605,0.15882584694419563,2.4353628023352796
3598,2022,3598,0.04940365583263841,-0.10107001843993617,0.11249831037432885,2.4346859366314617
3599,2022,3599,-0.09076887119644389,0.2625353973071837,0.2777837698957904,2.43400944706863
3600,2022,3600,-0.23700736236699882,-0.16116856601291102,0.28661436894688297,2.433333333333333
3601,2022,3601,0.012457678188769252,-0.14554317848438572,0.14607535914449327,2.432657595112469
3602,2022,3602,0.033776986272899524,0.015880382430493913,0.037323871018670914,2.4319822320932816
3603,2022,3603,0.12133595651361036,-0.1891462091417129,0.22471916423784008,2.431307243963364
3604,2022,3604,-0.12139546678405834,0.18166778308973924,0.218494949068531,2.430632630410655
3605,2022,3605,-0.10172902591612658,0.04385660627300044,0.11077994686597811,2.4299583911234395
3606,2022,3606,0.1511860557763406,-0.23155921708557625,0.27654456146974177,2.4292845257903495
3607,2022,3607,-0.03312136459271284,0.19247017292732785,0.19529923773317423,2.4286110341003604
3608,2022,3608,-0.11676879821144324,0.12530015686992452,0.17127487132493327,2.4279379157427936
3609,2022,3609,-0.17487151085108762,-0.256326203277106,0.31029529128525024,2.427265170407315
3610,2022,3610,0.14270035864984598,-0.013117381025738803,0.14330198199525743,2.4265927977839334
3611,2022,3611,0.23630797385637559,0.11976050868392141,0.2649227018364736,2.425920797563002
3612,2022,3612,-0.2037207462291548,-0.07360291579340858,0.21660916799031216,2.425249169435216
3613,2022,3613,-0.13529408402092474,0.05378709317086817,0.1455937517987386,2.4245779130916136
3614,2022,3614,0.19430131134400017,0.022211462027867106,0.19556673703729238,2.423907028223575
3615,2022,3615,-0.11408125547410351,0.17116162879758146,0.20569597959899152,2.4232365145228214
3616,2022,3616,-0.14502557010355252,-0.019461730029988227,0.14632557848722338,2.422566371681416
3617,2022,3617,0.13100759503788678,-0.2747849633061751,0.30441709218896845,2.421896599391761
3618,2022,3618,-0.13955815904556054,0.19318358897488375,0.23831990853766874,2.4212271973466004
3619,2022,3619,-0.13236181314882847,0.06503552246451712,0.14747633288863027,2.4205581652390165
3620,2022,3620,0.2090088495333176,-0.1916208028072125,0.2835546353909976,2.4198895027624308
3621,2022,3621,-0.16042918795152233,0.04713326776701675,0.1672096566505122,2.4192212096106047
3622,2022,3622,-0.0018013323597195518,0.15247775105045897,0.15248839091444277,2.418553285477637
3623,2022,3623,-0.1434076729594255,-0.012242321141168706,0.14392927113885154,2.417885730057963
3624,2022,3624,-0.1897142153834952,-0.10104692807480282,0.2149464240035865,2.4172185430463577
3625,2022,3625,0.17203555976992743,-0.03790685019257188,0.1761623203664006,2.416551724137931
3626,2022,3626,-0.10251312712664021,-0.09289786562475252,0.13834361087855584,2.41588527302813
3627,2022,3627,-0.1158742071680795,0.06689288829836698,0.13379645134206217,2.415219189412738
3628,2022,3628,0.010838038068356946,-0.0586016265253105,0.059595416774976324,2.414553472987872
3629,2022,3629,0.0820448752654641,-0.20260112377370007,0.21858311213744694,2.4138881234499863
3630,2022,3630,0.0031806669758161605,0.2360252959847755,0.23604672627916687,2.4132231404958677
3631,2022,3631,-0.19403433201960657,-0.011861068823793203,0.19439651991724974,2.4125585238226384
3632,2022,3632,-0.035366552477515016,-0.2007947304581031,0.20388554832034345,2.4118942731277535
3633,2022,3633,0.02576663211958348,-0.03390573199913638,0.04258541996016021,2.4112303881090007
3634,2022,3634,0.16938567768589913,-0.08296214557431109,0.1886113077294267,2.410566868464502
3635,2022,3635,-0.19834203332849157,0.06650673630071731,0.2091953827364591,2.4099037138927097
3636,2022,3636,0.013182378315414862,-0.15795048829265007,0.15849962728643024,2.4092409240924093
3637,2022,3637,0.36959870076270945,0.11609640927178994,0.38740363427733326,2.4085784987627163
3638,2022,3638,-0.34324004010917847,0.08030887908079833,0.35250991644684937,2.407916437603079
3639,2022,3639,-0.037995633853350974,-0.20075110863832027,0.20431513847836283,2.407254740313273
3640,2022,3640,0.14819433963119633,0.2440667841876833,0.2855348620439255,2.4065934065934065
3641,2022,3641,-0.1679182909676252,-0.03395989607647322,0.17131791203202573,2.4059324361439165
3642,2022,3642,0.11988102684726187,-0.04030540942831561,0.12647524116260098,2.4052718286655685
3643,2022,3643,-0.12473469903446327,-0.09468052611879017,0.156598681888926,2.4046115838594564
3644,2022,3644,-0.1308451345074845,-0.19390020356782778,0.23391822966140702,2.4039517014270033
3645,2022,3645,0.20186270704459006,0.2914035077309119,0.3544919700264727,2.403292181069959
3646,2022,3646,-0.0485482403072362,-0.023602181981565988,0.053981428577058906,2.4026330224904004
3647,2022,3647,-0.1706235996500411,-0.2636395684049537,0.31403540371475275,2.401974225390732
3648,2022,3648,0.14218488680922123,-0.023682666915208893,0.1441437156076108,2.401315789473684
3649,2022,3649,0.13260695104210518,0.23307863362963688,0.26816087134282246,2.400657714442313
3650,2022,3650,-0.30368297567798325,0.04353864269791797,0.3067881404562626,2.4
3651,2022,3651,0.1840517295198183,-0.2831880844107963,0.33774329052031904,2.399342645850452
3652,2022,3652,0.25363672853928826,-0.008809331287650182,0.2537896656324843,2.3986856516976998
3653,2022,3653,-0.3155569834359474,0.22905430323759574,0.3899257411698479,2.398029017246099
3654,2022,3654,-0.06391519484656139,-0.055393087359898896,0.08457863949919801,2.3973727422003286
3655,2022,3655,0.14474447858198528,-0.1636258771638456,0.21845913063456215,2.39671682626539
3656,2022,3656,-0.029317823054789204,0.06148458562271287,0.06811673082194006,2.396061269146608
3657,2022,3657,0.022123082299856645,0.042253674923881435,0.04769490344910321,2.395406070549631
3658,2022,3658,-0.15899632051764911,-0.020177312055440575,0.16027150046072958,2.3947512301804266
3659,2022,3659,0.0467648718491022,-0.06188766018163195,0.077569554090636,2.3940967477452855
3660,2022,3660,0.22530679800439202,-0.09256217614507499,0.24357937039023606,2.3934426229508197
3661,2022,3661,-0.10931250759597322,0.09937746493375905,0.14773322190211724,2.3927888555039605
3662,2022,3662,-0.10031851378415145,0.0803655904149611,0.12853961385738744,2.3921354451119607
3663,2022,3663,0.1781248934465206,0.017656056883887366,0.17899780448380193,2.3914823914823913
3664,2022,3664,-0.12195870127228065,0.03874655573919261,0.1279657000827634,2.390829694323144
3665,2022,3665,-0.06227448307764542,0.013143646778903935,0.06364641932769304,2.390177353342428
3666,2022,3666,-0.10050775093237282,0.06184701348281879,0.11801212257318254,2.3895253682487727
3667,2022,3667,-0.04531984426781327,-0.12242661795997399,0.13054564362542426,2.388873738751023
3668,2022,3668,0.18419888856263722,0.11412837524353735,0.21668990881774008,2.3882224645583423
3669,2022,3669,-0.29174752578969887,0.004836883852145539,0.2917876183970289,2.3875715453802124
3670,2022,3670,-0.12684803033984832,-0.2940231824215812,0.32021876054099874,2.3869209809264307
3671,2022,3671,0.14060640223034399,0.253192211413102,0.28961432331364106,2.38627077090711
3672,2022,3672,-0.12823488443037495,-0.023379725168480893,0.13034875194579087,2.3856209150326797
3673,2022,3673,-0.05998699357451087,-0.2679795247804159,0.2746114802764916,2.384971413013885
3674,2022,3674,-0.03758039959984928,-0.08398714394658413,0.09201155787393557,2.3843222645617854
3675,2022,3675,0.07654595938352182,-0.11039183021085308,0.13433406148570654,2.3836734693877553
3676,2022,3676,0.002090028615168506,0.21713260545633067,0.2171426640986676,2.383025027203482
3677,2022,3677,0.002610845477156833,-0.17065218744683697,0.17067215822885692,2.3823769377209683
3678,2022,3678,0.04051435084743072,-0.26857469097604697,0.2716132862314873,2.3817292006525284
3679,2022,3679,-0.008329903231953949,0.08616771249675968,0.08656940547778963,2.381081815710791
3680,2022,3680,0.061757472659783666,0.18401164337445655,0.194098609801029,2.380434782608696
3681,2022,3681,-0.11904485404624648,-0.0998522044513938,0.15537741151369164,2.3797881010594946
3682,2022,3682,0.10905403076420835,-0.21191613404803664,0.23833008516716125,2.379141770776752
3683,2022,3683,0.12287256399798004,0.1350690696361493,0.18259605843449264,2.3784957914743416
3684,2022,3684,-0.1772557916375767,0.04169479095684904,0.18209357831071185,2.3778501628664497
3685,2022,3685,0.08238415008447487,0.0051967217093714605,0.08254788974689743,2.377204884667571
3686,2022,3686,0.035183162020048536,-0.06992497801118908,0.07827743889266091,2.376559956592512
3687,2022,3687,-0.017896222172742105,-0.08530355392577343,0.0871606050944088,2.375915378356387
3688,2022,3688,-0.04356151735984477,0.15247943702803837,0.15857989945475304,2.3752711496746204
3689,2022,3689,-0.0580407064010452,-0.1215567368254405,0.13470250133973657,2.374627270262944
3690,2022,3690,0.1970534251781766,-0.07629557481383636,0.2113079911187103,2.3739837398373984
3691,2022,3691,-0.055819224040730975,0.22800017572684034,0.23473360625180917,2.3733405581143323
3692,2022,3692,-0.17423732712714912,-0.21873748008095178,0.2796510886025262,2.372697724810401
3693,2022,3693,0.1173998977159372,-0.027915424321782484,0.1206731407512777,2.372055239642567
3694,2022,3694,0.1539256014922675,0.2212738522390743,0.26954630117936335,2.3714131023280998
3695,2022,3695,-0.24379162316901679,-0.1109639946638676,0.26785698355493126,2.3707713125845737
3696,2022,3696,-0.12159420176193043,-0.10401085731102662,0.16001065071018175,2.3701298701298703
3697,2022,3697,0.1872704905887838,0.08276889084963564,0.20474600347221106,2.369488774682175
3698,2022,3698,-0.09296917929650218,-0.01317012244396938,0.09389739306420768,2.3688480259599785
3699,2022,3699,0.0618970191959414,-0.03856838474709798,0.07292983811405945,2.368207623682076
3700,2022,3700,-0.08764724733456494,-0.009576833297147435,0.08816890438997046,2.3675675675675674
3701,2022,3701,-0.16862722759164978,-0.1934399564271254,0.2566206512106425,2.366927857335855
3702,2022,3702,0.3130369499406529,0.20048473755720042,0.37173412813666484,2.366288492706645
3703,2022,3703,-0.15635268789683732,0.214289243695448,0.2652659853357247,2.365649473399946
3704,2022,3704,-0.2820312569981154,-0.39761482143650906,0.4874824880443645,2.365010799136069
3705,2022,3705,0.198583302811074,-0.042995998747532474,0.20318460587271991,2.3643724696356276
3706,2022,3706,0.16603919454301294,0.21273370353800414,0.2698604134464481,2.363734484619536
3707,2022,3707,-0.2660558777913402,0.043719387088752566,0.2696240251066969,2.36309684380901
3708,2022,3708,-0.0391815778579755,-0.15898648130669785,0.1637433885130193,2.3624595469255665
3709,2022,3709,0.1801679479091611,-0.11666519420402204,0.21464216033310038,2.3618225936910218
3710,2022,3710,-0.20307729935188926,0.28140229682883633,0.3470268608805395,2.361185983827493
3711,2022,3711,-0.05435695403547376,0.015271183261258672,0.05646138051990541,2.360549717057397
3712,2022,3712,-0.053118056139012125,-0.23436453976846636,0.24030868770993755,2.3599137931034484
3713,2022,3713,-0.05057265095160294,-0.07657182289878552,0.09176511911568382,2.3592782116886615
3714,2022,3714,0.08653529104252758,0.04879354029547422,0.09934367705285033,2.358642972536349
3715,2022,3715,-0.32775916567931695,-0.017826229068478704,0.32824357591520936,2.358008075370121
3716,2022,3716,0.03417577984575544,-0.17308594634891755,0.17642768703229633,2.357373519913886
3717,2022,3717,0.15801572761647104,-0.014806755808729628,0.1587079399139883,2.3567393058918484
3718,2022,3718,-0.16123216617391084,-0.02969412757082457,0.1639437483447417,2.35610543302851
3719,2022,3719,-0.1379606346545891,-0.07557776793620818,0.15730586677081165,2.355471901048669
3720,2022,3720,-0.014346843787085437,-0.18799843885550457,0.1885450740241121,2.3548387096774195
3721,2022,3721,0.16097048134861544,-0.21890050422562962,0.2717147891003356,2.3542058586401504
3722,2022,3722,-0.03300322198926417,0.18586813518660944,0.1887754654064462,2.353573347662547
3723,2022,3723,-0.01966255456349533,-0.25864072051231873,0.2593870435451505,2.3529411764705883
3724,2022,3724,0.10799325789284264,-0.1534887938041397,0.18767352923030925,2.3523093447905477
3725,2022,3725,0.10931978109951766,0.197240868709461,0.2255100326568849,2.351677852348993
3726,2022,3726,0.042350783139385687,-0.14818611300667647,0.1541191516994133,2.3510466988727856
3727,2022,3727,-0.080290370169023,0.006309013432782297,0.0805378618562336,2.3504158840890796
3728,2022,3728,0.05244284273949164,-0.06543907145309957,0.08386014445040578,2.3497854077253217
3729,2022,3729,0.178794893351799,-0.07577047563975131,0.1941874838071582,2.349155269509252
3730,2022,3730,-0.06859592871121521,0.13398797002082372,0.15052633505820592,2.3485254691689006
3731,2022,3731,-0.028321142339668468,-0.04716775979116813,0.05501713066982954,2.3478960064325918
3732,2022,3732,0.1670825616037473,-0.2242338303927665,0.27963796788827155,2.347266881028939
3733,2022,3733,0.06096867605022591,0.22055703524461553,0.2288287247161334,2.346638092686847
3734,2022,3734,-0.08948897173973284,0.11571807017895633,0.1462837920925506,2.3460096411355114
3735,2022,3735,-0.09985387647454681,-0.2286372186651752,0.24949103071241097,2.3453815261044175
3736,2022,3736,-0.021160442409332302,0.06776592444734197,0.07099285062005561,2.3447537473233404
3737,2022,3737,0.0747738411252867,0.04166438369165931,0.08559817863153062,2.344126304522344
3738,2022,3738,-0.0626704294986063,-0.1237236061866264,0.13869071151797874,2.3434991974317816
3739,2022,3739,-0.03636225484041873,-0.023362426052610536,0.043220556777339776,2.3428724257822946
3740,2022,3740,0.13885018126382215,-0.04065858901409131,0.14468066110442354,2.342245989304813
3741,2022,3741,-0.11811385312813269,0.026898286910608957,0.12113793848130129,2.341619887730553
3742,2022,3742,-0.04772810566195513,0.0573312584345363,0.07459789047799102,2.340994120791021
3743,2022,3743,0.15746326151026763,-0.018557646924244418,0.1585530352431509,2.340368688218007
3744,2022,3744,-0.12357308460205318,-0.18026970068419018,0.21855770913613118,2.33974358974359
3745,2022,3745,0.026786158476943014,0.12175557391004514,0.12466722931114003,2.3391188251001336
3746,2022,3746,-0.03949250375204225,-0.15011654818193762,0.15522446936828316,2.3384943940202882
3747,2022,3747,0.11884095122723577,-0.08231623394401515,0.14456532799852134,2.3378702962369897
3748,2022,3748,0.15590944160378628,0.35400651971694475,0.3868182648005495,2.3372465314834576
3749,2022,3749,-0.1676693827784224,-0.28953896092912024,0.3345830716237923,2.336623099493198
3750,2022,3750,0.011283186609589746,0.08133382069042258,0.0821127315838941,2.336
3751,2022,3751,-0.06845869356533062,0.24476720474231417,0.25416053439123426,2.3353772327379367
3752,2022,3752,-0.019385435246691677,-0.2471741055822601,0.24793312318061486,2.3347547974413647
3753,2022,3753,-0.03499861343053397,0.10783306278636576,0.11337050926915805,2.334132693844924
3754,2022,3754,-0.16139915803180238,-0.16067800645806243,0.22774351795981346,2.3335109216835375
3755,2022,3755,0.14746695330245915,-0.12131066824309526,0.19095229913749662,2.33288948069241
3756,2022,3756,-0.053340887098487916,0.16882633597515123,0.17705248361784784,2.3322683706070286
3757,2022,3757,0.033677817825421924,-0.09282036357887162,0.09874115306393896,2.3316475911631622
3758,2022,3758,-0.050529545237568314,-0.05329798880056467,0.07344324715112056,2.3310271420968602
3759,2022,3759,-0.08158612516464012,-0.04066747302632572,0.09115996479665432,2.330407023144453
3760,2022,3760,0.15786189351502425,0.11806702731333336,0.1971299073270118,2.3297872340425534
3761,2022,3761,-0.3252234479837401,-0.10452675819374177,0.3416081590022777,2.329167774528051
3762,2022,3762,0.003926861002058378,-0.3108171530119228,0.31084195798470726,2.328548644338118
3763,2022,3763,0.21599852346465986,0.14111011809298368,0.2580066424864465,2.3279298432102045
3764,2022,3764,-0.3095562709565724,-0.11725373472154149,0.33101891667197586,2.3273113708820405
3765,2022,3765,0.16808280827162583,-0.17043531967299658,0.2393742438703727,2.3266932270916336
3766,2022,3766,0.15531336401673054,-0.05655804842248018,0.16529081608956095,2.3260754115772704
3767,2022,3767,-0.14029517358635135,-0.02419940378581959,0.14236694446118311,2.325457924077515
3768,2022,3768,-0.0168038614659316,0.005283407001336537,0.017614884322867203,2.3248407643312103
3769,2022,3769,0.1544255042575445,-0.1811994566417534,0.23807662517026648,2.3242239320774742
3770,2022,3770,0.007458584396514311,-0.14391744179817373,0.14411058439590985,2.323607427055703
3771,2022,3771,0.09105528159832676,-0.06571396861651796,0.11229154010112825,2.3229912490055686
3772,2022,3772,0.06786742584677247,-0.03643566585192528,0.0770295088725114,2.3223753976670203
3773,2022,3773,-0.0888211236010683,0.01579787996148071,0.09021510410698202,2.321759872780281
3774,2022,3774,0.3551371526140174,-0.09466165490306334,0.3675367003113819,2.3211446740858506
3775,2022,3775,0.04606484809256426,0.14237200408203401,0.14963875760018103,2.3205298013245033
3776,2022,3776,-0.3827631811402529,0.049335656285678264,0.3859296047438504,2.319915254237288
3777,2022,3777,0.19886037761608333,-0.23304869586825191,0.3063611340093652,2.3193010325655283
3778,2022,3778,0.19829244636319518,0.03986065805699377,0.2022591563945554,2.3186871360508206
3779,2022,3779,-0.14905641046336315,0.022423966336402795,0.15073369817820673,2.3180735644350356
3780,2022,3780,0.1744376785365009,-0.16025931867663046,0.23687877261565973,2.3174603174603177
3781,2022,3781,0.003314248606492391,0.04995077041787378,0.05006060036760218,2.3168473948690824
3782,2022,3782,-0.05954355565764188,0.11094447118249091,0.12591310776212797,2.316234796404019
3783,2022,3783,0.19526298357943261,-0.008095172184770395,0.19543071552098162,2.315622521808089
3784,2022,3784,-0.15544613780383834,0.08456971943539494,0.17696197106585165,2.315010570824524
3785,2022,3785,-0.13287256356997704,-0.15209833914502507,0.20196292461818988,2.3143989431968297
3786,2022,3786,0.29247638784531316,-0.0603724240711266,0.2986423731409627,2.3137876386687797
3787,2022,3787,-0.1544125103061727,0.0863786703146451,0.17693077184136183,2.3131766569844205
3788,2022,3788,-0.028248031729653313,-0.12490154376859734,0.1280560304412812,2.3125659978880675
3789,2022,3789,0.20510015677113497,-0.11300168325912333,0.23416971351338192,2.311955661124307
3790,2022,3790,-0.03459552783009651,0.05926368803740919,0.06862241081190852,2.311345646437995
3791,2022,3791,0.02770336511660329,0.0481296543430219,0.05553323388712924,2.310735953574255
3792,2022,3792,-0.00036867561462209053,-0.10668019982383035,0.1066808368741134,2.310126582278481
3793,2022,3793,0.05065484941253919,-0.013076841421602528,0.05231555744300888,2.3095175322963355
3794,2022,3794,0.046715628832653185,0.06177411217227032,0.07744927960867327,2.308908803373748
3795,2022,3795,0.09862860264401033,-0.21705364501405777,0.23841117019426478,2.308300395256917
3796,2022,3796,-0.061450494707191466,0.17363898192523583,0.18419190900740168,2.3076923076923075
3797,2022,3797,0.01601085798594908,-0.03685132339974355,0.04017919374201921,2.3070845404266525
3798,2022,3798,0.1779685899242167,-0.032856678853197305,0.18097618723156964,2.306477093206951
3799,2022,3799,-0.2105438104852878,0.1811489486994978,0.2777474351791535,2.3058699657804684
3800,2022,3800,0.1596471236149781,-0.24319524516720742,0.2909143024164921,2.305263157894737
3801,2022,3801,0.05819860457932167,0.09312466896441536,0.10981476014048469,2.3046566692975534
3802,2022,3802,-0.3314563515474764,0.05590409670946233,0.3361377411271534,2.3040504997369804
3803,2022,3803,0.24466777660192454,-0.20915800008586347,0.3218841249692928,2.3034446489613463
3804,2022,3804,-0.004250210535560267,0.08007660086319007,0.08018931534437265,2.302839116719243
3805,2022,3805,0.019801604197997855,0.020301711425465597,0.028359531301081944,2.302233902759527
3806,2022,3806,0.14171104113494093,-0.02014592770297228,0.14313587105461129,2.3016290068313188
3807,2022,3807,-0.1560838622220821,-0.023796291559216674,0.15788741412200388,2.3010244286840034
3808,2022,3808,0.10338448337755773,0.14045952628192662,0.17440536094566517,2.3004201680672267
3809,2022,3809,-0.07080670589110392,0.08274601552124423,0.10890588911436921,2.2998162247309004
3810,2022,3810,-0.14606619683245156,-0.21971286918594485,0.2638353250476831,2.2992125984251968
3811,2022,3811,0.012982377439277382,0.015374173483986876,0.02012230936775358,2.298609288900551
3812,2022,3812,-0.036874453226871086,-0.09762825008067168,0.10435995647083643,2.29800629590766
3813,2022,3813,0.014196344476384445,0.02766113514389631,0.03109139099398846,2.2974036191974823
3814,2022,3814,-0.0016702290366139422,0.07261201095024769,0.07263121780111936,2.2968012585212376
3815,2022,3815,-0.00987565649353642,-0.266978624015149,0.2671612140116911,2.2961992136304064
3816,2022,3816,0.07541907410013275,0.03208291479407493,0.08195944216382385,2.2955974842767297
3817,2022,3817,-0.12828482950545975,0.17552229929545574,0.21740532429360698,2.2949960702122087
3818,2022,3818,-0.07780639901804985,-0.25563205752203483,0.26721074933674527,2.2943949711891043
3819,2022,3819,0.14347542895678472,-0.2291398665135111,0.27035213544590886,2.293794186959937
3820,2022,3820,0.15467165192802648,0.14273793156781295,0.21046956316389845,2.2931937172774868
3821,2022,3821,-0.09264282288176973,-0.07560142153118453,0.11957536355386426,2.292593561894792
3822,2022,3822,-0.0554240390989746,-0.007356186989403088,0.05591008493168051,2.291993720565149
3823,2022,3823,0.19017223588883203,0.03480824258919062,0.19333156249072606,2.2913941930421133
3824,2022,3824,0.10311098215430183,-0.13310594000587445,0.16837180852408812,2.290794979079498
3825,2022,3825,-0.023715431949262893,0.27872162772455605,0.27972873909193907,2.2901960784313724
3826,2022,3826,-0.14589488079358381,-0.017847481108918626,0.14698247794790792,2.289597490852065
3827,2022,3827,0.03775894318512227,-0.29210507351199066,0.2945354168209704,2.2889992160961588
3828,2022,3828,0.1938374009980847,0.25681953517402784,0.3217595556820279,2.2884012539184955
3829,2022,3829,-0.13670275037394522,0.07515593932497341,0.15600018325508552,2.287803604074171
3830,2022,3830,-0.17263892730212,-0.14783782052903707,0.22728884794200185,2.2872062663185377
3831,2022,3831,0.14850055984329727,-0.04535630889491712,0.15527269892142614,2.2866092404072043
3832,2022,3832,0.038788282187573665,0.03023722126389141,0.04918150449939867,2.2860125260960333
3833,2022,3833,-0.2860964571249768,-0.037027251140362274,0.28848258198108795,2.2854161231411427
3834,2022,3834,0.10322225207041251,-0.029405794448345027,0.10732909237306584,2.2848200312989047
3835,2022,3835,0.052714324985655016,-0.04073013179911298,0.06661639208983301,2.2842242503259453
3836,2022,3836,-0.07627221107326589,-0.1506770393473191,0.16888167564445342,2.283628779979145
3837,2022,3837,0.12157180148884458,0.07720988233346017,0.14401759908840933,2.283033620015637
3838,2022,3838,-0.17145105507737285,-0.13585236523883906,0.21874946726365133,2.2824387701928086
3839,2022,3839,0.12761173807156287,-0.11533227087977083,0.1720066521967392,2.281844230268299
3840,2022,3840,0.2097439236295222,0.17852461714902657,0.27543339018302293,2.28125
3841,2022,3841,-0.16006246434416088,-0.25119568558959576,0.29785779316773436,2.2806560791460555
3842,2022,3842,-0.028080421976271447,-0.10239574774417291,0.10617626502403331,2.280062467464862
3843,2022,3843,0.198390400787338,0.20869269696886208,0.28794338487400245,2.279469164715066
3844,2022,3844,0.054667278705616135,-0.06721534988530947,0.08663956729625376,2.278876170655567
3845,2022,3845,-0.07370618562601214,-0.03240305084488493,0.0805143434649526,2.2782834850455136
3846,2022,3846,0.1405901637996966,-0.06413144154503919,0.15452648948277542,2.277691107644306
3847,2022,3847,-0.030716103226698165,0.05251282699185271,0.06083646929358599,2.2770990382115937
3848,2022,3848,0.05718414479247402,0.260665252832766,0.26686401115552555,2.2765072765072767
3849,2022,3849,-0.009650402779593958,-0.04544147195899693,0.04645489907005179,2.275915822291504
3850,2022,3850,-0.13591403410033537,-0.22084643379553467,0.2593178975420567,2.275324675324675
3851,2022,3851,0.17633456762330652,0.11789825466447913,0.21211760462495524,2.274733835367437
3852,2022,3852,-0.09728049434802415,0.129852918615159,0.16225065501707864,2.2741433021806854
3853,2022,3853,-0.06006363376808589,-0.20408055009495077,0.21273577749989414,2.2735530755255646
3854,2022,3854,0.19005778642602647,0.04901062653057079,0.1962753262488186,2.2729631551634664
3855,2022,3855,-0.10616772400342761,0.006032961722496333,0.10633899683189176,2.272373540856031
3856,2022,3856,0.010814778980681027,0.043048782224407264,0.04438645171001421,2.271784232365145
3857,2022,3857,-0.09077708930470019,0.07011950842111542,0.11470494934331468,2.2711952294529425
3858,2022,3858,0.07304246109229279,-0.18271213496709343,0.19677125142320073,2.270606531881804
3859,2022,3859,0.08167001373479676,-0.025132174668344297,0.08544950173641774,2.270018139414356
3860,2022,3860,-0.019867039163141045,0.11742192334241343,0.1190907524812124,2.2694300518134716
3861,2022,3861,0.04204498583191638,-0.16251343974427643,0.1678642276696337,2.2688422688422687
3862,2022,3862,0.009918923544329035,-0.10437973467146855,0.10484995972514448,2.2682547902641117
3863,2022,3863,0.1461409217788185,0.14693617303085418,0.20723756407397734,2.2676676158426092
3864,2022,3864,-0.0957500890271242,-0.06548663971675572,0.1160024979476493,2.267080745341615
3865,2022,3865,0.06575914844705288,-0.02695942286496807,0.07107092292698682,2.2664941785252264
3866,2022,3866,0.22122583710454685,0.10633000613414549,0.2454525233259885,2.265907915157786
3867,2022,3867,-0.12294062291656936,-0.17704733958114924,0.2155461834871517,2.265321955003879
3868,2022,3868,-0.023655390012311442,0.052848023636864284,0.05790070015947242,2.264736297828335
3869,2022,3869,0.11263659283113457,0.11247173964794017,0.15917567108085592,2.2641509433962264
3870,2022,3870,0.06431420613204879,-0.11764234803451382,0.1340747521402495,2.2635658914728682
3871,2022,3871,0.02684351689503468,0.1528499618196372,0.1551891917227439,2.262981141823818
3872,2022,3872,-0.054389050571295644,-0.13409393404843892,0.14470436057919622,2.262396694214876
3873,2022,3873,-0.05417451594865179,0.012496561396316564,0.055597142237732294,2.2618125484120837
3874,2022,3874,0.022599503966045514,0.1944026172275705,0.19571181661933598,2.2612287041817245
3875,2022,3875,0.10149704816480584,-0.17046133561934537,0.1983903166167644,2.2606451612903227
3876,2022,3876,-0.1386521144438804,0.006740448724131746,0.13881585820345438,2.260061919504644
3877,2022,3877,-0.029935976166955952,-0.01468906570570368,0.03334563420262141,2.2594789785916944
3878,2022,3878,0.11717142678642246,0.0387883271521443,0.12342478510586007,2.258896338318721
3879,2022,3879,-0.14817348291508597,0.1255346835907036,0.19420179665339182,2.2583139984532097
3880,2022,3880,0.08303284187382898,-0.13063531003495923,0.15479030026966872,2.2577319587628866
3881,2022,3881,-0.02255363037795173,-0.14720768919513477,0.14892538400620853,2.2571502190157178
3882,2022,3882,-0.09999797564679434,0.030420932093152032,0.10452285990573086,2.2565687789799074
3883,2022,3883,0.04034354314716574,0.13582451847292282,0.14168945370798977,2.2559876384238993
3884,2022,3884,-0.08663827724457962,-0.31289022140043204,0.3246636439947042,2.255406797116375
3885,2022,3885,0.21769291990127976,-0.05740614314726598,0.22513478772990503,2.2548262548262548
3886,2022,3886,-0.0604007980113275,0.22379266203719733,0.2318003709705841,2.2542460113226968
3887,2022,3887,-0.07783904901734799,-0.27391212930896547,0.2847573917117807,2.2536660663750965
3888,2022,3888,0.14767661000805263,0.04041521976765561,0.15310705774829053,2.253086419753086
3889,2022,3889,0.01498833667102882,0.022684789655263694,0.02718915073825709,2.2525070712265363
3890,2022,3890,-0.10572307395275622,-0.13975773030455094,0.17524152346376004,2.2519280205655527
3891,2022,3891,0.016474940326701756,0.05908649970949921,0.06134034648328157,2.251349267540478
3892,2022,3892,0.1807756428156406,-0.15598839394610714,0.23877230174644207,2.250770811921891
3893,2022,3893,0.01949649183723832,-0.011597277909933996,0.022685018159123074,2.2501926534806063
3894,2022,3894,-0.11633733718651189,0.10491749360065056,0.15665904534079964,2.2496147919876734
3895,2022,3895,0.07257901073018466,-0.07593735159193198,0.10504377261584313,2.2490372272143775
3896,2022,3896,-0.007215328256329883,-0.05698640091575858,0.057441368813583846,2.248459958932238
3897,2022,3897,0.13712532519155105,0.03607850238831873,0.1417921476791735,2.24788298691301
3898,2022,3898,0.002438332688700416,-0.09339900877933134,0.09343083167382381,2.2473063109286815
3899,2022,3899,-0.2152306308131559,0.012059488611372793,0.21556821589881206,2.2467299307514748
3900,2022,3900,0.1475731204867524,-0.06969688870044255,0.16320380566861611,2.246153846153846
3901,2022,3901,0.3445398183145382,-0.02700514318710702,0.34559653378292315,2.245578056908485
3902,2022,3902,-0.18698082097613034,0.144563364485166,0.23634803524501458,2.2450025627883137
3903,2022,3903,-0.13970320393860358,-0.13941441318099926,0.19736606545531946,2.2444273635664875
3904,2022,3904,0.25312715728505225,0.039830706331048266,0.256241766544882,2.2438524590163933
3905,2022,3905,-0.1354089362737151,0.1347717402839122,0.19104711984725997,2.2432778489116516
3906,2022,3906,0.14423796810075426,-0.20954202418528553,0.25438642129937084,2.2427035330261136
3907,2022,3907,-0.020520698524928885,-0.07491572954681,0.07767538607230606,2.242129511133862
3908,2022,3908,-0.24417086152492143,0.06502995517728803,0.2526822207599546,2.2415557830092117
3909,2022,3909,0.37042744691901325,-0.08066082453214424,0.3791077182611082,2.2409823484267077
3910,2022,3910,0.034436561114094336,0.025492968132393615,0.04284586520965577,2.2404092071611252
3911,2022,3911,-0.14540936858678444,0.0116620654976132,0.14587627718199403,2.2398363589874712
3912,2022,3912,0.07605037404818846,-0.09118708708885111,0.11873813306861065,2.2392638036809815
3913,2022,3913,-0.024496175710155964,-0.015708833838826743,0.0291003451010242,2.2386915410171224
3914,2022,3914,0.053187046735390306,0.07112129426771935,0.08880934882515536,2.2381195707715893
3915,2022,3915,0.09456275258352165,-0.29353105877581953,0.30838708896811157,2.2375478927203063
3916,2022,3916,0.05864706927870342,0.030599294942522115,0.06614979656779374,2.236976506639428
3917,2022,3917,-0.15036883921045913,0.18820672592233303,0.2408994800490551,2.2364054123053356
3918,2022,3918,0.2704063414114958,-0.32363301827284574,0.42173204762259,2.23583460949464
3919,2022,3919,0.19927675120018787,0.24878102709652009,0.31875260471422195,2.23526409798418
3920,2022,3920,-0.2869294272840198,0.15797738044325088,0.32754442290053914,2.2346938775510203
3921,2022,3921,0.11539497986813842,-0.22175048416765997,0.24997855629505442,2.234123947972456
3922,2022,3922,-0.06358200981930089,0.18777331193403635,0.198246030596677,2.2335543090260073
3923,2022,3923,0.0291456887679126,-0.13547474703195111,0.13857445023209428,2.2329849604894214
3924,2022,3924,0.09104831607942351,-0.08413949233139081,0.12397277939403788,2.232415902140673
3925,2022,3925,-0.2542752636310464,0.14285061295866014,0.29165425989911936,2.2318471337579617
3926,2022,3926,0.23056512429657203,-0.1430318113369936,0.27132706388459493,2.2312786551197146
3927,2022,3927,0.12166008481837139,-0.04027272418931315,0.12815252066050753,2.2307104660045836
3928,2022,3928,-0.20671625122177983,0.07009996494950319,0.2182787520697046,2.230142566191446
3929,2022,3929,0.017838554426716023,-0.11486110313928234,0.11623806191780628,2.2295749554594044
3930,2022,3930,0.1505646670431459,-0.021203106264001532,0.1520502899604467,2.2290076335877864
3931,2022,3931,-0.0036467215699577484,0.10614293631816518,0.10620556251181416,2.2284406003561434
3932,2022,3932,0.12350636969772043,-0.3190568029054374,0.3421272670164556,2.227873855544252
3933,2022,3933,0.05737752591938581,0.05504007407909659,0.07950842870578081,2.227307398932113
3934,2022,3934,-0.06480151216924465,0.26215309618448684,0.27004348134797396,2.226741230299949
3935,2022,3935,0.17622899338231826,-0.25988665259082205,0.31400275524811533,2.2261753494282086
3936,2022,3936,0.11354015344021635,0.12432628593816274,0.1683698067303211,2.225609756097561
3937,2022,3937,-0.2277839774531465,0.01785497295945133,0.22848269178158392,2.2250444500889004
3938,2022,3938,0.20526382517199265,-0.3007427800479039,0.3641146216168478,2.224479431183342
3939,2022,3939,0.07058051806278617,0.2952772459957332,0.3035955558515902,2.223914699162224
3940,2022,3940,-0.02670124527344514,-0.01649705314812384,0.03138645028869463,2.2233502538071064
3941,2022,3941,0.246201044782451,-0.3041382535066801,0.3912991588261647,2.2227860948997717
3942,2022,3942,0.0430631187469818,0.21469713923926312,0.21897327187065593,2.2222222222222223
3943,2022,3943,-0.060142455065288355,0.28473977123895855,0.291022082025565,2.2216586355566825
3944,2022,3944,0.02856746711767089,-0.18687928541269,0.18905017189591988,2.2210953346855984
3945,2022,3945,0.07544711811613734,0.0949123392979253,0.12124611244503831,2.220532319391635
3946,2022,3946,0.036901267427902305,0.17072021916522553,0.1746628087762481,2.2199695894576785
3947,2022,3947,-0.1715473652349268,-0.13642027735915566,0.21917798838796365,2.2194071446668358
3948,2022,3948,-0.05597390654334923,-0.06150866803146659,0.08316486311374988,2.2188449848024314
3949,2022,3949,0.19667284492113085,-0.12985704941502807,0.23567575440029512,2.218283109648012
3950,2022,3950,0.02503528514286743,0.10066994198754387,0.1037362170216368,2.2177215189873416
3951,2022,3951,-0.12670188377827976,0.15264607067811864,0.19837890574966355,2.217160212604404
3952,2022,3952,0.16501837408927225,-0.2406431935358352,0.29178795448440364,2.216599190283401
3953,2022,3953,-0.016608356903365252,-0.07937597540775007,0.08109490114033868,2.216038451808753
3954,2022,3954,0.08811477972947442,0.059870831621677785,0.10653042234894729,2.215477996965099
3955,2022,3955,0.09199364490101666,0.07890146918298503,0.1211951836559848,2.2149178255372948
3956,2022,3956,-0.17272633172619073,-0.19983430461355883,0.26413658393333306,2.2143579373104147
3957,2022,3957,0.44963592329232654,-0.08877702751103607,0.4583162926720348,2.2137983320697496
3958,2022,3958,0.08652812365153989,0.15050520281028218,0.17360568036680238,2.2132390096008083
3959,2022,3959,-0.21778301244431536,0.07359145298123801,0.22988071354772366,2.2126799696893156
3960,2022,3960,0.26052488778833116,0.0092019676820439,0.26068734792149756,2.212121212121212
3961,2022,3961,0.061347929518239565,-0.02300232399730608,0.06551851162421146,2.211562736682656
3962,2022,3962,-0.05147628862909152,0.18436303624981695,0.1914145695245711,2.21100454316002
3963,2022,3963,-0.026077665190708407,0.016597556688598046,0.030911543310386664,2.210446631339894
3964,2022,3964,0.19487302641818266,-0.15900952708576876,0.2515144650500673,2.2098890010090817
3965,2022,3965,0.020954289440465533,0.2403198393960619,0.2412316468735058,2.209331651954603
3966,2022,3966,0.029010328344547465,0.05000975571304812,0.05781500512096495,2.208774583963691
3967,2022,3967,0.08346186908115016,0.03232040801602678,0.0895013539832862,2.208217796823796
3968,2022,3968,-0.21924262739161107,0.11059870818041452,0.24555936943385667,2.2076612903225805
3969,2022,3969,0.2342771645232374,-0.09714464282633993,0.2536195407434238,2.2071050642479215
3970,2022,3970,-0.1324872439440764,0.15098496579016454,0.20087142579907766,2.206549118387909
3971,2022,3971,-0.2295349964514507,-0.0384437653228704,0.23273211572141783,2.2059934525308487
3972,2022,3972,0.43276903317204474,-0.22423722635199322,0.4874129355635747,2.205438066465257
3973,2022,3973,0.052936705798055,0.07498893265579375,0.09179125689086624,2.204882959979864
3974,2022,3974,-0.14512239054168688,0.08999848545623049,0.17076368355405436,2.2043281328636133
3975,2022,3975,0.08240114991512532,-0.02563399381893768,0.08629629856746054,2.2037735849056603
3976,2022,3976,0.07359799816107317,-0.03632356230604133,0.08207354331280084,2.2032193158953723
3977,2022,3977,0.10567198525963555,0.11835207991778568,0.15866248229993932,2.2026653256223283
3978,2022,3978,-0.10943560821380792,0.019667835804707306,0.11118892080763708,2.20211161387632
3979,2022,3979,-0.16315279544920294,-0.143531479790997,0.2173019106079899,2.2015581804473485
3980,2022,3980,0.225083311551079,0.07143672680419098,0.2361476298320538,2.201005025125628
3981,2022,3981,0.14351820968933585,-0.024239832898128574,0.14555083651893372,2.2004521477015824
3982,2022,3982,-0.19670264988882127,-0.1391922408763247,0.24096973335557517,2.1998995479658463
3983,2022,3983,0.16616321958674016,0.01305516140198641,0.16667529145816168,2.1993472257092646
3984,2022,3984,0.04688107509381912,0.18690177936482286,0.19269174951639528,2.1987951807228914
3985,2022,3985,-0.14771535894317686,-0.1179914255459714,0.18905502841787122,2.1982434127979924
3986,2022,3986,0.20016885741840526,-0.07961466738537643,0.2154206738989412,2.197691921726041
3987,2022,3987,0.017555025897404833,-0.018096682052263786,0.02521247380879712,2.197140707298721
3988,2022,3988,-0.02517035543495866,0.04265149872940245,0.049524712382671865,2.196589769307924
3989,2022,3989,0.1992460395753437,0.07913782644102696,0.2143869862194754,2.196039107545751
3990,2022,3990,0.017774314075321755,-0.13388643322920527,0.1350611092938549,2.1954887218045114
3991,2022,3991,0.05640534742300894,0.053911821613762775,0.07802594265771173,2.1949386118767227
3992,2022,3992,0.11038679356906342,0.18529700359538798,0.21568547409570318,2.19438877755511
3993,2022,3993,-0.10406854081176764,0.004158807608603185,0.10415160520806159,2.1938392186326072
3994,2022,3994,-0.06134876214209456,-0.0446158271177479,0.07585672445978711,2.1932899349023534
3995,2022,3995,0.15893950510037866,-0.19023541441323638,0.24789368523326502,2.1927409261576973
3996,2022,3996,-0.08452632314188474,0.1771774455389899,0.19630727574801718,2.1921921921921923
3997,2022,3997,-0.12690961884313984,0.06937129968102722,0.14463204546139116,2.1916437327995997
3998,2022,3998,0.31424098436849335,-0.31671464259187626,0.4461564311863941,2.191095547773887
3999,2022,3999,-0.022647459037086575,-0.078481212896338,0.08168358573493724,2.190547636909227
4000,2022,4000,-0.05127180599404889,0.17025984543212452,0.17781229725882944,2.19
4001,2022,4001,0.061595124768506725,0.09054930651493376,0.1095131786845005,2.1894526368407896
4002,2022,4002,-0.023167226726306063,-0.17086401158363188,0.17242746547067134,2.188905547226387
4003,2022,4003,0.3054293265405873,-0.052540932320974565,0.30991550958316677,2.1883587309517862
4004,2022,4004,-0.09123789948178919,0.06723077870491129,0.11333283684404014,2.1878121878121877
4005,2022,4005,-0.044232287036601536,-0.044642944658193726,0.06284494987063684,2.1872659176029963
4006,2022,4006,0.29952663526624057,0.15844410287360478,0.3388520901061951,2.1867199201198204
4007,2022,4007,0.042143705528043994,-0.09652001393981577,0.10531953762990377,2.1861741951584728
4008,2022,4008,-0.04433165191704382,0.009675727121176576,0.045375269222533626,2.18562874251497
4009,2022,4009,-0.09987703520477796,0.16612010719456324,0.19383320710247157,2.1850835619855324
4010,2022,4010,0.049361789665305994,-0.07346464605711667,0.08850785557937406,2.1845386533665834
4011,2022,4011,0.15622718778626116,0.0014792234377679846,0.15623419057806312,2.1839940164547493
4012,2022,4012,0.003984885239315704,0.04378217950581364,0.043963149940032774,2.1834496510468595
4013,2022,4013,-0.11648350746792988,-0.10502000642117765,0.15683624982999136,2.182905556939945
4014,2022,4014,0.25114746420209916,-0.11748778675998228,0.27726959590424577,2.1823617339312404
4015,2022,4015,0.2870127199861039,0.31015767478763057,0.4225802700830829,2.1818181818181817
4016,2022,4016,-0.3031422139814211,-0.09137174223486584,0.31661332438258577,2.181274900398406
4017,2022,4017,0.0612883436927953,-0.1164657571361742,0.13160749848663075,2.1807318894697536
4018,2022,4018,0.24079175600233998,0.3349888425709931,0.4125508385711318,2.1801891488302636
4019,2022,4019,-0.3080490062205176,0.05349121284901612,0.3126587598093283,2.1796466782781785
4020,2022,4020,0.01315012435225122,-0.1501622648990487,0.1507369615260031,2.1791044776119404
4021,2022,4021,0.10619502204146557,0.016172230875363174,0.1074193825986419,2.1785625466301917
4022,2022,4022,-0.13345718449195862,-0.00011954955646880297,0.13345723803757192,2.178020885131775
4023,2022,4023,0.1294439379758488,0.1425576420819858,0.19255756125032059,2.1774794929157344
4024,2022,4024,-0.049225913788653895,-0.2273799832016676,0.2326474744094993,2.176938369781312
4025,2022,4025,-0.14945912001663056,-0.16824980601657585,0.22504671910685786,2.1763975155279502
4026,2022,4026,0.2852644287602803,0.08109745638016908,0.29656802212521577,2.1758569299552906
4027,2022,4027,0.06127950098987508,0.043554061269461875,0.07518067234756642,2.1753166128631736
4028,2022,4028,-0.11150064102337909,-0.012504696901178823,0.11219964524549442,2.1747765640516383
4029,2022,4029,0.3042957114279143,-0.23003250076871598,0.38145882006230997,2.1742367833209233
4030,2022,4030,0.07510865605435096,0.10550472248117236,0.1295089057946209,2.173697270471464
4031,2022,4031,0.004297188982911738,0.29076011175756444,0.29079186443644917,2.173158025303895
4032,2022,4032,0.08808150933912237,-0.04552179963225665,0.09914931431541635,2.1726190476190474
4033,2022,4033,0.007806415842929022,-0.08873079411980953,0.08907353116074807,2.172080337217952
4034,2022,4034,0.14080320101880936,0.17603332719552525,0.2254179977301504,2.1715418939018343
4035,2022,4035,-0.11780122962698433,0.1834572559417469,0.21802223386458802,2.171003717472119
4036,2022,4036,-0.08585559956671211,-0.16247941889186673,0.18376818424416755,2.170465807730426
4037,2022,4037,0.22384138896947314,0.06759456170520607,0.23382470397265956,2.169928164478573
4038,2022,4038,-0.005893623081463149,0.05377839101897501,0.05410037091939507,2.1693907875185734
4039,2022,4039,-0.08880042778617504,0.06729445982082208,0.11141840197015898,2.168853676652637
4040,2022,4040,-0.033474147557926846,0.12233548296925109,0.12683252322669364,2.1683168316831685
4041,2022,4041,0.11354409278492536,-0.0832870689929831,0.14081547098168462,2.167780252412769
4042,2022,4042,-0.09655132219727779,0.05895904869417409,0.11312969212794906,2.1672439386442357
4043,2022,4043,-0.03763414235979327,0.0449762166836693,0.058644596838358085,2.166707890180559
4044,2022,4044,0.05610386993019747,-0.09006937692881244,0.10611379213603199,2.166172106824926
4045,2022,4045,-0.12568772746983609,-0.0326839307363444,0.12986779494897857,2.165636588380717
4046,2022,4046,0.1432884042062515,0.03869616365275739,0.14842156130904666,2.165101334651508
4047,2022,4047,0.009482559008535911,-0.03962638957716156,0.04074517979186426,2.1645663454410675
4048,2022,4048,0.00884517949287221,-0.06674052980190856,0.06732410800374983,2.16403162055336
4049,2022,4049,0.2647898640784993,0.09305153974939281,0.2806639648555599,2.1634971597925414
4050,2022,4050,-0.2351954915822051,-0.052411651156484905,0.24096452111782798,2.162962962962963
4051,2022,4051,0.03393174638326427,0.008270673011526937,0.03492516921479076,2.162429029869168
4052,2022,4052,0.25641318921227,0.09284982469355574,0.2727064604068474,2.1618953603158935
4053,2022,4053,-0.02447015551155614,-0.08971551490915483,0.0929928068517911,2.161361954108068
4054,2022,4054,0.038245981081213076,0.1684586605696013,0.17274569571994738,2.160828811050814
4055,2022,4055,0.043127318612121254,-0.07784794640830363,0.08899588962790099,2.160295930949445
4056,2022,4056,0.06476794867153764,-0.03728071390256568,0.07473111001586881,2.1597633136094676
4057,2022,4057,0.024920831766040194,0.3892288552848259,0.39002583201917185,2.1592309588365786
4058,2022,4058,-0.052732194600326195,-0.08733177340780214,0.10201726811632611,2.1586988664366684
4059,2022,4059,-0.005921879949692954,-0.13836137472867685,0.13848804525643327,2.1581670362158167
4060,2022,4060,0.07783424704720013,0.2242593958373682,0.23738249016038648,2.1576354679802954
4061,2022,4061,-0.010194289653858884,-0.00407139866666003,0.01097724139525297,2.157104161536567
4062,2022,4062,-0.05919681552146318,-0.058804305734272304,0.08343985463057756,2.156573116691285
4063,2022,4063,0.13249424612309163,0.17456466411535373,0.2191518816105229,2.156042333251292
4064,2022,4064,0.015172911392834276,-0.0511932431332843,0.05339443213143446,2.155511811023622
4065,2022,4065,-0.022390243162913877,0.0674713012828431,0.07108937674290439,2.1549815498154983
4066,2022,4066,-0.056364617931916286,0.2762413325078815,0.28193304868415275,2.1544515494343335
4067,2022,4067,-0.08552336982003786,-0.2740806544826936,0.28711400513913743,2.1539218096877306
4068,2022,4068,0.22682326121844942,0.07813960779125355,0.2399053774627486,2.1533923303834808
4069,2022,4069,-0.09479198281180161,0.3139545887057527,0.32795274625285764,2.152863111329565
4070,2022,4070,-0.21200965481059597,-0.3679014742840196,0.4246169903728102,2.152334152334152
4071,2022,4071,0.18139604759847128,0.00935041339942856,0.18163688038250125,2.1518054532056006
4072,2022,4072,0.10264522658639301,0.24349867799119135,0.26424921707439336,2.151277013752456
4073,2022,4073,-0.12288251323728958,-0.08420866118300332,0.1489671463032923,2.150748833783452
4074,2022,4074,-0.021410841979644095,-0.07986917191618284,0.08268923011404847,2.150220913107511
4075,2022,4075,0.24325939999926938,-0.03914696566522291,0.24638916495819918,2.1496932515337424
4076,2022,4076,-0.047696010199542546,0.033768597854803406,0.058439948580010746,2.1491658488714425
4077,2022,4077,0.026922438457510994,0.1091017587793565,0.11237442529885242,2.1486387049300957
4078,2022,4078,0.1967071264446767,0.09800801695340913,0.21977093752646584,2.148111819519372
4079,2022,4079,-0.059259557844500994,-0.0325465617401978,0.0676089777842726,2.14758519244913
4080,2022,4080,0.18155980029547608,0.1665191233963798,0.24635864007586972,2.1470588235294117
4081,2022,4081,-0.09687221857856598,0.20322749800388332,0.22513472117212807,2.1465327125704485
4082,2022,4082,-0.19787079614706019,-0.05918386265092734,0.20653227729862292,2.1460068593826556
4083,2022,4083,0.16051995474333985,0.08657583598740401,0.18237881249674195,2.145481263776635
4084,2022,4084,0.05356412580545266,0.045905309505062525,0.07054369577827592,2.144955925563173
4085,2022,4085,-0.12305664623514151,-0.013422829764778356,0.12378655234529713,2.1444308445532436
4086,2022,4086,-0.09304268789110758,0.12068325836894897,0.15238566409130666,2.1439060205580027
4087,2022,4087,0.17432522033166375,0.002243595817914247,0.1743396574674772,2.143381453388794
4088,2022,4088,-0.08626418063731939,0.14620655719940395,0.16975825820598728,2.142857142857143
4089,2022,4089,-0.03600519702833363,0.09860398575784185,0.1049719973153879,2.1423330887747616
4090,2022,4090,0.034975522920673414,-0.1593741091964746,0.16316676709962835,2.141809290953545
4091,2022,4091,-0.18747979153237432,0.14475649229479418,0.2368609598361776,2.141285749205573
4092,2022,4092,0.033625866767369714,0.07818898143661222,0.08511295867229496,2.1407624633431084
4093,2022,4093,-0.10412861820698503,-0.08358954350229787,0.13352895158960323,2.1402394331785977
4094,2022,4094,0.005841630861160944,-0.03542624627588895,0.035904645609140945,2.1397166585246703
4095,2022,4095,0.0713575791823143,0.1313833682698461,0.1495108476488922,2.139194139194139
4096,2022,4096,-0.1664033097448774,-0.05356903353198305,0.1748133371559514,2.138671875
4097,2022,4097,-0.06264382023903031,0.007171298973863451,0.06305295982832589,2.1381498657554308
4098,2022,4098,0.060817206241075644,-0.09862335942772976,0.11586759512383392,2.1376281112737923
4099,2022,4099,0.06727348471412428,-0.10020647573775396,0.12069407411038284,2.1371066113686266
4100,2022,4100,-0.11229290387020328,0.2179550995399094,0.24518181350796503,2.1365853658536587
4101,2022,4101,0.14032751549071093,-0.17295291186028067,0.22272072495559483,2.1360643745427943
4102,2022,4102,0.1247447172118787,-0.06874163410007941,0.14243123509617117,2.1355436372501218
4103,2022,4103,-0.04150302956977582,0.2560173966260826,0.25935961296752924,2.13502315378991
4104,2022,4104,0.13317447971048477,0.026654779351525045,0.13581575500816098,2.134502923976608
4105,2022,4105,-0.12586932710687357,0.09354237605159153,0.15682239515998506,2.1339829476248475
4106,2022,4106,-0.06265087740063804,0.08727603561569965,0.10743481201111049,2.13346322454944
4107,2022,4107,0.0392479389071357,-0.04521456608427513,0.059872846054347034,2.132943754565376
4108,2022,4108,-0.1770720808535912,0.1384402049821692,0.22476701753888573,2.132424537487829
4109,2022,4109,0.04627589569458758,0.02402023805378331,0.0521385688190304,2.131905573132149
4110,2022,4110,0.0960252144477465,-0.2758858660732072,0.29211958665707327,2.1313868613138687
4111,2022,4111,-0.10784488756567576,0.12306401671042888,0.1636315128053211,2.1308684018486987
4112,2022,4112,-0.036683939243138466,0.16279388939003525,0.16687588747667922,2.130350194552529
4113,2022,4113,0.12962531757695564,-0.10807699889922107,0.1687701414586977,2.1298322392414297
4114,2022,4114,-0.038090324455281016,0.18193454142886628,0.18587912788164368,2.129314535731648
4115,2022,4115,-0.07671287541613088,-0.22658728019732283,0.23922094557507062,2.1287970838396113
4116,2022,4116,0.08528813586478523,-0.09674990460026506,0.1289752307982058,2.128279883381924
4117,2022,4117,-0.1184820978724609,0.3070407409709217,0.32910792170993397,2.1277629341753705
4118,2022,4118,0.0927844458316254,-0.14867514388391126,0.17525196660004574,2.1272462360369113
4119,2022,4119,0.15512314117966428,-0.08716505444535767,0.1779352006937026,2.1267297887836856
4120,2022,4120,-0.1838293186886264,0.12935727151312093,0.22478105370080428,2.1262135922330097
4121,2022,4121,0.07441323146587649,-0.06764239846913522,0.1005625332211325,2.125697646202378
4122,2022,4122,-0.031478112320017564,-0.005268363728015781,0.03191593977313396,2.1251819505094613
4123,2022,4123,0.05611731895310628,-0.015375284142348719,0.05818550376977604,2.1246665049721076
4124,2022,4124,0.09840642231544494,-0.1483473568631018,0.17801899404612467,2.1241513094083415
4125,2022,4125,-0.02178445311917108,-0.1013665589691366,0.10368096100511805,2.1236363636363635
4126,2022,4126,0.1640706889896558,0.35175215754119094,0.3881349911054441,2.1231216674745514
4127,2022,4127,-0.0054022892804203556,-0.10352244765938953,0.10366331028314883,2.122607220741459
4128,2022,4128,0.12009842311297626,-0.029694907213244248,0.1237150708225423,2.122093023255814
4129,2022,4129,0.08476366018078131,0.49020868699408143,0.49748310010663105,2.121579074836522
4130,2022,4130,-0.23110236876457765,-0.09475412669444921,0.24977319586822475,2.1210653753026634
4131,2022,4131,0.0800954576706243,-0.03750888535981167,0.08844319544432044,2.120551924473493
4132,2022,4132,-0.040841572477072666,0.18036433830379714,0.18493060475261136,2.1200387221684416
4133,2022,4133,-0.09544588128571561,-0.09113970567500733,0.13197106578691362,2.1195257682071134
4134,2022,4134,-0.05089970326833138,0.12182944997481127,0.13203482371696196,2.1190130624092887
4135,2022,4135,0.0986464576235028,-0.010549865823651187,0.09920898785171925,2.1185006045949213
4136,2022,4136,0.00876685755205424,-0.15519016797891075,0.15543759528717802,2.117988394584139
4137,2022,4137,-0.16100105402626494,0.15505336793353325,0.22352379359947325,2.1174764321972446
4138,2022,4138,0.03048429915993219,0.1522079569571732,0.15523064986125945,2.1169647172547124
4139,2022,4139,-0.00544887741241011,-0.14902615052635995,0.14912573153470451,2.1164532495771926
4140,2022,4140,0.14619580575375649,-0.07639682591195393,0.1649535953818876,2.1159420289855073
4141,2022,4141,0.109246969961841,0.053017926154307726,0.12143228952608534,2.115431055300652
4142,2022,4142,-0.2296756933504618,-0.01388642392742593,0.23009510400160096,2.1149203283437954
4143,2022,4143,0.10849506387818639,0.12305265458303223,0.16405223157842988,2.114409847936278
4144,2022,4144,0.24579788307048644,-0.022531360342218892,0.24682840501207198,2.113899613899614
4145,2022,4145,-0.10841113249742039,-0.06455137925438048,0.1261739046436152,2.1133896260554885
4146,2022,4146,-0.06547058174869318,0.23833097599211892,0.24715997085262065,2.1128798842257597
4147,2022,4147,0.02160224601044245,0.006432523478422316,0.02253961825311447,2.112370388232457
4148,2022,4148,-0.07084917002232198,-0.07972449328668425,0.10665645654469517,2.111861137897782
4149,2022,4149,0.2526325852585179,-0.014321128950915607,0.2530381747263267,2.111352133044107
4150,2022,4150,0.028909329727792393,0.033155438071435714,0.04398900338742661,2.1108433734939758
4151,2022,4151,-0.19799885414496152,-0.00034932018810751304,0.19799916228941872,2.1103348590701034
4152,2022,4152,0.3104283861138599,0.09717889269727586,0.3252837531926923,2.1098265895953756
4153,2022,4153,-0.00837834369862818,0.14636856094911424,0.14660815897298116,2.1093185648928485
4154,2022,4154,-0.1288390804193789,0.036302384666802474,0.13385578723315505,2.1088107847857485
4155,2022,4155,0.14524738774405582,0.1404418320823534,0.20204136171863435,2.108303249097473
4156,2022,4156,-0.17386729544891594,0.013936677548715222,0.17442496211212857,2.107795957651588
4157,2022,4157,0.006538352164572107,-0.08212729617131322,0.08238715206534672,2.107288910271831
4158,2022,4158,0.09298028521314858,0.09742422566357731,0.13467298609768066,2.1067821067821066
4159,2022,4159,-0.05070877276040919,-0.004450428505504876,0.05090369287929342,2.1062755470064918
4160,2022,4160,-0.057275818997864505,0.13671731213444546,0.14823003366100787,2.105769230769231
4161,2022,4161,0.08348305997320908,-0.07849483275038277,0.1145899649664009,2.1052631578947367
4162,2022,4162,0.024917817267017504,-0.05322489375767464,0.058768928294365114,2.1047573282075924
4163,2022,4163,-0.08038076495200966,0.1761111462380008,0.19358771449534892,2.104251741532549
4164,2022,4164,0.09673136475832335,-0.0006714738130261068,0.09673369529326056,2.1037463976945245
4165,2022,4165,-0.08062378839188858,-0.06693378105684679,0.1047870521640242,2.1032412965186076
4166,2022,4166,0.07366080938773233,-0.038179782209586316,0.08296752743831336,2.102736437830053
4167,2022,4167,0.18411203481207888,0.10907798396340157,0.21399824286232874,2.1022318214542834
4168,2022,4168,-0.23104844792921655,0.1377812164392991,0.2690112430624283,2.1017274472168905
4169,2022,4169,0.11673919169689795,0.04918399994179404,0.12667716735197185,2.1012233149436317
4170,2022,4170,0.16763487788540826,-0.08401824174853487,0.18751137893517553,2.1007194244604315
4171,2022,4171,-0.16750028677769616,0.06759683289692726,0.18062579519079094,2.100215775593383
4172,2022,4172,0.006825651831368136,0.08301053924990504,0.08329069065317614,2.099712368168744
4173,2022,4173,0.1078501590576861,-0.0902116129460809,0.14060509208098299,2.0992092020129403
4174,2022,4174,0.15997290319756127,0.1514720589643921,0.22030686417896422,2.0987062769525635
4175,2022,4175,0.04927486102804525,0.10378569739602687,0.11488900257776126,2.098203592814371
4176,2022,4176,0.0344774060444832,-0.045850613127196814,0.0573669787569124,2.0977011494252875
4177,2022,4177,-0.05448054029962609,0.31620587680311296,0.32086490271789564,2.097198946612401
4178,2022,4178,0.021949691053463918,0.050099895495202613,0.05469724367802035,2.096696984202968
4179,2022,4179,0.08800256624166608,0.0923597843392341,0.1275726515688557,2.0961952620244078
4180,2022,4180,-0.21839197077790054,0.18823630550657408,0.288319197437527,2.0956937799043063
4181,2022,4181,-0.016438466578374816,-0.1523996278903328,0.1532836252329656,2.095192537670414
4182,2022,4182,0.09300021630935948,0.07898173921525148,0.12201293113048979,2.0946915351506457
4183,2022,4183,-0.18991060412546432,0.21510833062841048,0.2869453457804123,2.0941907721730817
4184,2022,4184,0.045166111258705045,-0.07598963164728068,0.08839910476991904,2.0936902485659656
4185,2022,4185,-0.07967995734456117,-0.08505113289186395,0.11654437270250584,2.0931899641577063
4186,2022,4186,-0.01818688115783619,0.16863669681518795,0.16961455762695277,2.0926899187768755
4187,2022,4187,-0.05316014575261351,-0.020916139977752456,0.05712692892155194,2.0921901122522093
4188,2022,4188,-0.11649652147100183,-0.12457242462193684,0.1705571121092044,2.0916905444126073
4189,2022,4189,0.0707316120437181,0.1298207160516972,0.1478390315798857,2.091191215087133
4190,2022,4190,0.0852024631969735,-0.09144157385544074,0.12498408364264486,2.090692124105012
4191,2022,4191,-0.04052624572643438,0.033608515540718566,0.052648921257040605,2.0901932712956337
4192,2022,4192,-0.07528266846161694,0.08404611964360072,0.11283275410025309,2.0896946564885495
4193,2022,4193,0.0968554188638241,-0.18380141335375585,0.20775931197933112,2.089196279513475
4194,2022,4194,0.02372372204228618,0.2533616745497047,0.2544699454123613,2.088698140200286
4195,2022,4195,-0.05504916584789499,0.10053379623787075,0.1146187368912551,2.088200238379023
4196,2022,4196,-0.04754943404727937,-0.23625396412957714,0.24099146093825832,2.0877025738798856
4197,2022,4197,0.07159718442293894,0.03355077189420568,0.07906839515248398,2.087205146533238
4198,2022,4198,0.03958615649889251,0.20201700646346696,0.20585901653028282,2.0867079561696045
4199,2022,4199,-0.1094081331489319,-0.06179926761811589,0.12565543791364508,2.086211002619671
4200,2022,4200,0.09642399627659766,-0.004241848342340553,0.09651725408085715,2.085714285714286
4201,2022,4201,0.15621632252059714,0.13118081027143746,0.20399005957479913,2.085217805284456
4202,2022,4202,-0.13206894993127782,-0.03949492410400343,0.1378479472677463,2.0847215611613517
4203,2022,4203,-0.0434310676823279,0.253608836952032,0.25730079638467757,2.0842255531763025
4204,2022,4204,-0.10124375437708681,-0.022673049467515142,0.10375145768867189,2.083729781160799
4205,2022,4205,0.08994767839899552,-0.20568849968740377,0.2244957544209338,2.0832342449464925
4206,2022,4206,-0.023295522575604438,0.23180640669341365,0.23297401476598797,2.0827389443651927
4207,2022,4207,-0.1278802817450803,-0.04543194242717222,0.13571082437266013,2.082243879248871
4208,2022,4208,-0.027893738107953047,-0.14889220789480745,0.15148250789258022,2.081749049429658
4209,2022,4209,0.12020882228887271,0.14785254292609426,0.1905532350966268,2.081254454739843
4210,2022,4210,0.1367914140401973,-0.006905800952798788,0.1369656199267406,2.0807600950118763
4211,2022,4211,-0.32368273268215547,0.06773760180225508,0.3306945632067582,2.0802659700783663
4212,2022,4212,0.1230429652214978,-0.10993696212940465,0.16500214220652068,2.07977207977208
4213,2022,4213,0.2210703561138142,-0.07738115252444318,0.23422199964627527,2.0792784239259436
4214,2022,4214,-0.07832888390047592,0.1950089901842056,0.21015213609610972,2.078785002373042
4215,2022,4215,0.06483057532766864,0.03127134228251576,0.07197847140268246,2.078291814946619
4216,2022,4216,-0.0035665264067311787,-0.06221365297701961,0.06231579837693594,2.0777988614800758
4217,2022,4217,0.11195426020458832,0.11481229673141735,0.16036090501958292,2.0773061418069716
4218,2022,4218,0.0476679074222853,0.19771920044117258,0.20338414791009682,2.076813655761024
4219,2022,4219,-0.15431377823377643,0.03091852214353849,0.1573807394960502,2.076321403176108
4220,2022,4220,-0.0522842733980088,0.05075718042164582,0.0728693118473973,2.075829383886256
4221,2022,4221,0.18702136733076508,-0.033562748292295934,0.19000907849679438,2.0753375977256576
4222,2022,4222,0.1208789327096189,0.10958002428984064,0.16315482860270683,2.0748460445286594
4223,2022,4223,-0.17047080256225033,0.19550851273205716,0.25939135119914597,2.0743547241297655
4224,2022,4224,0.06955613720869337,-0.06764173863612456,0.09702299227045291,2.0738636363636362
4225,2022,4225,0.04356663141263078,0.13599927963447797,0.14280705666647206,2.0733727810650886
4226,2022,4226,-0.09027209057526925,0.1951240702818639,0.21499407698862633,2.072882158069096
4227,2022,4227,0.04128143116080904,0.00026825541892485174,0.04128230274166399,2.072391767210788
4228,2022,4228,-0.22041075664186413,0.0885685408898446,0.23754007678451888,2.0719016083254496
4229,2022,4229,-0.014546612170143705,0.09024772678760341,0.09141255994642357,2.071411681248522
4230,2022,4230,0.06564469290366301,0.03813420529624408,0.07591734531707701,2.0709219858156027
4231,2022,4231,-0.15422030567061662,-0.09558593969748048,0.1814402781881377,2.0704325218624438
4232,2022,4232,-0.06169805635071598,0.1158921875797377,0.13129222863320292,2.0699432892249527
4233,2022,4233,-0.07158599112817052,-0.0006764729268079129,0.07158918732199167,2.069454287739192
4234,2022,4234,-0.0172518401722676,0.01006019896935468,0.019970818526852403,2.0689655172413794
4235,2022,4235,-0.013029490031669828,0.03425991228946514,0.036653911122378584,2.0684769775678866
4236,2022,4236,0.0703663900346054,-0.16175339653839005,0.17639611712905665,2.0679886685552407
4237,2022,4237,-0.08628966758171423,0.19612300744972366,0.2142665181088429,2.067500590040123
4238,2022,4238,-0.09915992095559009,-0.020812733300648402,0.10132057930826686,2.067012741859368
4239,2022,4239,0.1970038121032602,-0.14493025040339774,0.24457162440726482,2.0665251238499645
4240,2022,4240,-0.007877416892955522,0.2583333433558561,0.25845341937440114,2.0660377358490565
4241,2022,4241,-0.013177547154101705,0.07945644104642824,0.08054175173637025,2.0655505776939402
4242,2022,4242,0.018151972688647478,0.05413117734126058,0.05709359397375862,2.065063649222065
4243,2022,4243,-0.17067773019341692,0.10649683353625475,0.20117769045603834,2.0645769502710345
4244,2022,4244,0.10061459486736431,0.020596383788226574,0.10270106000171456,2.064090480678605
4245,2022,4245,-0.10344083256091093,0.06284421222341222,0.12103470928157625,2.0636042402826855
4246,2022,4246,-0.12112329417576782,0.07129046798647529,0.14054601814964468,2.0631182289213377
4247,2022,4247,0.10260264090126424,-0.1186778835220044,0.1568812989402377,2.062632446432776
4248,2022,4248,0.030522697298208144,-0.007220020126223235,0.03136500822542713,2.062146892655367
4249,2022,4249,-0.03310154382468896,0.29998917318304347,0.30180990081609954,2.06166156742763
4250,2022,4250,-0.03349897268157809,-0.04967690330617534,0.05991640754261065,2.061176470588235
4251,2022,4251,0.05246399411608736,0.05065454648935511,0.07292704408280297,2.0606916019760058
4252,2022,4252,-0.1090324598019162,0.17795653007257287,0.20870218946126798,2.060206961429915
4253,2022,4253,-0.041107594797243054,-0.09859512806881822,0.10682150358856118,2.05972254878909
4254,2022,4254,-0.09292024568119858,0.13049128962028275,0.16019409703300186,2.0592383638928067
4255,2022,4255,0.016178307295799443,0.11183827357090122,0.11300237635676985,2.0587544065804937
4256,2022,4256,0.06093576851875153,0.025528104106847326,0.06606702645239079,2.058270676691729
4257,2022,4257,-0.21741156015440777,0.14069656893123364,0.2589658490955806,2.057787174066244
4258,2022,4258,-0.010419584287351312,-0.020053613631639763,0.0225990078633622,2.057303898543917
4259,2022,4259,-0.08716056754711018,0.05466456913407045,0.10288430227079312,2.0568208499647804
4260,2022,4260,-0.12613813016576772,0.020346692267120197,0.12776860243396673,2.056338028169014
4261,2022,4261,0.0434737273720492,-0.019483449878684205,0.0476400020024607,2.055855432996949
4262,2022,4262,-0.0733793815751762,-0.10100040934618781,0.12484236591979829,2.055373064289066
4263,2022,4263,0.09114748810044342,0.0033398826951465486,0.09120865859904866,2.054890921885996
4264,2022,4264,0.06913997241337308,0.20271080283775664,0.21417750902569074,2.054409005628518
4265,2022,4265,-0.14408827333114257,-0.0543390543529167,0.1539940367011635,2.0539273153575617
4266,2022,4266,0.04145550815941593,0.03923985873167671,0.05708174550622419,2.0534458509142053
4267,2022,4267,0.11060643460889939,0.11047255664496619,0.15632648255675685,2.0529646121396765
4268,2022,4268,-0.189263093561568,-0.027801087387456663,0.19129406432092932,2.0524835988753516
4269,2022,4269,-0.01768517326085549,0.018736763449152684,0.02576493077452338,2.0520028109627546
4270,2022,4270,0.1452335098125529,0.07738761996828365,0.16456492972935757,2.0515222482435598
4271,2022,4271,-0.1827576416271883,0.041477963398861575,0.18740538151517713,2.051041910559588
4272,2022,4272,0.016102857044470502,0.03800123742572916,0.04127221887518639,2.050561797752809
4273,2022,4273,0.04828918821772274,0.0903481300037873,0.10244330282604082,2.0500819096653404
4274,2022,4274,-0.3279284049073107,0.010395339189923553,0.3280931297999497,2.0496022461394476
4275,2022,4275,0.17924455990027313,0.12219177613778177,0.21693188426219961,2.049122807017544
4276,2022,4276,-0.10175322409855665,0.13829768068857543,0.17169731243758668,2.048643592142189
4277,2022,4277,-0.27217650832340645,-0.18558657021487454,0.32942742254894614,2.0481646013560906
4278,2022,4278,0.1418389652704142,0.024752786801078633,0.143982611878662,2.047685834502104
4279,2022,4279,-0.10281365199046456,0.1318260034801179,0.16717877326130973,2.0472072914232298
4280,2022,4280,-0.28191442417194534,-0.03826990247022621,0.28450013706724314,2.046728971962617
4281,2022,4281,0.10214845531816463,-0.056508706124568285,0.11673705834806657,2.04625087596356
4282,2022,4282,0.028411149651214274,0.05367845971353116,0.06073360241020519,2.0457730032695003
4283,2022,4283,-0.28332365868643444,0.04632376353293843,0.2870856782204971,2.045295353724025
4284,2022,4284,0.12132042120977003,-0.17202544413763823,0.2105027269022131,2.044817927170868
4285,2022,4285,-0.035815059687671694,0.024149635329396606,0.04319633534195148,2.044340723453909
4286,2022,4286,-0.23938421231670565,-0.11070124975457679,0.26374147911110757,2.043863742417172
4287,2022,4287,0.4493891364884953,-0.01663198986922417,0.4496968079505184,2.0433869839048286
4288,2022,4288,-0.1488017643580342,0.11808299517815404,0.1899619931099584,2.042910447761194
4289,2022,4289,-0.15526126594880732,-0.10505739139397319,0.18746497323642286,2.0424341338307297
4290,2022,4290,0.33812108635849286,0.1152031991991684,0.3572081272115329,2.041958041958042
4291,2022,4291,-0.30942900938622314,0.130465503897875,0.3358088139955022,2.0414821719878815
4292,2022,4292,0.02181731986149366,-0.050639663083257416,0.05513955860473087,2.0410065237651445
4293,2022,4293,-0.010540580607954375,-0.06668881109760459,0.06751667471939635,2.040531097134871
4294,2022,4294,-0.27851974070242386,-0.08274864393595376,0.2905522053507505,2.040055891942245
4295,2022,4295,0.24109241227432962,0.03163141557335894,0.24315858551042335,2.039580908032596
4296,2022,4296,0.06164757569131709,0.044149219851494496,0.07582596654255233,2.0391061452513966
4297,2022,4297,-0.22594475183232096,-0.06520515728519483,0.23516535335196828,2.0386316034442635
4298,2022,4298,0.0777859101519907,-0.05905726791509488,0.09766477723196251,2.038157282456957
4299,2022,4299,0.036567238526065256,0.056317656408214546,0.06714790657001796,2.0376831821353805
4300,2022,4300,-0.18266729435560553,0.1368428134268592,0.22823955838937218,2.0372093023255813
4301,2022,4301,0.09300527556831296,-0.09470958437265678,0.13273992110732635,2.0367356428737504
4302,2022,4302,-0.02305237023464998,-0.08254033604944741,0.08569900144453892,2.0362622036262206
4303,2022,4303,-0.1794522719929853,-0.009856464855118185,0.17972275265776608,2.035788984429468
4304,2022,4304,0.22935006792272206,0.04380187475531585,0.2334953059233474,2.0353159851301115
4305,2022,4305,-0.16927066773812538,0.04985705364770976,0.17646043396450506,2.034843205574913
4306,2022,4306,-0.14011585904784815,-0.11363552821160695,0.18040367853413458,2.0343706456107755
4307,2022,4307,0.16148251556606427,0.016904584790667167,0.1623649217672618,2.0338983050847457
4308,2022,4308,-0.04780691482571948,0.048724262610839696,0.06826093225354946,2.033426183844011
4309,2022,4309,-0.09784873876881135,-0.006596069050403502,0.09807081016064248,2.0329542817359014
4310,2022,4310,0.025601124567354024,-0.19398238288757247,0.1956644639423673,2.0324825986078885
4311,2022,4311,0.06749487251707403,-0.048176843145212554,0.08292506274664187,2.0320111343075853
4312,2022,4312,0.031078892055408747,0.3381642373655239,0.33958938287938,2.031539888682746
4313,2022,4313,0.03527989117198672,-0.12595713190514307,0.13080470098156577,2.0310688615812658
4314,2022,4314,-0.12080087616881362,-0.09478253617544406,0.15354667318767412,2.030598052851182
4315,2022,4315,-0.05290409292342736,0.1466375092520337,0.15588907007128788,2.030127462340672
4316,2022,4316,0.0810627310172879,0.055217841076862874,0.09808249758836107,2.0296570898980537
4317,2022,4317,-0.12898559826110195,0.11421487596777777,0.17228558399096902,2.029186935371786
4318,2022,4318,-0.0519805850004157,-0.14441447720248565,0.1534846000178933,2.028716998610468
4319,2022,4319,-0.03430694671080228,-0.18401328773022327,0.18718401815834534,2.0282472794628386
4320,2022,4320,-0.022993331484278602,0.15539837906074316,0.15709025911065377,2.0277777777777777
4321,2022,4321,0.0580064958303124,0.3068842831141414,0.31231829402228833,2.0273084934043046
4322,2022,4322,-0.12295572323520346,-0.3559875460081941,0.3766234761525469,2.026839426191578
4323,2022,4323,0.0027678412103729322,-0.13511809489728024,0.13514644099507864,2.0263705759888966
4324,2022,4324,0.028280468444571584,0.32315995434050454,0.324395038471308,2.0259019426456986
4325,2022,4325,-0.16228834610996037,-0.13725822892245462,0.21254959113118815,2.0254335260115606
4326,2022,4326,0.18278812407530345,-0.017662787244785563,0.18363951741447995,2.0249653259361997
4327,2022,4327,0.08656449142305628,0.05929408613238738,0.10492473409834002,2.0244973422694708
4328,2022,4328,-0.14771060223080804,-0.09798186330168199,0.1772536813368272,2.024029574861368
4329,2022,4329,0.05098414772352787,0.1976641171842321,0.20413350176126493,2.0235620235620235
4330,2022,4330,0.04178390655465241,0.08806800634513715,0.09747752863391153,2.023094688221709
4331,2022,4331,-0.1851601463855032,-0.13242706908515905,0.22764272102570393,2.0226275686908335
4332,2022,4332,0.020000919445475697,0.05857040966883264,0.061891272950548464,2.0221606648199444
4333,2022,4333,0.04281987096828755,0.11550152719258105,0.12318337604384504,2.0216939764597277
4334,2022,4334,-0.15140984636866847,-0.19246055789702485,0.24487957841236546,2.021227503461006
4335,2022,4335,0.24440259867242026,0.002925845323218888,0.24442011130160202,2.0207612456747404
4336,2022,4336,-0.12353154313636829,0.15569307063747262,0.1987470110320592,2.0202952029520294
4337,2022,4337,-0.16443813652568318,-0.1012387907573664,0.19310410015857518,2.0198293751441088
4338,2022,4338,0.36569076355817615,0.2334429440460422,0.43384944701664135,2.0193637621023512
4339,2022,4339,-0.1464654590781309,-0.0001848149210328825,0.14646557568084959,2.0188983636782667
4340,2022,4340,-0.2769531818715177,-0.041219205946785915,0.28000372834596593,2.0184331797235022
4341,2022,4341,-0.011773830834508446,0.1810388963346508,0.18142134681064426,2.017968210089841
4342,2022,4342,0.020104879607500313,-0.09308986541991524,0.09523617604634288,2.017503454629203
4343,2022,4343,0.11657062303038575,0.1470813788987729,0.18767429811366473,2.017038913193645
4344,2022,4344,-0.21766101618210842,0.07309052735965355,0.2296051897391266,2.016574585635359
4345,2022,4345,-0.15175564154602486,-0.1813835040448857,0.23649471512202266,2.0161104718066745
4346,2022,4346,0.038149001263825304,0.22907291840784216,0.23222779386910875,2.015646571560055
4347,2022,4347,0.0633732466972349,0.1290847139729766,0.1438020576293461,2.015182884748102
4348,2022,4348,-0.23212925824667094,-0.21452087484181612,0.31607467199547606,2.014719411223551
4349,2022,4349,-0.11356854743961368,0.047293780415585907,0.12302242329567989,2.0142561508392736
4350,2022,4350,0.01058195257913697,0.13133609694031656,0.1317617094603107,2.013793103448276
4351,2022,4351,-0.045955842972532926,-0.0866788279088512,0.09810789321440119,2.0133302689037005
4352,2022,4352,0.09127950811271834,0.083166634556613,0.12348537445694947,2.0128676470588234
4353,2022,4353,-0.1595520026830315,0.004537289449719793,0.15961650464697136,2.0124052377670574
4354,2022,4354,-0.19397450658081367,-0.08795702783943414,0.21298485380330948,2.0119430408819476
4355,2022,4355,0.09617339526003657,0.18226776691861982,0.2060845962544109,2.0114810562571757
4356,2022,4356,-0.18513791022487952,-0.06115203620688262,0.19497594039953603,2.0110192837465566
4357,2022,4357,-0.15387233096359945,-0.18919643416376686,0.24386878631029446,2.0105577232040397
4358,2022,4358,-0.023777647654665023,0.12975392420233803,0.1319145836285567,2.010096374483708
4359,2022,4359,0.027958907452993374,-0.1583808875353399,0.16082974240620743,2.0096352374397797
4360,2022,4360,-0.015914287888516603,-0.13198338650800348,0.13293938044507211,2.0091743119266057
4361,2022,4361,-0.009031387716773488,0.16290264573786573,0.16315280553054326,2.00871359779867
4362,2022,4362,-0.012746995889807301,0.030484879569730894,0.03304260562661123,2.0082530949105917
4363,2022,4363,-0.1922970763831372,-0.06745122821575594,0.20378379173358244,2.007792803117121
4364,2022,4364,0.16690884610624226,0.052431292352304634,0.17495028815709365,2.007332722273144
4365,2022,4365,-0.11599874102894933,-0.0321877246473221,0.12038171596331845,2.006872852233677
4366,2022,4366,-0.25370375721810684,0.05810503170038728,0.2602725324260843,2.006413192853871
4367,2022,4367,0.16584440844026194,0.069652112926381,0.17987713764125154,2.0059537439890085
4368,2022,4368,-0.04503310449353872,-0.23919091042708168,0.24339324586204564,2.0054945054945055
4369,2022,4369,-0.057042165704697015,0.09964181497085145,0.11481419754963891,2.00503547722591
4370,2022,4370,-0.162510026164964,0.03437782642818525,0.16610642237452383,2.004576659038902
4371,2022,4371,-0.15651238824735572,-0.23974682572609338,0.2863121864689465,2.0041180507892933
4372,2022,4372,0.15881879738107896,0.14707683670166807,0.21646017253929498,2.0036596523330283
4373,2022,4373,-0.009456913481769273,-0.18394235450091598,0.18418529526523642,2.0032014635261834
4374,2022,4374,-0.06886947927919669,-0.08807452222627743,0.11180396523189479,2.0027434842249656
4375,2022,4375,-0.026458651232383244,0.15805360605388702,0.16025293323890893,2.0022857142857142
4376,2022,4376,0.1027838303181027,-0.2557336892611481,0.2756161018481649,2.0018281535648996
4377,2022,4377,0.1481616849023203,0.12734784637358568,0.1953698002483619,2.0013708019191228
4378,2022,4378,-0.17143933115880153,0.2012661534322161,0.2643851523546237,2.0009136592051164
4379,2022,4379,-0.16408078370073342,-0.3313679836795792,0.3697664725035475,2.000456725279744
4380,2022,4380,0.08766301508652968,0.0,0.08766301508652968,2.0
