DateTime,year,n,a_n,b_n,amplitude,period_hours
0,2023,0,132.40993023458904,0.0,132.40993023458904,inf
1,2023,1,-17.46403096016965,-16.49821760074532,24.02464487519653,8760.0
2,2023,2,-10.544481590414811,-6.672792796280262,12.47847168978183,4380.0
3,2023,3,3.3291196762114237,12.022941086889805,12.475341686597648,2920.0
4,2023,4,1.7447683759490988,-6.93092126156377,7.147159311202514,2190.0
5,2023,5,8.061799934008844,-3.4222117986277865,8.758090646405313,1752.0
6,2023,6,-5.6680519177788815,-5.890549345746552,8.174679451655093,1460.0
7,2023,7,-0.44028077134344856,3.319939525002686,3.3490066597858297,1251.4285714285713
8,2023,8,0.9389693663071307,3.379760936394962,3.507769584514434,1095.0
9,2023,9,0.95736995358916,-7.875698247081381,7.933673808968708,973.3333333333334
10,2023,10,0.18465037508310964,1.8035872390967789,1.813014806903428,876.0
11,2023,11,0.2589705922123969,-0.2546493888431583,0.3631970248625856,796.3636363636364
12,2023,12,0.2501956265886205,-1.6617594939455356,1.6804887584515984,730.0
13,2023,13,0.6584116375596409,1.275345196989747,1.4352739306344222,673.8461538461538
14,2023,14,0.11263030369324539,0.12276989859956411,0.16660742274034473,625.7142857142857
15,2023,15,-0.4718730577753957,-3.6691394690891226,3.6993578667495677,584.0
16,2023,16,2.084440024765939,1.2359831143732947,2.423333339815663,547.5
17,2023,17,-2.021987098418663,-0.06441668834602236,2.023012935180839,515.2941176470588
18,2023,18,3.355046548564814,0.6960890934597203,3.426496369335629,486.6666666666667
19,2023,19,-1.5091570671969468,-1.0945487290181302,1.864293961172887,461.05263157894734
20,2023,20,0.14492190841393554,-1.6835508595692712,1.6897768658301513,438.0
21,2023,21,-2.660486637347973,2.1186204587133433,3.400991296017363,417.14285714285717
22,2023,22,0.7838710597191925,0.2666039033109669,0.827968284130457,398.1818181818182
23,2023,23,3.059435331846983,1.0946249976615587,3.2493612349597614,380.8695652173913
24,2023,24,-2.775278065453448,-4.625952395210853,5.394590244248776,365.0
25,2023,25,-0.7739267653473584,0.5955883568563245,0.9765695719936403,350.4
26,2023,26,-2.2448369219231696,1.9506675837124865,2.9739530642187684,336.9230769230769
27,2023,27,0.6956322879771245,0.671582219561977,0.9669162102830217,324.44444444444446
28,2023,28,1.2666189310076779,-2.209798132574133,2.5470632703400122,312.85714285714283
29,2023,29,-0.7504631322027837,-1.4542791414839744,1.6364970926191644,302.0689655172414
30,2023,30,-1.2653224314563234,0.3041598070534162,1.3013662220041342,292.0
31,2023,31,-0.3490473932498972,-0.44355571252630743,0.564425152566103,282.5806451612903
32,2023,32,0.4667016854602173,1.5390499903955248,1.6082553703152596,273.75
33,2023,33,0.5081726380407315,-2.789959791362872,2.8358623146187543,265.45454545454544
34,2023,34,-1.4902572249908161,-1.2841340318638113,1.9671977044588416,257.6470588235294
35,2023,35,0.2776691740286541,0.5854816077513166,0.647988335713554,250.28571428571428
36,2023,36,0.1283844653324904,0.8998763714095415,0.9089884788928364,243.33333333333334
37,2023,37,-0.5519584334572837,-0.9384940775436823,1.088774194151012,236.75675675675674
38,2023,38,2.5230211427133398,-1.435705821156667,2.9029100729236625,230.52631578947367
39,2023,39,-3.1067791870066617,0.9917192866266433,3.261224319222005,224.6153846153846
40,2023,40,0.4762226858066287,-0.675139435292026,0.8261968915236335,219.0
41,2023,41,0.8706330678144601,2.5721869035582614,2.7155381429117607,213.65853658536585
42,2023,42,0.03449308496119786,-2.01300123212336,2.0132967325857125,208.57142857142858
43,2023,43,1.4754539984201698,-0.23877966453204807,1.4946505376334975,203.72093023255815
44,2023,44,-2.489927967871951,-0.07807032597328566,2.491151593337611,199.0909090909091
45,2023,45,0.24428834607846547,2.0156074372134682,2.0303571451791425,194.66666666666666
46,2023,46,0.9233959258784401,0.6408502208243774,1.123988007702731,190.43478260869566
47,2023,47,0.4114005184655493,-2.6695840585159827,2.7010978197903883,186.38297872340425
48,2023,48,0.5655882475142027,1.0705316349183305,1.2107551557136151,182.5
49,2023,49,-1.5304143983270424,-0.03415234478177304,1.5307954184870087,178.77551020408163
50,2023,50,-0.9433045814193006,0.17818843999986342,0.9599867985947655,175.2
51,2023,51,1.3238689816109783,0.78023291625395,1.5366822977043213,171.76470588235293
52,2023,52,-4.522614515075308,-0.28678700714870703,4.531698229079158,168.46153846153845
53,2023,53,1.980440968168136,0.598130063077184,2.0687933683080724,165.28301886792454
54,2023,54,0.654228592672909,-0.9877649375957503,1.1847761912759354,162.22222222222223
55,2023,55,-1.485873438751163,0.5041674029724988,1.569077641866788,159.27272727272728
56,2023,56,1.855492870367667,-0.26074227672698186,1.8737236527455199,156.42857142857142
57,2023,57,-0.18539768330294765,-1.5595795268822694,1.5705606010735222,153.68421052631578
58,2023,58,-1.7457051582858067,-0.6434133772402856,1.8605018875769581,151.0344827586207
59,2023,59,0.3155045720499425,-0.18773222414367313,0.36713284103488714,148.47457627118644
60,2023,60,1.0277971464583437,0.9383456255561573,1.3917109927238092,146.0
61,2023,61,-0.007269256965448621,-1.1066922808933806,1.1067161545246473,143.60655737704917
62,2023,62,-1.3042113081025042,-0.6809958449622885,1.4712995877924884,141.29032258064515
63,2023,63,-0.5261695830495707,1.6259962901127696,1.7090109319682683,139.04761904761904
64,2023,64,1.5910327349021083,0.15279363651643538,1.5983526078090526,136.875
65,2023,65,-0.1906441985238571,0.49281415575939497,0.5284042037566025,134.76923076923077
66,2023,66,1.6482734285127205,-1.519778554114202,2.241992896662818,132.72727272727272
67,2023,67,-0.16873186240642085,1.3097779907052187,1.3206016910207783,130.7462686567164
68,2023,68,-2.005707822365581,-0.5137343195554503,2.070455703411107,128.8235294117647
69,2023,69,1.8246353136190625,0.14383892868346818,1.8302960594151272,126.95652173913044
70,2023,70,-1.0336957353625305,-0.6533344972740431,1.2228543816150022,125.14285714285714
71,2023,71,0.00880893184907111,0.6218059966933558,0.6218683902596587,123.38028169014085
72,2023,72,0.8294415761747029,0.00574220662778556,0.8294614525245472,121.66666666666667
73,2023,73,-1.038694279658917,1.6653650775098383,1.9627344822939006,120.0
74,2023,74,0.22714044748639278,-0.03717557642024731,0.2301625650849773,118.37837837837837
75,2023,75,-0.08674561847889625,-2.7401613158179643,2.7415340302521365,116.8
76,2023,76,-1.2494360786596288,0.8309984882351484,1.500549566693967,115.26315789473684
77,2023,77,0.8804978818280401,0.8371577786128255,1.2149525366019966,113.76623376623377
78,2023,78,-0.9174057489042153,-0.4555998548475677,1.0243068562982622,112.3076923076923
79,2023,79,-0.46488262129297125,0.8470997115868993,0.9662783102972105,110.88607594936708
80,2023,80,0.20235508950458653,-0.22392597597377534,0.30181190328450774,109.5
81,2023,81,-0.2725753160881754,-1.6284531627974066,1.651107811854043,108.14814814814815
82,2023,82,0.20866852248746814,-0.5163579478052948,0.556927358403947,106.82926829268293
83,2023,83,-0.05316530675590226,2.0385153476003115,2.0392085161268985,105.5421686746988
84,2023,84,0.029398929705954063,-1.4837726021320028,1.4840638233935326,104.28571428571429
85,2023,85,0.35865348728890206,-0.6891613873835933,0.7769013719932343,103.05882352941177
86,2023,86,-0.26016366563893956,-0.9523140492747766,0.9872118219332726,101.86046511627907
87,2023,87,-0.6834766791990099,-1.056199634644051,1.2580532736061432,100.6896551724138
88,2023,88,0.7998271931657832,1.816464867529514,1.984758966196266,99.54545454545455
89,2023,89,1.3174527329806383,-0.38052432227444755,1.3713061158911894,98.42696629213484
90,2023,90,-0.886147836689731,-0.5111468234786872,1.0230000310959146,97.33333333333333
91,2023,91,0.13451222162389503,0.5633301059540732,0.5791669414257199,96.26373626373626
92,2023,92,0.8935742687686665,0.3550836473994442,0.9615401034049229,95.21739130434783
93,2023,93,0.4862067343932336,-0.0020959807225009175,0.48621125213688904,94.19354838709677
94,2023,94,0.5509582209255471,-0.7700253380337736,0.9468336614313368,93.19148936170212
95,2023,95,-0.060176484897745484,0.3569331963151294,0.3619703247040885,92.21052631578948
96,2023,96,-1.154419061167145,0.47117677336138253,1.246872455602928,91.25
97,2023,97,1.032056260558112,1.282254641726364,1.6460003314659446,90.30927835051547
98,2023,98,0.9032254992969381,-1.4692391343063542,1.724668065558555,89.38775510204081
99,2023,99,-0.7185460271599897,0.09587288968033236,0.7249137908214065,88.48484848484848
100,2023,100,-1.069846823472563,-0.6142455343113921,1.2336408724243133,87.6
101,2023,101,0.7817459405589321,1.3349924813705158,1.5470396377908926,86.73267326732673
102,2023,102,-0.18543973321015772,0.4471619112798613,0.48408849351385436,85.88235294117646
103,2023,103,-0.17054624504981222,-1.3488218620599468,1.3595611193585424,85.04854368932038
104,2023,104,-1.9844720704770067,0.9824606858267977,2.214352816896747,84.23076923076923
105,2023,105,1.6202845453469266,0.57508106614896,1.7193138865643822,83.42857142857143
106,2023,106,1.0412282290678239,0.21975147197123504,1.0641649000231312,82.64150943396227
107,2023,107,0.50662857998952,-2.616619636084524,2.6652149703176486,81.86915887850468
108,2023,108,-1.0518561372393707,0.879290242517195,1.3709677837331107,81.11111111111111
109,2023,109,-1.634699085356034,0.2789801063837642,1.6583338021706457,80.36697247706422
110,2023,110,1.7099343824169664,-0.5067165893724015,1.783434129458358,79.63636363636364
111,2023,111,0.09690662059302807,-0.09810035182625457,0.13789333610873303,78.91891891891892
112,2023,112,-1.3755127230445874,-1.2364444697653114,1.8495486417152585,78.21428571428571
113,2023,113,-0.25033814222771944,1.0140815587310674,1.0445240989141693,77.52212389380531
114,2023,114,0.7234430278826671,0.8292048014099593,1.1004319230526582,76.84210526315789
115,2023,115,0.11406674707372884,-0.2617294986991965,0.28550578501549617,76.17391304347827
116,2023,116,0.358319122578867,0.738255213483132,0.8206176660544872,75.51724137931035
117,2023,117,1.7951297924152951,-0.9009686733615541,2.0085406448453713,74.87179487179488
118,2023,118,-0.5206405138767981,-0.447891080701853,0.6867845112276267,74.23728813559322
119,2023,119,-0.5384914737527593,-0.37723027530909564,0.6574768040883228,73.61344537815125
120,2023,120,0.03749302629539629,0.4518354342592061,0.45338833980704957,73.0
121,2023,121,-0.32852902149216656,1.155370046585,1.201170788234723,72.39669421487604
122,2023,122,-0.3636871624190705,-0.07117608205767673,0.3705865442315958,71.80327868852459
123,2023,123,0.4262596533010117,-0.9258875410949868,1.0192963410055094,71.21951219512195
124,2023,124,-1.19583897654463,1.6614000886238502,2.047017614067511,70.64516129032258
125,2023,125,1.0649455197809117,-0.22337599320686005,1.088120303294901,70.08
126,2023,126,0.4901225701147611,-0.7954079877428517,0.9342879645489561,69.52380952380952
127,2023,127,-1.7198623306397385,1.003653329072351,1.9912926558674306,68.97637795275591
128,2023,128,-0.549097159609524,-0.4695605745093318,0.7224920925690335,68.4375
129,2023,129,-0.3057262083448362,-0.40039006205726896,0.50376652951852,67.90697674418605
130,2023,130,0.41835275805652167,0.9737741266272033,1.0598372893336367,67.38461538461539
131,2023,131,0.26193094159269636,-1.7233072356085313,1.7430994367689856,66.87022900763358
132,2023,132,-1.1446061455120535,0.49370419354902373,1.2465420406355545,66.36363636363636
133,2023,133,0.14298695491440333,0.43108768878303066,0.4541826336354008,65.86466165413533
134,2023,134,-0.09744837881425432,-0.29377425918881095,0.3095149461584385,65.3731343283582
135,2023,135,0.6650278218131174,-1.2198606623738628,1.389360298624046,64.88888888888889
136,2023,136,0.7668542439020838,-0.01922390137600862,0.7670951634411151,64.41176470588235
137,2023,137,-1.1616662072789237,-0.5363808972476382,1.2795205524203122,63.941605839416056
138,2023,138,-0.010700782273443682,0.42786772184965677,0.42800151184555285,63.47826086956522
139,2023,139,0.6017044997168195,0.5043119865733072,0.7850980096656619,63.02158273381295
140,2023,140,-0.8425197884726081,-0.649015495576032,1.063513379072276,62.57142857142857
141,2023,141,1.1670611911799043,0.05116747167006268,1.1681823205798672,62.12765957446808
142,2023,142,0.37752069002775285,0.1303972276483656,0.3994061947158685,61.690140845070424
143,2023,143,0.5943015813982835,0.25467938653265404,0.646572470475777,61.25874125874126
144,2023,144,0.72280654764502,-0.0828098665214361,0.7275347272205023,60.833333333333336
145,2023,145,0.15825040360566164,-1.3188979077835474,1.3283579643293344,60.41379310344828
146,2023,146,-1.0808780606064636,0.9862552936715576,1.4632145728482753,60.0
147,2023,147,-0.48056262652208603,-0.9588491917172053,1.0725354122202884,59.59183673469388
148,2023,148,1.3096525224812876,1.994455913738937,2.386010084113187,59.189189189189186
149,2023,149,0.770835332643693,-0.310718551265767,0.8311035604259014,58.79194630872483
150,2023,150,-0.45932550319464877,-1.1693060888824365,1.2562868491640584,58.4
151,2023,151,-1.8945654246225407,0.7990194587582662,2.056163963221207,58.01324503311258
152,2023,152,0.692445465345549,1.0863948928082106,1.2883068677909688,57.63157894736842
153,2023,153,0.5714946999687488,0.08351421057201684,0.5775645552315666,57.254901960784316
154,2023,154,0.9878827093453619,-0.7975812836530043,1.2696645822645864,56.883116883116884
155,2023,155,-0.11699475108707344,-0.16064844778681928,0.19873523985000918,56.516129032258064
156,2023,156,-2.324491442234118,0.7098206045962211,2.4304538168270127,56.15384615384615
157,2023,157,2.0078888544934297,-0.20410026714043925,2.018235509311472,55.796178343949045
158,2023,158,0.2055587055890197,-1.1509065987918172,1.1691194894389463,55.44303797468354
159,2023,159,-1.0912870864400215,-0.395930670792777,1.1608912959899258,55.094339622641506
160,2023,160,0.21644598482194818,0.13010984537037784,0.25254194940216695,54.75
161,2023,161,-0.10105866384256579,0.24759729585791712,0.26742713858880823,54.409937888198755
162,2023,162,-0.49650084511780934,0.12232308868534675,0.5113472667651819,54.074074074074076
163,2023,163,0.6477669353806206,-1.177677686464465,1.3440709563742146,53.74233128834356
164,2023,164,0.08903053459021917,0.24818783909233824,0.26367335770370237,53.41463414634146
165,2023,165,0.09276433354946252,0.6728469965372521,0.6792115298845249,53.09090909090909
166,2023,166,-0.2464839440420323,0.2172736999458197,0.32857601153867244,52.7710843373494
167,2023,167,1.1453696123160784,0.4578820838287193,1.2335021489678946,52.455089820359284
168,2023,168,1.070015749678492,-0.8413961423765681,1.3612057790672927,52.142857142857146
169,2023,169,-1.016425328924504,-1.7532124202408041,2.026542434731112,51.83431952662722
170,2023,170,-0.4628064947452031,0.692246077441802,0.8327031183512543,51.529411764705884
171,2023,171,0.09627394590634109,1.4063875950104359,1.4096789492858346,51.228070175438596
172,2023,172,-0.05668428122362768,-0.6581688513079271,0.6606052865136909,50.93023255813954
173,2023,173,-0.4027536989571634,-0.45990754275141277,0.6113309168554458,50.63583815028902
174,2023,174,-0.29102422900912944,1.2236559430232226,1.2577873305000375,50.3448275862069
175,2023,175,-0.03919126861009836,0.6691881596222371,0.6703348032989676,50.05714285714286
176,2023,176,1.0667063574734301,-0.6394865147917066,1.2437063381983213,49.77272727272727
177,2023,177,-0.20132772015972603,-0.432419641477224,0.4769901437556167,49.49152542372882
178,2023,178,-1.752488187428419,0.03692460790477347,1.7528771416574143,49.21348314606742
179,2023,179,0.701606082822474,0.427356100804376,0.821513440150687,48.93854748603352
180,2023,180,0.4718918994812953,-0.15045772672076982,0.4952973776692612,48.666666666666664
181,2023,181,-0.6672905427778472,-0.28776383860985705,0.7266943616763747,48.39779005524862
182,2023,182,-0.32358188493377854,-0.8028522354032229,0.8656078489415684,48.13186813186813
183,2023,183,-0.3237832383630016,0.45015851363579484,0.5545072342572461,47.868852459016395
184,2023,184,-0.2847419112237336,0.6511594706521617,0.710694457715373,47.608695652173914
185,2023,185,0.5479939796039106,-1.15969910355536,1.2826532705564808,47.351351351351354
186,2023,186,0.30986327389606017,-0.5276835569256109,0.611935605075607,47.096774193548384
187,2023,187,-0.8561902791278956,-0.21523635066720412,0.882829814132735,46.844919786096256
188,2023,188,0.32817091684063887,-0.36505258628382575,0.4908762995017539,46.59574468085106
189,2023,189,0.21424839131056966,-0.30147641035893735,0.36985186113101737,46.34920634920635
190,2023,190,-0.349718602656835,0.22054364140344396,0.4134520514010544,46.10526315789474
191,2023,191,-0.3403078178475273,0.4060815228963933,0.5298222476699141,45.86387434554974
192,2023,192,1.7087747106220639,0.017070425100231157,1.708859974098118,45.625
193,2023,193,0.6672417887177576,0.13783987915852067,0.6813306369874382,45.38860103626943
194,2023,194,-0.34005178856315593,-0.6928926677355847,0.7718390168336507,45.154639175257735
195,2023,195,0.28164098095773576,0.08501177620785723,0.2941915094778408,44.92307692307692
196,2023,196,0.39418078762190667,0.2825789637969427,0.48500449906241133,44.69387755102041
197,2023,197,0.014894755926425059,-0.5480337252852238,0.5482360967722828,44.46700507614213
198,2023,198,-0.7182848046986509,0.013908224210093495,0.7184194452836429,44.24242424242424
199,2023,199,0.01379006960624428,1.6580628521596814,1.658120197009747,44.02010050251256
200,2023,200,0.3621906346212081,0.16087475076699886,0.3963114195196215,43.8
201,2023,201,0.19161884884616676,-0.909196126629636,0.9291691879907896,43.582089552238806
202,2023,202,-0.014052891418458323,0.338684569810236,0.33897598968771164,43.366336633663366
203,2023,203,-0.6822131224250937,0.9168274365646527,1.1427980105192292,43.152709359605915
204,2023,204,0.572457064635066,0.7511133935888363,0.9443931495299689,42.94117647058823
205,2023,205,0.20837430594613124,-0.8464672533882237,0.871737725716362,42.73170731707317
206,2023,206,-0.4209442950638721,-0.23115590759759022,0.48023655958713296,42.52427184466019
207,2023,207,-0.44230055179559163,-0.2550787270982712,0.5105829365898934,42.31884057971015
208,2023,208,0.43564886605367753,-0.9285672433088831,1.0256837036046316,42.11538461538461
209,2023,209,-1.3671627853646742,1.375163733110469,1.9391259305543864,41.91387559808612
210,2023,210,0.2518326261051846,-0.3886244297176125,0.4630859735992586,41.714285714285715
211,2023,211,0.1888217551289828,-0.5345627495902455,0.5669312025805892,41.51658767772512
212,2023,212,-0.3724327403377844,-0.3191731409536854,0.49048714558258577,41.320754716981135
213,2023,213,0.487433616805302,-0.27948660505681117,0.5618756919444726,41.12676056338028
214,2023,214,-0.20175293662768226,0.3915333432002596,0.4404572695227834,40.93457943925234
215,2023,215,-0.036236911727865785,0.4684549316503459,0.4698543782483073,40.74418604651163
216,2023,216,0.33148721621838173,-0.40764970561734876,0.5254160798891896,40.55555555555556
217,2023,217,-0.15022392113263233,-0.7879756956649094,0.802167640483622,40.36866359447004
218,2023,218,1.3794492547520023,0.2749305087388024,1.4065799056830122,40.18348623853211
219,2023,219,-0.5537343204609982,-0.45279092861138104,0.7152910754994503,40.0
220,2023,220,0.3555025404472738,-0.07818628169593789,0.36399883366557934,39.81818181818182
221,2023,221,-0.6167974753478941,-0.06435027893651202,0.6201452120227511,39.63800904977376
222,2023,222,-0.25957869505236636,0.4039115701629073,0.4801308732382813,39.45945945945946
223,2023,223,-0.056910235199965006,0.06705404912459767,0.0879489646017467,39.28251121076233
224,2023,224,0.6760811464224165,-0.09598425928984376,0.682860669960768,39.107142857142854
225,2023,225,0.021193294517110557,1.0726437507687527,1.0728530988890077,38.93333333333333
226,2023,226,0.17255150416810414,-0.5199927762499844,0.5478745375930895,38.76106194690266
227,2023,227,-0.057055275939130616,0.3311437817561521,0.33602307764237926,38.590308370044056
228,2023,228,-0.21147390155355936,0.3478545700991881,0.40709214310420616,38.421052631578945
229,2023,229,-0.24725612337690808,-1.2169805114541068,1.2418442558575837,38.2532751091703
230,2023,230,0.2052489936086988,0.2684696104685177,0.3379394636950549,38.08695652173913
231,2023,231,-0.4227605900863838,0.2320738975175309,0.4822704743597361,37.922077922077925
232,2023,232,-0.19491357952414354,-0.8467641245221705,0.8689078121761322,37.758620689655174
233,2023,233,-1.1520487247019653,0.4758948124591611,1.2464718755804178,37.59656652360515
234,2023,234,0.5416705055699016,0.1614206699687941,0.5652110838417158,37.43589743589744
235,2023,235,-0.41425841971047694,-0.9140288797922125,1.0035232091960946,37.276595744680854
236,2023,236,0.28501929353159317,0.3946047172797931,0.48677395224550984,37.11864406779661
237,2023,237,0.9867784615893196,-0.181874069685907,1.0033991775363873,36.962025316455694
238,2023,238,-1.2555346836405734,-0.2398362291045682,1.2782365816293686,36.80672268907563
239,2023,239,0.5292332653933003,-0.40696725706312964,0.6676153065353901,36.65271966527197
240,2023,240,-0.019427445457189954,-0.6582673728926083,0.6585539915997232,36.5
241,2023,241,-0.9643128938590402,0.10260654542419691,0.9697563923102979,36.34854771784232
242,2023,242,1.393178969793856,1.0528542188928918,1.7462673472628498,36.19834710743802
243,2023,243,0.7996060384332786,-0.41855154320864746,0.9025271248119372,36.04938271604938
244,2023,244,-0.1837068291569153,-0.01869267768182481,0.18465539601594277,35.90163934426229
245,2023,245,0.3827311078194279,-0.496497311219805,0.6268912831912583,35.755102040816325
246,2023,246,0.40078827306789344,-0.0434938630509247,0.4031413597633427,35.609756097560975
247,2023,247,-0.7106785212713348,0.2657801050556542,0.7587509636500013,35.465587044534416
248,2023,248,0.8239899480129731,-0.6098557524280036,1.025126076732003,35.32258064516129
249,2023,249,-0.9724751426053365,0.6271538951411869,1.157164599862972,35.18072289156626
250,2023,250,0.8212799595357766,0.8770136699712524,1.2015214310412994,35.04
251,2023,251,0.10467135761030746,-0.4098000505292481,0.42295646882127147,34.9003984063745
252,2023,252,-1.2156149807965781,-0.05816938233152543,1.2170059402393631,34.76190476190476
253,2023,253,0.7617618307419314,1.7731443763367116,1.92985027038623,34.62450592885376
254,2023,254,0.06996978761289663,-0.15455107902742676,0.16965201798721927,34.488188976377955
255,2023,255,1.3744003044689586,-1.4325656614606839,1.9852507577937484,34.35294117647059
256,2023,256,-1.1766278539412118,0.5480846840440111,1.298017691541192,34.21875
257,2023,257,-1.4967220049239187,-0.11110330318032005,1.500839999467316,34.08560311284047
258,2023,258,1.216517371113587,0.5422040120392314,1.331878262039197,33.95348837209303
259,2023,259,-1.0269189012550177,-1.6086912500086084,1.908520360805478,33.82239382239382
260,2023,260,-1.0526898570844798,-0.3477920901113639,1.1086547132234517,33.69230769230769
261,2023,261,-0.7086943830423313,1.2535329277373481,1.4399974060662464,33.5632183908046
262,2023,262,1.3872629351469388,0.7933317690952795,1.5980843992381457,33.43511450381679
263,2023,263,0.27445856338448943,-0.596270959143472,0.656404265474375,33.30798479087453
264,2023,264,-1.0284132383831237,-1.8385268223969367,2.1066121298318397,33.18181818181818
265,2023,265,0.14153122326541698,0.7452886360710324,0.7586080926378422,33.056603773584904
266,2023,266,-0.017797296342610038,0.4128128460670006,0.4131963088352119,32.932330827067666
267,2023,267,1.1842603571469483,-0.46666805288564056,1.272891065682328,32.80898876404494
268,2023,268,-0.06962789270222065,-0.7674941602353155,0.7706460467928608,32.6865671641791
269,2023,269,-0.45835355324611754,0.4904967060157999,0.6713233188156744,32.56505576208178
270,2023,270,-0.3671557749770481,-0.49226738836700806,0.6141095543538396,32.44444444444444
271,2023,271,0.6088676363256942,-0.5456106170954588,0.8175639082372247,32.32472324723247
272,2023,272,-0.4191160978013757,0.6965502790676951,0.8129210261184885,32.205882352941174
273,2023,273,0.08820715081279278,-0.19231971648846882,0.21158302106907304,32.08791208791209
274,2023,274,0.2835996766726704,-0.0005457961045498737,0.2836002018726907,31.970802919708028
275,2023,275,-0.38163915563204737,1.4446069114015125,1.494167853214812,31.854545454545455
276,2023,276,0.6960888901560495,-0.5758718833429655,0.9034202615746753,31.73913043478261
277,2023,277,-0.5467115719440485,-0.7171446305791792,0.9017704608524721,31.624548736462096
278,2023,278,0.3767819509186193,0.4486024163025361,0.5858402226294426,31.510791366906474
279,2023,279,0.3746493892560235,0.40356916984488816,0.5506634541343775,31.397849462365592
280,2023,280,-0.3105076603009294,-0.1605898612245179,0.3495770453471842,31.285714285714285
281,2023,281,0.9640721096587139,0.4233950897215345,1.05294749851173,31.17437722419929
282,2023,282,-1.9175259424369413,-0.9018436029270167,2.1190157205785574,31.06382978723404
283,2023,283,-0.27433922377568043,-0.5683928793091075,0.6311358609294362,30.954063604240282
284,2023,284,0.6154971878538426,1.604253704706924,1.7182743486771486,30.845070422535212
285,2023,285,-0.457500360701165,-0.30945611892612057,0.552331123134043,30.736842105263158
286,2023,286,-0.22020992655996913,0.1031787319063327,0.24318359828192745,30.62937062937063
287,2023,287,-0.15567627532960748,0.9672370298689169,0.9796849364209618,30.522648083623693
288,2023,288,0.7467867700840133,-1.9790222016109,2.1152350589098523,30.416666666666668
289,2023,289,-0.9216987143967157,0.3561372027578921,0.9881104327496874,30.311418685121108
290,2023,290,1.4204449245511914,-0.1386031428087037,1.4271911626967462,30.20689655172414
291,2023,291,-0.41969499687928435,-0.3047948833564714,0.5186943332308418,30.103092783505154
292,2023,292,-1.079168376374503,0.8622805422870478,1.381351554881532,30.0
293,2023,293,1.202586210618112,-0.3117697215318631,1.242342124067636,29.897610921501705
294,2023,294,0.36015244350656705,-1.063036622122181,1.1223888107677693,29.79591836734694
295,2023,295,-0.06551668860461775,0.8313935382233897,0.8339710138160207,29.694915254237287
296,2023,296,1.4025710559394697,-1.1795601697133566,1.832639561106701,29.594594594594593
297,2023,297,-0.3995900558877941,1.3245099535249738,1.3834734655030934,29.494949494949495
298,2023,298,-0.8290413637546896,-0.7584931255647906,1.1236642756380932,29.395973154362416
299,2023,299,1.0310926361371004,0.017077603100155683,1.0312340514276095,29.297658862876254
300,2023,300,-0.7731819873060134,1.2297375158954518,1.4526061900925498,29.2
301,2023,301,1.3539067150232598,-0.35226107004868823,1.3989822209223823,29.102990033222593
302,2023,302,-0.5085187210367951,-0.12318610521385015,0.5232266298294226,29.00662251655629
303,2023,303,-0.3242021452376682,1.093840685506635,1.1408744349166262,28.91089108910891
304,2023,304,0.677782717161362,0.42006554300354887,0.7973985653997034,28.81578947368421
305,2023,305,-0.3875303077468243,0.08841898276519479,0.3974891897090789,28.721311475409838
306,2023,306,1.0321186831429559,-0.7224029098080395,1.259815438940114,28.627450980392158
307,2023,307,-0.6588668260005104,-0.32811894934077396,0.736048598477356,28.534201954397393
308,2023,308,-0.6601351211333208,-0.3832023658721623,0.7632970793627647,28.441558441558442
309,2023,309,-0.5706928823463477,0.5131987859064844,0.7675046317884159,28.349514563106798
310,2023,310,-1.0254710408504721,0.9277648216966988,1.382873247987992,28.258064516129032
311,2023,311,1.2109370001439579,-0.1429965053249865,1.2193508186132516,28.167202572347268
312,2023,312,-0.45336643187534037,-1.6736649687695793,1.7339825688967736,28.076923076923077
313,2023,313,0.03286901312246226,2.8058924512046928,2.806084963031434,27.987220447284344
314,2023,314,0.781030364791457,-0.6366687476888329,1.0076485126322288,27.898089171974522
315,2023,315,0.055105414897716296,-0.6075584234626586,0.6100523294533681,27.80952380952381
316,2023,316,-0.8173111882090229,-0.1881526787133851,0.8386888629752198,27.72151898734177
317,2023,317,-0.9606456360485832,-1.4218000020462438,1.7159123765151545,27.634069400630914
318,2023,318,1.4833976853313156,1.1574709283383011,1.8815439518636372,27.547169811320753
319,2023,319,0.20605597448391327,-0.6757086330705163,0.7064284970374148,27.460815047021942
320,2023,320,-0.3348322360168597,-1.1929099697567915,1.239010420545848,27.375
321,2023,321,-1.292064743340686,1.6478511752763496,2.094002100486931,27.289719626168225
322,2023,322,-0.11633081075742539,-1.2868071894904423,1.292054797775919,27.204968944099377
323,2023,323,1.5683074763883378,1.280753451875105,2.0248253616017244,27.120743034055728
324,2023,324,-0.3853338504846813,-1.0811573425470786,1.1477732248457497,27.037037037037038
325,2023,325,0.6865645887383994,0.36317800814924517,0.7767040621194026,26.953846153846154
326,2023,326,-1.5945127715378016,1.0217003398300624,1.8937641254934643,26.87116564417178
327,2023,327,1.6065946180678619,-0.8714058590889276,1.8277019554782805,26.788990825688074
328,2023,328,-0.2922042940642488,0.6863896481276758,0.7459987255528125,26.70731707317073
329,2023,329,-0.37858173440562354,-0.5845387039053447,0.6964263248821876,26.62613981762918
330,2023,330,-0.559806102887954,-0.08813063828926516,0.5667008754500665,26.545454545454547
331,2023,331,-0.06223494388463442,1.2385917455545445,1.2401543050750488,26.46525679758308
332,2023,332,1.027050478900194,0.15101950060023978,1.0380942037072858,26.3855421686747
333,2023,333,-1.3031494594121529,-1.5641679371406731,2.0358830637207768,26.306306306306308
334,2023,334,0.05464303130542545,0.9210588101052561,0.9226782714157498,26.227544910179642
335,2023,335,-1.435035394953134,-0.05817372330113137,1.436214039358693,26.149253731343283
336,2023,336,0.4604108387783002,0.9524799097506335,1.057920658151221,26.071428571428573
337,2023,337,1.3537473362507344,0.3167745204420985,1.3903157724802233,25.99406528189911
338,2023,338,0.4051676162415359,-1.1528580389876062,1.221983001235777,25.91715976331361
339,2023,339,-0.8889166785555851,0.029406971201152356,0.8894029634364385,25.84070796460177
340,2023,340,-0.7793889092413313,-0.9166833165777453,1.2032270669912504,25.764705882352942
341,2023,341,1.0582092337094566,2.0542841151214266,2.310820202427739,25.6891495601173
342,2023,342,-0.05287806360167747,-2.08789792392792,2.0885674110147323,25.614035087719298
343,2023,343,0.4369733803149819,0.2707446937481002,0.5140509938679765,25.53935860058309
344,2023,344,-1.4031253128721304,0.4140547319622553,1.4629429123116353,25.46511627906977
345,2023,345,1.6791125876634043,0.2632059491106708,1.69961656078568,25.391304347826086
346,2023,346,-0.1939415850375616,0.8369574857355302,0.8591339658840302,25.31791907514451
347,2023,347,0.2525148057366143,-2.2559589892009475,2.270047287629216,25.244956772334294
348,2023,348,-0.6647874206718457,1.6691804487234108,1.7966929857613438,25.17241379310345
349,2023,349,0.7177486865806526,-0.9254510521222539,1.1711630232219759,25.10028653295129
350,2023,350,1.1621732035637633,0.6095073260743058,1.3123055039204516,25.02857142857143
351,2023,351,-0.962346758752232,0.5161700413765242,1.092036078019206,24.957264957264957
352,2023,352,0.09181288733926345,0.48980377328427055,0.4983345689444807,24.886363636363637
353,2023,353,0.6055063514987319,-0.06432115860401096,0.6089130916226618,24.81586402266289
354,2023,354,0.0008158490578729819,-0.4423950298557453,0.4423957821349012,24.74576271186441
355,2023,355,-1.295769955862181,0.05523695003595308,1.2969467603430578,24.676056338028168
356,2023,356,4.359916141908129,2.7635087724711793,5.161961787924842,24.60674157303371
357,2023,357,-2.1916267744895026,-2.255635543109755,3.1450150432071546,24.537815126050422
358,2023,358,-2.105696061948183,-3.2369002734100163,3.8615384609383243,24.46927374301676
359,2023,359,-1.6025390552155139,6.356965169991709,6.555847587915597,24.401114206128135
360,2023,360,1.723294695462441,-4.348948219845812,4.677937069511414,24.333333333333332
361,2023,361,3.463564540459477,1.9479453893995113,3.9737602552256575,24.265927977839336
362,2023,362,-6.252177242589621,-3.222952896190993,7.033999263848516,24.19889502762431
363,2023,363,1.2114957610908748,4.250375493455201,4.419662183301536,24.132231404958677
364,2023,364,-1.497989551560748,7.403085087101752,7.553121308667929,24.065934065934066
365,2023,365,8.583580681482802,-20.064334921300425,21.823276407305126,24.0
366,2023,366,-7.731749247267997,6.038627567822826,9.810452044911033,23.934426229508198
367,2023,367,-2.8906759868011895,1.0916116657488129,3.0899229261371435,23.869209809264305
368,2023,368,8.016030762276685,2.658001472708108,8.445218825506217,23.804347826086957
369,2023,369,-4.115269985136243,-3.0091675538200224,5.098091448525265,23.739837398373982
370,2023,370,0.8242115083293191,-4.415503831793372,4.4917701075460705,23.675675675675677
371,2023,371,-3.021313722642488,4.015692046642711,5.025347671962342,23.61185983827493
372,2023,372,2.9273740790102885,0.5682894623684707,2.982024800617926,23.548387096774192
373,2023,373,2.8902021237814512,0.20607967522391304,2.897539844221509,23.485254691689008
374,2023,374,-3.723181159528999,-1.4524029459285204,3.9964424509823164,23.422459893048128
375,2023,375,1.296018737334228,1.1574166155804682,1.7376069145647275,23.36
376,2023,376,0.8861882371256445,-0.4825001765450416,1.009027260278856,23.29787234042553
377,2023,377,-0.596445199247107,-0.9801897677630039,1.14739655591788,23.23607427055703
378,2023,378,0.6881776092576858,0.027464722938656323,0.6887254408613938,23.174603174603174
379,2023,379,0.19588347455145969,0.6725228038817613,0.7004693122067078,23.113456464379947
380,2023,380,-2.281183525519233,-0.08552361243866387,2.2827861409656656,23.05263157894737
381,2023,381,1.6942599965102958,-0.5441197445814411,1.7794895987946768,22.992125984251967
382,2023,382,-1.6252712355936405,1.1224891766976623,1.975218605889352,22.93193717277487
383,2023,383,1.9713067898990277,-1.9428643860648434,2.767810051745085,22.87206266318538
384,2023,384,-0.698072830033113,0.5533904582136498,0.8908123681631014,22.8125
385,2023,385,-1.0203441750486588,-0.3899562812420202,1.0923223593957205,22.753246753246753
386,2023,386,-0.045010714060714746,1.4732824120885035,1.473969819958867,22.694300518134714
387,2023,387,0.034023052166797504,-0.17315078460315914,0.17646178704590473,22.635658914728683
388,2023,388,1.6702876918579563,-1.366517759522922,2.1580620381869764,22.577319587628867
389,2023,389,-1.8367603624856355,-0.22394358884931112,1.850361953830945,22.519280205655527
390,2023,390,0.33058387485049556,0.546674447667747,0.6388573002197003,22.46153846153846
391,2023,391,0.8718952893319913,1.0731262376149897,1.382679036297658,22.404092071611252
392,2023,392,0.15292672571604302,-0.9511232643624774,0.9633390096169494,22.346938775510203
393,2023,393,-1.4462955570392653,-1.1587171011991306,1.8532123890484964,22.290076335877863
394,2023,394,-0.37295235018010936,0.7058374222252827,0.7983106676717397,22.233502538071065
395,2023,395,0.9266313126242652,-0.03491410924237718,0.9272888355630933,22.17721518987342
396,2023,396,0.1178558429364711,-0.09620074369474899,0.15213343748725633,22.12121212121212
397,2023,397,0.4656022375559779,0.8158125298572982,0.9393271674391721,22.065491183879093
398,2023,398,-1.2321642727290358,-1.2127747269337037,1.7288873107519165,22.01005025125628
399,2023,399,-0.05937700511334506,1.4747067421209001,1.4759016240905318,21.954887218045112
400,2023,400,1.1529968889416489,-0.4887437407678338,1.2523067795268283,21.9
401,2023,401,0.8151749418027913,0.05166523053334979,0.8168105544061293,21.845386533665835
402,2023,402,-0.8028432574795655,1.1782724120932622,1.4257921213067752,21.791044776119403
403,2023,403,0.7036658263061734,-2.0403431201015727,2.1582737645759793,21.736972704714642
404,2023,404,-0.8326408449326167,1.984606500722998,2.152197421093633,21.683168316831683
405,2023,405,-0.21039713088592826,-0.35086331105700036,0.4091112510441528,21.62962962962963
406,2023,406,2.024644412638976,1.015032491126641,2.2648346420153898,21.576354679802957
407,2023,407,-1.6721122554659458,-0.31852679769042164,1.702180576709277,21.523341523341525
408,2023,408,0.8782494192830951,-1.1564432090373664,1.4521304824979522,21.470588235294116
409,2023,409,-1.3961604193559796,0.9422966076417709,1.6843950882585281,21.418092909535453
410,2023,410,0.1666744404630236,0.9437482000763813,0.9583532930245877,21.365853658536587
411,2023,411,0.11841240740013834,-0.19932722144286755,0.23184658598830024,21.313868613138688
412,2023,412,-1.5874874946406667,-0.2232428922145652,1.6031075867092717,21.262135922330096
413,2023,413,1.1653399785477532,0.41058703974676425,1.2355561431232855,21.210653753026634
414,2023,414,-0.16079412324760187,-0.3307100765929835,0.36772803106521806,21.159420289855074
415,2023,415,-0.08519266106430481,0.7779031406059411,0.7825542062143709,21.10843373493976
416,2023,416,1.144782898463569,-0.8979486989319739,1.4549363389950347,21.057692307692307
417,2023,417,-1.152279298133358,0.31337629724324445,1.1941324401340876,21.007194244604317
418,2023,418,0.5029895007005225,-1.0529834856810523,1.166950152719464,20.95693779904306
419,2023,419,-1.4135760500772938,-0.5515347705937591,1.517362136250287,20.90692124105012
420,2023,420,-0.07561942642882792,1.6559013458370624,1.6576270885812705,20.857142857142858
421,2023,421,1.088074452660806,-1.0883884400047057,1.538991686419712,20.807600950118765
422,2023,422,-1.3122518998531731,-0.28310871092931095,1.3424438874203712,20.75829383886256
423,2023,423,-0.8045582214308132,1.2155217248887966,1.4576717721587906,20.70921985815603
424,2023,424,0.7090640346254998,0.3195211540310007,0.7777310416028761,20.660377358490567
425,2023,425,1.869122514084746,-0.40692684000940593,1.9129057545468682,20.611764705882354
426,2023,426,-0.06978967297889596,-0.8005514904607343,0.8035877595716626,20.56338028169014
427,2023,427,-0.5743680751890436,-0.26877853746581826,0.634145557422451,20.515222482435597
428,2023,428,0.13088989327659356,0.811486203729747,0.821974466151884,20.46728971962617
429,2023,429,0.12761395050011057,-1.041360409868552,1.049150524759838,20.41958041958042
430,2023,430,0.05226404199147312,0.7407709675037208,0.7426123863643032,20.372093023255815
431,2023,431,-0.8477819489631524,-0.49997221635811223,0.9842288606405546,20.324825986078885
432,2023,432,1.2823731409475867,1.1603871134221617,1.7294447448877908,20.27777777777778
433,2023,433,-1.0538667158654613,1.1895159341178216,1.5892083602628218,20.23094688221709
434,2023,434,1.4270935541759913,-1.4855622539118207,2.0599735975536753,20.18433179723502
435,2023,435,-1.3859300257928797,0.2296302477227367,1.4048245751920265,20.137931034482758
436,2023,436,-0.14048674379777176,0.4449231092820921,0.4665759298936725,20.091743119266056
437,2023,437,0.5466408074749145,-0.5047198418338976,0.7440149804524511,20.045766590389015
438,2023,438,0.5390911473138806,0.5949789505212248,0.802881819868612,20.0
439,2023,439,-0.3194439892901003,0.08022159431885317,0.3293629707308221,19.954441913439634
440,2023,440,-1.231520760201978,-0.68304726975617,1.408260258450055,19.90909090909091
441,2023,441,0.3510975693244059,0.7604606594335539,0.8375977063791553,19.86394557823129
442,2023,442,0.7498218733528318,-1.2206015038152889,1.4325155750896723,19.81900452488688
443,2023,443,-0.736979272686893,-0.06688626031804619,0.7400082568386891,19.774266365688487
444,2023,444,0.22603902935798878,0.8425757349713907,0.8723689081780029,19.72972972972973
445,2023,445,0.7613936316530834,0.19530165484206596,0.786042618886483,19.685393258426966
446,2023,446,-0.7534652727583151,-1.15352113253985,1.3777956744266475,19.641255605381165
447,2023,447,-0.8790251106865594,-0.5325194485343426,1.0277461302699409,19.59731543624161
448,2023,448,1.4555558045412458,1.4935738920112533,2.085522877129703,19.553571428571427
449,2023,449,-0.08008683410010191,-0.2178684016387367,0.23212182454218977,19.510022271714924
450,2023,450,0.6707265891907811,0.13381120326200796,0.6839441465250837,19.466666666666665
451,2023,451,-0.23837032387703208,-0.18172556763274852,0.2997408768197722,19.42350332594235
452,2023,452,-1.0667790640980017,0.3022637531091127,1.1087745253393113,19.38053097345133
453,2023,453,1.5428749352980764,0.04359808473251226,1.5434908030057668,19.337748344370862
454,2023,454,0.5337701319406879,-1.1263943010355475,1.2464648712087072,19.295154185022028
455,2023,455,-1.094827503142351,0.634546707395871,1.265423559723722,19.252747252747252
456,2023,456,-0.2212590211191744,0.5784790949287029,0.6193493502831391,19.210526315789473
457,2023,457,0.36056468379204093,0.31615807365590193,0.47954438661699,19.168490153172865
458,2023,458,0.0809954000752794,-0.0826132095974321,0.11569441314663305,19.12663755458515
459,2023,459,0.045445090345058246,-0.7218124946156556,0.7232416840999599,19.084967320261438
460,2023,460,-0.04679037868170897,-0.3095552316427248,0.31307152693044243,19.043478260869566
461,2023,461,-0.9566655380881307,1.3045016863584167,1.6176939146443636,19.002169197396963
462,2023,462,0.5391763652421445,0.35214236712017216,0.6439840056684083,18.961038961038962
463,2023,463,-0.20091283344958602,-0.6425374917341926,0.673216454737114,18.920086393088553
464,2023,464,0.4179311552295027,0.26952247756717623,0.49730153471049704,18.879310344827587
465,2023,465,-0.8377050387291975,-0.5676574188480643,1.0119212800833537,18.838709677419356
466,2023,466,0.9550413689155078,-0.4519351413665845,1.0565743647950399,18.798283261802574
467,2023,467,0.036607388045721403,0.006635997350732504,0.03720399602689145,18.758029978586723
468,2023,468,-1.1192668060769275,-0.5671614624188166,1.2547630484034415,18.71794871794872
469,2023,469,0.6238962220377751,0.3510239028388476,0.7158661021708078,18.678038379530918
470,2023,470,-0.41479286545253763,-0.467831015752605,0.6252351401916252,18.638297872340427
471,2023,471,0.5666118948617749,-0.23206410791849047,0.6122930585780438,18.598726114649683
472,2023,472,-1.0005735190060199,-0.4945759879185619,1.1161329556830186,18.559322033898304
473,2023,473,0.3727844620528567,0.8589685492793753,0.9363734424892413,18.520084566596193
474,2023,474,0.8676662502621186,0.8406444074546235,1.208109159649351,18.481012658227847
475,2023,475,-0.3986365783207884,-0.9745644529193636,1.0529420660555473,18.442105263157895
476,2023,476,1.161142650481083,0.19634244882605278,1.1776258370030972,18.403361344537814
477,2023,477,-0.25517546935986446,0.3005141063952483,0.3942375531396796,18.364779874213838
478,2023,478,0.46336139163663703,-1.270524185742269,1.3523814128475358,18.326359832635983
479,2023,479,-0.10256007506593308,-0.11527967697706296,0.15429832442857508,18.288100208768267
480,2023,480,-1.3575144371646637,0.4922258917294727,1.4439985372566582,18.25
481,2023,481,0.6596888129088464,0.7185232969669826,0.9754307039259046,18.212058212058214
482,2023,482,0.04551281336664205,-0.2151185148508993,0.21988040297444283,18.17427385892116
483,2023,483,-0.3761509503022952,0.05368976428166275,0.3799633248116721,18.13664596273292
484,2023,484,-0.21238469500486595,0.4539120855089349,0.501142135569721,18.09917355371901
485,2023,485,0.6759955198464721,0.23534940192282922,0.7157927659860328,18.061855670103093
486,2023,486,0.4506807634764868,-0.08974755231111578,0.45952994865795793,18.02469135802469
487,2023,487,-0.40784654138944326,-0.3411496023380047,0.5317159509538054,17.987679671457904
488,2023,488,-1.159903149272425,-0.08330289503674113,1.1628906603862599,17.950819672131146
489,2023,489,0.625103718407276,0.9094625112622994,1.103574518624878,17.914110429447852
490,2023,490,0.16516101053641855,-0.6572963684024771,0.6777290574532685,17.877551020408163
491,2023,491,-0.6396529673773513,-1.0244274679761072,1.2077282624078105,17.841140529531568
492,2023,492,0.40689563717954863,1.3122106255265995,1.3738488946389484,17.804878048780488
493,2023,493,-1.110164028250405,0.10614845346644379,1.1152271803513776,17.768762677484787
494,2023,494,0.4279480851716029,0.007803335817331861,0.4280192234607221,17.732793522267208
495,2023,495,0.6684778439616167,-0.09446709433225668,0.6751197373645292,17.696969696969695
496,2023,496,-0.8332219569078887,-1.5033125744548375,1.7187808254653771,17.661290322580644
497,2023,497,0.3235907140814826,1.0468679970609187,1.0957388162833803,17.62575452716298
498,2023,498,-0.005695763096083671,-0.08125880872174314,0.08145818382534407,17.59036144578313
499,2023,499,0.037641863502640566,0.32710621427811976,0.32926491660563323,17.55511022044088
500,2023,500,-0.5124730327399878,-0.19810248496662516,0.5494298898273304,17.52
501,2023,501,0.9602909674685719,-0.43236103038409945,1.0531357000864257,17.48502994011976
502,2023,502,0.3123552125057501,0.5918248835774483,0.6691953911982453,17.45019920318725
503,2023,503,0.5259522147148239,-0.5070700069135329,0.7305790334212435,17.415506958250496
504,2023,504,0.07404106411127226,-0.42442319874645534,0.4308330660579602,17.38095238095238
505,2023,505,-1.126540538600304,0.8127671316178366,1.3891306617263002,17.346534653465348
506,2023,506,0.5983987783130108,-0.3581884540440557,0.6974095400100104,17.31225296442688
507,2023,507,-0.21165473838948806,-0.18462213911976844,0.2808612870010421,17.27810650887574
508,2023,508,-0.02159438487033237,0.7572865568292425,0.7575943813230254,17.244094488188978
509,2023,509,0.04757896029360484,0.07040722907991302,0.08497608704413129,17.210216110019648
510,2023,510,-0.2961373838038243,0.0006109058988271111,0.2961380139262617,17.176470588235293
511,2023,511,0.09895797002362129,0.7430333443113754,0.7495940438595698,17.142857142857142
512,2023,512,-1.255400020847125,-0.5093089491056069,1.3547785125185665,17.109375
513,2023,513,1.3284761706109278,0.6746020580168247,1.489945258243272,17.076023391812864
514,2023,514,0.10388203347621622,-0.9378532688932962,0.9435890158607163,17.042801556420233
515,2023,515,-0.5877892450175409,-0.30978059200246133,0.6644247224025354,17.009708737864077
516,2023,516,-0.5834759549582488,0.6178900725236371,0.8498425334952976,16.976744186046513
517,2023,517,0.6927501562099478,-0.19383690998605158,0.7193577181082078,16.943907156673113
518,2023,518,-0.5509645730403163,-0.6443932550480218,0.8478234650544197,16.91119691119691
519,2023,519,-0.2619932545016854,-1.0201681626518722,1.0532727782929177,16.878612716763005
520,2023,520,-0.31568532436449515,0.5497843334633278,0.6339716376470104,16.846153846153847
521,2023,521,0.2988137194639453,1.0246242561820373,1.0673071279142057,16.813819577735124
522,2023,522,0.4960224708079107,-1.0081910661917186,1.1236046980567405,16.7816091954023
523,2023,523,-0.5104077193011349,-0.5522378815704233,0.7519858494437079,16.749521988527725
524,2023,524,-0.3200418918075836,0.3075900296630342,0.4438901202548704,16.717557251908396
525,2023,525,0.8162669717076766,0.19697248083781915,0.8396963304125045,16.685714285714287
526,2023,526,0.7494813918585786,0.23335449416951204,0.7849692202190995,16.653992395437264
527,2023,527,0.3744657321151532,-0.002047705399312582,0.37447133084648826,16.622390891840606
528,2023,528,-0.4500500015221592,-1.3106369034543424,1.385753981255866,16.59090909090909
529,2023,529,-0.17499719045859477,-0.40585353786505257,0.44197410655600783,16.559546313799622
530,2023,530,-0.2142843170802406,0.11498399242739622,0.24318529367765765,16.528301886792452
531,2023,531,-0.21931032491368305,0.9390203332053311,0.9642905188721894,16.497175141242938
532,2023,532,0.654934541925995,-0.16179921473234812,0.6746245178585027,16.466165413533833
533,2023,533,-0.3667274542349026,0.39251713041313935,0.53717662212477,16.435272045028142
534,2023,534,-0.85603934229152,0.12588521362437463,0.8652458856071796,16.40449438202247
535,2023,535,1.2874421481532752,0.65056558614459,1.4424780298906372,16.373831775700936
536,2023,536,0.6811744390671369,-0.2755766058889394,0.7348068332233285,16.34328358208955
537,2023,537,-0.253919077577602,-0.5490659044844541,0.6049365796719455,16.312849162011172
538,2023,538,-0.9661372229691996,0.3718765036508715,1.0352358511828275,16.28252788104089
539,2023,539,0.5803653816104962,-0.017357721289543458,0.5806248932488706,16.25231910946197
540,2023,540,-0.2740064461773094,-0.017985659365328116,0.2745960970034432,16.22222222222222
541,2023,541,-0.11167374989182104,-0.8579080944217147,0.8651458402426718,16.192236598890943
542,2023,542,-0.538350855220797,0.4274707225186114,0.6874248045623224,16.162361623616235
543,2023,543,-0.34317571943510305,0.8152091753711433,0.8844973567055472,16.132596685082873
544,2023,544,0.6347610090909941,-0.3028898688844179,0.7033234045124881,16.102941176470587
545,2023,545,-0.08728464782266389,-0.4018665832427274,0.4112363802884059,16.073394495412845
546,2023,546,0.44096799586044844,0.05918944614750668,0.44492264935427717,16.043956043956044
547,2023,547,-0.7106092633760515,-0.6505954462981357,0.963452105680259,16.014625228519197
548,2023,548,0.4995787387512336,0.059324336314747185,0.5030887526982277,15.985401459854014
549,2023,549,0.048709160020785236,0.08381698087762253,0.09694260442844624,15.956284153005464
550,2023,550,-0.6088970483577815,-0.3333833137572233,0.6941902112465759,15.927272727272728
551,2023,551,0.29132936731036774,0.4973689821208578,0.5764101878292899,15.8983666061706
552,2023,552,0.3945010694239295,0.2962254090830428,0.4933361802696414,15.869565217391305
553,2023,553,0.42365997870618183,-0.5087949900867057,0.6620876977369791,15.840867992766727
554,2023,554,-0.08696893274754319,-0.35878416600751833,0.3691743125421339,15.812274368231048
555,2023,555,0.09635661572574003,-0.005861658183077798,0.09653474209202184,15.783783783783784
556,2023,556,-0.4335128506149463,0.6155112548332763,0.752852904938761,15.755395683453237
557,2023,557,0.5387374821435121,-0.8556730129243799,1.01114508341455,15.727109515260324
558,2023,558,-0.7405815788413663,-0.004135034991380044,0.7405931227290399,15.698924731182796
559,2023,559,-0.20906304836778403,1.1150805380918232,1.1345095700891996,15.670840787119857
560,2023,560,0.7172445630004752,0.12166777553487909,0.7274907633484761,15.642857142857142
561,2023,561,0.39130200756089284,-0.7555348837329483,0.850852643915822,15.614973262032086
562,2023,562,-0.784621928845035,0.34259209530278756,0.8561547260796132,15.587188612099645
563,2023,563,-0.25567603170169273,0.23764843208823772,0.3490659113415727,15.559502664298401
564,2023,564,1.4289544350019716,0.8138079641762781,1.6444434255603149,15.53191489361702
565,2023,565,-0.08396443955381674,-1.1032624541845442,1.10645292259675,15.504424778761061
566,2023,566,-1.0701030714986148,-0.9939678997870639,1.460511132938697,15.477031802120141
567,2023,567,-1.0447356239333838,0.325343168010974,1.0942215044893304,15.44973544973545
568,2023,568,0.44731482956595475,0.5837090136115471,0.7353956549511185,15.422535211267606
569,2023,569,0.4628678147682675,0.07911893722594696,0.46958111139196657,15.39543057996485
570,2023,570,-0.6453626739578113,-0.43047829201380483,0.7757606208316448,15.368421052631579
571,2023,571,0.06391596573234197,0.07401276699018634,0.09779131021231657,15.341506129597198
572,2023,572,-0.3899955414725086,0.3088501592974581,0.4974785857366128,15.314685314685315
573,2023,573,0.3427155087317914,-0.7194508337553355,0.7969086661070627,15.287958115183246
574,2023,574,0.6586651853978611,0.5334436472736522,0.8475859550935323,15.261324041811847
575,2023,575,-0.42263721725216663,-0.6340271253643938,0.7619794046458813,15.234782608695653
576,2023,576,-0.39505534343354237,0.12682815962731442,0.41491457729253817,15.208333333333334
577,2023,577,0.19465645038543986,0.22976926169428483,0.3011395810852435,15.181975736568457
578,2023,578,0.4971607989700012,-0.6674788599883722,0.8322841393201404,15.155709342560554
579,2023,579,0.358366764514264,-0.6053858993550928,0.7035046730807099,15.129533678756477
580,2023,580,-0.40936371319076525,0.004034831270762712,0.40938359705869337,15.10344827586207
581,2023,581,-0.8947462972422218,0.48210452248959346,1.0163639638601838,15.077452667814114
582,2023,582,0.00046255370558209545,0.9580580309343856,0.9580581425956374,15.051546391752577
583,2023,583,0.7867665347677777,-0.7031757557659404,1.0552050624061176,15.025728987993139
584,2023,584,-0.05884151098514441,0.5289283978141983,0.5321912940187106,15.0
585,2023,585,0.06902568406145877,-0.05472605059026666,0.08808794283760263,14.974358974358974
586,2023,586,0.465770012025875,0.3527553505686324,0.5842756553694347,14.948805460750853
587,2023,587,0.027812243980786903,0.21189475738947042,0.2137122109856836,14.923339011925043
588,2023,588,-0.24015321578968582,-0.56101284049056,0.6102532050300219,14.89795918367347
589,2023,589,-0.29106566734132566,-0.29435113076655084,0.413958706743074,14.872665534804753
590,2023,590,0.028133029871325363,0.21206233830566962,0.2139203185707453,14.847457627118644
591,2023,591,-0.25179701147957007,-0.29532820412515987,0.3880985482346396,14.82233502538071
592,2023,592,0.057552742106993605,0.2552591675984506,0.26166688893913953,14.797297297297296
593,2023,593,-0.5558407840501838,0.2556437828351584,0.6118110173213561,14.772344013490725
594,2023,594,-0.8280654695627981,0.4078886180380128,0.9230739659459676,14.747474747474747
595,2023,595,1.0117013477647003,0.14698974621312189,1.0223236290728632,14.722689075630251
596,2023,596,0.41785564906315825,-0.18791946677954113,0.4581670759108519,14.697986577181208
597,2023,597,-0.06538723638007543,-0.6799951632453852,0.6831316950036369,14.673366834170855
598,2023,598,-0.1067299521454615,0.3233354842717577,0.3404954009589917,14.648829431438127
599,2023,599,0.21381679036386442,-0.16330669214957153,0.269047756991839,14.624373956594324
600,2023,600,-0.8010223413883434,-0.0913509361162332,0.8062144782454455,14.6
601,2023,601,0.40251931771816346,-0.09028081287750053,0.41251960718263814,14.575707154742096
602,2023,602,0.4275902051891639,0.10504953393361532,0.44030533514071923,14.551495016611296
603,2023,603,-0.025491777262891993,0.5592250688186116,0.5598057773042376,14.527363184079602
604,2023,604,0.515606322342519,-0.404239570113479,0.6551789905705981,14.503311258278146
605,2023,605,-0.4256657442531885,-0.4754861263861023,0.6381836586879057,14.479338842975206
606,2023,606,-0.3902208169516704,0.392474421851102,0.5534514050842999,14.455445544554456
607,2023,607,0.6957631002798323,-0.15012405603513893,0.7117749109876279,14.43163097199341
608,2023,608,0.11181458050583563,-0.47772225106823696,0.49063331478753014,14.407894736842104
609,2023,609,-0.3627494145784537,0.9495497646015244,1.0164801489610218,14.38423645320197
610,2023,610,-0.1937154752344617,-0.23383243003454357,0.3036499476060766,14.360655737704919
611,2023,611,0.3980592612953025,0.16903734127836345,0.4324636380661614,14.337152209492634
612,2023,612,0.16016590002872308,0.5604243432231203,0.5828623851382732,14.313725490196079
613,2023,613,-0.1038637450511338,-0.9126004255941852,0.9184918150591952,14.290375203915172
614,2023,614,-0.24536519037529464,0.7879351479469098,0.825255035742299,14.267100977198696
615,2023,615,0.653060880040186,-0.5053838186915279,0.8257731633046047,14.24390243902439
616,2023,616,-0.33220173513994916,-0.4489567782752037,0.5584981482415526,14.220779220779221
617,2023,617,-0.5851038138690671,0.029204634905059236,0.5858322146349292,14.19773095623987
618,2023,618,0.3499584228560303,-0.034422590846121044,0.3516472842045557,14.174757281553399
619,2023,619,-0.9012077538453956,0.2874261952321535,0.9459329961983012,14.151857835218093
620,2023,620,-0.2102775291572648,-0.39949541588149595,0.4514567826257722,14.129032258064516
621,2023,621,0.38666413593697513,0.9120108553533308,0.9905922240267191,14.106280193236715
622,2023,622,0.4253538422275362,0.5046720145422676,0.6600149493457542,14.083601286173634
623,2023,623,0.8180805044547915,-1.3654802211416202,1.5917889138004366,14.06099518459069
624,2023,624,-1.3461769025811898,-0.3407176472598222,1.388625496020203,14.038461538461538
625,2023,625,-0.2141932774569401,0.7215499671353144,0.7526706551877248,14.016
626,2023,626,0.572835286827427,-0.22542886101904466,0.6155960016236333,13.993610223642172
627,2023,627,0.8111591710274164,-0.6623951747045312,1.0472566868794546,13.971291866028707
628,2023,628,-0.3577614146398893,-0.28692105004377766,0.4586032258536335,13.949044585987261
629,2023,629,-1.2410419407850464,0.4020583316680102,1.30454436522917,13.926868044515103
630,2023,630,0.7277344437223462,0.23475288653862506,0.7646609302940024,13.904761904761905
631,2023,631,0.2559317350749305,0.024810503981036066,0.2571315113444041,13.882725832012678
632,2023,632,-0.5637263076630162,-0.8850214226354042,1.0493094245621604,13.860759493670885
633,2023,633,0.1579003095240237,0.7530759525530928,0.7694516866324554,13.838862559241706
634,2023,634,0.771574811604356,1.1092486761258467,1.3512069846582504,13.817034700315457
635,2023,635,-0.27145237025463154,-0.5007980375496477,0.5696359045306361,13.795275590551181
636,2023,636,0.0262453786301852,-0.472887298262057,0.47361505123573666,13.773584905660377
637,2023,637,0.26301551557595376,0.5370035853810877,0.5979548579498523,13.751962323390895
638,2023,638,-0.3205027711608542,-0.2250142448381317,0.3916036729933231,13.730407523510971
639,2023,639,0.023738588883922065,-0.2335009873004308,0.23470456253016433,13.708920187793428
640,2023,640,0.4497518244761502,0.7810048217345694,0.9012464896976145,13.6875
641,2023,641,-0.9243985270463386,-0.418038362394675,1.0145288114386215,13.666146645865835
642,2023,642,-0.278646185012813,-0.055393148010039486,0.2840987456302068,13.644859813084112
643,2023,643,-0.2621575400614347,-0.08754366614983022,0.2763882582419443,13.623639191290824
644,2023,644,0.1389048608859891,0.11988339955306763,0.18348457664380524,13.602484472049689
645,2023,645,0.1204067126038191,0.7340127086122878,0.743822850445189,13.581395348837209
646,2023,646,0.9501019195610106,-0.7003402361985918,1.1803262701440718,13.560371517027864
647,2023,647,-0.9515851066608297,0.8815812203465428,1.2971891393649588,13.539412673879443
648,2023,648,0.1900468817450921,-0.9223302798945059,0.9417064099130422,13.518518518518519
649,2023,649,1.1728513714173792,-0.49336488504459275,1.272395083781249,13.49768875192604
650,2023,650,-0.8146039436209088,-0.025926933111681615,0.8150164359221932,13.476923076923077
651,2023,651,-0.19176996344672118,0.2022233662365366,0.2786933955665135,13.456221198156681
652,2023,652,0.1415952348640711,0.6782805941612668,0.6929024281614061,13.43558282208589
653,2023,653,-0.28407203967441846,-0.49111193620730037,0.5673516172622299,13.415007656967841
654,2023,654,0.528661746654557,0.3379301298709218,0.6274392520797731,13.394495412844037
655,2023,655,0.4574017177688068,-1.2190344535090254,1.3020220160427025,13.374045801526718
656,2023,656,-0.2608010194908872,0.7865812523716333,0.828690073761001,13.353658536585366
657,2023,657,0.21417528730593582,0.5299914765191598,0.5716310163694227,13.333333333333334
658,2023,658,0.21698846386982526,-0.4679831098898616,0.5158412397189398,13.31306990881459
659,2023,659,-0.9726711311215713,-0.22936443792439695,0.9993483750433038,13.292867981790591
660,2023,660,0.6381751301938732,0.7431290604327968,0.9795449439702593,13.272727272727273
661,2023,661,-0.25904884488946256,-0.8328560684912583,0.8722130100275278,13.252647503782148
662,2023,662,0.9748721297108377,0.4606845530861061,1.0782420538724549,13.23262839879154
663,2023,663,-0.8747641346126862,0.4439042872222743,0.9809502063912302,13.212669683257918
664,2023,664,0.1197531022627764,-0.7715615250590542,0.7807995853309686,13.19277108433735
665,2023,665,0.786836803529558,1.108049508372586,1.359001791166348,13.172932330827068
666,2023,666,-0.016894365543116244,-1.8048053431567341,1.8048844135495772,13.153153153153154
667,2023,667,-0.67216157847187,0.03384662365604373,0.6730132104994,13.13343328335832
668,2023,668,-0.3227650878038309,0.6238039802193602,0.702359386384585,13.113772455089821
669,2023,669,-0.16053223717472395,-0.02717712647529622,0.1628164468835261,13.094170403587444
670,2023,670,0.006265425524703303,0.7689125314444041,0.7689380576933667,13.074626865671641
671,2023,671,0.3443366705122378,-0.7132892016709599,0.7920538036521564,13.055141579731744
672,2023,672,-0.40129407674770706,0.10762353406680975,0.41547534357386884,13.035714285714286
673,2023,673,0.44133017083753984,0.33081353114315754,0.5515522750192378,13.016344725111441
674,2023,674,0.4880493393381618,-0.24525183223583988,0.5462056561803922,12.997032640949556
675,2023,675,0.6795367860763019,-0.24125616218194149,0.7210927675560675,12.977777777777778
676,2023,676,-0.4279806957395453,-1.3023089009773734,1.370830386842442,12.958579881656805
677,2023,677,-1.9061593359131974,-0.04044442484955513,1.9065883576143154,12.939438700147711
678,2023,678,1.6153779951309635,1.1971204262009878,2.0106077145930197,12.920353982300885
679,2023,679,0.5707560453375978,-0.9398091319824318,1.0995470284835414,12.901325478645067
680,2023,680,-0.31074986329635346,-0.4533052480446509,0.5495917807277733,12.882352941176471
681,2023,681,-0.6269511493495412,1.0512068088898625,1.2239703831086433,12.863436123348018
682,2023,682,-0.5925308903718121,0.5291373481141651,0.7944049277378027,12.84457478005865
683,2023,683,1.6331880133334464,-0.4401427682022683,1.6914575795144273,12.825768667642752
684,2023,684,0.1283020614331785,-0.19224579783105933,0.23112737992653237,12.807017543859649
685,2023,685,-0.37333642020484736,-0.1300277618323711,0.39533188778355105,12.788321167883211
686,2023,686,0.5254725602601275,0.6485220231641056,0.8346869030452065,12.769679300291545
687,2023,687,-0.9355086528516293,0.16968533396836052,0.950773133888534,12.751091703056769
688,2023,688,0.9754804722852539,-0.4521177893597871,1.0751616842435574,12.732558139534884
689,2023,689,-0.8532889725789722,-0.20826759708984194,0.878337897806109,12.714078374455733
690,2023,690,-0.1867442588663896,-0.03267120079778323,0.1895806571914081,12.695652173913043
691,2023,691,0.21511780499930266,1.1674189882742763,1.1870731924405726,12.677279305354558
692,2023,692,-0.3309143524506007,-0.7357512093361318,0.8067429272682722,12.658959537572255
693,2023,693,0.56518775289185,0.09154773878090997,0.5725540887067672,12.64069264069264
694,2023,694,-0.940758104543684,0.057874335387157576,0.9425366040431163,12.622478386167147
695,2023,695,-0.37272240269141854,0.4659978078674038,0.5967209954453503,12.60431654676259
696,2023,696,0.9839071940909673,0.7305331360740773,1.225459925695731,12.586206896551724
697,2023,697,0.49425155697678486,-0.8255159724411203,0.9621648623439668,12.568149210903874
698,2023,698,-0.7392911917498426,0.33873087566647725,0.8131974374828544,12.550143266475645
699,2023,699,0.7944227356256883,-0.7559202112616845,1.096596028021674,12.532188841201716
700,2023,700,-1.0067871254862815,0.3668732413152364,1.0715485482413185,12.514285714285714
701,2023,701,0.11151382922379748,-0.16097940697531013,0.1958308034459257,12.496433666191155
702,2023,702,0.6421750936060994,-0.21479613983152782,0.6771456509012871,12.478632478632479
703,2023,703,-0.5273726873155581,-0.4314073493311988,0.6813473801104724,12.460881934566146
704,2023,704,0.14172230970839686,0.5125808310457389,0.5318122990535505,12.443181818181818
705,2023,705,-0.40760685368860705,0.7185188219227211,0.8260827105267006,12.425531914893616
706,2023,706,1.4734779691167177,-0.45507178408456794,1.542150334481771,12.407932011331445
707,2023,707,-1.0324159604868914,-0.17578495083255463,1.0472741113993387,12.390381895332391
708,2023,708,0.008262407377452909,-0.7382247675325447,0.7382710036119194,12.372881355932204
709,2023,709,0.3741740535620753,1.4014914921116952,1.4505807887947988,12.355430183356841
710,2023,710,0.3253659390921012,-0.5727015530749091,0.6586729561897148,12.338028169014084
711,2023,711,0.6442889687330654,-0.08404390843472395,0.6497473768905121,12.320675105485233
712,2023,712,-1.7572030065630266,-0.5434249112327166,1.8393131980232258,12.303370786516854
713,2023,713,0.8015757169829737,0.899701013585495,1.204983628064521,12.286115007012622
714,2023,714,-0.0706934032595806,-0.3222578971141094,0.32992076248219,12.268907563025211
715,2023,715,0.21670336178662905,-0.6418653204735283,0.6774595461252367,12.251748251748252
716,2023,716,0.04429917850343201,0.8725926293111362,0.8737163807232876,12.23463687150838
717,2023,717,0.3570809624903888,0.19019964989683094,0.40457721215355114,12.217573221757322
718,2023,718,-0.23325324633075908,-1.3995850355147612,1.4188887724415515,12.200557103064067
719,2023,719,-0.9365859544501544,-0.09687099033984649,0.9415823059312071,12.183588317107093
720,2023,720,-1.4644329620633765,1.8800879746643573,2.383127082816869,12.166666666666666
721,2023,721,3.36160663937386,-1.5158228532729385,3.687562625961345,12.149791955617198
722,2023,722,-1.4331852980653137,0.8613417057821345,1.6721033558695584,12.132963988919668
723,2023,723,-1.9368294461681412,-0.7036591387133719,2.0606902938187566,12.116182572614107
724,2023,724,3.571355349941862,2.8685540062906862,4.580740237403198,12.099447513812155
725,2023,725,-2.437011911878679,-3.0592191743734403,3.911246478489011,12.082758620689654
726,2023,726,2.2349931439693584,-2.1561276420008206,3.1054920322213126,12.066115702479339
727,2023,727,-3.623441345897091,3.574446371464694,5.089793124443629,12.04951856946355
728,2023,728,2.6661007337401426,-1.1501054979505545,2.903590153390423,12.032967032967033
729,2023,729,3.2078881272587045,2.4930049816912248,4.062710926923625,12.016460905349794
730,2023,730,-9.285851010562997,-8.213356012477822,12.397025690788876,12.0
731,2023,731,2.4736494470859505,6.068013898773276,6.5528416937061955,11.98358413132695
732,2023,732,0.9565204029164232,1.625590457411626,1.8861271474699515,11.967213114754099
733,2023,733,2.985270660587677,-5.114621195940481,5.922093455436956,11.950886766712141
734,2023,734,-2.647525902313121,3.342870369638256,4.264290763025467,11.934604904632153
735,2023,735,-1.6393411509592408,-1.8288560634159126,2.456044362368383,11.918367346938776
736,2023,736,2.8090671381355974,2.5449316561638535,3.7904531814940294,11.902173913043478
737,2023,737,-0.3210638877217381,-3.2363165865773755,3.2522034174625105,11.886024423337856
738,2023,738,0.13706277891462879,-1.1545430955134017,1.1626504052213926,11.869918699186991
739,2023,739,-1.7979855121916895,2.8633936757957845,3.38109083649619,11.85385656292287
740,2023,740,1.4502525964532613,-0.2636556379451005,1.4740240462555771,11.837837837837839
741,2023,741,-0.10098516614713562,-0.3504072068969364,0.3646686364729999,11.821862348178138
742,2023,742,-0.8595472285241992,0.04724383793268555,0.860844595897681,11.805929919137466
743,2023,743,0.6185987731900525,0.0356463080751389,0.6196249684055879,11.790040376850605
744,2023,744,0.4205122611073844,0.3100891119799,0.5224804485434149,11.774193548387096
745,2023,745,-0.17997621710353476,0.7998625336131536,0.8198606658456985,11.758389261744966
746,2023,746,-0.5605931835766272,-1.0232262552443336,1.1667290546197606,11.742627345844504
747,2023,747,0.23114224693864488,1.33601158953282,1.35585902869209,11.726907630522089
748,2023,748,-0.35721587406149863,-1.3231476302189533,1.3705191833883803,11.711229946524064
749,2023,749,0.6038305769812347,-0.010645057524536894,0.6039244016821902,11.695594125500667
750,2023,750,-0.5594162787047052,-0.07822902736362644,0.5648595875100992,11.68
751,2023,751,0.6039576964962766,0.3486122982398692,0.697348860787176,11.66444740346205
752,2023,752,-0.4125457465879561,0.07345285956760583,0.4190337881441931,11.648936170212766
753,2023,753,-0.37226487953080645,-0.9802797079125308,1.0485844964890347,11.633466135458168
754,2023,754,-0.3162062888375013,1.0290240196763398,1.0765114259362218,11.618037135278515
755,2023,755,0.6779286622703571,-0.2566908667198014,0.7248982495392293,11.602649006622517
756,2023,756,0.9456216610139813,-0.36931457601707346,1.0151815511707802,11.587301587301587
757,2023,757,-0.6263993662664963,-0.2306909232874644,0.6675286272110664,11.571994715984149
758,2023,758,-0.8705590237273447,0.8550906738353043,1.22026762403713,11.556728232189974
759,2023,759,1.0931206473381134,0.5603716168104785,1.228384751844342,11.541501976284586
760,2023,760,0.33679665785470597,-1.2812060980614541,1.3247343335370894,11.526315789473685
761,2023,761,-0.24592092707747373,-0.0937537156350155,0.26318598285246025,11.511169513797634
762,2023,762,0.26573719596849765,0.08240412801035124,0.2782205916792394,11.496062992125983
763,2023,763,-1.051874516685652,0.662635517003164,1.2431917902104745,11.48099606815203
764,2023,764,1.0313810038111924,0.645410673158674,1.2166765026290742,11.465968586387435
765,2023,765,-0.4300970893561521,-1.1512274142432706,1.2289459164576286,11.450980392156863
766,2023,766,-0.15940255140718218,-0.10115187989427009,0.18878791328171463,11.43603133159269
767,2023,767,0.7069250447749834,1.067579612719335,1.2804176070423579,11.421121251629726
768,2023,768,-0.8643620207240619,-1.1726562587437745,1.4567925054863269,11.40625
769,2023,769,0.7880815351915001,0.6249599360221534,1.005806854094068,11.391417425227568
770,2023,770,-0.8780455218214273,-0.10998402622737001,0.8849070145590695,11.376623376623376
771,2023,771,0.5216090217506695,-0.8253693965775809,0.976376265780017,11.361867704280156
772,2023,772,-0.4228580542108783,1.2468939520488433,1.3166447742906944,11.347150259067357
773,2023,773,-0.07033057146791959,-0.8125994298966903,0.8156373107891952,11.332470892626132
774,2023,774,0.8653562247240767,0.5881620713729254,1.046315448548093,11.317829457364342
775,2023,775,0.24788249321926997,-0.6462440809838095,0.6921539876726926,11.303225806451612
776,2023,776,-0.46936615404482035,-0.6726170161481003,0.8201940239813992,11.288659793814434
777,2023,777,-0.7405983827814425,1.1915204409740414,1.4029279831258132,11.274131274131275
778,2023,778,0.596355144707719,-0.9698085888419932,1.138493810967395,11.259640102827763
779,2023,779,-0.6999652920888588,-0.2788274432455885,0.7534561388932427,11.245186136071887
780,2023,780,0.37796856071706064,0.6056954030398777,0.7139517869955688,11.23076923076923
781,2023,781,-0.13677736911707924,-0.23982737949010072,0.276089153455326,11.21638924455826
782,2023,782,0.3568888076268087,0.8845985326747746,0.9538784959415164,11.202046035805626
783,2023,783,-0.22619287658303447,-0.6640528755219206,0.7015193788526723,11.187739463601533
784,2023,784,-0.4429469426979556,0.62099758223996,0.7627843674285295,11.173469387755102
785,2023,785,1.8552930659088218,0.39994041008405984,1.8979106122332425,11.159235668789808
786,2023,786,-0.2382482472299535,-1.4182227921333506,1.4380953081888077,11.145038167938932
787,2023,787,-0.6940655352246242,0.3784894514063632,0.7905575450354856,11.130876747141041
788,2023,788,0.16617852985735487,0.5407223110274142,0.565681819955688,11.116751269035532
789,2023,789,-0.308247075228512,-0.394674995925579,0.5007839971442655,11.102661596958175
790,2023,790,-0.3039172851167931,-0.17860665907175965,0.3525139073249989,11.08860759493671
791,2023,791,-0.37577159639730784,0.5695401186612912,0.6823344043969195,11.074589127686473
792,2023,792,0.46914631661538225,0.6894740026077851,0.833950038470999,11.06060606060606
793,2023,793,0.48107705871188644,-0.1586041739754629,0.5065475500101829,11.046658259773015
794,2023,794,-0.5120931668669555,-0.40919716460779965,0.655501129728157,11.032745591939547
795,2023,795,0.0689781226846489,0.16199111867855384,0.1760656239583065,11.018867924528301
796,2023,796,-0.18075189564828503,0.07786398164821853,0.196809673081794,11.00502512562814
797,2023,797,0.6031083038953978,-0.8212910701000157,1.0189497770025824,10.991217063989962
798,2023,798,0.11869732977502083,0.8228446697339966,0.8313617784126055,10.977443609022556
799,2023,799,-0.4713954460740051,-1.0690383262083292,1.1683563709252482,10.963704630788486
800,2023,800,-0.4957335565182393,1.0028517224392421,1.1186882212026625,10.95
801,2023,801,0.34715432466453955,-0.0939552425440121,0.359643869313515,10.936329588014981
802,2023,802,-0.07353191669661385,-0.4590972409369846,0.464948620181875,10.922693266832917
803,2023,803,0.22271461308302345,-0.34100280193218246,0.40728946684921785,10.909090909090908
804,2023,804,-0.1986904557212732,0.70585499202754,0.7332865517414906,10.895522388059701
805,2023,805,0.3525531380960591,0.46787483697960586,0.5858332341716981,10.881987577639752
806,2023,806,0.377332531730308,-0.3110400929262062,0.4890048863861658,10.868486352357321
807,2023,807,-0.827516596430858,-1.0019853572942108,1.2995223636400102,10.855018587360595
808,2023,808,-0.3145065469124344,1.0288094101763383,1.075808147635148,10.841584158415841
809,2023,809,1.2160957306076612,0.1668523858825906,1.2274887146841287,10.828182941903584
810,2023,810,1.1391914326115713,-0.21109577786292405,1.1585847174752293,10.814814814814815
811,2023,811,-1.278669232874335,-0.5120667030499875,1.3773914895453379,10.801479654747226
812,2023,812,-0.5534330258337915,0.7875536167274019,0.9625636671430922,10.788177339901479
813,2023,813,1.2082771842766438,-0.4184068285860582,1.2786704142393135,10.77490774907749
814,2023,814,-0.33599624222286045,-0.7231335266610809,0.7973804438090862,10.761670761670763
815,2023,815,-0.06952150393041628,0.3723602603154257,0.37879467125465016,10.748466257668712
816,2023,816,-0.2815242266450838,0.46085819745984186,0.5400427467840366,10.735294117647058
817,2023,817,0.0836167455236898,1.0199734628610515,1.0233951461057154,10.722154222766218
818,2023,818,0.49521534202813966,-1.0205662440797258,1.1343692932793297,10.709046454767726
819,2023,819,-0.16412350003275414,-0.8867218122806388,0.9017827319467046,10.695970695970695
820,2023,820,-0.43645310677218113,0.7101700097015864,0.8335662883602241,10.682926829268293
821,2023,821,0.37710712353157616,0.5294235347438091,0.6499992782756675,10.66991473812424
822,2023,822,0.05422789955330798,-0.11621193933126706,0.12824149068494858,10.656934306569344
823,2023,823,0.27985823328430354,0.14293399246590202,0.31424633162418014,10.643985419198057
824,2023,824,-0.3332651111943252,-0.5774919516504207,0.6667552688658543,10.631067961165048
825,2023,825,-0.16802809168318825,-0.6977417634933526,0.7176886568126234,10.618181818181819
826,2023,826,0.10199060220121543,1.2997775606783322,1.3037729059081884,10.605326876513317
827,2023,827,0.4718320576172166,-0.7048264549119196,0.848177942497328,10.592503022974608
828,2023,828,-0.1830977726538244,-0.024803049880438112,0.18477008858081728,10.579710144927537
829,2023,829,-0.23414673331888736,-0.48559460803634213,0.5390981506904609,10.566948130277442
830,2023,830,-0.47946650867440616,0.6045116624509851,0.7715714373793772,10.55421686746988
831,2023,831,-0.04070455392613066,0.014238320950595115,0.04312296944573083,10.541516245487365
832,2023,832,0.8368765356838084,0.01122491753208339,0.8369518114872174,10.528846153846153
833,2023,833,-0.23494760536743128,0.4311277425925992,0.490990333612466,10.516206482593038
834,2023,834,0.28345136307420676,-0.8652554959427512,0.9105008228924134,10.503597122302159
835,2023,835,-0.20974076027349406,0.7470032521264454,0.7758898408972686,10.491017964071856
836,2023,836,0.30321987973015746,-0.5741382520075108,0.6492896332776392,10.47846889952153
837,2023,837,0.4393722719258153,0.025559069715653044,0.4401150524374078,10.46594982078853
838,2023,838,-0.2338224690723588,-0.8238357262769622,0.8563750644042504,10.45346062052506
839,2023,839,-0.3148844379525194,-0.3532637977487817,0.473230937349373,10.441001191895113
840,2023,840,-1.1539114793204426,1.563526296902957,1.9432257159719162,10.428571428571429
841,2023,841,0.9361003457503522,-0.15880942827968483,0.9494757984406181,10.41617122473246
842,2023,842,0.6168176997374166,0.29605403935779256,0.6841871592842292,10.403800475059382
843,2023,843,-0.6855626976190718,-0.6738398918946381,0.9612785300189101,10.391459074733095
844,2023,844,0.10484494193322394,0.4063241067606734,0.41963286523321813,10.37914691943128
845,2023,845,0.36564221117009116,0.9286506346706809,0.9980411954742209,10.366863905325443
846,2023,846,0.6524596116862607,-1.1939945931270897,1.3606346435757508,10.354609929078014
847,2023,847,-0.6995075164791676,-0.4562355619980147,0.8351416967452274,10.342384887839433
848,2023,848,-0.5088108421127816,0.3460512579257853,0.6153372621282871,10.330188679245284
849,2023,849,0.1255631784037118,0.43751422821136426,0.45517558332826696,10.318021201413428
850,2023,850,0.3595384824019781,-0.4219183226020629,0.5543311206086629,10.305882352941177
851,2023,851,-0.3325595583730827,-0.20395796099498478,0.39012140382005644,10.293772032902467
852,2023,852,-0.2990595218981342,-0.10203304560325119,0.3159862972234963,10.28169014084507
853,2023,853,-0.23823122613760328,1.0773361485198476,1.1033618146440474,10.269636576787807
854,2023,854,0.6954661221547187,-0.11529688946863995,0.7049585092656631,10.257611241217798
855,2023,855,0.159358063082517,-0.24819919138814883,0.29495394704113115,10.24561403508772
856,2023,856,-0.5012319428298213,-0.4632574983390334,0.68252543562881,10.233644859813085
857,2023,857,0.5861253496989605,-0.4541090459092353,0.7414566414405664,10.221703617269545
858,2023,858,-0.5614932948591931,0.8469387126231823,1.0161593886352898,10.20979020979021
859,2023,859,0.43282306522146113,0.2829115608073418,0.5170829305112937,10.19790454016298
860,2023,860,0.49280565801273873,-0.39571671407742187,0.632019884473266,10.186046511627907
861,2023,861,-1.2547140607668676,-0.08653813949235664,1.2576948055362562,10.174216027874564
862,2023,862,0.815517537461156,-0.11038721593351872,0.8229545499894032,10.162412993039442
863,2023,863,0.038565389449419715,0.0697552356384938,0.07970622411309677,10.15063731170336
864,2023,864,0.01705762047316303,-0.11063627914755281,0.1119435066442967,10.13888888888889
865,2023,865,-0.5364261951417871,0.17216277009777173,0.5633765013221912,10.127167630057803
866,2023,866,-0.27711685673405095,-0.17910954408253854,0.32996057502013076,10.115473441108545
867,2023,867,0.2555145488019026,-0.04398537475639588,0.2592728251126609,10.103806228373703
868,2023,868,0.2125134471139555,-0.1575950666313234,0.26457167314508034,10.09216589861751
869,2023,869,-0.22271390108997274,0.33482820733361407,0.4021335725414577,10.080552359033371
870,2023,870,0.5155259608543674,0.6544074584368815,0.8330763098135954,10.068965517241379
871,2023,871,-0.055120610069809624,-1.1072016517762004,1.108572857033048,10.05740528128588
872,2023,872,-0.9446672591862674,-0.03648264879586369,0.945371468916667,10.045871559633028
873,2023,873,0.424979154030295,0.644890206201444,0.7723280775776873,10.034364261168385
874,2023,874,0.475653327961495,0.061004667956376685,0.4795494321895432,10.022883295194507
875,2023,875,0.11764716254013069,-0.5209139988207665,0.5340339399524954,10.01142857142857
876,2023,876,-0.06454819484119108,-0.33416131729809245,0.34033844248872736,10.0
877,2023,877,-1.344161653881073,0.8102144895268288,1.5694642623530877,9.988597491448118
878,2023,878,0.933107895239388,0.057713739854366876,0.9348910203473227,9.977220956719817
879,2023,879,0.10313819655016777,0.10511846663102911,0.14726635601684393,9.965870307167236
880,2023,880,-0.18584848731138412,-0.6098314317920708,0.6375217921275294,9.954545454545455
881,2023,881,-0.21026724451515783,0.7586525743039738,0.7872522102947972,9.943246311010215
882,2023,882,-0.117889561889636,-0.08391948539985043,0.1447080814339891,9.931972789115646
883,2023,883,0.3319157049005193,0.19129804658436153,0.383096564571651,9.920724801812005
884,2023,884,-0.615027996800503,-0.15415368389604958,0.6340526753410656,9.90950226244344
885,2023,885,0.48155498160035304,-0.288535853747397,0.5613805653937939,9.898305084745763
886,2023,886,0.44090967795479746,0.32867962902937914,0.5499378534462722,9.887133182844243
887,2023,887,-0.18219031943727618,-0.4978821366575992,0.5301697223525623,9.875986471251409
888,2023,888,-0.12890372443031345,0.17322193434412203,0.21592130212168859,9.864864864864865
889,2023,889,-0.5011597717729301,-0.034615759922845435,0.5023538271761563,9.853768278965129
890,2023,890,-0.04547781073386086,-0.42707236393172954,0.42948694427581907,9.842696629213483
891,2023,891,-0.11303134774467402,0.40340648640675847,0.4189425722554628,9.831649831649832
892,2023,892,0.3527174545005323,0.4118687644423685,0.5422596074138459,9.820627802690582
893,2023,893,0.06893879875630439,0.5264806108104844,0.5309749443555156,9.80963045912654
894,2023,894,-0.1797810901774417,-0.5923826878547296,0.6190625891259973,9.798657718120806
895,2023,895,-0.09519247888047735,-0.1320593856208354,0.16279216616889966,9.787709497206704
896,2023,896,0.5849053547107508,0.35924430360967924,0.6864187815359605,9.776785714285714
897,2023,897,0.20995536442566579,-0.7540153792600913,0.7827007392432012,9.765886287625419
898,2023,898,0.12138584908941139,0.03997399801743132,0.12779845412466834,9.755011135857462
899,2023,899,-0.7978535514340486,0.20520384484959525,0.8238197056862507,9.744160177975528
900,2023,900,0.0597934519819606,-0.3319471305256091,0.33728942225350733,9.733333333333333
901,2023,901,-0.24134154332103952,0.22405867277586883,0.3293144840098368,9.72253052164262
902,2023,902,0.33962540643517014,0.17400374218687797,0.3816054493731608,9.711751662971174
903,2023,903,-0.027609433209588214,0.28304419773956524,0.28438758530602004,9.700996677740864
904,2023,904,0.054048631238698255,-0.15506458737664278,0.1642141309299089,9.690265486725664
905,2023,905,0.17485673069834698,0.46645877911476696,0.49815526583963077,9.679558011049723
906,2023,906,0.1830191383969085,-0.3041123471682225,0.3549370714925566,9.668874172185431
907,2023,907,0.3389033456833109,-0.3238822528045243,0.4687805364955711,9.658213891951489
908,2023,908,-0.07510887356926055,-0.21352132204983998,0.22634641119035806,9.647577092511014
909,2023,909,-0.8015623807838271,0.11021007304770397,0.8091035227268618,9.636963696369637
910,2023,910,0.017166712259767677,0.5766356220280722,0.5768910959631041,9.626373626373626
911,2023,911,0.5764799168676679,-0.35617864401233784,0.677637307858873,9.615806805708013
912,2023,912,-0.4829077648854855,0.43510377564154107,0.6500116960210945,9.605263157894736
913,2023,913,0.22554082502497425,-0.5947524317345129,0.6360810630784903,9.594742606790799
914,2023,914,0.17286652616455978,0.04115349953288386,0.177697626298174,9.584245076586432
915,2023,915,-0.737716215718657,0.15319744621570264,0.7534551562377612,9.573770491803279
916,2023,916,0.4351241440981749,0.1291269557468869,0.4538797103612671,9.563318777292576
917,2023,917,0.29081737993023526,0.005704349400089947,0.2908733196282621,9.55288985823337
918,2023,918,-0.38489482465332625,-0.26909456774816054,0.469633806743599,9.542483660130719
919,2023,919,-0.1167434167647955,0.02509148797016172,0.11940941389386142,9.532100108813928
920,2023,920,-0.09514001671452503,0.19797397367640013,0.21964816647007113,9.521739130434783
921,2023,921,0.6960381834141289,0.18844044987194133,0.7210956634999133,9.511400651465799
922,2023,922,-0.4038207072054769,-0.6933278747518044,0.8023557225294683,9.501084598698482
923,2023,923,-0.5642328297818899,0.29273303769832326,0.63565031075566,9.490790899241604
924,2023,924,0.970564110949095,0.399707012317643,1.0496477452737674,9.480519480519481
925,2023,925,-0.1084921803206275,-0.6754643524707777,0.6841218054188088,9.47027027027027
926,2023,926,-0.3772859273457617,-0.3693901533806042,0.5280092389226705,9.460043196544277
927,2023,927,-0.4397828816609405,0.33495688614747454,0.5528156099275897,9.449838187702266
928,2023,928,0.004929675932490042,0.472122174232761,0.47214791020089125,9.439655172413794
929,2023,929,0.7028048598582688,-0.3163391319351293,0.7707172746434791,9.429494079655544
930,2023,930,-0.15845539479055784,0.022078271956911474,0.1599861313703,9.419354838709678
931,2023,931,-0.3675752395436595,0.3570735904465771,0.5124579062908372,9.40923737916219
932,2023,932,0.087324293079811,0.21693770192176476,0.23385358384464666,9.399141630901287
933,2023,933,0.42218653472049206,-0.314534871435732,0.5264728439800003,9.389067524115756
934,2023,934,0.06101142378823224,-0.38784842056697655,0.3926178691411861,9.379014989293362
935,2023,935,-0.13509086918096727,0.35194517337610404,0.3769813629329773,9.368983957219251
936,2023,936,-0.18021821202144042,-0.23762930160559348,0.2982386442528315,9.35897435897436
937,2023,937,-0.06422830770481024,0.5259143073427222,0.5298217947370597,9.34898612593383
938,2023,938,-0.09495932118864135,-0.0515642854776112,0.10805622711081549,9.339019189765459
939,2023,939,0.5230400369394153,-0.818438066928381,0.9712938533930141,9.329073482428115
940,2023,940,-0.6914064879628814,0.4322620213076544,0.8154099500632459,9.319148936170214
941,2023,941,-0.3497250603793932,0.45993262736832313,0.5777937690692926,9.309245483528162
942,2023,942,0.3942997977141762,0.4132089440964057,0.5711514352242378,9.299363057324841
943,2023,943,0.010625093577252226,-0.07956924849539097,0.08027551257791285,9.289501590668081
944,2023,944,0.27158024792850183,-0.6142113427263062,0.67157382661816,9.279661016949152
945,2023,945,-0.2925658440017293,0.033696654592446175,0.29449997895953545,9.26984126984127
946,2023,946,0.48006434047709834,0.659623124165721,0.8158213265978388,9.260042283298096
947,2023,947,0.40570681174009643,-0.22307207728399506,0.46298938298422215,9.25026399155227
948,2023,948,-0.7212372952062462,-0.6740038707055097,0.9871496612583278,9.240506329113924
949,2023,949,0.3389032580215442,0.11488460526469053,0.35784618319110395,9.23076923076923
950,2023,950,-0.46777765013268857,-0.15649955510934846,0.4932626488120543,9.221052631578948
951,2023,951,0.08203251949172315,0.2810258988942213,0.2927539753845625,9.211356466876971
952,2023,952,0.21630908986397587,-0.09134851331902846,0.23480667205890532,9.201680672268907
953,2023,953,-0.42191532207479415,0.43466949820816825,0.6057640726173995,9.19202518363064
954,2023,954,0.15070735005535413,0.3543610970244983,0.3850772551646136,9.182389937106919
955,2023,955,0.6390378751039995,-0.10295045367390529,0.6472775306845571,9.172774869109947
956,2023,956,-0.20587306450979148,-0.17214990414684125,0.2683641335730604,9.163179916317992
957,2023,957,0.5975479458403538,-0.37075043366340477,0.7032207559789664,9.153605015673982
958,2023,958,-0.34398272914387085,-0.005002687538217028,0.34401910532973407,9.144050104384133
959,2023,959,-0.2737434583772604,0.4415410052769563,0.5195131762961629,9.13451511991658
960,2023,960,0.1886816546077968,-0.3187892630945919,0.37044211565361845,9.125
961,2023,961,-0.36994207725443895,0.009521922420925576,0.3700645991309077,9.115504682622268
962,2023,962,-0.051868474203407074,0.003012292880059893,0.05195587093471502,9.106029106029107
963,2023,963,0.3894364825493254,0.4736971913161517,0.6132289971953396,9.096573208722742
964,2023,964,0.08269003086951013,-0.4590894459673015,0.46647696685234563,9.08713692946058
965,2023,965,-0.021814953983599984,0.6151723364828934,0.6155590108114158,9.077720207253886
966,2023,966,-0.22874177388828576,-0.6997906838308301,0.7362267315834032,9.06832298136646
967,2023,967,0.1572785390254125,-0.03716675795769075,0.16161035466533005,9.05894519131334
968,2023,968,0.29603340532355243,0.2646237092589816,0.3970660959707347,9.049586776859504
969,2023,969,-0.06541953283984847,-0.3725543504783756,0.3782544901747345,9.040247678018575
970,2023,970,-0.4453653281310473,0.16974075718149625,0.4766153587011471,9.030927835051546
971,2023,971,0.037317151815299696,0.4722357842455324,0.47370793295193947,9.0216271884655
972,2023,972,0.19450333828504465,-0.6178647070323828,0.6477563930987009,9.012345679012345
973,2023,973,-0.008826175261582234,-0.36422662302224956,0.36433354812306273,9.003083247687565
974,2023,974,0.16424855079474204,0.1488351649263917,0.22165173754527434,8.993839835728952
975,2023,975,-0.28392148739329653,0.13464296800611328,0.3142294382089576,8.984615384615385
976,2023,976,0.05497292817108521,0.003101457904805345,0.05506034755464747,8.975409836065573
977,2023,977,0.26567372488387203,-0.5923663947528001,0.6492152753333069,8.966223132036847
978,2023,978,-1.000503040802581,-0.04906056049961459,1.0017051828016803,8.957055214723926
979,2023,979,0.20638993824200846,1.0081547402376092,1.0290640343880946,8.947906026557712
980,2023,980,0.43150792472101823,-0.10840457962931063,0.44491644382023854,8.938775510204081
981,2023,981,0.07859945674297267,0.025691768419121318,0.08269184702733512,8.929663608562691
982,2023,982,0.05805535955216525,-0.4780134913169785,0.48152603528135246,8.920570264765784
983,2023,983,-0.07700256173538793,-0.2507257224901095,0.262283782251209,8.911495422177008
984,2023,984,0.0030724892365192246,0.5882730663814335,0.5882810899730868,8.902439024390244
985,2023,985,-0.138754379556179,-0.2906482630137236,0.3220701641551338,8.893401015228426
986,2023,986,0.2811641958919156,0.04085167415364652,0.2841164626217622,8.884381338742394
987,2023,987,-0.020414713330363262,-0.4866359883008257,0.4870640056808574,8.875379939209726
988,2023,988,-0.74014629471183,-0.08914224604108188,0.7454950553859495,8.866396761133604
989,2023,989,-0.3347331762301551,1.1638076744605812,1.2109891008603149,8.857431749241659
990,2023,990,0.9735833882801213,0.20454628701743088,0.9948385785983667,8.848484848484848
991,2023,991,-0.3060676931255019,-0.4524230409491106,0.546227096322406,8.839556004036327
992,2023,992,-0.36693668205303853,-0.6143810189063958,0.7156162135031275,8.830645161290322
993,2023,993,-0.04809474397614443,0.7407075612746743,0.7422673344069549,8.821752265861027
994,2023,994,0.3506822803551325,0.777960996591013,0.8533471591163575,8.81287726358149
995,2023,995,0.9462074674575284,-0.7035361333249153,1.1790978171323034,8.804020100502512
996,2023,996,-0.8422657180950578,-0.8759841484908335,1.2152200493266205,8.795180722891565
997,2023,997,-0.9339023613340216,0.3713536610499236,1.0050259509487518,8.786359077231696
998,2023,998,0.550874393938098,0.5961667455561858,0.8117126255046923,8.77755511022044
999,2023,999,0.7922067421269005,-0.6197097071056866,1.0057990074325651,8.76876876876877
1000,2023,1000,-0.4205279928718035,0.043714734005741725,0.42279400511121296,8.76
1001,2023,1001,-0.6814524191504571,0.02156213767133583,0.6817934623820969,8.75124875124875
1002,2023,1002,0.28940860045149325,0.33772182438334686,0.4447621484345405,8.74251497005988
1003,2023,1003,0.0280349191644084,0.2764019873804182,0.2778201132394841,8.733798604187438
1004,2023,1004,0.21665865267118026,-0.0557532860395126,0.22371723376059977,8.725099601593625
1005,2023,1005,0.3775375572503897,-0.16129666853989358,0.41054990246821343,8.716417910447761
1006,2023,1006,-0.16529125560516642,0.4760787100299661,0.5039564835611593,8.707753479125248
1007,2023,1007,0.2280363852518763,0.16921318318633005,0.28396072679649315,8.699106256206553
1008,2023,1008,-0.1180272358503815,-0.3187343018567568,0.33988525061054903,8.69047619047619
1009,2023,1009,-0.2451687893266279,-0.5088094357759904,0.5647962262573698,8.681863230921705
1010,2023,1010,0.10123888491786041,-0.008770957320980965,0.10161811606076082,8.673267326732674
1011,2023,1011,-0.8676764877479014,-0.2646973152722905,0.9071533255756121,8.664688427299703
1012,2023,1012,0.7004694411550156,1.360151577758774,1.5299247538593859,8.65612648221344
1013,2023,1013,-0.17523653210900814,-0.3069770335656291,0.3534724053194886,8.647581441263574
1014,2023,1014,-0.20434421028297237,-0.6865519022528197,0.716317018339741,8.63905325443787
1015,2023,1015,0.051934401357825594,0.20388538249529364,0.21039589168909148,8.630541871921181
1016,2023,1016,0.15381262025645115,0.1455611231924516,0.2117695982316709,8.622047244094489
1017,2023,1017,0.4618933738326555,-0.026962898236946798,0.4626796804181584,8.613569321533923
1018,2023,1018,-0.177513584864876,0.22447474175950297,0.2861817298493653,8.605108055009824
1019,2023,1019,-0.14330255228331634,-0.6365594624245128,0.6524902839836754,8.59666339548577
1020,2023,1020,-0.7301373114369591,-0.43330810450393803,0.849032630103924,8.588235294117647
1021,2023,1021,0.27939217267946886,0.26782638215884547,0.3870283673516065,8.579823702252693
1022,2023,1022,0.5903960398266301,0.31822051980049587,0.6706950000298687,8.571428571428571
1023,2023,1023,0.08170316268480826,-0.1069959596090393,0.13462370580755612,8.563049853372434
1024,2023,1024,-0.5490426660779443,0.14284005702800057,0.567319249687281,8.5546875
1025,2023,1025,0.3169193382828607,-0.27176448029123657,0.4174850892254862,8.546341463414635
1026,2023,1026,-0.4253849293871439,0.04895035391195738,0.42819210092879023,8.538011695906432
1027,2023,1027,0.48111482676418865,-0.58273659525843,0.7556807632762148,8.529698149951315
1028,2023,1028,-0.0021477283160250557,0.5435842600623512,0.5435885029362314,8.521400778210117
1029,2023,1029,-0.5396468429610429,-0.18415908401324488,0.5702045977913699,8.513119533527696
1030,2023,1030,0.3520949536897359,0.12935535277699994,0.37510487027741907,8.504854368932039
1031,2023,1031,-0.6593153505241713,0.017387327106963633,0.6595445781603663,8.496605237633366
1032,2023,1032,0.7190466613420806,0.42948205644873033,0.8375457826284024,8.488372093023257
1033,2023,1033,0.5950574348480452,-0.38779408848280617,0.7102658698192853,8.480154888673766
1034,2023,1034,-0.5022801017493412,-0.38573861528723474,0.6333084398119465,8.471953578336556
1035,2023,1035,0.07230536601716803,0.21576210642955218,0.22755516369837456,8.46376811594203
1036,2023,1036,-0.3431855576546632,-0.03529292336683812,0.34499553246747944,8.455598455598455
1037,2023,1037,0.08918132487275308,0.11936951510698292,0.149004663829478,8.447444551591127
1038,2023,1038,0.15635705193500568,-0.11168671535205736,0.19214955132900402,8.439306358381502
1039,2023,1039,-0.4940418136019856,0.036520949727947505,0.4953898397789062,8.431183830606352
1040,2023,1040,0.17008754203812426,0.010026020413546406,0.17038278387766628,8.423076923076923
1041,2023,1041,-0.3711667531508581,0.2922519730755866,0.4724150446494305,8.414985590778098
1042,2023,1042,0.19429990343591497,0.7074516648974184,0.7336486288689804,8.406909788867562
1043,2023,1043,0.829833250747793,-0.5138208600660028,0.9760302763160661,8.398849472674977
1044,2023,1044,-0.7804194244894285,-0.9125814940061011,1.200774525597049,8.39080459770115
1045,2023,1045,-0.11895586730952817,0.5043552401784471,0.5181936960855672,8.382775119617225
1046,2023,1046,0.44476233847150565,0.34459566804897357,0.5626363942732113,8.374760994263863
1047,2023,1047,0.0854572978918158,-0.31563697775728516,0.3270009961616684,8.366762177650429
1048,2023,1048,-0.7106119257109597,-0.4477184027917092,0.839893491557708,8.358778625954198
1049,2023,1049,-0.36605014700968846,0.30737934851323395,0.47799034929403617,8.350810295519542
1050,2023,1050,0.5900557796358289,0.3871360922059004,0.7057196163988225,8.342857142857143
1051,2023,1051,0.2153078878845537,-0.42211223275320764,0.47385253362750496,8.334919124643196
1052,2023,1052,-0.05143519328509245,0.33551098051185607,0.3394306956542114,8.326996197718632
1053,2023,1053,-0.18326295484892383,-0.24157189927309233,0.30321987589597055,8.31908831908832
1054,2023,1054,-0.0288095557138545,0.4777618489938334,0.4786296844685212,8.311195445920303
1055,2023,1055,0.21375224454677014,0.16439488575356231,0.2696584886679984,8.303317535545023
1056,2023,1056,0.6563199720861234,-0.29115511457901294,0.7180022329384832,8.295454545454545
1057,2023,1057,-0.3746581025847093,0.05221109124274447,0.37827859030234945,8.287606433301798
1058,2023,1058,-0.034949679595329186,-0.27376111886263677,0.2759830253923942,8.279773156899811
1059,2023,1059,-0.12085712135351742,0.18353289445297769,0.21975160324363208,8.271954674220963
1060,2023,1060,0.16890124886937555,0.3198023139021776,0.36166441882886635,8.264150943396226
1061,2023,1061,0.2522746659326167,-0.3822515243637338,0.457994252092547,8.25636192271442
1062,2023,1062,-0.7460062976978596,-0.2283276196158773,0.7801659426585605,8.248587570621469
1063,2023,1063,0.23452933332351197,1.0977130292936432,1.1224873731451048,8.24082784571966
1064,2023,1064,0.09532308480586081,-0.7429093056897897,0.7489998177418943,8.233082706766917
1065,2023,1065,0.24534818522572344,0.6212061091274672,0.6679017607484222,8.225352112676056
1066,2023,1066,-0.06172767823808739,-0.05443678864491871,0.08230230992284723,8.217636022514071
1067,2023,1067,0.13615210766273367,-0.7416903331987287,0.7540835144607299,8.209934395501406
1068,2023,1068,-0.7314385591998103,0.30796942628988666,0.7936293425860818,8.202247191011235
1069,2023,1069,0.16887416278362857,-0.0736672669344577,0.1842426364158528,8.194574368568755
1070,2023,1070,0.7396075639101376,0.26415424027499745,0.7853641265351693,8.186915887850468
1071,2023,1071,-0.24358607667888105,-1.0187370427097528,1.0474537407164206,8.179271708683473
1072,2023,1072,-0.4559560959823322,0.42650449446728034,0.6243412890913431,8.171641791044776
1073,2023,1073,-0.8764692870148044,0.398101086229198,0.9626436962537629,8.164026095060578
1074,2023,1074,1.1425832401782121,0.0031496563381163524,1.1425875813569786,8.156424581005586
1075,2023,1075,0.21945907875331205,-0.38826490410468767,0.4459954293562601,8.148837209302325
1076,2023,1076,-0.24870823589609323,-0.750183987697812,0.790336511873732,8.141263940520446
1077,2023,1077,-0.6958003367625684,1.0332173675476906,1.2456629709681037,8.133704735376044
1078,2023,1078,0.8205829400799477,-0.03497320956435892,0.8213278802874547,8.126159554730984
1079,2023,1079,-0.16767714161926728,-0.45128894796574404,0.481432589650551,8.118628359592215
1080,2023,1080,-0.5624977807103527,-0.28819436736455745,0.6320282799722885,8.11111111111111
1081,2023,1081,0.37779008047654633,0.4677787389784109,0.6012838710182634,8.103607770582794
1082,2023,1082,0.875196407801635,0.005212806578442093,0.8752119318092676,8.096118299445472
1083,2023,1083,-0.8044226735757583,-0.43779477185875226,0.915838468306299,8.088642659279778
1084,2023,1084,-0.042128882972065546,0.08008630776214479,0.09049121212276343,8.081180811808117
1085,2023,1085,0.5161939532498282,1.144833835754956,1.2558267033556387,8.073732718894009
1086,2023,1086,-0.22778158443639937,-2.410350628863724,2.4210895489989843,8.066298342541437
1087,2023,1087,-0.1878976730714649,1.184127086257074,1.1989422387894002,8.058877644894205
1088,2023,1088,-0.7850353377853376,1.1520049825823386,1.3940573738072166,8.051470588235293
1089,2023,1089,2.4571667076447743,-0.9211215849687941,2.6241442802279913,8.044077134986226
1090,2023,1090,-2.143316404887331,0.4629803873601164,2.1927507953571186,8.036697247706423
1091,2023,1091,-0.7960083953663412,-1.519708147680107,1.7155588650987756,8.029330889092575
1092,2023,1092,1.5153663020485892,3.224462451594727,3.5627928835576017,8.021978021978022
1093,2023,1093,0.40347796010229303,-2.051851908290462,2.0911457906715922,8.014638609332113
1094,2023,1094,1.4827343663860064,-1.3069785903098636,1.9765359184164781,8.007312614259599
1095,2023,1095,-6.0586648390811355,3.486689971397528,6.990309477338048,8.0
1096,2023,1096,4.13787106587374,-0.3944145050989053,4.15662600670634,7.992700729927007
1097,2023,1097,0.5050738804810624,-0.7765026514535137,0.9263131179350401,7.985414767547858
1098,2023,1098,-2.489860919721137,-2.3744526570342357,3.4405570508351593,7.978142076502732
1099,2023,1099,1.2214783839473655,2.8492627707693927,3.100049641432076,7.970882620564149
1100,2023,1100,-1.0175311400104787,0.34534360864235736,1.0745379606701433,7.963636363636364
1101,2023,1101,2.1168008169586723,-0.8212163187121951,2.2705157873919557,7.956403269754769
1102,2023,1102,-1.9776090846526546,-0.3908265295512853,2.015857898737362,7.9491833030853
1103,2023,1103,-0.048537743889048766,-0.33771383095902524,0.3411840327489843,7.941976427923844
1104,2023,1104,1.345118297150811,1.1366853778658186,1.7610783292017016,7.934782608695652
1105,2023,1105,-0.24523252112126703,-0.7682921084741893,0.8064810929954949,7.927601809954751
1106,2023,1106,0.12031436337083001,-0.01623142780319325,0.12140430503840627,7.920433996383363
1107,2023,1107,-0.34905112144490946,0.13949012836081104,0.37589118278042183,7.913279132791328
1108,2023,1108,-0.2023833603348701,-0.47926177598555325,0.5202411695178117,7.906137184115524
1109,2023,1109,0.47774769946700385,0.09924024207506524,0.487946195797377,7.899008115419297
1110,2023,1110,0.13710856046731212,-0.03417579088591135,0.14130372265476987,7.891891891891892
1111,2023,1111,-0.47387139808265516,0.3476753902592772,0.5877348712750936,7.884788478847884
1112,2023,1112,0.5051037833490254,0.3353292363236291,0.6062800744597232,7.877697841726619
1113,2023,1113,-0.5491161930599006,-0.26512224595651823,0.6097691356420284,7.870619946091645
1114,2023,1114,0.18268126345935054,0.1374711646905967,0.2286280060283381,7.863554757630162
1115,2023,1115,-0.14619127854274055,-0.11197113282082888,0.1841451180649133,7.856502242152466
1116,2023,1116,0.48015039190413383,-0.03480068582885531,0.4814098945595655,7.849462365591398
1117,2023,1117,-0.17509116359467455,0.14613398383300213,0.22806151977008576,7.84243509400179
1118,2023,1118,-0.15799768531776054,-0.2691767382413127,0.312120785876241,7.835420393559929
1119,2023,1119,-0.11403491807781588,0.6340677626776572,0.6442405530607833,7.828418230563003
1120,2023,1120,0.2066662105927453,-0.8165849791020326,0.8423312594792098,7.821428571428571
1121,2023,1121,-0.08843407620915159,-0.5770411406947811,0.5837782660302627,7.814451382694023
1122,2023,1122,-0.7322343024844425,0.27184779893015737,0.7810686906527808,7.807486631016043
1123,2023,1123,0.6222383405966441,0.7597625925867812,0.9820487511333909,7.80053428317008
1124,2023,1124,0.14668560238481268,-0.35359407909368,0.3828125373039694,7.7935943060498225
1125,2023,1125,-0.6782761926058759,-0.45850149533354984,0.8187076490903359,7.786666666666667
1126,2023,1126,0.12239127088550757,0.27959562333513754,0.30521031400844534,7.779751332149201
1127,2023,1127,0.21461672920444336,-0.2965632453938033,0.3660738982403943,7.7728482697426795
1128,2023,1128,0.29736307747913693,0.4738157939340443,0.5593980751032417,7.76595744680851
1129,2023,1129,0.5686912575692177,-0.563042068726545,0.8002662791793278,7.7590788308237375
1130,2023,1130,-1.0166823581580697,-0.10133312325087905,1.0217198340335925,7.752212389380531
1131,2023,1131,0.023750488059987338,0.1808055677982722,0.18235881944656038,7.745358090185676
1132,2023,1132,0.7434565591733794,-0.050217596261016455,0.7451506306460157,7.738515901060071
1133,2023,1133,-0.5143475766081443,0.00018940087552530476,0.5143476114801765,7.731685789938217
1134,2023,1134,0.6925938635538273,-0.040132965568555834,0.6937556592617783,7.724867724867725
1135,2023,1135,-0.3680983690927708,-0.1148992934183728,0.3856141296124911,7.71806167400881
1136,2023,1136,-0.3217898487025122,-0.10746181853722242,0.33925911803710246,7.711267605633803
1137,2023,1137,-0.01851675179493176,0.6342386243942756,0.6345088673695413,7.704485488126649
1138,2023,1138,0.11806163269601318,-0.1031071301569258,0.15674702358911177,7.697715289982425
1139,2023,1139,0.4871253705785846,-0.2693564016723453,0.5566363245272422,7.690956979806848
1140,2023,1140,-0.7314083636474839,-0.37226200971753814,0.8206931206562113,7.684210526315789
1141,2023,1141,-0.1524399784046748,0.7910921875356707,0.8056455772832061,7.677475898334794
1142,2023,1142,0.7546198527922987,0.770099426008274,1.0781949026806534,7.670753064798599
1143,2023,1143,0.09859277553341923,-0.7907662962924306,0.7968888697550187,7.664041994750656
1144,2023,1144,-0.6214125307661003,0.05875374274656368,0.6241838957229343,7.6573426573426575
1145,2023,1145,0.21078676341109917,-0.25841461627319373,0.33348039452559824,7.650655021834061
1146,2023,1146,-0.058940511951686286,0.08955931489062673,0.10721406079803762,7.643979057591623
1147,2023,1147,0.6647030431691128,-0.11264384928931413,0.6741800741500694,7.637314734088927
1148,2023,1148,-0.9871769429326045,-0.24313539843534784,1.0166774998149994,7.630662020905923
1149,2023,1149,-0.2702386049121992,0.5144369517045178,0.5810974796571812,7.624020887728459
1150,2023,1150,0.4804315665924765,-0.27805524721850555,0.5550938755600222,7.6173913043478265
1151,2023,1151,-0.6527566436116733,-0.044932912118561714,0.6543013085502973,7.610773240660295
1152,2023,1152,0.6766625369252545,0.7640257044446991,1.0205917234282964,7.604166666666667
1153,2023,1153,0.5070128101368736,-0.4287639202728599,0.6640033802403726,7.597571552471813
1154,2023,1154,-0.4447507780125465,-0.16355659580270487,0.4738713059189539,7.590987868284229
1155,2023,1155,-0.06783370363950292,0.3300494531528372,0.3369481456781426,7.584415584415584
1156,2023,1156,0.45494200802678636,-0.0312875617475795,0.45601660297356844,7.577854671280277
1157,2023,1157,0.20531268343258782,-0.5802862209744671,0.6155366733437726,7.571305099394987
1158,2023,1158,-0.5471377832517145,0.05117281785397755,0.5495256237417109,7.564766839378239
1159,2023,1159,-0.1728039338077049,0.37861430613167735,0.41618504579932847,7.558239861949957
1160,2023,1160,0.19994820254593923,0.23065017626875908,0.3052520065686081,7.551724137931035
1161,2023,1161,0.11718156635793218,-0.005621097005288724,0.11731630843851733,7.545219638242894
1162,2023,1162,-0.5462269373067274,-0.3728173004063008,0.6613294236019818,7.538726333907057
1163,2023,1163,0.4491950214879583,0.20605496348662466,0.49420118909917804,7.5322441960447115
1164,2023,1164,-0.21402989511389559,0.366429481797725,0.4243575863973854,7.525773195876289
1165,2023,1165,0.47440123506227905,0.2914894751125917,0.5567967725571242,7.51931330472103
1166,2023,1166,0.03798597255700426,-0.2459025002740918,0.24881915873210247,7.512864493996569
1167,2023,1167,-0.44655940628941415,-0.4127700578742754,0.6081072471390936,7.506426735218509
1168,2023,1168,-0.7177415457885168,0.12042294083099071,0.7277737362870921,7.5
1169,2023,1169,0.6513390262181508,0.4361805376655991,0.7838979452154853,7.493584260051326
1170,2023,1170,0.501827625099226,-0.3608540412475694,0.6180991865367822,7.487179487179487
1171,2023,1171,-0.40063326953499073,-0.14074542587406277,0.42463665828890446,7.480785653287788
1172,2023,1172,-0.8720665685405617,0.12210920312210542,0.8805741067356148,7.474402730375426
1173,2023,1173,0.4211029414822615,0.36564397314688213,0.5576945422215022,7.468030690537084
1174,2023,1174,-0.08015756787658974,-0.5285653802091351,0.5346088260060038,7.461669505962521
1175,2023,1175,0.39298286102378643,-0.6394945516366216,0.750592306536221,7.45531914893617
1176,2023,1176,-0.4686110609493521,0.7880637606953659,0.9168646668758701,7.448979591836735
1177,2023,1177,0.45560853596239315,0.36868794795506243,0.5860972112278902,7.442650807136788
1178,2023,1178,0.037987144464985,-0.9719050737796493,0.9726471588316233,7.4363327674023765
1179,2023,1179,-0.6424674717372199,-0.10217598312721309,0.6505416080224445,7.430025445292621
1180,2023,1180,0.6431093463905885,0.2194428933622573,0.679518075449159,7.423728813559322
1181,2023,1181,0.2442581369834035,-0.21526168343461952,0.32557584344927903,7.417442845046571
1182,2023,1182,0.25153722676408236,0.25811758564322207,0.36041041115158073,7.411167512690355
1183,2023,1183,-0.5998533539867826,-0.1274219955139253,0.6132376466182936,7.404902789518174
1184,2023,1184,-0.2969529040599451,-0.11672555170349623,0.3190703396590171,7.398648648648648
1185,2023,1185,0.3951418821506539,0.2110092990154804,0.4479531574847594,7.3924050632911396
1186,2023,1186,0.6365506286825978,-0.1480880182823416,0.6535493585300208,7.386172006745363
1187,2023,1187,-0.5218789008778519,0.05713775741703157,0.5249974385691061,7.379949452401011
1188,2023,1188,0.20707879119487146,0.0839189501564867,0.2234368276674552,7.373737373737374
1189,2023,1189,-0.1901968210312692,0.29009022592187217,0.3468820691615574,7.367535744322961
1190,2023,1190,-0.3531839459576537,-0.36866701692418863,0.5105431118426718,7.361344537815126
1191,2023,1191,0.776538705227661,0.4518543094370464,0.8984345706135102,7.355163727959698
1192,2023,1192,-0.2738396511651601,-0.5960446174840236,0.6559400434353224,7.348993288590604
1193,2023,1193,-0.27359391546926404,0.4680189298944833,0.542121157419059,7.342833193629505
1194,2023,1194,-0.07292806806638831,0.23737007557835196,0.2483204701428545,7.336683417085427
1195,2023,1195,0.41898958903547207,-0.22652429026988266,0.476304030848352,7.330543933054393
1196,2023,1196,-0.20067973755837043,0.045748537457514685,0.20582829189884963,7.3244147157190636
1197,2023,1197,-0.2698426274269558,-0.6888048492945275,0.7397750766201437,7.318295739348371
1198,2023,1198,0.23516038598410116,0.3637532510873955,0.4331475901039289,7.312186978297162
1199,2023,1199,-0.7734027822218135,0.030532094652324912,0.774005214680302,7.306088407005838
1200,2023,1200,0.4865731581940735,0.17654356182693726,0.5176109228923753,7.3
1201,2023,1201,-0.4594365671894903,0.06728837160499897,0.4643378987592069,7.293921731890092
1202,2023,1202,0.3567128753649679,-0.02724816363654762,0.3577520620104197,7.287853577371048
1203,2023,1203,-0.0037073061053039245,-0.021366170911829296,0.021685418556991794,7.2817955112219455
1204,2023,1204,-0.04463358389414388,-0.263084908443091,0.2668441977292089,7.275747508305648
1205,2023,1205,0.772464905597116,0.48604859490745206,0.9126583517344646,7.269709543568465
1206,2023,1206,-0.3866352000376731,-0.7150517964898478,0.8128873535561555,7.263681592039801
1207,2023,1207,-0.09098096489295862,-0.4789337805943611,0.48749882273423123,7.257663628831814
1208,2023,1208,-0.2512115072603978,0.46166069985808833,0.5255833170616252,7.251655629139073
1209,2023,1209,-0.06537137102330838,-0.09272175443913644,0.11344928336370644,7.245657568238213
1210,2023,1210,0.6439077127263079,-0.10746518885317989,0.6528138397151787,7.239669421487603
1211,2023,1211,-0.7947539522309286,0.11472373020391595,0.8029915185471027,7.233691164327002
1212,2023,1212,0.07816160845674335,0.4052874880702541,0.4127555996262699,7.227722772277228
1213,2023,1213,0.468635911771844,0.23050976394492548,0.5222589100017087,7.221764220939819
1214,2023,1214,0.21164429636051837,-0.38960104562238457,0.44337600626555596,7.215815485996705
1215,2023,1215,-0.20743810144451857,0.026193285051927813,0.20908527952182077,7.209876543209877
1216,2023,1216,-0.052898234516858655,0.07530450820430702,0.09202712736412628,7.203947368421052
1217,2023,1217,-0.11054682699846634,-0.06434730914100452,0.12791081718571284,7.198027937551355
1218,2023,1218,0.3278024187101455,0.0762900554161286,0.33656291873529015,7.192118226600985
1219,2023,1219,-0.22820902593644043,-0.16287383804432073,0.2803698390307819,7.186218211648892
1220,2023,1220,0.0036600854340856203,0.03678822239697925,0.036969846260356716,7.180327868852459
1221,2023,1221,-0.280187656776957,0.16546519064141982,0.32539799065784547,7.174447174447175
1222,2023,1222,-0.4261733557873906,-0.26933698453379046,0.5041489268270251,7.168576104746317
1223,2023,1223,0.43230949296847576,0.32958606608642327,0.5436161078086122,7.162714636140638
1224,2023,1224,0.5516195450476892,-0.1682180413933225,0.5766987358481247,7.1568627450980395
1225,2023,1225,-0.5711674345510629,-0.6538566337474567,0.8681939505589742,7.151020408163265
1226,2023,1226,-0.425653944121147,0.9331836210465079,1.0256768256792006,7.145187601957586
1227,2023,1227,0.38222732201615894,-0.1733175777270935,0.4196864406254169,7.139364303178484
1228,2023,1228,0.3857213643537425,-0.436147126687479,0.5822416053810106,7.133550488599348
1229,2023,1229,-0.1303514321729551,-0.2694410383590967,0.2993158348994733,7.127746135069162
1230,2023,1230,-0.21570552353760666,0.3338055018502465,0.39743551168727725,7.121951219512195
1231,2023,1231,0.052815311584744694,0.4405684121678732,0.44372286726955446,7.116165718927701
1232,2023,1232,0.1570253493086242,-0.4391673574510244,0.46639567769868034,7.1103896103896105
1233,2023,1233,-0.23038582833935617,-0.4992122640181584,0.549809525604774,7.104622871046229
1234,2023,1234,0.1406291035308485,0.5136281774066828,0.532532111131339,7.098865478119935
1235,2023,1235,0.5183707372266624,-0.051574067390790096,0.5209300391032784,7.093117408906883
1236,2023,1236,-0.27320992111367737,-0.2154346343122802,0.34793065782740057,7.087378640776699
1237,2023,1237,-0.4589524480875748,0.5657123253628497,0.7284694809482555,7.081649151172191
1238,2023,1238,0.382220454811033,-0.007701573108048572,0.38229803858284644,7.075928917609047
1239,2023,1239,0.4974745101079882,0.011228744369590536,0.4976012187558431,7.070217917675545
1240,2023,1240,-0.2672766565692866,-0.4320154665826064,0.5080100141861806,7.064516129032258
1241,2023,1241,-0.15412577868246913,0.13347126859135655,0.20388559339458856,7.0588235294117645
1242,2023,1242,0.10682294764069787,1.0564802147029402,1.0618670284934069,7.053140096618358
1243,2023,1243,0.4290108290433736,-0.6357811975597627,0.7669863249152548,7.047465808527756
1244,2023,1244,-0.132596686699971,-0.13046021168707575,0.18601545139382072,7.041800643086817
1245,2023,1245,-0.590328177956318,-0.15762821508566927,0.611010647927121,7.036144578313253
1246,2023,1246,0.45982565596356106,0.5378042712122664,0.7075825520859571,7.030497592295345
1247,2023,1247,-0.05170298135754559,0.06506697321586548,0.08310781722998663,7.02485966319166
1248,2023,1248,0.06427728121505852,-0.4336731904473906,0.43841077198583805,7.019230769230769
1249,2023,1249,-0.6101253091837219,0.624916629133352,0.8733691580734482,7.013610888710969
1250,2023,1250,-0.18652495074402142,-0.4599576983507339,0.49633924036103005,7.008
1251,2023,1251,0.34967466654778545,0.1834752609492,0.39488674807554885,7.002398081534772
1252,2023,1252,-0.15973902069206397,-0.11863262853510555,0.19897300139669197,6.996805111821086
1253,2023,1253,0.41632417105101316,0.18996623557116465,0.45761663656208185,6.99122106943336
1254,2023,1254,-0.24324047600870996,-0.06558791912130227,0.25192797443635806,6.985645933014354
1255,2023,1255,0.04768768545812447,-0.23398495357467808,0.23879504568499169,6.9800796812749
1256,2023,1256,-0.07975340843035146,-0.3896151332360164,0.3976940510024977,6.974522292993631
1257,2023,1257,0.1511758650230331,-0.028232308057649747,0.15378948398289252,6.968973747016706
1258,2023,1258,0.43564879298853576,-0.03172306483394453,0.4368022706841469,6.963434022257552
1259,2023,1259,-0.6542464437567276,0.20195197541771967,0.684706513437286,6.957903097696585
1260,2023,1260,-0.32212870073133315,0.1721221449941043,0.36522997225341225,6.9523809523809526
1261,2023,1261,0.6022657959229377,-0.03449058422741558,0.6032525916554674,6.946867565424267
1262,2023,1262,-0.32020795703234506,-0.22216224417655625,0.389729647941226,6.941362916006339
1263,2023,1263,0.32479459052656207,-0.11075721024767123,0.3431598543786321,6.935866983372922
1264,2023,1264,0.06939833809212363,0.5451308662267539,0.5495305183909986,6.930379746835443
1265,2023,1265,-0.0854951123749216,-0.20247602506693324,0.21978615735961593,6.924901185770751
1266,2023,1266,0.277060132352146,0.016321793600511815,0.2775404797238168,6.919431279620853
1267,2023,1267,0.1081917862884756,-0.6360746070208418,0.6452103287432785,6.91397000789266
1268,2023,1268,-0.4226902929391151,0.06725125527974221,0.42800679326577984,6.908517350157728
1269,2023,1269,-0.2992319640167601,0.42896535949971676,0.5230210779118265,6.90307328605201
1270,2023,1270,0.5779432207354942,0.12009957728274832,0.590289992171315,6.897637795275591
1271,2023,1271,-0.1935126399973126,-0.2464458871704968,0.3133412151983565,6.892210857592447
1272,2023,1272,-0.28285898837415185,-0.26046265555080805,0.3845126815082013,6.886792452830188
1273,2023,1273,-0.17712062389550143,0.3169281136962269,0.36306355457437506,6.881382560879811
1274,2023,1274,0.2958525718945975,0.42856565507925204,0.5207660367287371,6.875981161695448
1275,2023,1275,0.4877610630942036,-0.15032709943358702,0.5104009125137838,6.870588235294117
1276,2023,1276,-0.659199989725193,-0.8533830665741536,1.078335423126404,6.8652037617554855
1277,2023,1277,0.17277619868018715,0.8719795100194703,0.8889318763123364,6.859827721221613
1278,2023,1278,-0.11249070904719918,-0.2428740307394689,0.26766014725688636,6.854460093896714
1279,2023,1279,0.17927415147741174,-0.5581446542870279,0.5862292013343687,6.849100860046912
1280,2023,1280,-0.27001456215575215,0.4971641331941092,0.5657561657735711,6.84375
1281,2023,1281,0.33048618580130995,-0.22229385216211986,0.3982909435507822,6.838407494145199
1282,2023,1282,-0.045566525702094796,-0.26179713678996613,0.2657330410317541,6.8330733229329175
1283,2023,1283,-0.09749567485714465,0.05254805765884606,0.11075515780119442,6.827747466874513
1284,2023,1284,-0.15676002449657525,-0.0007721274356184431,0.1567619260565004,6.822429906542056
1285,2023,1285,0.10745994774522469,0.09595849020466822,0.14406829009801506,6.817120622568093
1286,2023,1286,0.4098364166706664,-0.32002220175870694,0.5199808631555036,6.811819595645412
1287,2023,1287,-0.3784579785553921,0.23013127599015848,0.44293435825310745,6.806526806526806
1288,2023,1288,0.11760094321590193,0.4737997082830464,0.4881763466354855,6.801242236024844
1289,2023,1289,0.3148974971517419,-0.6459978673721676,0.7186610316149192,6.795965865011637
1290,2023,1290,-0.2698648900122683,0.23004704706194445,0.35461063537809207,6.790697674418604
1291,2023,1291,0.08655313264667269,0.25403044262424307,0.2683708451952659,6.785437645236251
1292,2023,1292,0.20601242082097793,-0.04842287193747695,0.21162677538344005,6.780185758513932
1293,2023,1293,0.1069705783827066,0.01797314444551993,0.10846998921724986,6.774941995359629
1294,2023,1294,-0.5264003696575177,-0.28738877841958554,0.5997413268543972,6.769706336939722
1295,2023,1295,0.06248521243704828,0.21968153470941504,0.22839522426177608,6.764478764478764
1296,2023,1296,0.3155291859254739,0.2708870676236298,0.4158587146814664,6.7592592592592595
1297,2023,1297,-0.08822590887928826,-0.0902093912106794,0.12618060572123546,6.754047802621434
1298,2023,1298,-0.3980534443174014,-0.21261856873938673,0.45127951460899696,6.74884437596302
1299,2023,1299,-0.34277613358812137,0.1839221063022447,0.38900233796762174,6.74364896073903
1300,2023,1300,0.4532957765451751,0.09992137382327651,0.4641781360430759,6.7384615384615385
1301,2023,1301,-0.13972140256080834,-0.139232800164978,0.19725071096282557,6.733282090699462
1302,2023,1302,0.24335106838022333,0.20450769314168105,0.3178728346932592,6.728110599078341
1303,2023,1303,-0.09014108043457851,-0.06594907514040191,0.11169017366710256,6.722947045280123
1304,2023,1304,-0.38522392794766597,-0.3809819293366752,0.541797660704182,6.717791411042945
1305,2023,1305,0.37477709819141763,0.21045499600919548,0.4298245905878466,6.712643678160919
1306,2023,1306,0.23263958256208106,-0.07095059791183467,0.2432183437134341,6.707503828483921
1307,2023,1307,9.319134531157744e-05,-0.3396874470303349,0.339687459813596,6.702371843917368
1308,2023,1308,-0.3092920236432004,0.17960859006076763,0.35766017602316713,6.697247706422019
1309,2023,1309,-0.20668249343653114,-0.2573448546679941,0.33006670131540494,6.692131398013751
1310,2023,1310,-0.02559181180749791,0.29995881670127283,0.3010485551342477,6.687022900763359
1311,2023,1311,0.6101662233883942,-0.19729575301674912,0.6412709523458098,6.6819221967963385
1312,2023,1312,-0.22415780529660917,-0.1761897137875065,0.2851132001853229,6.676829268292683
1313,2023,1313,-0.115378553378377,0.6166015787761656,0.6273035290263773,6.6717440974866715
1314,2023,1314,0.39583003192402133,-0.27534587240107367,0.48217918206957056,6.666666666666667
1315,2023,1315,-0.0445535872667253,0.003240672927468331,0.04467128943019815,6.661596958174905
1316,2023,1316,0.33355453030259113,-0.0276696330862627,0.3347002140431204,6.656534954407295
1317,2023,1317,-0.16018879779384704,-0.527528123744593,0.5513133158922688,6.651480637813211
1318,2023,1318,-0.05593938985360906,0.4907112777193405,0.4938894344062664,6.646433990895296
1319,2023,1319,0.022998150485002845,0.0439697259696111,0.04962108148331241,6.641394996209249
1320,2023,1320,-0.10161871284306213,-0.26562260734899795,0.28439713840817854,6.636363636363637
1321,2023,1321,-0.18019260809414955,0.33282212382680365,0.3784705300553215,6.631339894019682
1322,2023,1322,-0.20684817394185168,-0.2709282161523337,0.34086399834914244,6.626323751891074
1323,2023,1323,0.11817708924638227,0.38089633803859474,0.3988080299517035,6.621315192743764
1324,2023,1324,0.4131902354767213,0.24495670676568948,0.4803435842007264,6.61631419939577
1325,2023,1325,-0.04367436909169819,-0.6225760018086512,0.6241060234796678,6.611320754716981
1326,2023,1326,-0.4499019062018919,0.14826310519447503,0.4737020936896985,6.606334841628959
1327,2023,1327,-0.2286836017300955,-0.058233364298604824,0.2359815976252872,6.601356443104748
1328,2023,1328,0.6923514433182492,0.023133450030754607,0.6927378130109458,6.596385542168675
1329,2023,1329,-0.37968084271907093,-0.1425706360800616,0.40556618276199663,6.591422121896162
1330,2023,1330,0.5599563443647444,-0.38576713760481296,0.6799760231435656,6.586466165413534
1331,2023,1331,-1.0462715261017064,0.2543210490978051,1.076737341390834,6.581517655897821
1332,2023,1332,-0.04739112355895318,0.24946252064542174,0.25392413788166623,6.576576576576577
1333,2023,1333,0.8632138836191434,-0.21955774605610634,0.8906984970943208,6.571642910727682
1334,2023,1334,-0.09386930816823927,-0.292402659869117,0.30710057394039236,6.56671664167916
1335,2023,1335,-0.24879011458598926,-0.029219855632928022,0.2505001418740493,6.561797752808989
1336,2023,1336,0.08155030857012635,0.5682295396369214,0.5740516201038636,6.5568862275449105
1337,2023,1337,-0.2576004102643379,-0.017638453885084907,0.258203575544204,6.551982049364248
1338,2023,1338,0.19734584121293686,-0.19787107093917802,0.27946080540687435,6.547085201793722
1339,2023,1339,0.1784458647630617,-0.04863063175248856,0.18495368337960466,6.542195668409261
1340,2023,1340,-0.16485372298147669,0.13434478085191104,0.21266233828066844,6.537313432835821
1341,2023,1341,0.2565307791523814,0.38992178302205155,0.4667408676424465,6.532438478747204
1342,2023,1342,-0.30386357645646567,-0.13066267960973604,0.33076548934208794,6.527570789865872
1343,2023,1343,0.007702206399254278,0.14814949784944054,0.14834957936057014,6.52271034996277
1344,2023,1344,0.717590482356034,0.04822404821879864,0.7192090511072385,6.517857142857143
1345,2023,1345,-0.7236163793949699,-0.538104777650146,0.9017635035077646,6.5130111524163565
1346,2023,1346,0.21916955813611855,0.7671737153419292,0.7978664078184523,6.508172362555721
1347,2023,1347,-0.45594054848011806,0.04138681708894923,0.4578150853533608,6.503340757238307
1348,2023,1348,0.24251548699102798,-0.17943252768587703,0.30167829458255446,6.498516320474778
1349,2023,1349,0.014052567143833964,0.09139898982857798,0.09247296894236966,6.4936990363232026
1350,2023,1350,-0.5912374855544651,0.16801849514361755,0.6146478496139819,6.488888888888889
1351,2023,1351,0.640199488101077,0.32033387242997874,0.7158695233007666,6.484085862324204
1352,2023,1352,-0.2709818038640697,-0.39299521328051346,0.4773639865834261,6.479289940828402
1353,2023,1353,-0.29033185275823237,-0.19507237900741134,0.34977967033210927,6.47450110864745
1354,2023,1354,0.049198685692850824,0.5771713897832782,0.579264467974918,6.469719350073856
1355,2023,1355,0.5297775144602453,-0.634364549397955,0.8264881102354382,6.464944649446495
1356,2023,1356,-0.16553463366155405,0.15533867935996484,0.22700621191227977,6.460176991150442
1357,2023,1357,-0.7465950962193195,-0.3853651729687789,0.8401848333765564,6.455416359616802
1358,2023,1358,0.3275937803527926,0.27436022140027805,0.4273069341967707,6.450662739322533
1359,2023,1359,0.1657342762251262,0.16779274741569852,0.23584371181181582,6.445916114790287
1360,2023,1360,0.4675259005472231,-0.6764197358912744,0.8222676734407801,6.4411764705882355
1361,2023,1361,-1.0807009670357912,0.41859179410848585,1.1589364392610388,6.436443791329904
1362,2023,1362,0.5589257456022636,0.5308678461516553,0.7708557966148687,6.431718061674009
1363,2023,1363,0.5140811728513613,-0.21943885739094246,0.5589569432552687,6.426999266324285
1364,2023,1364,-0.28205592349952585,-0.7227592586385745,0.7758456611523662,6.422287390029325
1365,2023,1365,0.16717418966449193,0.36014596162817275,0.3970545596855183,6.417582417582418
1366,2023,1366,-0.0899683187489011,0.18034124807220436,0.20153725247393897,6.412884333821376
1367,2023,1367,0.383280458182302,-0.17385909607761463,0.42086921354900814,6.408193123628383
1368,2023,1368,-0.15838577174572785,-0.15840602142514776,0.2240056256330054,6.4035087719298245
1369,2023,1369,-0.11299592880792661,0.08848397956286726,0.14351827258731875,6.398831263696128
1370,2023,1370,-0.4009478860848194,0.06751395129896264,0.4065923523332479,6.394160583941606
1371,2023,1371,0.5833061093393368,0.16433160046066053,0.6060122870887656,6.389496717724289
1372,2023,1372,0.18798239931817293,0.042308204892325486,0.19268463004253353,6.384839650145772
1373,2023,1373,-0.3088212964521991,-0.10603399891922945,0.3265176902852588,6.380189366351056
1374,2023,1374,-0.17648644599399066,0.3511937796201974,0.3930452091852915,6.3755458515283845
1375,2023,1375,0.046800484419518194,-0.1287160388595892,0.13696022780940767,6.370909090909091
1376,2023,1376,0.06812505563105065,0.22956304260261182,0.23945816698058622,6.366279069767442
1377,2023,1377,0.5302146513537813,-0.6944152723547202,0.8736933941547756,6.3616557734204795
1378,2023,1378,-0.3997296218418245,0.0682062676444431,0.4055069241379158,6.357039187227866
1379,2023,1379,-0.5227910027229896,0.4178346467540775,0.6692504946253037,6.352429296591733
1380,2023,1380,0.20845133446417521,-0.13913830641394181,0.25062208033538347,6.3478260869565215
1381,2023,1381,0.11083838806465533,-0.20910888963097413,0.23666786007286678,6.343229543808834
1382,2023,1382,-0.29232095266749364,-0.3770972683054932,0.4771308930806055,6.338639652677279
1383,2023,1383,0.27057980465714027,0.23530566418812549,0.3585835834046381,6.334056399132321
1384,2023,1384,-0.15405063592394957,0.09732376347763401,0.1822183123783768,6.329479768786127
1385,2023,1385,-0.16877298192498466,0.37494676079518585,0.4111804869624208,6.324909747292419
1386,2023,1386,0.15862178097039334,-0.4511767416588615,0.4782481799360312,6.32034632034632
1387,2023,1387,0.11261858915110794,-0.42499905861688714,0.43966708592709813,6.315789473684211
1388,2023,1388,0.10189533543680074,0.06559017765245204,0.1211805710015362,6.311239193083574
1389,2023,1389,0.1337108030671499,0.4940539443997103,0.5118279777755161,6.306695464362851
1390,2023,1390,0.026885021477598973,-0.1954311895408712,0.1972717775689439,6.302158273381295
1391,2023,1391,0.05095190169786484,0.13202319880265806,0.1415140321972173,6.297627606038821
1392,2023,1392,-0.35097841632551025,-0.23936841942337844,0.4248330130105352,6.293103448275862
1393,2023,1393,0.3456655929945697,-0.017111203202778775,0.34608885485570656,6.288585786073223
1394,2023,1394,-0.07382584570829415,0.32242442725815906,0.33076844889937246,6.284074605451937
1395,2023,1395,0.08286263322497502,-0.042741930952433255,0.09323673442650866,6.279569892473118
1396,2023,1396,-0.24499395032399396,0.26955777177405976,0.3642573650856654,6.275071633237823
1397,2023,1397,0.18176962841418157,-0.019989338421163672,0.1828654463378619,6.270579813886901
1398,2023,1398,-0.22370459981539,-0.4369521982796778,0.4908879419582504,6.266094420600858
1399,2023,1399,-0.30863912503636604,0.5577701737524018,0.6374681766417819,6.261615439599714
1400,2023,1400,0.2936035210452713,-0.19842022464737855,0.354363673532287,6.257142857142857
1401,2023,1401,0.10152198757384724,0.2728396629759744,0.29111543355478026,6.252676659528908
1402,2023,1402,-0.24425392908699337,-0.19351858859069754,0.3116238533947131,6.248216833095578
1403,2023,1403,0.016896157440835766,-0.056380796559445105,0.05885808658921089,6.24376336421953
1404,2023,1404,-0.07955819474828273,0.1323500917268232,0.15442167312817262,6.239316239316239
1405,2023,1405,-0.13075306095574962,-0.436842630143752,0.45599105962749853,6.234875444839858
1406,2023,1406,0.16267286757035243,0.3898539650078445,0.4224317410847569,6.230440967283073
1407,2023,1407,0.09063964574597082,-0.08748064492731508,0.12596987186567296,6.226012793176972
1408,2023,1408,-0.1860168825079029,-0.34252373829137756,0.3897753094682359,6.221590909090909
1409,2023,1409,-0.7141638195055052,0.3282528469999113,0.7859897535300565,6.217175301632364
1410,2023,1410,0.5285470800163466,0.07101958147387608,0.5332970998857306,6.212765957446808
1411,2023,1411,0.39911050963996403,-0.05488757412335425,0.40286703103904953,6.208362863217576
1412,2023,1412,-0.38014892472705214,-0.4007385134633102,0.5523627079591069,6.203966005665722
1413,2023,1413,0.20648805316128346,0.717331391863023,0.746459404020392,6.199575371549894
1414,2023,1414,-0.020788873081701926,-0.10878072281583238,0.11074936975144403,6.1951909476661955
1415,2023,1415,0.30194640700444614,-0.77981104252482,0.8362277768326889,6.190812720848056
1416,2023,1416,-0.48763916166112836,0.4086398738792859,0.6362220512601294,6.186440677966102
1417,2023,1417,0.22935470735273125,-0.09830725287252087,0.24953536373067198,6.182074805928017
1418,2023,1418,0.31503445967871485,0.33118801728340214,0.45709103423406905,6.1777150916784205
1419,2023,1419,-0.15118074221729405,-0.3611997129719665,0.3915620633672303,6.173361522198731
1420,2023,1420,0.061085221309608695,-0.09211207404396263,0.1105261889649884,6.169014084507042
1421,2023,1421,-0.2960258707039625,0.16087455216289742,0.33691532713673317,6.164672765657987
1422,2023,1422,0.4157619779755755,0.2902242136183546,0.5070385749630449,6.160337552742616
1423,2023,1423,0.05874900039088346,0.04508347606787645,0.07405379707544249,6.156008432888264
1424,2023,1424,-0.24685002565042446,-0.2324855974061817,0.3390936274319003,6.151685393258427
1425,2023,1425,0.28405528569938426,0.10940299442276309,0.30439517164768887,6.147368421052631
1426,2023,1426,-0.042862860515199136,-0.1020555407337133,0.1106912742992691,6.143057503506311
1427,2023,1427,0.001586897960092376,0.32613743208972806,0.3261412927784793,6.13875262789068
1428,2023,1428,0.3417378955067457,-0.29421565705626007,0.4509408410007085,6.1344537815126055
1429,2023,1429,-0.7933773136215584,-0.18999012657471415,0.8158086846591157,6.130160951714486
1430,2023,1430,0.23523988480587604,0.03080603468605961,0.2372484250244046,6.125874125874126
1431,2023,1431,0.30570737674737036,0.24535477329181882,0.3919897511094371,6.121593291404612
1432,2023,1432,-0.39118288216564345,-0.18010772512700618,0.43065396776280246,6.11731843575419
1433,2023,1433,0.050049288925618204,0.2518959453047743,0.25681997309972965,6.113049546406141
1434,2023,1434,-0.1227786724123667,0.07848164473405016,0.1457188078440972,6.108786610878661
1435,2023,1435,0.34852302029866894,-0.85684312242816,0.9250126659297943,6.104529616724738
1436,2023,1436,-0.2529206919717979,0.3690803233979221,0.4474250345555195,6.100278551532034
1437,2023,1437,0.12937753802020546,-0.07143444130398563,0.14778845269026358,6.096033402922756
1438,2023,1438,0.09160010734637646,0.6395591019759018,0.6460854622927912,6.0917941585535464
1439,2023,1439,-0.1616833064600647,-0.4820379947674973,0.5084310375924438,6.087560806115358
1440,2023,1440,0.32388959084824265,-0.3872837351909211,0.5048694470883275,6.083333333333333
1441,2023,1441,-0.49161025871122427,0.29304339553432784,0.5723242770811015,6.07911172796669
1442,2023,1442,0.40480249725759165,0.2816793701062177,0.49316156513805703,6.074895977808599
1443,2023,1443,0.19049429840063392,-0.09534015756164411,0.21302071112224952,6.070686070686071
1444,2023,1444,-0.2200119402836645,0.02932026811602445,0.22195704987627293,6.066481994459834
1445,2023,1445,-0.17907984871664678,0.32369027665297984,0.36992565120042664,6.062283737024221
1446,2023,1446,0.3017277833008048,-0.2669835657586853,0.4028894136122711,6.058091286307054
1447,2023,1447,-0.004506054005191636,-0.39730321063731394,0.3973287627461868,6.053904630269523
1448,2023,1448,-0.799377716503823,0.7142315339524468,1.0719754744092478,6.0497237569060776
1449,2023,1449,0.475575372873556,0.2998834886186783,0.5622295278886824,6.045548654244306
1450,2023,1450,0.7387540087358314,-0.20186385192370837,0.7658371237650586,6.041379310344827
1451,2023,1451,-1.2813728108134235,-0.6098806626287642,1.4191091229854012,6.037215713301172
1452,2023,1452,0.1639827338745168,0.7215149851714335,0.7399150024400739,6.033057851239669
1453,2023,1453,0.6603985364930133,0.18310270340259596,0.6853122113281309,6.0289057123193395
1454,2023,1454,0.19514938304526763,-1.3645671466716276,1.3784508621922276,6.024759284731775
1455,2023,1455,-0.7406438584721319,0.49794132535045943,0.8924678641745368,6.020618556701031
1456,2023,1456,-0.7967114948208864,0.3686623199297464,0.8778730615047452,6.016483516483516
1457,2023,1457,1.4507774359162366,0.16406151056566193,1.460024433977999,6.012354152367879
1458,2023,1458,-0.9013652620518323,-1.2106424846090058,1.5093424267455133,6.008230452674897
1459,2023,1459,-0.4468286604960979,-0.2726205123845771,0.5234288830524797,6.004112405757368
1460,2023,1460,1.2843928087899539,2.9055210971177634,3.176746406792295,6.0
1461,2023,1461,0.4315465418545783,-1.8230807841148917,1.8734609585458708,5.9958932238193015
1462,2023,1462,-0.7382800602901874,-0.20132111912079273,0.7652369831798064,5.991792065663475
1463,2023,1463,-0.852646269119272,0.7089772537142468,1.1088978341250422,5.9876965140123035
1464,2023,1464,1.467726924675451,-0.5820396992934589,1.5789213207031176,5.983606557377049
1465,2023,1465,0.038799712387664706,0.13011623273052572,0.13577794998213014,5.979522184300341
1466,2023,1466,-0.1808068578453483,-0.8126447087613933,0.8325157911546169,5.975443383356071
1467,2023,1467,-0.4554229181724158,1.118863582692503,1.2080007247813151,5.971370143149284
1468,2023,1468,-0.22615960457060505,-0.29700208692968855,0.3733073885956755,5.967302452316076
1469,2023,1469,0.7068774692547598,-0.6053615842703434,0.9306655705731861,5.963240299523485
1470,2023,1470,-0.32153809368117187,0.436921447625832,0.5424823472552583,5.959183673469388
1471,2023,1471,0.1728048562989894,-0.29133996076183516,0.33873365805190075,5.955132562882393
1472,2023,1472,0.03757392040812347,0.6123979747952197,0.6135495734071719,5.951086956521739
1473,2023,1473,-0.7199281870549673,-0.013165379863732623,0.7200485551288943,5.94704684317719
1474,2023,1474,0.868488413629116,-0.2114074664637363,0.8938485562356938,5.943012211668928
1475,2023,1475,-0.346379284470375,-0.3137586630123589,0.4673575797240395,5.938983050847457
1476,2023,1476,0.23531757077872265,0.08803081684028036,0.2512444702491303,5.934959349593496
1477,2023,1477,-0.10626951017157284,0.46678525867696324,0.4787292413360871,5.930941096817874
1478,2023,1478,-0.055250455309508964,-0.3983816530616645,0.40219467215274307,5.926928281461435
1479,2023,1479,-0.04107983271220707,0.04323376194305695,0.059638165862238225,5.922920892494929
1480,2023,1480,-0.6934296592449827,-0.016609606199515906,0.6936285542988522,5.918918918918919
1481,2023,1481,0.45926113539017926,0.012013573290538327,0.4594182369291447,5.914922349763673
1482,2023,1482,0.10917086714077559,0.3109625530005595,0.329569397245701,5.910931174089069
1483,2023,1483,-0.13020494575623678,-0.47198420644830297,0.48961456170749135,5.9069453809844905
1484,2023,1484,0.09027182787106301,0.32038108515711644,0.33285588868703275,5.902964959568733
1485,2023,1485,-0.3943409377975101,-0.14130329776384362,0.41889306174960356,5.898989898989899
1486,2023,1486,-0.010609710951294999,-0.025439353119948247,0.027563139400863784,5.895020188425303
1487,2023,1487,0.17428660622979308,0.38606164974438617,0.42357929424660984,5.891055817081372
1488,2023,1488,0.4527033819848529,-0.7199545385240856,0.8504556952610481,5.887096774193548
1489,2023,1489,-0.4843786679042967,0.14206397572801008,0.5047819996002132,5.8831430490261925
1490,2023,1490,-0.3277672100180557,0.5750223340126189,0.6618776537822834,5.879194630872483
1491,2023,1491,0.5895407709018762,-0.18833227018695764,0.6188920459574122,5.875251509054326
1492,2023,1492,-0.024434286382135694,-0.056885798747698835,0.06191145653405286,5.871313672922252
1493,2023,1493,-0.040111093735756324,-0.4297756654465356,0.43164339732085694,5.867381111855325
1494,2023,1494,-0.1364671695221489,0.009276599182083173,0.13678210281236342,5.863453815261044
1495,2023,1495,-0.1929802664274377,0.9203175992986294,0.9403328489472211,5.8595317725752505
1496,2023,1496,0.5656171470206883,-0.3080745372246843,0.6440750557893283,5.855614973262032
1497,2023,1497,-0.23636159776948967,-0.29313843322483035,0.37655935247136585,5.851703406813627
1498,2023,1498,-0.3605850155797729,-0.19789886309416296,0.41132166667296693,5.847797062750334
1499,2023,1499,0.15989605752500152,0.4680216700784433,0.4945816746251865,5.8438959306204135
1500,2023,1500,-0.06849880689125508,0.1571597204725594,0.17143880623866484,5.84
1501,2023,1501,0.4000498935588283,-0.02237749842653337,0.4006752672330292,5.8361092604930045
1502,2023,1502,-0.35870212680614655,0.07081270942064742,0.3656250204659767,5.832223701731025
1503,2023,1503,0.2631132213956057,-0.31520982447023493,0.41059201248408295,5.828343313373254
1504,2023,1504,-0.23234058959361464,-0.18152228296537962,0.29484315963859803,5.824468085106383
1505,2023,1505,-0.5035409381022407,0.4772450442759956,0.6937696365731795,5.820598006644518
1506,2023,1506,0.6897227717375028,0.055932705952828045,0.6919869720222115,5.816733067729084
1507,2023,1507,-0.01568829632613137,-0.5209777616822756,0.5212139203907455,5.812873258128732
1508,2023,1508,-0.38418454543554453,-0.06814722424884921,0.39018176421296125,5.809018567639257
1509,2023,1509,-0.08948869497287994,0.687534046786383,0.693333463795315,5.805168986083499
1510,2023,1510,0.16719683229861879,-0.2273037844022261,0.2821733352644543,5.801324503311259
1511,2023,1511,-0.04765948111711071,-0.12157633399883619,0.13058419172682734,5.797485109199206
1512,2023,1512,0.061011479443260595,-0.560103491607633,0.5634166503884289,5.7936507936507935
1513,2023,1513,-0.3033730316503847,0.7137141807251437,0.7755147504083391,5.789821546596166
1514,2023,1514,0.5573705828826674,-0.008359501828526126,0.557433267695592,5.785997357992074
1515,2023,1515,-0.10796846050447081,-0.4203066766985634,0.43395263674863893,5.782178217821782
1516,2023,1516,-0.32581055259507075,0.0010616793525454668,0.3258122823733829,5.778364116094987
1517,2023,1517,0.3762001879517889,-0.12551333545165713,0.39658565126736683,5.774555042847726
1518,2023,1518,-0.23737472603555523,-0.08469952655767903,0.2520332723263932,5.770750988142293
1519,2023,1519,0.0922806309509284,0.3305631294826059,0.3432021232772832,5.766951942067149
1520,2023,1520,0.24779787346198234,0.15703019703969076,0.2933637143114409,5.7631578947368425
1521,2023,1521,0.018583069284210687,-0.39534843891504573,0.39578493985570673,5.759368836291913
1522,2023,1522,-0.4922062920150093,-0.019128762292057264,0.4925778552127477,5.755584756898817
1523,2023,1523,0.3734741862819698,0.6697525959989924,0.7668451653797975,5.751805646749836
1524,2023,1524,0.3931829030270188,-0.31008308133444573,0.5007437593845964,5.748031496062992
1525,2023,1525,0.049268475774192404,-0.1252627402799998,0.13460362850817534,5.744262295081967
1526,2023,1526,-0.32054322439935423,0.0035164528115644803,0.32056251207636666,5.740498034076015
1527,2023,1527,-0.2848481411394332,0.27958468637657974,0.3991316328817861,5.736738703339882
1528,2023,1528,0.153467819478063,-0.12539498353376058,0.19818242482819565,5.732984293193717
1529,2023,1529,0.21759382985819517,-0.0313086098630175,0.21983471937779034,5.729234793982996
1530,2023,1530,-0.10053264022517022,-0.1948963528778628,0.21929751506967865,5.7254901960784315
1531,2023,1531,-0.10436741661116519,0.05597432552531167,0.11843007543737392,5.721750489875898
1532,2023,1532,-0.32986441290011065,0.3311406619671375,0.46740204204300256,5.718015665796345
1533,2023,1533,0.054551295673534624,0.5996304651676254,0.6021067501837231,5.714285714285714
1534,2023,1534,0.6209569366945596,-0.6845526664060453,0.9242293385911949,5.710560625814863
1535,2023,1535,-0.29604832538783826,-0.4586807099229578,0.5459236252630691,5.706840390879479
1536,2023,1536,-0.4207705181077365,0.16987133413536104,0.4537665689201668,5.703125
1537,2023,1537,0.21455415374626433,0.7689026436706521,0.7982761178523966,5.699414443721535
1538,2023,1538,0.3471788821948189,-0.24943102398460418,0.42749153438173737,5.695708712613784
1539,2023,1539,-0.26525714892036717,-0.17738386517581606,0.3191024767658094,5.692007797270955
1540,2023,1540,-0.5271502537066549,-0.5928718731337238,0.7933375372034787,5.688311688311688
1541,2023,1541,0.5741426398767139,0.5080822229312404,0.7666728873407176,5.684620376378975
1542,2023,1542,0.08570248898528371,-0.04298278521270106,0.09587719459242573,5.680933852140078
1543,2023,1543,-0.36194591075623755,0.045580180911314105,0.36480459866217474,5.677252106286455
1544,2023,1544,-0.018993593879282213,0.2694377402017601,0.27010637247847796,5.6735751295336785
1545,2023,1545,0.08363195056399969,-0.4628126911171056,0.4703082927338159,5.669902912621359
1546,2023,1546,-0.07345406331745043,-0.17575942156980937,0.19049113808363366,5.666235446313066
1547,2023,1547,0.3954578755176697,0.29879723779755774,0.49564777879498156,5.662572721396251
1548,2023,1548,0.049668407021913344,0.21437771094757493,0.2200562510069106,5.658914728682171
1549,2023,1549,-0.204284144013248,-0.03716402189102365,0.2076371258189198,5.655261459005811
1550,2023,1550,-0.26135882703143376,-0.15759061115739262,0.3051937699105397,5.651612903225806
1551,2023,1551,0.34835756703732657,-0.12102248354795343,0.3687810136602481,5.647969052224371
1552,2023,1552,0.19311842438102086,0.2231289264003058,0.295095312792259,5.644329896907217
1553,2023,1553,-0.17536762053071453,-0.4040755558231084,0.44048933828681786,5.640695428203477
1554,2023,1554,-0.0016885572991869496,0.34909057909364144,0.3490946628605006,5.637065637065637
1555,2023,1555,-0.5293802684548213,0.23660135503977966,0.5798479713131353,5.633440514469453
1556,2023,1556,0.42179736261792405,-0.38572848331962956,0.5715763098270416,5.629820051413882
1557,2023,1557,-0.3634940749356748,-0.06492639098702838,0.36924704299417543,5.626204238921002
1558,2023,1558,0.02006105606639797,0.32346372358402553,0.32408521478978647,5.622593068035943
1559,2023,1559,0.43510810518567056,0.1104060495804606,0.4488970471970468,5.618986529826812
1560,2023,1560,-0.3863851381769996,-0.49653330339719975,0.6291572111854037,5.615384615384615
1561,2023,1561,0.17172411327347725,0.03219780457377422,0.17471654099979486,5.61178731582319
1562,2023,1562,-0.5500078638454077,0.1403187498849904,0.5676248777679455,5.60819462227913
1563,2023,1563,0.5440601617944777,-0.328610744399621,0.6355993085165419,5.604606525911708
1564,2023,1564,0.024538136835310323,0.3137316501707171,0.31468979722607726,5.601023017902813
1565,2023,1565,-0.08195336445977042,-0.49656196290999277,0.5032793826050308,5.597444089456869
1566,2023,1566,0.08964831506964585,0.34888220206997733,0.36021606199061,5.593869731800766
1567,2023,1567,-0.024921602814618977,-0.30537099486849134,0.30638624445921486,5.590299936183791
1568,2023,1568,0.10770892266814569,-0.05463874410318927,0.12077501554339122,5.586734693877551
1569,2023,1569,-0.20669464789560127,-0.0023731292753049393,0.20670827078577164,5.583173996175908
1570,2023,1570,0.4374854986347087,-0.1524439549071348,0.4632847082555049,5.579617834394904
1571,2023,1571,-0.13342421766109672,0.493231663686202,0.5109593877414667,5.576066199872693
1572,2023,1572,-0.1123033991046508,-0.16048052225548504,0.1958725388456782,5.572519083969466
1573,2023,1573,0.2005300996525142,-0.24792966268721214,0.3188752710807818,5.568976478067387
1574,2023,1574,-0.41299636368972814,0.17050621132962598,0.4468090918087067,5.565438373570521
1575,2023,1575,0.27863373410849407,-0.08497425791996843,0.2913029047096721,5.561904761904762
1576,2023,1576,0.15756802738201653,0.5132286398321292,0.5368717910237017,5.558375634517766
1577,2023,1577,0.10623398891621307,-0.4226541953015109,0.4358006760056916,5.554850982878884
1578,2023,1578,-0.35808863196197865,-0.11819277827336122,0.3770901764517041,5.551330798479087
1579,2023,1579,-0.417673271502748,0.11453740604448658,0.43309326837438594,5.547815072830906
1580,2023,1580,0.5542880293600194,0.3785908498622329,0.6712423192046383,5.544303797468355
1581,2023,1581,0.1558321128725863,-0.29503609047803925,0.33366141833736224,5.540796963946869
1582,2023,1582,-0.5530402314503668,-0.004960937667768372,0.5530624815563056,5.537294563843236
1583,2023,1583,-0.05411671143803596,0.09159838326695685,0.10639023580191921,5.533796588755528
1584,2023,1584,0.27689543528059934,0.25893728572121,0.37910367977098314,5.53030303030303
1585,2023,1585,0.33209942264504805,-0.4828302808801731,0.5860163023807453,5.526813880126183
1586,2023,1586,-0.30070862124722053,-0.005939232637564711,0.30076726779476426,5.523329129886507
1587,2023,1587,-0.4717934737806475,0.3203486220102382,0.5702739004424707,5.519848771266541
1588,2023,1588,0.24831327223889071,0.11792263411360308,0.2748913036206787,5.516372795969773
1589,2023,1589,0.49033714824823155,-0.8421413934689735,0.9744909674009671,5.512901195720579
1590,2023,1590,-0.7584730262014909,0.1713741682722382,0.7775927192471962,5.509433962264151
1591,2023,1591,0.2169432293920012,0.5304880343229538,0.5731334219349469,5.5059710873664365
1592,2023,1592,0.36327009921407866,0.0614064814881682,0.3684235618846375,5.50251256281407
1593,2023,1593,-0.3946841105739122,-0.6770410062758548,0.7836836551303991,5.499058380414312
1594,2023,1594,0.004982897925614053,0.11017970855707271,0.11029232724654317,5.495608531994981
1595,2023,1595,0.07350835155258523,0.429028181975303,0.4352799773444813,5.492163009404389
1596,2023,1596,0.5798268887359795,-0.00717091530909114,0.5798712296084504,5.488721804511278
1597,2023,1597,-0.13707246464063388,-0.16294517818788018,0.2129318944107196,5.485284909204759
1598,2023,1598,-0.7200428788136126,-0.14631988336406893,0.7347593181429342,5.481852315394243
1599,2023,1599,0.4490672928965967,0.19453816013029568,0.48939404297187594,5.478424015009381
1600,2023,1600,-0.016171157753942372,-0.0774174420609047,0.07908834729817299,5.475
1601,2023,1601,0.09578903471430404,-0.0777203152838404,0.12335309716143207,5.47158026233604
1602,2023,1602,-0.05821968663718534,0.650260087750424,0.652861174855207,5.468164794007491
1603,2023,1603,0.16014301015397417,-0.3904986848036167,0.42206042995586573,5.46475358702433
1604,2023,1604,0.01896871964342928,-0.2363757935868389,0.23713567449609704,5.461346633416459
1605,2023,1605,-0.3811319229971283,-0.12205017905917759,0.4001971875661625,5.457943925233645
1606,2023,1606,-0.1261860872200405,0.3783389978816859,0.39882743878276733,5.454545454545454
1607,2023,1607,0.48028539656497327,0.16100940606209527,0.506555121377765,5.451151213441195
1608,2023,1608,-0.14228203603749928,-0.5054122997838072,0.525057873526084,5.447761194029851
1609,2023,1609,-0.3351519723887027,0.017164311255178644,0.33559120694217004,5.444375388440025
1610,2023,1610,-0.10487870273265006,0.2931014435433949,0.3113004954928686,5.440993788819876
1611,2023,1611,0.24108449162748902,-0.02369998796620603,0.24224661304728934,5.437616387337058
1612,2023,1612,0.33251242395524283,-0.2974443228148865,0.44613634380018574,5.4342431761786605
1613,2023,1613,-0.47663239569749116,-0.15727544105621719,0.5019103555295084,5.430874147551147
1614,2023,1614,0.23712857237548102,0.45304676036758085,0.5113524488221348,5.4275092936802976
1615,2023,1615,-0.1762599331622764,-0.05402088178856241,0.18435243341920923,5.424148606811145
1616,2023,1616,-0.01996531883131781,-0.3670821627479372,0.3676247110352339,5.420792079207921
1617,2023,1617,-0.11035348603346641,0.13219880958186306,0.17220457930786903,5.417439703153989
1618,2023,1618,0.23836523787775002,-0.21360602614671167,0.320071118713804,5.414091470951792
1619,2023,1619,0.015990779976998507,0.3137729864304179,0.31418019042857553,5.410747374922792
1620,2023,1620,-0.14561039730558376,0.04672347041078822,0.1529230868466817,5.407407407407407
1621,2023,1621,-0.1640005143848161,-0.06900321017543824,0.17792586021430382,5.40407156076496
1622,2023,1622,0.17493884657480907,-0.05751150664836717,0.18414986678759712,5.400739827373613
1623,2023,1623,0.2892080118570136,-0.43086210439623424,0.5189252616003946,5.397412199630314
1624,2023,1624,0.051816042318716574,0.48346584736301645,0.486234642747732,5.394088669950739
1625,2023,1625,-0.22155106654618612,0.09961305694979865,0.24291487439561296,5.390769230769231
1626,2023,1626,0.2109028892970923,-0.04885568971044943,0.2164876604588476,5.387453874538745
1627,2023,1627,-0.5211443258864433,0.005692005370222253,0.5211754093669136,5.384142593730793
1628,2023,1628,0.3138311745892017,-0.24375996971612668,0.39737756476686625,5.380835380835381
1629,2023,1629,0.18421879199195287,0.1820971053701551,0.25902879976397175,5.377532228360957
1630,2023,1630,-0.11993670770414566,0.0660861805860684,0.1369386618868613,5.374233128834356
1631,2023,1631,-0.14493074456868332,0.18589627083748966,0.23571666091415397,5.370938074800736
1632,2023,1632,-0.17483943518216227,-0.42586640152519106,0.46035966378781795,5.367647058823529
1633,2023,1633,-0.15244191936051266,0.3034998732437095,0.3396332019065049,5.364360073484384
1634,2023,1634,0.281469102015505,0.25945003818021306,0.3828043595639015,5.361077111383109
1635,2023,1635,0.3560500136944645,-0.3262025941985641,0.4828868860444457,5.3577981651376145
1636,2023,1636,-0.40986387227353643,-0.1778923795621589,0.44680431119377645,5.354523227383863
1637,2023,1637,-0.37313376039840834,0.14745535149630964,0.40121301553408883,5.351252290775809
1638,2023,1638,0.13525104527146856,0.14699315895372617,0.19974942809985777,5.347985347985348
1639,2023,1639,0.4509303072593471,-0.1820032023934084,0.4862749301439106,5.344722391702257
1640,2023,1640,0.13769197317707962,-0.18557132352048486,0.23107530285718997,5.341463414634147
1641,2023,1641,-0.731364488061198,0.02088639068303759,0.7316626652445666,5.338208409506398
1642,2023,1642,0.5994760871507702,0.23493714502151222,0.6438688074262154,5.33495736906212
1643,2023,1643,-0.27835329832992545,-0.07889265406414754,0.289317489199035,5.331710286062082
1644,2023,1644,-0.1790774957799669,-0.11638817621746866,0.21357658359017873,5.328467153284672
1645,2023,1645,0.2982505739059244,0.34673824535688247,0.45736289271035413,5.325227963525836
1646,2023,1646,0.22332034899852257,-0.4316079706913928,0.4859603056229635,5.321992709599028
1647,2023,1647,-0.48728189766891566,0.04119999647666248,0.4890205389403359,5.318761384335155
1648,2023,1648,0.15794754224517044,0.18330469886036344,0.2419670199130006,5.315533980582524
1649,2023,1649,0.046781919710430296,0.29604777613235195,0.2997212601146344,5.312310491206792
1650,2023,1650,0.022438089531299124,-0.41857078748314636,0.4191717690828855,5.3090909090909095
1651,2023,1651,-0.2804254367784597,-0.10440584450913659,0.29923069020415655,5.305875227135069
1652,2023,1652,0.13357603812704108,0.4386668482596166,0.4585533357459547,5.302663438256658
1653,2023,1653,0.292924931095581,0.06653660773773122,0.3003866432226899,5.2994555353902
1654,2023,1654,-0.3163557199108547,-0.48523780373330117,0.5792552698873208,5.296251511487304
1655,2023,1655,-0.06212355554379411,0.14912562073313662,0.161548094734807,5.293051359516617
1656,2023,1656,0.094497957189902,-0.015522198426692252,0.09576430732304264,5.2898550724637685
1657,2023,1657,0.03749561536870008,-0.009511263640404475,0.038683139840436656,5.286662643331321
1658,2023,1658,-0.09090008010491565,-0.13466497184852366,0.16247301070037373,5.283474065138721
1659,2023,1659,-0.17986037202314836,0.3733993569275557,0.41445968824267754,5.280289330922242
1660,2023,1660,0.13733426093216597,-0.10570197282591921,0.1733020665920508,5.27710843373494
1661,2023,1661,0.2571510944987255,-0.44701696939140334,0.5157042333797225,5.273931366646599
1662,2023,1662,-0.13450302967023556,0.14926400375186746,0.20092488100409509,5.270758122743683
1663,2023,1663,-0.24147125959357876,0.09951794604948858,0.26117463658559653,5.267588695129285
1664,2023,1664,0.21208663617985096,0.22733184050487718,0.3109027290864771,5.264423076923077
1665,2023,1665,-0.026272947000012568,-0.2985424484987991,0.2996962817582553,5.261261261261262
1666,2023,1666,0.09764921581182616,-0.2377146212250057,0.25698951436354855,5.258103241296519
1667,2023,1667,-0.09557493417597542,-0.03968893335476029,0.10348806440155617,5.254949010197961
1668,2023,1668,-0.03192895041209169,0.14602910457322787,0.1494789525547879,5.251798561151079
1669,2023,1669,-0.028108570776595367,0.23256865790834552,0.23426112010402392,5.248651887357699
1670,2023,1670,0.02134543381503805,-0.2570215432489743,0.2579063807640993,5.245508982035928
1671,2023,1671,0.18456621122623992,-0.18393097914268633,0.2605672493134859,5.242369838420108
1672,2023,1672,-0.05834586465420757,0.08964996772671291,0.10696427738103864,5.239234449760765
1673,2023,1673,0.16842505493884977,0.2929959625945804,0.3379550757539814,5.236102809324566
1674,2023,1674,-0.17072624590813915,-0.3769884263244484,0.4138450490515387,5.232974910394265
1675,2023,1675,0.10511739081714425,0.16103865342477602,0.19230994188826891,5.2298507462686565
1676,2023,1676,-0.3371957364559422,-0.3298650498075455,0.471711687123183,5.22673031026253
1677,2023,1677,0.127493213008616,0.47523112539387863,0.49203571202341884,5.2236135957066185
1678,2023,1678,0.35965942518504374,-0.0058859173739791585,0.3597075842233096,5.2205005959475566
1679,2023,1679,-0.17801730205280555,-0.3645230772087075,0.40566887192372203,5.217391304347826
1680,2023,1680,-0.28239250153074785,0.1325564597792333,0.31195631096356574,5.214285714285714
1681,2023,1681,0.2179746841549562,-0.07581248178574913,0.23078235488651955,5.211183819155265
1682,2023,1682,-0.15426443716753582,0.23359249587521885,0.2799338684472294,5.20808561236623
1683,2023,1683,0.15111705336935993,-0.1503608230889271,0.21317772148847453,5.204991087344029
1684,2023,1684,0.13708765111652121,-0.14218731400034612,0.1975101424010374,5.201900237529691
1685,2023,1685,-0.3141897643443951,0.1248020125214073,0.3380691502461886,5.198813056379822
1686,2023,1686,0.29490442245237103,-0.07994214593589144,0.30554764780440036,5.195729537366548
1687,2023,1687,-0.3585707300387139,0.17783402992894892,0.4002473118476457,5.192649673977475
1688,2023,1688,0.22724484979614082,-0.1683439089590511,0.2828071665331059,5.18957345971564
1689,2023,1689,0.17577329123807237,0.08304892733359745,0.19440518059950296,5.186500888099467
1690,2023,1690,-0.4955041932066293,-0.3655461748255548,0.6157502833251055,5.183431952662722
1691,2023,1691,0.24166124655009338,0.6187329442842887,0.6642519209056529,5.1803666469544645
1692,2023,1692,-0.04508029856703862,-0.15063807140443503,0.1572388688440012,5.177304964539007
1693,2023,1693,0.08954280180087465,-0.4696495307959749,0.4781093966146556,5.174246898995865
1694,2023,1694,-0.28995944916320926,0.1983956440488169,0.3513364679855716,5.1711924439197166
1695,2023,1695,-0.15962096648846283,-0.32829905785727365,0.3650467426682294,5.168141592920354
1696,2023,1696,0.11406151766907847,0.8099305542399033,0.8179226934767921,5.165094339622642
1697,2023,1697,0.4788700462804936,0.041448534276045626,0.4806604853930835,5.16205067766647
1698,2023,1698,0.02856533709809754,-0.816087191781763,0.8165869721430609,5.159010600706714
1699,2023,1699,-0.5282486238109048,-0.13454591958170492,0.5451139450006772,5.155974102413184
1700,2023,1700,-0.20674936974417496,0.5200666417612974,0.5596557993646516,5.152941176470589
1701,2023,1701,0.6968805603973536,0.11824759250014891,0.7068415724841111,5.149911816578483
1702,2023,1702,-0.026899667062626774,0.09915973198004027,0.10274358634208557,5.146886016451234
1703,2023,1703,-0.2701499775279157,-0.35470445474438134,0.4458657427677554,5.143863769817968
1704,2023,1704,0.016350435070338034,-0.04521367510292397,0.04807923817306287,5.140845070422535
1705,2023,1705,-0.18869862219399755,0.3389132094587684,0.3879037684317543,5.13782991202346
1706,2023,1706,0.6518787357810816,-0.09860625176577317,0.6592943796596754,5.1348182883939035
1707,2023,1707,-0.2755915389658633,0.1110617778330536,0.2971286166713188,5.131810193321617
1708,2023,1708,-0.21500166607035362,-0.1687768317160084,0.27333374350255707,5.128805620608899
1709,2023,1709,0.3092148522330478,-0.27837297879989603,0.416059298859469,5.125804564072557
1710,2023,1710,-0.7387309423136896,0.32995595212548445,0.8090700436147088,5.12280701754386
1711,2023,1711,0.9765052703318529,0.16440865978897132,0.9902488325665881,5.1198129748684975
1712,2023,1712,-0.25068088164472124,0.024222216208430045,0.25184840714251633,5.116822429906542
1713,2023,1713,-0.2728275276438368,-0.6569394740645942,0.7113398150142547,5.113835376532399
1714,2023,1714,-0.2530852062789983,0.5076460843883026,0.5672359902474973,5.110851808634773
1715,2023,1715,0.3562695690674483,0.4285942182881475,0.5573338405242709,5.107871720116618
1716,2023,1716,0.568225701331347,-0.606302925047763,0.8309534791882001,5.104895104895105
1717,2023,1717,-0.4975355392161958,-0.15717255456076798,0.5217708545811162,5.101921956901572
1718,2023,1718,-0.5207178735893553,0.09267603839761811,0.5289007014256046,5.09895227008149
1719,2023,1719,0.44677937284184305,0.6363252092440254,0.7775098584046399,5.0959860383944156
1720,2023,1720,0.17657722283753818,-0.5578658171371151,0.5851442433751517,5.093023255813954
1721,2023,1721,0.14317618151240283,-0.23120155690501376,0.271944073051381,5.090063916327717
1722,2023,1722,-0.7612137639091618,0.3961086255081083,0.8581074743682612,5.087108013937282
1723,2023,1723,0.4473272271120961,0.024894513413657903,0.44801940238554355,5.084155542658154
1724,2023,1724,0.26808462745927436,0.13125725419129705,0.298492603355287,5.081206496519721
1725,2023,1725,-0.08332263339722583,-0.9335509155108637,0.9372619554251737,5.078260869565217
1726,2023,1726,-0.36494178269570715,0.7805164232388185,0.8616196328442378,5.07531865585168
1727,2023,1727,0.18086424972047477,-0.16299371336932877,0.2434724366840591,5.072379849449913
1728,2023,1728,0.08730216151301684,0.1130989945205784,0.14287424528728296,5.069444444444445
1729,2023,1729,-0.18268852652474366,0.011367066730380486,0.18304182016641685,5.066512434933488
1730,2023,1730,0.3060049967250125,-0.23064834653096927,0.3831940993519407,5.063583815028902
1731,2023,1731,-0.2183848727265046,0.12761201935025396,0.2529363163296667,5.0606585788561524
1732,2023,1732,-0.1000007371402576,-0.10039065434623733,0.14169838004952842,5.0577367205542725
1733,2023,1733,0.07582367988050108,0.20140311608529202,0.21520326577328308,5.054818234275822
1734,2023,1734,0.22487697480631838,-0.0753652674461246,0.23716993345546022,5.051903114186851
1735,2023,1735,-0.016973431213806026,0.1654119185056469,0.16628048638035847,5.0489913544668585
1736,2023,1736,-0.14403913470197266,-0.5275172164285745,0.5468287537741999,5.046082949308755
1737,2023,1737,-0.00830663446528886,0.15244509735933812,0.15267124118522782,5.043177892918825
1738,2023,1738,-0.26773443992178314,0.26453334476775847,0.3763769663704843,5.0402761795166855
1739,2023,1739,0.5669311086645612,-0.07054556033243697,0.5713033852991298,5.03737780333525
1740,2023,1740,-0.1651499534959658,0.27262133478366063,0.3187426851222541,5.0344827586206895
1741,2023,1741,0.14842011164392985,-0.4314674735629653,0.4562813937508352,5.031591039632395
1742,2023,1742,-0.5646712457543077,-0.051792893648809055,0.5670415501656282,5.02870264064294
1743,2023,1743,0.299008408348381,0.05052597732493462,0.303247263215469,5.025817555938038
1744,2023,1744,0.3702634562536485,0.1328219062478253,0.3933658422082471,5.022935779816514
1745,2023,1745,-0.39475500942370867,-0.15232512197685127,0.42312463914356835,5.020057306590258
1746,2023,1746,-0.1318089676311784,0.09885893470677283,0.16476253493848353,5.017182130584192
1747,2023,1747,-0.10135650847271731,0.31041239500860074,0.3265409572852318,5.014310246136233
1748,2023,1748,0.3620037214591931,-0.3194569720292624,0.4828037399693689,5.011441647597254
1749,2023,1749,0.0449933987827958,-0.13246724668804963,0.13989988341360504,5.008576329331047
1750,2023,1750,-0.055777150982250126,0.3783502470495707,0.38243953772350464,5.005714285714285
1751,2023,1751,-0.1891772538667093,-0.08491873412480003,0.2073625443176946,5.002855511136493
1752,2023,1752,-0.2538864759284317,-0.14863189298228532,0.2941934436231638,5.0
1753,2023,1753,-0.03592792214718747,-0.07443501028850022,0.08265220109872148,4.997147746719909
1754,2023,1754,0.44260911726369084,0.1469887825362362,0.4663781007684951,4.994298745724059
1755,2023,1755,0.09144191289821248,-0.11013056886039076,0.14314456200637712,4.9914529914529915
1756,2023,1756,-0.2744658370957377,-0.04214911709620805,0.2776833516879503,4.988610478359909
1757,2023,1757,0.006828987189659605,0.36407471916101564,0.36413875953846075,4.985771200910643
1758,2023,1758,-0.03997826138790119,-0.36661090343411634,0.3687842403091249,4.982935153583618
1759,2023,1759,0.2303711107599534,0.025481473429062804,0.23177608625760068,4.980102330869812
1760,2023,1760,0.06248974826517902,-0.00022025058381923117,0.06249013641019771,4.9772727272727275
1761,2023,1761,-0.0827059149119569,0.014780646828638172,0.0840162834342057,4.974446337308348
1762,2023,1762,0.05695894600757887,0.03152464394352197,0.06510088099296446,4.971623155505108
1763,2023,1763,-0.37883546929412065,-0.17006261459577754,0.415256072416104,4.968803176403857
1764,2023,1764,0.46866723486431133,0.2978023136478246,0.5552793846788812,4.965986394557823
1765,2023,1765,-0.3104311338560318,-0.18113306342969757,0.359411568448441,4.963172804532578
1766,2023,1766,0.4315917529380866,-0.11804560919934483,0.4474440826018541,4.9603624009060026
1767,2023,1767,-0.23537772413502264,0.18282767541757605,0.298041325855287,4.957555178268251
1768,2023,1768,0.25123204842647845,-0.18773522180626068,0.3136272559316398,4.95475113122172
1769,2023,1769,-0.16383762405313437,-0.1920325313744817,0.25242674216783667,4.951950254381006
1770,2023,1770,-0.6218649459779475,0.18884301664874611,0.6499059131698635,4.9491525423728815
1771,2023,1771,0.691064423811833,0.12905734752355422,0.7030119748682778,4.946357989836251
1772,2023,1772,0.058529051684387726,-0.18683026071012396,0.19578354427297157,4.943566591422122
1773,2023,1773,-0.03493111206450955,-0.23392884134734337,0.2365224839294858,4.94077834179357
1774,2023,1774,-0.03278824394650859,0.4417300836174361,0.44294529652516107,4.937993235625704
1775,2023,1775,-0.10349283304730407,-0.19008927684153884,0.21643636400174612,4.9352112676056334
1776,2023,1776,0.4083848772613969,-0.2083436228177814,0.4584596745021793,4.9324324324324325
1777,2023,1777,-0.5649195783249538,0.08379043975743432,0.5710997879264077,4.929656724817107
1778,2023,1778,0.6128175935858529,0.003930417494207403,0.6128301976812454,4.926884139482564
1779,2023,1779,-0.10932685085254817,0.0642965622304459,0.1268322050269131,4.924114671163575
1780,2023,1780,-0.44724638490726104,-0.024062875088789775,0.4478932359057821,4.921348314606742
1781,2023,1781,0.4589929662017535,0.3285001508901283,0.5644350203145807,4.918585064570466
1782,2023,1782,-0.10621847759594238,-0.42288977912464876,0.4360253780124432,4.915824915824916
1783,2023,1783,0.2308664142972058,-0.22955317640318879,0.32556713907770635,4.913067863151991
1784,2023,1784,-0.3792235133265446,0.45455904997612706,0.5919750019848196,4.910313901345291
1785,2023,1785,0.030897718526027435,-0.24932387284510765,0.25123109397643645,4.907563025210084
1786,2023,1786,0.24849153696876852,0.2768979445698277,0.3720490769402556,4.90481522956327
1787,2023,1787,-0.07351729811389571,-0.5439329370386246,0.5488787052869074,4.902070509233352
1788,2023,1788,-0.13181591407539778,0.1986503251915289,0.23840592883196682,4.899328859060403
1789,2023,1789,-0.15772770545419815,0.42321986451353655,0.4516559340767068,4.896590273896031
1790,2023,1790,0.31103039774484875,-0.3779619276319686,0.4894845524228444,4.893854748603352
1791,2023,1791,-0.1917137571191465,0.0766878486570229,0.20648290679952552,4.891122278056951
1792,2023,1792,0.3910342588208412,-0.12336552029108144,0.4100327342642949,4.888392857142857
1793,2023,1793,-0.2476314745270351,-0.15298586915107082,0.29107734940448765,4.8856664807585055
1794,2023,1794,-0.12281106319394772,0.33348876417525103,0.3553833325776042,4.882943143812709
1795,2023,1795,-0.06445368597866609,-0.164250354030783,0.17644391866957063,4.880222841225627
1796,2023,1796,0.1126774761753656,-0.07134959124347555,0.13336782898383373,4.877505567928731
1797,2023,1797,0.036455616142181506,0.2918914125448894,0.294159155332206,4.874791318864775
1798,2023,1798,0.018442506391019655,-0.14258632162454987,0.14377407678855872,4.872080088987764
1799,2023,1799,0.10683265793158672,0.256861867911957,0.27819280362357873,4.869371873262923
1800,2023,1800,-0.707976008654944,-0.3834469502453829,0.8051469384425868,4.866666666666666
1801,2023,1801,0.3986209452465375,0.1498432251794486,0.4258540244278807,4.863964464186563
1802,2023,1802,-0.1902724077961156,-0.04303309090118116,0.19507802562318655,4.86126526082131
1803,2023,1803,0.3451084757592516,0.05368894302409642,0.3492597352170997,4.858569051580699
1804,2023,1804,-0.19020168776428453,0.12202749319652971,0.2259809530119994,4.855875831485587
1805,2023,1805,-0.2824851597634167,-0.31086444017232095,0.4200411475679658,4.853185595567867
1806,2023,1806,0.1948555997200259,0.3023085214914665,0.3596653262529033,4.850498338870432
1807,2023,1807,-0.23012264497526,-0.3270043566989321,0.3998603269023972,4.84781405644715
1808,2023,1808,0.20767790238531936,0.05658311600867746,0.2152481362437726,4.845132743362832
1809,2023,1809,-0.028036403899807633,0.15230186182017447,0.15486089583082188,4.842454394693201
1810,2023,1810,0.09752950565754095,-0.08839073450745409,0.131624186305449,4.8397790055248615
1811,2023,1811,-0.000601792947972266,-0.22665471348730037,0.22665551239879972,4.837106570955274
1812,2023,1812,-0.49028797862693546,-0.05601584483269541,0.49347753429959396,4.8344370860927155
1813,2023,1813,0.2209098358063192,0.6171147922542075,0.6554630595044458,4.83177054605626
1814,2023,1814,0.5359433369010488,-0.34684855345354487,0.6383879536782062,4.829106945975744
1815,2023,1815,-0.2918399048729178,-0.4558002099635636,0.5412248714527653,4.8264462809917354
1816,2023,1816,-0.53102791562747,0.6692053581328314,0.8542988110312144,4.823788546255507
1817,2023,1817,0.7220248089175797,0.3753908493304499,0.8137801388910301,4.821133736929004
1818,2023,1818,0.02313856588596162,-0.9184154793744819,0.918706909730148,4.818481848184819
1819,2023,1819,-0.44952038611607203,-0.1889734292733697,0.48762642925222965,4.815832875206158
1820,2023,1820,-0.41793449332317684,0.33627631689390064,0.5364242742578188,4.813186813186813
1821,2023,1821,0.5009037495940737,0.543029735770237,0.738773213028258,4.810543657331137
1822,2023,1822,0.42319560830111375,-0.30306063240687675,0.5205192309609759,4.807903402854007
1823,2023,1823,-0.9631592812133125,-0.4078778401170206,1.0459637342880825,4.805266044980801
1824,2023,1824,0.028792171957381946,0.6139852248883904,0.6146599430150551,4.802631578947368
1825,2023,1825,1.2832660576429369,-0.8239623835565278,1.525019929120469,4.8
1826,2023,1826,-0.7538779396520104,-0.37834126802806206,0.843489219247669,4.7973713033953995
1827,2023,1827,-0.20112471552541583,0.738747904784691,0.7656367402488927,4.794745484400657
1828,2023,1828,0.34283159083718323,0.07309628678647451,0.3505375398126773,4.792122538293216
1829,2023,1829,-0.300760819216918,-0.5478691448132235,0.6249941361440158,4.789502460360853
1830,2023,1830,0.0144113101912865,-0.13993991300453204,0.14068000964296765,4.786885245901639
1831,2023,1831,-0.017281318637961455,0.45556386512998276,0.45589152129211163,4.7842708902239215
1832,2023,1832,0.5717163620638852,-0.15453831580224495,0.5922344887817307,4.781659388646288
1833,2023,1833,-0.5863013221996136,0.1744806870902619,0.6117129642083,4.779050736497545
1834,2023,1834,-0.26410298710979646,-0.16987631153114707,0.31401966342849397,4.776444929116685
1835,2023,1835,0.7108346826207843,0.34269933518166135,0.7891316622405565,4.773841961852861
1836,2023,1836,-0.2879063278283221,-0.5447863351121871,0.6161835802166085,4.771241830065359
1837,2023,1837,0.3841069229752847,0.21615591479974217,0.4407510723531534,4.768644529123571
1838,2023,1838,-0.44314888559010207,0.44172204275664084,0.6256990473517192,4.766050054406964
1839,2023,1839,0.22316748489639024,-0.6310206206479783,0.6693211112746559,4.763458401305057
1840,2023,1840,-0.29544233056241676,0.39964777086694336,0.496995484332674,4.760869565217392
1841,2023,1841,0.07582231626029291,-0.3326892964818015,0.34122015127572974,4.758283541553504
1842,2023,1842,0.5743828647234084,0.4959027937727671,0.7588380961440357,4.755700325732899
1843,2023,1843,-0.43252525717099144,-0.41531575365945456,0.5996376183400713,4.753119913185024
1844,2023,1844,0.09595587917243169,-0.028986625592578138,0.10023849166362499,4.750542299349241
1845,2023,1845,-0.09807088323894167,0.6703152676498627,0.6774514419379246,4.747967479674797
1846,2023,1846,0.10278614003253275,-0.5539968493921031,0.5634514173548275,4.745395449620802
1847,2023,1847,0.09269957745244418,0.13368777646045918,0.1626826150355452,4.7428262046561995
1848,2023,1848,-0.3357873849066761,-0.08752710046286179,0.34700743677607276,4.740259740259741
1849,2023,1849,0.31888715219238223,0.2362908140213239,0.3968908724375347,4.737696051919957
1850,2023,1850,0.09140186725772968,0.22933423176600432,0.24687748216048994,4.735135135135135
1851,2023,1851,-0.010471889923350103,-0.3744231849974911,0.3745695955923708,4.73257698541329
1852,2023,1852,-0.017012488482932568,0.220847852861103,0.22150214192585435,4.730021598272138
1853,2023,1853,-0.33796801277141886,-0.4284364868011868,0.5456924050041428,4.727468969239072
1854,2023,1854,0.2727635539508676,0.46480039816409036,0.53892426786832,4.724919093851133
1855,2023,1855,0.42376555226518214,0.24450244061214776,0.4892429731247161,4.722371967654986
1856,2023,1856,-0.3246586687834149,-0.6784713164819863,0.7521479764680742,4.719827586206897
1857,2023,1857,-0.0041090041582945045,0.1540051821152363,0.15405998842502872,4.717285945072698
1858,2023,1858,-0.5216500714797754,0.044051897445426313,0.5235067972275022,4.714747039827772
1859,2023,1859,0.48653418303089424,0.2165447064858796,0.5325477642095547,4.71221086605702
1860,2023,1860,0.39803484150721286,0.1551469681760991,0.42720289885241597,4.709677419354839
1861,2023,1861,-0.1388876233028544,-0.7219774650065796,0.73521509225807,4.707146695325094
1862,2023,1862,-0.3459556337347702,0.46509910732205156,0.5796572091715894,4.704618689581095
1863,2023,1863,-0.40402011140423805,-0.161107553859951,0.43495734771334754,4.702093397745571
1864,2023,1864,0.7559267078802582,0.03761953756376786,0.7568622181699896,4.6995708154506435
1865,2023,1865,-0.10233537860187647,0.058086208270450725,0.11767131045767942,4.697050938337801
1866,2023,1866,0.017132106139742607,-0.4338930877538322,0.4342311834280653,4.694533762057878
1867,2023,1867,-0.31545887137020545,0.6931094862218473,0.7615215423196359,4.692019282271023
1868,2023,1868,0.23629782193900695,-0.3517174953434711,0.4237237982268676,4.689507494646681
1869,2023,1869,0.09357494019696483,-0.09476224724438667,0.13317714869928632,4.686998394863563
1870,2023,1870,-0.0490243425237542,0.06764664652532873,0.08354313224921091,4.684491978609626
1871,2023,1871,0.1964136148200592,-0.26373564647289266,0.3288385611620955,4.681988241582042
1872,2023,1872,-0.6754600681695806,0.21549151089699686,0.7090013363600417,4.67948717948718
1873,2023,1873,0.29984500363159655,0.06751310124439522,0.30735166347763293,4.6769887880405765
1874,2023,1874,0.47926870250204445,0.22889494880957528,0.531122760563442,4.674493062966915
1875,2023,1875,-0.07576303256766116,-0.3884708744092784,0.3957899156979089,4.672
1876,2023,1876,-0.3043479801260742,0.2404181237718701,0.38785121792358407,4.669509594882729
1877,2023,1877,-0.3356919611559148,0.1101536079486118,0.3533028589309754,4.667021843367075
1878,2023,1878,0.8930965221941362,0.3416027575426302,0.956197595644326,4.664536741214057
1879,2023,1879,-0.12604825253397517,-0.8141045551625652,0.8238048243991455,4.6620542841937205
1880,2023,1880,-0.35135932472962644,0.20881950557680906,0.40872846852623573,4.659574468085107
1881,2023,1881,-0.2721263381996259,0.4088924473495229,0.4911677691394454,4.657097288676236
1882,2023,1882,0.3235426540228912,-0.19449969657942662,0.377504941612246,4.654622741764081
1883,2023,1883,-0.05382103818478071,-0.1832948838784504,0.19103329188207543,4.652150823154541
1884,2023,1884,-0.13736484194100568,-0.09516214102159802,0.16710754885788964,4.649681528662421
1885,2023,1885,0.14487907515628698,0.32320681796563544,0.354192876266043,4.647214854111406
1886,2023,1886,-0.1506589705204176,-0.05857489260152181,0.16164511573676416,4.644750795334041
1887,2023,1887,0.20999448955571626,0.17834304240636692,0.2755066721851306,4.642289348171701
1888,2023,1888,0.25915609106709264,-0.4152139468101194,0.48945326759846225,4.639830508474576
1889,2023,1889,-0.488511351657321,-0.27651693297323954,0.5613421015022745,4.637374272101641
1890,2023,1890,0.014751508268378512,0.537856969949685,0.5380592226880313,4.634920634920635
1891,2023,1891,0.2508431218552155,0.19954320447965768,0.32053043886046295,4.632469592808038
1892,2023,1892,0.15264940527523332,-0.16383016438234413,0.2239244597904131,4.630021141649048
1893,2023,1893,-0.17442615827858804,-0.06624536081228781,0.18658224063660842,4.627575277337559
1894,2023,1894,0.06379656915506389,-0.0034887477510144836,0.06389188991434717,4.625131995776135
1895,2023,1895,-0.12692178806797538,-0.019833980275166634,0.12846216197747784,4.62269129287599
1896,2023,1896,0.023697398716206908,-0.03019209438007221,0.03838136616862501,4.620253164556962
1897,2023,1897,0.0029162750263053015,0.22758803322550766,0.22760671678903466,4.617817606747496
1898,2023,1898,0.3541524899365814,0.09866762592771378,0.36764015903392766,4.615384615384615
1899,2023,1899,-0.2388892749384808,-0.38640732827978397,0.4542892349912705,4.612954186413902
1900,2023,1900,-0.2162670832007447,0.1326488916318961,0.2537068775719893,4.610526315789474
1901,2023,1901,-0.02550300823828001,0.2408880867197887,0.24223433644453096,4.608100999473961
1902,2023,1902,0.5135931593499129,-0.07903940058122186,0.5196394520966089,4.605678233438486
1903,2023,1903,-0.15857970512838335,-0.12095249138001407,0.19944179113124058,4.6032580136626375
1904,2023,1904,-0.0472897226391934,-0.07463266077792709,0.0883535620226201,4.600840336134453
1905,2023,1905,-0.42440399145376495,0.37810990258649096,0.5684064095309386,4.5984251968503935
1906,2023,1906,0.24826104469446875,-0.38727661360545085,0.4600181754653773,4.59601259181532
1907,2023,1907,0.021668157996805992,0.062095185081871444,0.06576717328064524,4.593602517042475
1908,2023,1908,0.08947464108932332,0.19525874541605817,0.21478288819064764,4.591194968553459
1909,2023,1909,0.05313412083512176,-0.2284091406301947,0.23450793231860065,4.588789942378209
1910,2023,1910,-0.5062971932372937,0.37981438051566185,0.6329263871308081,4.5863874345549736
1911,2023,1911,0.04555190696686149,-0.05265357094692637,0.06962309072269496,4.583987441130298
1912,2023,1912,0.6861613564363656,-0.35831614164861586,0.7740851790549564,4.581589958158996
1913,2023,1913,-0.27359300769198347,-0.3693828484202822,0.45967034118488315,4.57919498170413
1914,2023,1914,-0.15662826551403827,0.11102406617931469,0.19198634542311838,4.576802507836991
1915,2023,1915,-0.37616631122044614,0.5021590221490735,0.6274271090914953,4.5744125326370755
1916,2023,1916,0.3416938836934997,-0.25005815336795034,0.42341916609824864,4.572025052192067
1917,2023,1917,0.16902820348348566,-0.32367601674527474,0.3651529780639095,4.569640062597809
1918,2023,1918,-0.39893477543513434,0.03324476860517926,0.40031758603775197,4.56725755995829
1919,2023,1919,0.3402717760478998,0.27219852058813404,0.4357486846625712,4.564877540385617
1920,2023,1920,0.23304346217692457,0.10394273342047052,0.25517317079647434,4.5625
1921,2023,1921,-0.21098424923953035,-0.43994709505476065,0.48792191985428457,4.560124934929724
1922,2023,1922,-0.2299434156600537,0.16305857118397873,0.28189017727117216,4.557752341311134
1923,2023,1923,0.084201023049816,0.23279777509409444,0.24755729916808394,4.555382215288612
1924,2023,1924,0.3050656671072794,-0.2183900047854443,0.37517896454598276,4.553014553014553
1925,2023,1925,-0.22067204171031943,0.2024372026137881,0.2994611343642057,4.55064935064935
1926,2023,1926,-0.17759668045612115,-0.21989156414726446,0.2826532874250079,4.548286604361371
1927,2023,1927,0.12146849086260675,0.3514186912502108,0.3718194331022118,4.545926310326933
1928,2023,1928,-0.14432272014269645,-0.1258999148315183,0.19151980603574828,4.54356846473029
1929,2023,1929,0.24684324948941988,-0.22735591949500775,0.3355924670607438,4.541213063763608
1930,2023,1930,-0.16250296326603647,0.17862793414070205,0.24148530374666236,4.538860103626943
1931,2023,1931,0.052207520294472946,-0.2063053824169886,0.21280868400870703,4.536509580528223
1932,2023,1932,-0.18194858574309566,-0.09433235706957686,0.2049484848546453,4.53416149068323
1933,2023,1933,-0.19623727719869766,0.015294921031299874,0.19683242510245155,4.531815830315572
1934,2023,1934,0.06295338534404085,0.03922311247425524,0.07417264508188565,4.52947259565667
1935,2023,1935,-0.008779495624982103,0.043804055998508416,0.044675215336353345,4.5271317829457365
1936,2023,1936,0.42549767794345844,-0.0768988794353908,0.43239069323205126,4.524793388429752
1937,2023,1937,-0.05492035663371554,0.1117079350505806,0.12447854564558199,4.522457408363449
1938,2023,1938,-0.30120913892750834,-0.16489534454725932,0.34339105991101515,4.520123839009288
1939,2023,1939,0.1552967756260522,0.1935360351435932,0.24813964902641122,4.517792676637442
1940,2023,1940,-0.02061403839171601,-0.21026509307957397,0.21127315955079823,4.515463917525773
1941,2023,1941,0.3062155515583294,-0.0011119817852108989,0.3062175705599901,4.513137557959815
1942,2023,1942,-0.3461701365386753,-0.22735176985621047,0.41415285908460947,4.51081359423275
1943,2023,1943,-0.08529928485244938,0.5980547911657429,0.6041071934951939,4.5084920226453935
1944,2023,1944,0.2015746575167859,0.2651273341506449,0.3330538182739199,4.506172839506172
1945,2023,1945,0.29819708295418823,-0.7241884806012597,0.7831797084436931,4.5038560411311055
1946,2023,1946,-0.2495119510680578,-0.02168874096717678,0.2504528203285604,4.501541623843782
1947,2023,1947,-0.3391807766321051,0.4058777310555082,0.5289426545510633,4.499229583975347
1948,2023,1948,0.23242489457157925,0.45227472873078733,0.5085014865908624,4.496919917864476
1949,2023,1949,0.3550266645968098,-0.34858010257635413,0.4975459983628421,4.494612621857363
1950,2023,1950,-0.15481984049677083,-0.48869789055040086,0.5126351638737409,4.492307692307692
1951,2023,1951,-0.5408326851157426,0.34201243260014697,0.639900380795772,4.490005125576627
1952,2023,1952,0.3757662336736979,0.24201719856670018,0.44695926746336706,4.487704918032787
1953,2023,1953,0.20877754611914504,0.23545122519279957,0.31468292487569477,4.485407066052227
1954,2023,1954,-0.4784972698384114,-0.845100832113774,0.9711617031587514,4.483111566018423
1955,2023,1955,-0.030287126347241913,0.5529531606086261,0.553782003905366,4.4808184143222505
1956,2023,1956,0.11718080891064814,0.10503457836260012,0.15736455963387377,4.478527607361963
1957,2023,1957,0.33646334681739853,-0.34631919484786583,0.4828504618115624,4.476239141543179
1958,2023,1958,-0.7746959919799703,-0.07672393125345432,0.7784859932052823,4.473953013278856
1959,2023,1959,0.08763144179444902,0.16487789535858507,0.186719013410125,4.47166921898928
1960,2023,1960,0.2467637210022727,0.2803790589968346,0.37350334767822085,4.469387755102041
1961,2023,1961,0.14774501934793757,-0.5564914557562328,0.5757702068289169,4.4671086180520145
1962,2023,1962,-0.14056464152865952,0.05477174864358783,0.15085875147818545,4.464831804281346
1963,2023,1963,-0.1586685078191013,0.3532662462555361,0.38726313549964614,4.462557310239429
1964,2023,1964,0.33225575700816856,-0.38386700174492905,0.5076886477888909,4.460285132382892
1965,2023,1965,-0.10856696022578005,-0.1543814447627585,0.18873371542918016,4.458015267175573
1966,2023,1966,-0.2313424878969029,-0.04392965572303033,0.2354764560593535,4.455747711088504
1967,2023,1967,0.3161053941074838,0.3912336674888891,0.5029775370338663,4.453482460599898
1968,2023,1968,0.034366373515790055,-0.2721111739551852,0.2742727449454208,4.451219512195122
1969,2023,1969,-0.0653843722649711,-0.06266096410553336,0.09056220270686476,4.448958862366684
1970,2023,1970,-0.28332297717098004,0.05843675332260302,0.2892866459619497,4.446700507614213
1971,2023,1971,0.42638168987938524,0.35573075231719103,0.5552888560096942,4.444444444444445
1972,2023,1972,0.15020233835973773,-0.3337831974456146,0.3660218099318007,4.442190669371197
1973,2023,1973,-0.2658672771221075,-0.09040141970301913,0.2808163558780808,4.439939178915357
1974,2023,1974,-0.14744598659009528,0.2106088008509122,0.2570921740492809,4.437689969604863
1975,2023,1975,0.2470342281883118,0.15151479614055424,0.2897975903041787,4.435443037974683
1976,2023,1976,0.1987392936015716,0.032759132591090076,0.20142112001816567,4.433198380566802
1977,2023,1977,-0.2111614489283552,-0.47963191395990207,0.5240571823783748,4.430955993930198
1978,2023,1978,-0.19777626350577357,0.42196206336217207,0.4660122673526598,4.4287158746208295
1979,2023,1979,0.27012545098776797,0.09575791541723702,0.2865961228565379,4.426478019201617
1980,2023,1980,0.21392592084624978,0.016489977466148845,0.2145605251828724,4.424242424242424
1981,2023,1981,-0.2741934140106705,-0.06855527788148892,0.28263378144205464,4.42200908632004
1982,2023,1982,0.013918175067987483,-0.0757871244595021,0.07705455100812157,4.419778002018163
1983,2023,1983,-0.23041624106906927,-0.18797775313706744,0.29736724739429476,4.417549167927382
1984,2023,1984,0.19061871038117,0.05799407007919484,0.19924558944109888,4.415322580645161
1985,2023,1985,0.017531989548041155,0.3581249120597764,0.3585537941443867,4.413098236775818
1986,2023,1986,-0.08486302072133457,0.07962513209252478,0.11636964357899221,4.410876132930514
1987,2023,1987,0.11187270670170173,-0.03557890904280409,0.11739404275107448,4.408656265727227
1988,2023,1988,-0.05660169975249657,-0.3130566043436271,0.31813234657612866,4.406438631790745
1989,2023,1989,0.39307336720895986,-0.2179402294234107,0.44944923585441626,4.40422322775264
1990,2023,1990,-0.22783812349372465,0.15777171459214306,0.27713196214526825,4.402010050251256
1991,2023,1991,0.09229153251089423,0.007790058616665343,0.09261971705020766,4.399799095931693
1992,2023,1992,-0.20155684721706926,0.2999034851447576,0.36134092359163644,4.397590361445783
1993,2023,1993,-0.06299332604959212,-0.40748511564767326,0.41232545228397904,4.395383843452082
1994,2023,1994,0.140987485469426,0.10364975441660436,0.17498783571898363,4.393179538615848
1995,2023,1995,-0.08068181156848113,0.02308968856256582,0.08392072709341941,4.390977443609023
1996,2023,1996,0.2706924985817638,0.3754957228301364,0.4628946604273642,4.38877755511022
1997,2023,1997,-0.05999317910488499,-0.18362071925966952,0.193172850267705,4.386579869804707
1998,2023,1998,-0.26875254728502007,0.004382660406171553,0.26878827984944353,4.384384384384385
1999,2023,1999,0.34005805095515806,0.11354498301504104,0.3585135160454998,4.382191095547774
2000,2023,2000,0.1123493511599393,-0.37078558885209983,0.3874330001515846,4.38
2001,2023,2001,-0.3061262298740132,0.18366538241229094,0.35699613627255167,4.377811094452774
2002,2023,2002,0.011902829257977383,0.3188951718104139,0.3191172322961233,4.375624375624375
2003,2023,2003,-0.036452151826381216,-0.21129042305959467,0.21441175865487425,4.373439840239641
2004,2023,2004,-0.20555905189931242,-0.04213030082753926,0.20983204251391915,4.37125748502994
2005,2023,2005,0.27877780783489065,-0.13208273136291646,0.30848486845470324,4.369077306733167
2006,2023,2006,-0.21707089658150822,0.3088277268457929,0.3774842235265462,4.366899302093719
2007,2023,2007,0.2016324213077548,-0.16289215502199417,0.2592093506996561,4.364723467862481
2008,2023,2008,-0.19290969183251186,-0.004745264203275634,0.19296804589173197,4.362549800796812
2009,2023,2009,-0.0794591333019693,0.09529071751767439,0.12407286048984822,4.360378297660527
2010,2023,2010,0.08715415974820687,-0.20147480850964167,0.2195175301095854,4.358208955223881
2011,2023,2011,-0.34856157902106816,-0.18486145502766527,0.39454902347440407,4.35604177026355
2012,2023,2012,0.09014961669641529,0.6547278259570606,0.6609050457312077,4.353876739562624
2013,2023,2013,0.41576398038565887,-0.2654054230579657,0.49325422043273415,4.351713859910581
2014,2023,2014,0.15108957196321016,-0.4051290383373313,0.4323859346234067,4.349553128103277
2015,2023,2015,-0.6416770358025772,-0.10801105344671144,0.6507040847751382,4.347394540942928
2016,2023,2016,-0.07710106303859868,0.3725487550312745,0.38044335819808256,4.345238095238095
2017,2023,2017,0.49513921406039707,-0.0012863279283475992,0.4951408849407277,4.3430837878036685
2018,2023,2018,0.1509301324717859,-0.2950824499910839,0.33144163465185145,4.340931615460852
2019,2023,2019,-0.4376710551459334,-0.022702828886492915,0.4382594790212804,4.338781575037147
2020,2023,2020,-0.045219930381326476,0.36890374814974597,0.37166492638211535,4.336633663366337
2021,2023,2021,0.21328069166914146,-0.24901640863257424,0.32786860967029546,4.334487877288471
2022,2023,2022,0.19140805011621576,0.021538178605694413,0.192616029413293,4.332344213649852
2023,2023,2023,-0.11223055615224163,-0.04521512670639812,0.12099630332087463,4.330202669303016
2024,2023,2024,0.20158307631931924,0.29970501752564144,0.36119085562678016,4.32806324110672
2025,2023,2025,0.03764395085802999,0.0010501945662499629,0.03765859722332681,4.325925925925926
2026,2023,2026,-0.2974412343563948,-0.24685531316504494,0.38653438855199956,4.323790720631787
2027,2023,2027,0.1977025113817535,-0.05057532172400803,0.20406897406058394,4.321657622101628
2028,2023,2028,-0.16522389970370965,0.19428606945852034,0.2550412002382017,4.319526627218935
2029,2023,2029,0.22019529743722396,0.046898476031720045,0.2251342623137699,4.317397732873337
2030,2023,2030,-0.07719704426357644,0.25581832778263114,0.26721227605133396,4.315270935960591
2031,2023,2031,-0.0698664933707859,-0.33443514757969167,0.34165508167240866,4.31314623338257
2032,2023,2032,0.018041776399649448,-0.0007334357869328184,0.01805667809173386,4.311023622047244
2033,2023,2033,-0.06449140352508825,-0.02029919217232789,0.06761063770949705,4.308903098868667
2034,2023,2034,0.06651037825934264,0.1170907487721799,0.1346620728498956,4.3067846607669615
2035,2023,2035,0.020257024729008827,0.17214748102721533,0.17333523091076186,4.304668304668304
2036,2023,2036,-0.3129315984562796,-0.13213156557662686,0.33968358207916477,4.302554027504912
2037,2023,2037,0.12294729092557552,0.058699863833829045,0.13624136802031964,4.300441826215022
2038,2023,2038,0.2833738253148531,0.188486403473651,0.3403349073603894,4.298331697742885
2039,2023,2039,-0.11521399076678732,-0.32008109303611354,0.34018549320569585,4.296223639038744
2040,2023,2040,0.17751188319344655,0.08902381232891643,0.19858425878316224,4.294117647058823
2041,2023,2041,-0.44894469181274094,0.010359908567978825,0.449064209231123,4.292013718765311
2042,2023,2042,0.40383834236213695,-0.08265686535171272,0.4122105822896468,4.289911851126346
2043,2023,2043,-0.3255431958528255,-0.054766348342006076,0.33011774456516124,4.2878120411160054
2044,2023,2044,0.04541733848281848,0.11237303971880223,0.12120410343922522,4.285714285714286
2045,2023,2045,0.10347929989949854,0.37986715161925977,0.3937093069601226,4.28361858190709
2046,2023,2046,-0.08374511954027644,-0.5035129109615429,0.5104297175437397,4.281524926686217
2047,2023,2047,0.13820317639020738,0.37182870147147057,0.3966821160605841,4.279433317049341
2048,2023,2048,-0.179737641108565,0.024466564185408046,0.18139523806955354,4.27734375
2049,2023,2049,0.18673759845336504,-0.10300023951107805,0.21326035734629548,4.2752562225475845
2050,2023,2050,0.19289396012605026,0.04104714697296213,0.1972129512170289,4.273170731707317
2051,2023,2051,-0.1742058805454708,-0.38603759064208637,0.423524155397741,4.2710872745002435
2052,2023,2052,-0.12042600322324593,0.30463421367324817,0.32757354348702133,4.269005847953216
2053,2023,2053,0.011321418249419053,-0.0872270408489986,0.08795869011332053,4.26692644909888
2054,2023,2054,0.052388615553733545,0.004566202588918846,0.05258723462704558,4.264849074975658
2055,2023,2055,-0.518566395772339,0.2560761055139823,0.5783477143030155,4.262773722627737
2056,2023,2056,0.6114016364993803,-0.021669448053572765,0.6117855229515217,4.260700389105058
2057,2023,2057,-0.12215814852604358,-0.07042222108309641,0.1410032002246312,4.258629071463296
2058,2023,2058,-0.14149319380647682,-0.13612800843322967,0.19634448954211742,4.256559766763848
2059,2023,2059,-0.1222651703098148,-0.04730298326729249,0.13109669750559613,4.254492472073823
2060,2023,2060,-0.10280931079200914,0.28912123840324083,0.3068563912994995,4.252427184466019
2061,2023,2061,0.25432331237786426,-0.15571239099031264,0.2982057945895229,4.250363901018923
2062,2023,2062,0.16072912537016912,-0.39896297714426165,0.43012243474860995,4.248302618816683
2063,2023,2063,-0.5170111395900839,-0.008227937068412397,0.5170766069052428,4.246243334949103
2064,2023,2064,0.009280673617851915,0.34262165051771604,0.3427473213699635,4.244186046511628
2065,2023,2065,0.3632555961133412,0.04095526681087444,0.36555705708850533,4.242130750605327
2066,2023,2066,0.25958330999503376,-0.6278855406340551,0.6794289859619601,4.240077444336883
2067,2023,2067,-0.3118639030716311,0.07721677973242605,0.3212810687098101,4.238026124818577
2068,2023,2068,-0.3021852979367032,0.22500174686295502,0.37675156320906666,4.235976789168278
2069,2023,2069,0.4061728557821756,-0.08697664502350316,0.4153809402870966,4.233929434509425
2070,2023,2070,0.03571139517005664,0.03288739027668288,0.048547751587512275,4.231884057971015
2071,2023,2071,0.07322590867293374,-0.4222629573612623,0.42856509290941563,4.229840656687591
2072,2023,2072,-0.00791452450447689,0.24243982663834743,0.242568978310426,4.227799227799228
2073,2023,2073,-0.17029370381937353,0.37842090169897274,0.4149726791045214,4.225759768451519
2074,2023,2074,0.17297797247631538,-0.35895096545217753,0.3984559882359246,4.223722275795564
2075,2023,2075,-0.056630180174873035,0.1926034513200465,0.20075623718089583,4.2216867469879515
2076,2023,2076,0.3991818262506521,-0.2975999744525171,0.4979074966326021,4.219653179190751
2077,2023,2077,-0.03092526387996952,0.09296527527678321,0.09797404938724247,4.217621569571497
2078,2023,2078,-0.5720294876713133,0.02127384558910572,0.5724249394214531,4.215591915303176
2079,2023,2079,0.2979730777386135,0.48309673157222316,0.5676005700426898,4.213564213564213
2080,2023,2080,0.13905869912444133,-0.25391096815365555,0.2894962893560271,4.211538461538462
2081,2023,2081,-0.17145332288125353,-0.23950015299831978,0.29454467439293813,4.209514656415185
2082,2023,2082,-0.029966821924020403,0.5117644603255489,0.5126410764545953,4.207492795389049
2083,2023,2083,-0.01004445595696145,0.1277079628203267,0.12810236088062268,4.205472875660106
2084,2023,2084,0.37024110083220974,-0.11438757585828607,0.3875086970071532,4.203454894433781
2085,2023,2085,-0.5853500257990543,-0.4254385348414401,0.7236246261916358,4.201438848920863
2086,2023,2086,-0.1342638005161472,0.13848305100356872,0.19288422316067425,4.199424736337488
2087,2023,2087,0.14123693379290647,0.6524829717080946,0.6675941130928642,4.197412553905127
2088,2023,2088,0.4393589324849305,-0.5389028340231172,0.6953075118768999,4.195402298850575
2089,2023,2089,-0.15432027956846284,0.018710816002122686,0.15545045294740642,4.193393968405936
2090,2023,2090,-0.5903466041896133,-0.3711749449854274,0.6973377609617473,4.1913875598086126
2091,2023,2091,0.43859860424613883,0.4887445692144263,0.6566886549829045,4.189383070301291
2092,2023,2092,-0.1051191724575838,-0.20920903685098935,0.23413342674271406,4.187380497131931
2093,2023,2093,0.23495309536284406,-0.13444029289402953,0.27069752376779166,4.185379837553751
2094,2023,2094,-0.2721777840462203,0.05685245979497147,0.27805206043662,4.1833810888252145
2095,2023,2095,-0.06359902147908766,-0.06394145629051948,0.09018506176551562,4.181384248210024
2096,2023,2096,0.009628594287598219,0.3291372988499942,0.32927810635119,4.179389312977099
2097,2023,2097,0.031781807505095974,-0.07894236644606005,0.08509982672364852,4.177396280400572
2098,2023,2098,0.3079217915371259,0.08487443920465203,0.31940491563803053,4.175405147759771
2099,2023,2099,-0.09948680997876821,-0.26606834119303885,0.284059830924696,4.173415912339209
2100,2023,2100,0.2171960234873601,0.19057374425578388,0.288950626610137,4.171428571428572
2101,2023,2101,-0.3294505871370765,0.03051837202866988,0.33086108927500785,4.169443122322703
2102,2023,2102,0.18017662193950384,-0.11949965442433189,0.21620310474427892,4.167459562321598
2103,2023,2103,-0.12882239440710203,0.08954793783615551,0.1568886307910389,4.165477888730385
2104,2023,2104,-0.1233351390639451,-0.44745435460659755,0.4641410949100816,4.163498098859316
2105,2023,2105,-0.047375072367968965,0.5607785386743478,0.5627761250440598,4.161520190023753
2106,2023,2106,-0.18184322670637054,-0.05455811261869076,0.18985138069421095,4.15954415954416
2107,2023,2107,0.3601484728651248,0.6095811204466256,0.7080226443497729,4.157570004746084
2108,2023,2108,-0.1939384243896274,-0.5828271724754405,0.6142472022162152,4.1555977229601515
2109,2023,2109,0.07169487231249454,-0.3956687106824403,0.40211177964467737,4.153627311522048
2110,2023,2110,-0.222631966987751,0.45159680747391767,0.503492471885598,4.151658767772512
2111,2023,2111,0.1722877188708314,0.09016360173884343,0.19445445007053813,4.149692089057319
2112,2023,2112,0.125939919624353,-0.11560435100996327,0.17095388070302261,4.1477272727272725
2113,2023,2113,-0.33453029635568143,-0.3301235544302431,0.46999157478563136,4.145764316138192
2114,2023,2114,-0.23656807729885887,0.07346871703119234,0.24771376138415943,4.143803216650899
2115,2023,2115,0.4400633769608753,0.16978343878939955,0.4716801796019875,4.141843971631205
2116,2023,2116,0.026170568996984136,-0.12079917989288289,0.12360153940958417,4.1398865784499055
2117,2023,2117,-0.2709959896257722,0.0235488216925767,0.2720172299622956,4.137931034482759
2118,2023,2118,-0.18491520511665055,0.16836803811912912,0.25008284496026006,4.135977337110481
2119,2023,2119,0.36655735335672307,-0.27962855140678095,0.461038414952312,4.134025483718736
2120,2023,2120,0.19132260179691205,-0.23298943795590152,0.3014770574311529,4.132075471698113
2121,2023,2121,-0.4168826114084142,0.1344410372342476,0.4380245474711654,4.13012729844413
2122,2023,2122,0.4986386707160868,-0.02460761699175416,0.49924548946136604,4.12818096135721
2123,2023,2123,-0.3910061787245033,0.2528799833049621,0.46565450471036585,4.126236457842675
2124,2023,2124,0.16749449090840188,-0.1991245775861424,0.26020184834763255,4.124293785310734
2125,2023,2125,0.37164527781878975,0.06170499253270553,0.37673295399854084,4.12235294117647
2126,2023,2126,-0.10961285607007172,-0.10449316737922278,0.15143909747743653,4.12041392285983
2127,2023,2127,0.0648605544278795,0.04298106332170499,0.07780914679493879,4.118476727785613
2128,2023,2128,-0.1886733324122161,0.13417975658372397,0.23152069765011943,4.116541353383458
2129,2023,2129,0.24896149505441828,-0.14349936299864674,0.28735673508854553,4.114607797087834
2130,2023,2130,-0.25230916979307855,0.22183847037210458,0.33596461733150956,4.112676056338028
2131,2023,2131,-0.08806244398318099,-0.3335091175760951,0.3449395969538384,4.110746128578132
2132,2023,2132,0.07242497351560988,0.5231534641633167,0.5281429009792855,4.108818011257036
2133,2023,2133,0.18800723203385464,-0.23052716207765414,0.2974718335449739,4.106891701828411
2134,2023,2134,-0.3488022743479415,-0.07611859110431371,0.3570112974430954,4.104967197750703
2135,2023,2135,0.20655669221428347,0.43375212754012843,0.4804233292046652,4.1030444964871196
2136,2023,2136,-0.017292721950617384,-0.36335246022609125,0.3637637263180794,4.101123595505618
2137,2023,2137,-0.3507551203716939,-0.1156240930480955,0.36932111415427643,4.099204492278895
2138,2023,2138,0.24557554275792381,0.10320004646507504,0.26637867180245967,4.097287184284378
2139,2023,2139,0.03005677626451372,-0.03051920868080597,0.04283493781853334,4.095371669004208
2140,2023,2140,-0.014930218192331824,0.2190396249136189,0.2195478733615279,4.093457943925234
2141,2023,2141,-0.03373022518434487,-0.48046448622562843,0.4816470186921577,4.091546006539001
2142,2023,2142,-0.23947940740196322,0.3822561054746859,0.4510766195916939,4.089635854341736
2143,2023,2143,0.09486597225630808,-0.23644755146458413,0.2547685170615313,4.087727484834344
2144,2023,2144,0.09090133448735863,-0.08960647813231717,0.12764158231101685,4.085820895522388
2145,2023,2145,0.06534920853046852,0.5941542476045116,0.5977372240391609,4.083916083916084
2146,2023,2146,0.3086251704922517,-0.5336501836877414,0.6164673668665127,4.082013047530289
2147,2023,2147,-0.45513854059605824,-0.10130645137124644,0.4662768364666472,4.08011178388449
2148,2023,2148,-0.11631954883150754,0.1468533921850052,0.18733968142550156,4.078212290502793
2149,2023,2149,0.5779728105303457,0.3701131388100586,0.6863208471496262,4.076314564913914
2150,2023,2150,-0.32112902375645314,-0.21514481219094786,0.38653737220539347,4.074418604651163
2151,2023,2151,0.3816688820946189,-0.21894127992444368,0.4400072949557879,4.072524407252441
2152,2023,2152,-0.6444623159385735,-0.07160917090395541,0.6484285234491629,4.070631970260223
2153,2023,2153,0.27207152270916185,0.17799685987055225,0.32512427715115183,4.068741291221551
2154,2023,2154,0.338669593451684,0.17596908576997103,0.3816571926158976,4.066852367688022
2155,2023,2155,-0.5623109638452705,-0.38480393137533797,0.6813719143481869,4.064965197215777
2156,2023,2156,-0.11777752139600736,0.6268189568172935,0.6377880127218659,4.063079777365492
2157,2023,2157,0.20953083825122196,-0.2811315428535978,0.35062532219664916,4.061196105702364
2158,2023,2158,0.2574160919806589,0.10884547220421782,0.2794823451131649,4.059314179796107
2159,2023,2159,-0.032414126080250794,-0.041036245133601615,0.052293871382901425,4.057433997220936
2160,2023,2160,-0.18310484469675803,-0.10154300666131022,0.20937613606436328,4.055555555555555
2161,2023,2161,-0.07987871999753553,0.14528873371445314,0.16579935480210395,4.053678852383156
2162,2023,2162,0.16420912861666243,-0.37400024067075677,0.40846152565795907,4.051803885291397
2163,2023,2163,-0.20233639558576325,-0.07326871130053267,0.21519368260773658,4.049930651872399
2164,2023,2164,-0.026424768511065636,0.15171579773693916,0.15399984309673578,4.048059149722736
2165,2023,2165,0.0006658616374586399,0.5580272381722325,0.5580276354391867,4.046189376443418
2166,2023,2166,0.15108680743674102,-0.4994476227867532,0.5217999149949776,4.044321329639889
2167,2023,2167,-0.20640388708702484,-0.029845488871392243,0.20855051620795786,4.042455006922012
2168,2023,2168,0.06545129991310515,-0.02047284113806016,0.06857849433007032,4.040590405904059
2169,2023,2169,0.31005864801047717,0.07040175783911579,0.3179508967009253,4.0387275242047025
2170,2023,2170,-0.13120659099621781,0.10443552793902718,0.16769600179119393,4.0368663594470044
2171,2023,2171,0.3496517587687999,-0.30317830755550695,0.4627887623768933,4.035006909258406
2172,2023,2172,-0.5337945920417025,0.0329731824343374,0.534812020482726,4.033149171270718
2173,2023,2173,0.16138693039919944,-0.10877033590829355,0.19461944218725696,4.03129314312011
2174,2023,2174,0.015555968811797235,0.2909116712710782,0.2913272878523491,4.029438822447102
2175,2023,2175,0.09040445589487517,-0.1390781673500035,0.1658785769142116,4.027586206896552
2176,2023,2176,0.11057874654495481,-0.012404750701790578,0.11127235518055205,4.025735294117647
2177,2023,2177,-0.14975045422054048,0.12601362985397901,0.19571569545704254,4.023886081763895
2178,2023,2178,0.3964410946604295,0.02381520881157839,0.3971557700780623,4.022038567493113
2179,2023,2179,-0.20531343486730294,-0.2890002608210125,0.35450635719493595,4.020192748967416
2180,2023,2180,-0.4454020395832808,0.18186308445623078,0.48109994632392195,4.018348623853211
2181,2023,2181,0.4362184221315863,0.3748393722304741,0.5751443877680689,4.016506189821183
2182,2023,2182,0.40702356037115045,-0.2635761761532052,0.4849129605741148,4.014665444546288
2183,2023,2183,-0.7435576209385538,0.1443470701438169,0.7574391145926557,4.012826385707742
2184,2023,2184,0.3664734375403495,0.2914074943551662,0.4682105383147593,4.010989010989011
2185,2023,2185,-0.18884193141798256,0.16820178561697657,0.25288953269444225,4.009153318077804
2186,2023,2186,0.36286928782442646,-0.5180743411511597,0.6325149350058185,4.007319304666057
2187,2023,2187,-0.09053179392612046,0.24332114741923117,0.25961738480481766,4.005486968449931
2188,2023,2188,-0.33773021201143294,0.26359635510099255,0.4284212115754961,4.003656307129799
2189,2023,2189,0.8306604815751932,-0.03443797663446445,0.8313740493216082,4.001827318410233
2190,2023,2190,-1.552366944063927,-0.7345928835616437,1.7174020593913895,4.0
2191,2023,2191,0.0009694608813324791,0.5054158729875962,0.5054168027699657,3.998174349612049
2192,2023,2192,0.7061619123725132,0.3627341086944188,0.7938769930511524,3.9963503649635035
2193,2023,2193,-0.20971304649360237,-0.7583111655247148,0.7867753082227983,3.9945280437756496
2194,2023,2194,-0.28388162495283903,0.5068331288411987,0.5809204743136736,3.992707383773929
2195,2023,2195,-0.2760246906625973,0.11247521082283078,0.29806090469067353,3.990888382687927
2196,2023,2196,0.7970766306758145,0.012935131509054561,0.79718158081874,3.989071038251366
2197,2023,2197,-0.3060122101257814,-0.7683224276054338,0.8270204504772373,3.9872553482020936
2198,2023,2198,-0.007417229316428509,0.44544479699234724,0.4455065459208046,3.9854413102820745
2199,2023,2199,-0.057465512377703254,0.35877318916939316,0.36334623484991435,3.9836289222373806
2200,2023,2200,0.43730915040848156,-0.48996898992025817,0.6567411241230946,3.981818181818182
2201,2023,2201,-0.49076986195108563,-0.02251914624184709,0.4912862397288869,3.980009086778737
2202,2023,2202,0.2852556761272311,-0.019029579283786503,0.28588970889229587,3.9782016348773843
2203,2023,2203,0.13538099877348597,0.3404078745094574,0.3663407373702154,3.976395823876532
2204,2023,2204,-0.1986698967983269,-0.3121803103452851,0.37003550378461847,3.97459165154265
2205,2023,2205,-0.008263767377866757,0.26515221118738125,0.26528095474201147,3.9727891156462585
2206,2023,2206,-0.4583915753872823,0.036715721295167446,0.4598596313835983,3.970988213961922
2207,2023,2207,0.6617415637756884,-0.08265300688670257,0.666883360697886,3.9691889442682373
2208,2023,2208,-0.37520803301993494,0.21916329820218355,0.4345268913675514,3.967391304347826
2209,2023,2209,0.0885643349942585,-0.09666051237208768,0.13109880275963529,3.9655952919873245
2210,2023,2210,0.3986814215890864,-0.056709473216636365,0.4026944750959507,3.9638009049773757
2211,2023,2211,-0.5247274163964204,-0.33937329781129694,0.6249104710159509,3.962008141112619
2212,2023,2212,-0.0023122263716506054,0.26197734111229626,0.2619875448319294,3.9602169981916817
2213,2023,2213,0.01186520609848452,-0.16240366239334528,0.16283652131672177,3.958427474017171
2214,2023,2214,0.142925598805484,-0.05179003613120928,0.15201952057672768,3.956639566395664
2215,2023,2215,-0.09643222497070868,-0.290112174480558,0.3057192303317524,3.9548532731376973
2216,2023,2216,-0.49872858764670314,0.07381763865478282,0.5041619262822643,3.953068592057762
2217,2023,2217,0.336592017549879,0.2935003734174421,0.446583313027341,3.9512855209742894
2218,2023,2218,0.02894050926993982,0.07969333472850863,0.08478549803447281,3.9495040577096483
2219,2023,2219,0.20140151972322445,-0.4473728836810107,0.49061702905615445,3.9477242000901307
2220,2023,2220,0.21829517672803286,-0.19717596107897895,0.29416176469783106,3.945945945945946
2221,2023,2221,-0.5251792609858146,0.2543581192998553,0.5835334686402878,3.9441692931112113
2222,2023,2222,0.39623160976071575,-0.23716730197738778,0.46178763268498385,3.942394239423942
2223,2023,2223,-0.13720250436682366,0.07684891731949058,0.15725865094711375,3.9406207827260458
2224,2023,2224,0.10177311240586843,-0.3375324768355198,0.35254211000602215,3.9388489208633093
2225,2023,2225,-0.10383239780425949,0.3094145744569795,0.3263717906317513,3.9370786516853933
2226,2023,2226,-0.1276477625028257,-0.11595077170340373,0.1724486379493693,3.9353099730458223
2227,2023,2227,0.5902460861690507,0.40443092074943376,0.7155101759556723,3.9335428828019756
2228,2023,2228,-0.450356388615004,-0.07944055982717425,0.45730917256491077,3.931777378815081
2229,2023,2229,0.3483574859101773,-0.5994582699293578,0.693327596000879,3.930013458950202
2230,2023,2230,-0.2707488817513178,0.48795883808983737,0.5580401281624585,3.928251121076233
2231,2023,2231,-0.10560547886267872,-0.1938325290587809,0.22073415342247973,3.9264903630658896
2232,2023,2232,0.3567952817144116,0.41139889667571927,0.5445658135061964,3.924731182795699
2233,2023,2233,-0.4413656761774286,-0.3600005718636386,0.5695648091742551,3.922973578145992
2234,2023,2234,0.16800792320737498,0.2848445761067137,0.3307009144194624,3.921217547000895
2235,2023,2235,-0.14964676824589873,0.12884161217018217,0.19746978572190066,3.9194630872483223
2236,2023,2236,0.267245114353544,-0.34980001634443497,0.4402045008634121,3.9177101967799643
2237,2023,2237,-0.3105493447374501,0.5564384576980135,0.6372320242440767,3.915958873491283
2238,2023,2238,-0.0009704870717734827,-0.49154272658060216,0.49154368462980896,3.9142091152815013
2239,2023,2239,0.20467163463409765,0.06930415217720538,0.21608688884982077,3.9124609200535954
2240,2023,2240,-0.26798657161683115,-0.24178368636782094,0.36093788047329667,3.9107142857142856
2241,2023,2241,-0.007579437261782702,0.2004039039048282,0.2005471829009346,3.9089692101740297
2242,2023,2242,-0.09459775654579827,0.1677440062778134,0.19257930103110568,3.9072256913470116
2243,2023,2243,0.27744795916232634,-0.44294479704421486,0.5226638147718671,3.905483727151137
2244,2023,2244,-0.6854741255276225,0.20514669232181423,0.7155137609707027,3.9037433155080214
2245,2023,2245,0.5925597305412671,0.2200637421723734,0.6321036978835418,3.9020044543429844
2246,2023,2246,0.3119196942833559,0.15577195883813538,0.3486528342665408,3.90026714158504
2247,2023,2247,-0.12305185549020312,-0.5364496202604174,0.5503816441498824,3.8985313751668893
2248,2023,2248,-0.17104265860131837,-0.1370686347646511,0.21918805099195637,3.8967971530249113
2249,2023,2249,-0.397224292030045,0.31082269218999253,0.5043787110485586,3.895064473099155
2250,2023,2250,0.6673570035630269,0.092874451974745,0.6737885677526972,3.8933333333333335
2251,2023,2251,-0.12369865862016946,-0.18054215894345313,0.2188534425143738,3.8916037316748113
2252,2023,2252,-0.014620495636421876,-0.27218121231371545,0.2725736069930808,3.8898756660746003
2253,2023,2253,-0.4166008695039377,0.2587338586877342,0.49040747761721715,3.88814913448735
2254,2023,2254,0.03077503600065296,0.21159043752229978,0.21381678159517725,3.8864241348713398
2255,2023,2255,0.6744561940598909,0.09178185506436069,0.6806725105546781,3.88470066518847
2256,2023,2256,-0.12808217457976748,-0.4214859268715996,0.4405172300783403,3.882978723404255
2257,2023,2257,-0.44719970722118113,0.06611079991378255,0.45205996947744703,3.8812583074878155
2258,2023,2258,0.2134385645573189,0.44503173649541067,0.4935678953582875,3.8795394154118688
2259,2023,2259,0.34743513063834963,0.01886462531069588,0.3479468983764621,3.8778220451527226
2260,2023,2260,-0.009814786828784563,-0.3165246981132722,0.3166768298379163,3.8761061946902653
2261,2023,2261,-0.18761444259970272,-0.09332043683911043,0.20954207931544333,3.874391862007961
2262,2023,2262,-0.26780470863254463,0.205939187795458,0.3378317791973026,3.872679045092838
2263,2023,2263,0.41428865421522787,-0.09495288076218025,0.4250307501540347,3.870967741935484
2264,2023,2264,-0.1833664586760666,-0.1152424458281023,0.21657349673458368,3.8692579505300353
2265,2023,2265,-0.15310489044871245,0.0762584992271098,0.17104521678107035,3.8675496688741724
2266,2023,2266,0.07668569417769835,0.09237138845758674,0.12005485869842115,3.8658428949691084
2267,2023,2267,-0.2481237498508971,-0.2088222019389031,0.32430249345739326,3.8641376268195855
2268,2023,2268,0.3702423815010712,0.30210782138738296,0.47785830201328056,3.8624338624338623
2269,2023,2269,-0.15175779705520398,-0.23545057725491544,0.2801203371708691,3.860731599823711
2270,2023,2270,0.35953943097057234,0.05430944086107444,0.3636180933194682,3.859030837004405
2271,2023,2271,-0.34691311381567397,0.02860049212277277,0.3480900697907821,3.857331571994716
2272,2023,2272,0.2599152646029065,-0.12378941300762965,0.28788845677861485,3.8556338028169015
2273,2023,2273,0.3606642756409393,-0.23801602366241523,0.4321230695573552,3.8539375274967003
2274,2023,2274,-0.4321383589395055,-0.2923383613810888,0.521732957366035,3.8522427440633247
2275,2023,2275,-0.014574294755491567,0.5674880550212924,0.5676751735451088,3.8505494505494506
2276,2023,2276,0.029510456559028658,0.11805876955687707,0.12169116695802584,3.8488576449912126
2277,2023,2277,0.27430064180787395,-0.2704935460459747,0.38523707057958145,3.847167325428195
2278,2023,2278,-0.25126888555477767,-0.002176723890638515,0.25127831377744486,3.845478489903424
2279,2023,2279,0.10547976644285516,-0.050058259062875775,0.11675534432840862,3.843791136463361
2280,2023,2280,0.07436775310160053,0.5033926016242298,0.5088562410655796,3.8421052631578947
2281,2023,2281,-0.02140576593635433,-0.11905028273601677,0.12095940077086824,3.8404208680403333
2282,2023,2282,-0.09658261808626663,-0.2685814884005232,0.28541937220139424,3.838737949167397
2283,2023,2283,0.03662436649588004,0.14424289673270305,0.14881988267387453,3.8370565045992118
2284,2023,2284,0.011167178516972711,0.11593115053481588,0.11646775322103572,3.8353765323992994
2285,2023,2285,0.022177907166609945,-0.1363381340379202,0.1381301790313495,3.833698030634573
2286,2023,2286,-0.0980876911071776,0.42523476313055963,0.4364009611829931,3.832020997375328
2287,2023,2287,0.005582722317023361,-0.23748349618407474,0.23754910597238718,3.830345430695234
2288,2023,2288,0.14847043652815528,-0.07320833213765444,0.1655383049847923,3.8286713286713288
2289,2023,2289,-0.15438351152122542,-0.051658730325716516,0.16279709164628664,3.8269986893840104
2290,2023,2290,0.10261646642817789,0.14896802543573573,0.18089116005053252,3.8253275109170306
2291,2023,2291,-0.4151137267097153,0.15896023770790213,0.44450845129758887,3.8236577913574856
2292,2023,2292,0.10655945206519654,-0.2877417150508511,0.30683906433966346,3.8219895287958114
2293,2023,2293,0.0833579788380906,0.32342145277433176,0.3339910010024684,3.820322721325774
2294,2023,2294,-0.41348223189153327,-0.2507734891432907,0.48358546188559454,3.8186573670444637
2295,2023,2295,0.41196570110964364,0.2285296220169396,0.4711067045054289,3.816993464052288
2296,2023,2296,-0.15133749657094664,0.08029847513838302,0.17132099397887815,3.8153310104529616
2297,2023,2297,0.137387120522703,-0.2270929694170536,0.26541747803069515,3.813670004353505
2298,2023,2298,0.054901700830577854,-0.06615749896919743,0.08597099175855558,3.8120104438642297
2299,2023,2299,-0.2784834071918071,-0.32379903682938793,0.4270817536875079,3.8103523270987387
2300,2023,2300,0.0314222429553985,0.26930966501526266,0.2711365947690962,3.8086956521739133
2301,2023,2301,0.023145252526690474,-0.35536552123633985,0.35611845837880934,3.8070404172099086
2302,2023,2302,0.06383550046310013,0.16011642701607207,0.17237239140815905,3.8053866203301476
2303,2023,2303,-0.05836716619121611,0.21306082435116078,0.22091093445637594,3.8037342596613115
2304,2023,2304,0.020286780317453835,-0.0640012699548648,0.06713952644667753,3.8020833333333335
2305,2023,2305,0.053546221715654575,0.12940163843407496,0.14004278592432065,3.8004338394793926
2306,2023,2306,0.10794979816618318,-0.14567101745191743,0.18130969154900828,3.7987857762359063
2307,2023,2307,-0.1872930243106856,-0.0036364132960232105,0.1873283226239496,3.7971391417425226
2308,2023,2308,0.5042914254817448,0.19508355271535013,0.5407101204475953,3.7954939341421143
2309,2023,2309,-0.07371397467601228,-0.03394219986338515,0.08115308370050864,3.793850151580771
2310,2023,2310,-0.3134063699092997,-0.26838124945589475,0.41261610215699535,3.792207792207792
2311,2023,2311,0.0876165145457582,0.10759438889663862,0.13875592291209832,3.7905668541756814
2312,2023,2312,-0.19904544094261692,-0.011537607791738902,0.19937954748067013,3.7889273356401385
2313,2023,2313,0.2807843862760258,0.22087380318483382,0.357246565427489,3.7872892347600517
2314,2023,2314,-0.06439424212826089,-0.08311481457018663,0.10514128979763182,3.7856525496974935
2315,2023,2315,-0.24940976896828107,-0.2396842163376346,0.3459100409328954,3.7840172786177106
2316,2023,2316,-0.06836178795850928,0.5413047163356272,0.5456043712985426,3.7823834196891193
2317,2023,2317,0.1398530461582632,-0.5213667407317892,0.5397982519988686,3.780750971083297
2318,2023,2318,0.19970948862224608,0.14594931673521416,0.24735618630071676,3.7791199309749786
2319,2023,2319,-0.4422234958962026,0.34311552313890065,0.5597230409242951,3.777490297542044
2320,2023,2320,0.44661404846897634,-0.2189318077800436,0.4973884244206806,3.7758620689655173
2321,2023,2321,0.05853645661890951,-0.03255913999689832,0.06698219428202616,3.774235243429556
2322,2023,2322,-0.26737384147683974,-0.32636034815351006,0.4219002820015205,3.772609819121447
2323,2023,2323,-0.08704731516707301,0.32552515761600204,0.3369627031567718,3.770985794231597
2324,2023,2324,0.22810632595332253,0.04767328633788817,0.23303484325348794,3.7693631669535286
2325,2023,2325,0.20562921301932674,-0.31969912919841326,0.3801195949397655,3.767741935483871
2326,2023,2326,-0.5962604613897635,-0.20343045068702212,0.6300083222334912,3.7661220980223558
2327,2023,2327,-0.0638222864878171,0.38437238770620225,0.389634978773082,3.764503652771809
2328,2023,2328,0.5333442894473641,0.42792354683427924,0.6837943353241114,3.7628865979381443
2329,2023,2329,0.007436471194840184,-0.5449675547381837,0.545018290354688,3.7612709317303565
2330,2023,2330,-0.18368680391569156,-0.13969980548239413,0.23077451675733282,3.759656652360515
2331,2023,2331,-0.07970809240114234,0.30351079462082453,0.31380277635099624,3.7580437580437582
2332,2023,2332,0.28730100726283225,0.152948214115009,0.3254766120249021,3.7564322469982847
2333,2023,2333,0.0675235770677951,-0.20898770938879757,0.21962535403638392,3.7548221174453493
2334,2023,2334,0.01013700620262371,-0.028724521398438906,0.030460745629767604,3.7532133676092543
2335,2023,2335,-0.3601265205539976,0.18459097583219705,0.40467880987891075,3.7516059957173447
2336,2023,2336,0.4894149413938109,-0.08675720733801791,0.49704506625113903,3.75
2337,2023,2337,-0.17455601753966582,0.10255001390685248,0.20245075601637982,3.748395378690629
2338,2023,2338,-0.06713170904682896,-0.06200236169489398,0.09138358285432101,3.746792130025663
2339,2023,2339,-0.03640385972438776,0.27524198999106025,0.2776389635066948,3.745190252244549
2340,2023,2340,0.03785843901013783,-0.16658136777554164,0.17082919391677345,3.7435897435897436
2341,2023,2341,0.2097696217367973,-0.08817839134667808,0.22754938563768293,3.7419906023067067
2342,2023,2342,-0.5228244155784135,-0.061706279940131975,0.5264532595672284,3.740392826643894
2343,2023,2343,0.26441701994216255,0.11952356114976803,0.29017622594729625,3.738796414852753
2344,2023,2344,-0.0630357116769564,0.14520285184754367,0.1582951961724679,3.737201365187713
2345,2023,2345,0.040525561706705425,-0.2412629106685306,0.2446428278447896,3.7356076759061834
2346,2023,2346,0.10483188672166782,0.18900752196347145,0.2161332177903173,3.734015345268542
2347,2023,2347,-0.017316827635460788,-0.16836246333014682,0.16925067674296398,3.732424371538134
2348,2023,2348,0.07735796331406448,0.1176960879365215,0.1408425489816964,3.7308347529812607
2349,2023,2349,-0.03866741460106064,-0.3038103870345143,0.3062611960761462,3.7292464878671776
2350,2023,2350,0.1505382659921505,-0.057752400158349766,0.16123619088769622,3.727659574468085
2351,2023,2351,-0.22141543298950447,0.030329466671582577,0.2234830430133624,3.726074011059124
2352,2023,2352,0.12979541811448983,0.002655126171382604,0.12982257222263466,3.7244897959183674
2353,2023,2353,-0.1776805021867615,0.1128975548281976,0.210514177060657,3.7229069273268167
2354,2023,2354,-0.013077591779643313,-0.3546718899545771,0.35491290893782185,3.721325403568394
2355,2023,2355,-0.09294361971548142,0.39289962083752145,0.4037432705322581,3.7197452229299364
2356,2023,2356,0.3334635976649765,0.152760545608922,0.366788433926705,3.7181663837011882
2357,2023,2357,0.4402389105009587,-0.022465756327477986,0.44081176087581503,3.7165888841747985
2358,2023,2358,-0.4769903876136502,-0.2878058620211024,0.5570924915034577,3.7150127226463106
2359,2023,2359,0.17885760492507669,-0.05009078147534859,0.1857394121567793,3.7134378974141584
2360,2023,2360,-0.17095899405642276,0.21452402273572863,0.27431283961838787,3.711864406779661
2361,2023,2361,0.4211235350437055,-0.21133620635867217,0.471177274373226,3.710292249047014
2362,2023,2362,-0.3462801761483832,-0.13344606258746963,0.37110350579515433,3.7087214225232854
2363,2023,2363,-0.4716601426953353,0.24841946640333085,0.5330811584510371,3.7071519255184087
2364,2023,2364,0.38628071490827387,0.1601054211542769,0.41814654918226396,3.7055837563451774
2365,2023,2365,-0.08344513567009584,-0.21313762544994078,0.2288902314417108,3.704016913319239
2366,2023,2366,0.04835695735342871,0.2711511781766524,0.27542940429639684,3.702451394759087
2367,2023,2367,0.2158204445607589,-0.04471573531409532,0.22040408633935044,3.700887198986058
2368,2023,2368,-0.3174169554818308,-0.26136486353011285,0.41117528563310934,3.699324324324324
2369,2023,2369,-0.15946790185347176,0.24721099566237856,0.2941824061665365,3.6977627691008865
2370,2023,2370,0.11638258763715566,-0.1417825440181882,0.1834317216115841,3.6962025316455698
2371,2023,2371,0.12361308325283438,-0.06347167212528329,0.13895627914438277,3.6946436102910165
2372,2023,2372,0.0005681449635720286,-0.06830209074664208,0.06830445365466414,3.6930860033726813
2373,2023,2373,-0.21470181373560016,-0.013807718544208192,0.21514535066496884,3.691529709228824
2374,2023,2374,0.17023756339269427,0.09634670620892909,0.1956106228894313,3.6899747262005054
2375,2023,2375,-0.037456017533342816,-0.11290552499341273,0.11895633998865396,3.688421052631579
2376,2023,2376,-0.2801260716942734,0.03602228794409968,0.28243268449595704,3.686868686868687
2377,2023,2377,0.4591336880531309,0.15734356759136958,0.48534600211359485,3.6853176272612536
2378,2023,2378,-0.021396273428126524,-0.18869084379862136,0.18990006595587816,3.6837678721614804
2379,2023,2379,-0.30591076874218043,-0.06045089947688816,0.3118264095293993,3.682219419924338
2380,2023,2380,0.13657641947374205,0.4307797295147488,0.4519118207317305,3.680672268907563
2381,2023,2381,0.2687970827465903,-0.08676919076375313,0.28245488871477137,3.6791264174716507
2382,2023,2382,-0.01829130766509949,-0.274350952705709,0.27496002834344757,3.677581863979849
2383,2023,2383,-0.23976553195902583,-0.06926297669760982,0.2495693696281823,3.6760386067981536
2384,2023,2384,0.13163106939499755,0.36208667816129186,0.38527068527458663,3.674496644295302
2385,2023,2385,0.21986128455066192,0.09898936093717334,0.24111797532124624,3.6729559748427674
2386,2023,2386,-0.368779096356335,-0.39802020779783825,0.5426030848832591,3.6714165968147525
2387,2023,2387,-0.15669204964522954,0.07357169688761582,0.1731045724553407,3.669878508588186
2388,2023,2388,0.07666455327348012,0.2914568487913746,0.30137111413674084,3.6683417085427137
2389,2023,2389,0.2826911515807829,-0.21352243261668216,0.354268424238761,3.666806195060695
2390,2023,2390,0.06880989288108519,0.04452146457303921,0.0819570751432407,3.6652719665271967
2391,2023,2391,-0.2681592294103378,0.3365408335530112,0.4303127989805808,3.6637390213299876
2392,2023,2392,-0.11993233780058295,-0.36447107208365576,0.3836964008641761,3.6622073578595318
2393,2023,2393,0.020773578004982064,0.15025770716919423,0.15168691475164361,3.6606769745089847
2394,2023,2394,0.18820250031095478,-0.03780785864485019,0.19196253618506898,3.6591478696741855
2395,2023,2395,0.020366316351534772,-0.09890281709468352,0.10097798805182848,3.6576200417536535
2396,2023,2396,-0.3536761305298135,0.15231686216142118,0.3850808120450084,3.656093489148581
2397,2023,2397,0.09802318777843075,0.023744970256066533,0.10085816255864956,3.6545682102628287
2398,2023,2398,-0.041459130927895216,-0.03060464028060775,0.051531578124503,3.653044203502919
2399,2023,2399,0.2408189681276019,-0.2420532175912546,0.34144331236139647,3.6515214672780325
2400,2023,2400,0.18387685554028158,-0.24128025994882965,0.30335929496944114,3.65
2401,2023,2401,-0.6422628800927043,0.2040611445182998,0.6739010000341993,3.6484798000832988
2402,2023,2402,0.1249720494219127,0.05148566361299392,0.13516207565135774,3.646960865945046
2403,2023,2403,0.39802862517338494,-0.011624168197957667,0.39819832714830605,3.645443196004994
2404,2023,2404,-0.381565108225707,-0.12023670401296381,0.40006099135906337,3.643926788685524
2405,2023,2405,0.22737324396530884,-0.061189224719846225,0.2354627641329382,3.6424116424116426
2406,2023,2406,-0.05682777522660629,0.35049729111474004,0.35507428394066576,3.6408977556109727
2407,2023,2407,0.18967493465874707,-0.11652189014206289,0.222607124144936,3.6393851267137514
2408,2023,2408,0.1938619526822134,0.09097745965213949,0.21414797421997112,3.637873754152824
2409,2023,2409,-0.051865528267356575,-0.3206291325727605,0.32479697301054516,3.6363636363636362
2410,2023,2410,0.2538289203041728,0.05881893595836033,0.26055476969354413,3.6348547717842323
2411,2023,2411,-0.6963063607044746,-0.1143670937239716,0.7056361527617314,3.633347158855247
2412,2023,2412,0.31054631774676833,0.0607184864839876,0.31642653186321623,3.6318407960199006
2413,2023,2413,0.02827081559039421,0.3875351446879606,0.3885649590254693,3.630335681723995
2414,2023,2414,-0.09846513004384586,-0.363300713911434,0.376407745089164,3.628831814415907
2415,2023,2415,-0.09674719420815407,0.1135818966870224,0.14920076019300876,3.627329192546584
2416,2023,2416,-0.2983885064742817,0.3509814217813635,0.4606773917087964,3.6258278145695364
2417,2023,2417,0.48742924118109954,0.05209918949912373,0.4902056616409567,3.6243276789408356
2418,2023,2418,0.15844235279000948,-0.4057480344662416,0.4355863251192032,3.6228287841191067
2419,2023,2419,-0.17436984717777193,-0.17178435330195577,0.2447748100687052,3.6213311285655228
2420,2023,2420,-0.16892386675636178,0.5066124590839584,0.534033197899734,3.6198347107438016
2421,2023,2421,0.06660901628876759,-0.3860503429410463,0.39175455113611224,3.618339529120198
2422,2023,2422,0.04160461641153335,0.011024775582213531,0.04304055974762645,3.616845582163501
2423,2023,2423,-0.10363538202093121,-0.18522896095778432,0.21224999501560593,3.6153528683450267
2424,2023,2424,-0.18682362732468472,0.13604186173683236,0.23110702254924254,3.613861386138614
2425,2023,2425,0.23246455541877709,0.3311771183151566,0.4046208759092651,3.6123711340206186
2426,2023,2426,0.13209196378798846,-0.1418665431373389,0.19384117972996784,3.6108821104699094
2427,2023,2427,-0.24507026610421734,-0.38805106055236444,0.45895867016999115,3.6093943139678615
2428,2023,2428,-0.0016257869503323082,0.26950923099896956,0.26951413465134594,3.6079077429983526
2429,2023,2429,0.10308944669654897,0.19137485498394433,0.21737472056411328,3.606422396047756
2430,2023,2430,0.2368236856262658,-0.14900318599110912,0.279798869742373,3.6049382716049383
2431,2023,2431,-0.11742425674450116,-0.2604032435445949,0.2856541708439492,3.6034553681612507
2432,2023,2432,-0.14927779571901323,0.10618908150375861,0.1831938353912034,3.601973684210526
2433,2023,2433,0.12528915168580504,0.3346544380736342,0.35733872509501197,3.6004932182490754
2434,2023,2434,0.10211181671468755,-0.22715372115430194,0.24904946526146227,3.5990139687756777
2435,2023,2435,0.031218435026068896,0.10516452620857578,0.10970035669108422,3.597535934291581
2436,2023,2436,-0.10623263994001005,-0.19839223849208257,0.22504411585847603,3.5960591133004924
2437,2023,2437,0.04637510724769568,0.04984798884160889,0.06808430482709242,3.5945835043085763
2438,2023,2438,-0.06007879172648027,0.370239957846522,0.37508277433322396,3.593109105824446
2439,2023,2439,-0.02541622611218966,-0.09809658073162028,0.10133569805858766,3.591635916359164
2440,2023,2440,-0.14387547410609342,0.24314762185694616,0.282525959982338,3.5901639344262297
2441,2023,2441,0.2390601596418394,-0.25954326042683,0.35286323690768784,3.5886931585415813
2442,2023,2442,-0.04304634833812764,-0.09896102790050666,0.10791790003689046,3.5872235872235874
2443,2023,2443,-0.279662471166699,0.2145294014874947,0.3524683842299156,3.5857552189930413
2444,2023,2444,0.41619357719933214,0.12826101728480938,0.43550887735717925,3.5842880523731586
2445,2023,2445,-0.3010109850397475,-0.15834178919182515,0.3401172376094271,3.5828220858895707
2446,2023,2446,0.00943738098430558,-0.1593904854923698,0.15966963087994,3.581357318070319
2447,2023,2447,0.08753590885906085,0.11561096532315503,0.1450118293200026,3.579893747445852
2448,2023,2448,-0.03447240981244961,-0.15260215497211257,0.15644732257347882,3.5784313725490198
2449,2023,2449,0.07310243685684097,0.26099465707423475,0.27103906968499175,3.576970191915067
2450,2023,2450,-0.2237609633615291,-0.0660508209035173,0.23330597863429922,3.5755102040816324
2451,2023,2451,0.09221336161402956,-0.008349856778047924,0.09259062678464647,3.574051407588739
2452,2023,2452,0.015096224214502449,-0.16909636387395166,0.16976889073362764,3.572593800978793
2453,2023,2453,-0.10336969506540807,-0.05702634891289868,0.11805633540073615,3.5711373827965756
2454,2023,2454,0.03027706674013556,0.4056539384275001,0.40678227411248963,3.569682151589242
2455,2023,2455,-0.04887084542432452,-0.06417212083892006,0.08066238668334318,3.5682281059063135
2456,2023,2456,0.26131101488637654,-0.14868694752849843,0.3006513842746954,3.566775244299674
2457,2023,2457,-0.3007090667916788,0.05250963848200964,0.30525924225850015,3.5653235653235655
2458,2023,2458,0.16731100267582957,-0.09524514268553651,0.1925217100006637,3.563873067534581
2459,2023,2459,0.21654591094326597,0.14700125880398682,0.26172791527883604,3.5624237494916633
2460,2023,2460,-0.018746591807069193,-0.26720914291580655,0.2678659380402458,3.5609756097560976
2461,2023,2461,-0.04856346226433912,0.061763478636028414,0.0785693143684163,3.5595286468915077
2462,2023,2462,-0.1174458990424255,0.0026981230578827305,0.11747688738606876,3.5580828594638505
2463,2023,2463,0.02671410310746352,-0.010854101157492536,0.028834958241226446,3.556638246041413
2464,2023,2464,-0.15590424736779412,0.036816017383781874,0.16019223914822237,3.5551948051948052
2465,2023,2465,0.2203125781679277,-0.12573202216065327,0.25366547556891983,3.5537525354969572
2466,2023,2466,-0.011309381835465005,0.38887149394622694,0.38903591212312366,3.5523114355231145
2467,2023,2467,-0.03216348067268196,0.09945629746610332,0.10452772165625737,3.550871503850831
2468,2023,2468,0.36222610557736495,-0.07608048809807817,0.37012969649973526,3.5494327390599674
2469,2023,2469,-0.32570594614087867,-0.34505986592179755,0.4745004472300251,3.547995139732685
2470,2023,2470,-0.05060553935749045,-0.06931019102261526,0.08581854807239478,3.5465587044534415
2471,2023,2471,0.008455315538645963,0.2688062163007579,0.26893916465027534,3.5451234318089844
2472,2023,2472,0.40915017196529674,-0.11732215267150667,0.42563875613800517,3.5436893203883497
2473,2023,2473,-0.4868950339221592,0.015298104191665371,0.48713530569023594,3.542256368782855
2474,2023,2474,-0.4195130347784514,-0.1270797857825975,0.43833829207996083,3.5408245755860954
2475,2023,2475,0.23527816466251691,0.3178185816506548,0.3954294698291926,3.5393939393939395
2476,2023,2476,0.32598816173473716,-0.08928457458424692,0.33799410771473976,3.5379644588045234
2477,2023,2477,0.025546839711530323,-0.15881358741563537,0.16085520373015688,3.536536132418248
2478,2023,2478,-0.18181029620258154,0.16369561218663753,0.24464512513930964,3.5351089588377724
2479,2023,2479,0.08498985905479295,0.21633899269244286,0.23243458413354587,3.5336829366680114
2480,2023,2480,0.06759802235159759,-0.5171271061483174,0.5215265444243277,3.532258064516129
2481,2023,2481,-0.14791139917527985,0.06978994999799862,0.1635494393958968,3.5308343409915355
2482,2023,2482,0.1968250062262195,0.2896737674703643,0.3502156116400667,3.5294117647058822
2483,2023,2483,0.18720378102619087,-0.04148272564605138,0.19174480998850424,3.5279903342730567
2484,2023,2484,-0.2648024337043948,-0.1178867790193906,0.28985793341452126,3.526570048309179
2485,2023,2485,-0.13620821620867607,-0.12128858748076345,0.18238311220019318,3.5251509054325956
2486,2023,2486,0.09362637913507398,0.4974961462787154,0.5062295076663524,3.523732904263878
2487,2023,2487,0.1610702675306483,-0.5302403635432393,0.55416466344658,3.522316043425814
2488,2023,2488,-0.042926250983605765,0.21734674841629573,0.22154519193754593,3.5209003215434085
2489,2023,2489,-0.2795860486540177,0.12514186419627477,0.30631494376945706,3.519485737243873
2490,2023,2490,0.2844869982208371,-0.18674953909728698,0.3403061011938394,3.5180722891566263
2491,2023,2491,-0.18608641291859465,0.18473429388686113,0.2622115794750241,3.5166599759132877
2492,2023,2492,0.12501528549402138,-0.01558217249981171,0.12598264049846536,3.5152487961476724
2493,2023,2493,-0.02678904059175393,0.020873514347540197,0.0339610997619866,3.5138387484957883
2494,2023,2494,0.06948747455136045,-0.0400006865391963,0.0801783265174137,3.51242983159583
2495,2023,2495,0.054534578289878476,-0.08030354474692024,0.0970704874211287,3.5110220440881763
2496,2023,2496,-0.2976267268386044,0.08076738408250073,0.3083910486058106,3.5096153846153846
2497,2023,2497,0.20925610950576523,0.05025340234086043,0.21520577086203152,3.5082098518221865
2498,2023,2498,-0.05105140020814828,-0.25759160295933226,0.26260175052419354,3.5068054443554844
2499,2023,2499,-0.27609719524876297,0.24867051610523208,0.37157325900053145,3.5054021608643455
2500,2023,2500,0.2311408522211862,-0.18440741892875803,0.29568934664864527,3.504
2501,2023,2501,-0.08282825103914089,0.06667430795552283,0.1063295937712114,3.502598960415834
2502,2023,2502,-0.26224639221533613,0.22444444398524127,0.3451789081995075,3.501199040767386
2503,2023,2503,0.33089731431067965,-0.24516579090474477,0.41182435290785047,3.499800239712345
2504,2023,2504,-0.30290063493703,0.06649518701020898,0.31011353492032334,3.498402555910543
2505,2023,2505,0.3116091738056058,-0.006405330399069669,0.3116749997310235,3.497005988023952
2506,2023,2506,-0.08829426798859427,-0.08885259501681138,0.12526237025085865,3.49561053471668
2507,2023,2507,0.157567195111847,0.09822168860489743,0.185674233774674,3.494216194654966
2508,2023,2508,-0.09268515412118333,0.01062442822549811,0.09329210186069488,3.492822966507177
2509,2023,2509,-0.10723257236297808,-0.1109777071596818,0.1543206922677624,3.491430848943802
2510,2023,2510,0.4825651402919971,0.038971241252016564,0.48413621251643396,3.49003984063745
2511,2023,2511,-0.245080303212081,-0.44097199000414466,0.5045003974138583,3.4886499402628437
2512,2023,2512,-0.3963046346319641,0.24049708472408476,0.4635689929142782,3.4872611464968153
2513,2023,2513,0.13960063233933379,0.30722513061480505,0.3374546153645344,3.485873458018305
2514,2023,2514,0.35754433195760377,-0.22970690588442644,0.42497436619872253,3.484486873508353
2515,2023,2515,-0.29519814070547434,0.19775366454563595,0.3553145847234489,3.4831013916500995
2516,2023,2516,-0.056980546575009,-0.2522785005724457,0.2586333786251656,3.481717011128776
2517,2023,2517,-0.029934460860232055,0.6176939001750491,0.6184188113733736,3.4803337306317044
2518,2023,2518,0.30261862017519153,-0.295027932206571,0.4226340143183247,3.4789515488482925
2519,2023,2519,0.29782875775469214,-0.41333124569860796,0.5094552851982852,3.477570464470028
2520,2023,2520,-0.5955725367009005,0.1864938256235908,0.6240886102694615,3.4761904761904763
2521,2023,2521,0.3323051453686634,0.10723068456716495,0.3491777904610076,3.474811582705276
2522,2023,2522,-0.2384412779654891,-0.24284069803401773,0.3403319668492289,3.4734337827121333
2523,2023,2523,-0.054943279248611435,-0.21954220201743715,0.22631293025643956,3.4720570749108206
2524,2023,2524,-0.055491452800002436,0.3052747253452194,0.3102772296970147,3.4706814580031695
2525,2023,2525,-0.04896220484297233,-0.05844761215257016,0.07624579247028947,3.4693069306930693
2526,2023,2526,0.25243328021511663,0.18806236963786097,0.3147856665001935,3.467933491686461
2527,2023,2527,-0.29283866708874745,-0.09723100650562795,0.30855850914925637,3.4665611396913336
2528,2023,2528,0.10690712795116836,-0.031005960399414972,0.1113126389367244,3.4651898734177213
2529,2023,2529,0.2451827123423985,0.14241561704716327,0.28354324257597746,3.4638196915776986
2530,2023,2530,0.22758114464285834,-0.26673566844960944,0.35062956837696047,3.4624505928853755
2531,2023,2531,-0.24378831326454428,-0.16528835892019483,0.2945385938699761,3.4610825760568944
2532,2023,2532,-0.21058427936821159,0.22351207262254452,0.3070885626737906,3.4597156398104265
2533,2023,2533,0.1524095017687009,0.019613236014824138,0.15366631139048287,3.4583497828661667
2534,2023,2534,-0.1300392340802361,-0.21877828642443473,0.25450764430756584,3.45698500394633
2535,2023,2535,0.0872832603189934,0.16837729838255058,0.18965569367282292,3.455621301775148
2536,2023,2536,0.0020554509361699227,-0.18198776411984563,0.1819993713392757,3.454258675078864
2537,2023,2537,-0.10497854165951674,0.367627968349587,0.38232292283069275,3.452897122585731
2538,2023,2538,0.07215127524539167,-0.1331459438598215,0.15143859774132554,3.451536643026005
2539,2023,2539,0.08245176391671272,0.02378711875073483,0.08581445327821467,3.4501772351319415
2540,2023,2540,-0.2821704597976762,-0.028257050385218776,0.2835817858729731,3.4488188976377954
2541,2023,2541,0.16211144885298207,-0.07535993364106666,0.17877147828330725,3.447461629279811
2542,2023,2542,-0.04140069551804456,0.12054398519244032,0.12745536456129694,3.4461054287962236
2543,2023,2543,0.00868041315686212,-0.016371620920642507,0.018530503073123632,3.4447502949272515
2544,2023,2544,-0.04680021903390226,-0.02450066938247808,0.05282559324617875,3.443396226415094
2545,2023,2545,-0.07538882525321305,0.3512751698012953,0.35927387866638505,3.4420432220039294
2546,2023,2546,0.09801091992301035,-0.5708523370264559,0.5792050855376886,3.4406912804399057
2547,2023,2547,-0.044167529070673256,-0.010384232462053824,0.045371829454351295,3.4393404004711425
2548,2023,2548,-0.11174117313318863,0.41766055747272984,0.43234989423106457,3.437990580847724
2549,2023,2549,0.3038449986093189,-0.4099024514118377,0.5102370065502216,3.436641820321695
2550,2023,2550,-0.36565996443283766,0.2915617410200693,0.46767024538201923,3.4352941176470586
2551,2023,2551,-0.27933243668610386,-0.37330137031735466,0.4662408425543723,3.4339474715797724
2552,2023,2552,0.3643475704692179,0.40981229443063355,0.5483568808479766,3.4326018808777428
2553,2023,2553,0.1020829412290116,-0.13572939710224724,0.16983343642435478,3.4312573443008225
2554,2023,2554,0.34612757204594186,-0.5519829523478235,0.6515285686852406,3.4299138606108066
2555,2023,2555,-1.279373905585474,1.2593959172709888,1.795236938883518,3.4285714285714284
2556,2023,2556,0.9865833901807282,-0.11522168884971487,0.9932888921969678,3.427230046948357
2557,2023,2557,0.5169845632512552,-0.6527474660058034,0.8326777846304586,3.4258897145091907
2558,2023,2558,-1.0612629906034825,-0.2777727679636421,1.097012691743733,3.424550430023456
2559,2023,2559,0.33998266578692543,0.4977801506467812,0.6028045217261699,3.4232121922626026
2560,2023,2560,0.21544327467196486,0.3526892445928941,0.4132862299337905,3.421875
2561,2023,2561,0.14758955911734467,-0.6249204253376922,0.6421123079062527,3.4205388520109334
2562,2023,2562,-0.6040867977493379,-0.04630728581362991,0.6058590792704808,3.4192037470725993
2563,2023,2563,0.012313338716174628,0.3420566018412472,0.34227815760506947,3.4178696839641045
2564,2023,2564,0.4452898599977111,0.15420094744493915,0.47123347887188366,3.4165366614664587
2565,2023,2565,-0.18901270911126725,-0.3631924657455411,0.40943201069274804,3.415204678362573
2566,2023,2566,-0.15359228662813537,0.2298851461677386,0.2764738160119722,3.4138737334372564
2567,2023,2567,0.3321157177290996,0.0005974451186919894,0.33211625510261433,3.412543825477211
2568,2023,2568,-0.07006578427653214,-0.07190663865736961,0.10039810162192839,3.411214953271028
2569,2023,2569,0.03859739849620275,-0.154010462089385,0.1587733655361017,3.4098871156091866
2570,2023,2570,0.10188372789522841,0.23898770196865807,0.2597987985000875,3.4085603112840466
2571,2023,2571,-0.06833090856705769,-0.1060295471178601,0.12614031047852273,3.407234539089848
2572,2023,2572,0.018824693349355496,-0.37209075056780855,0.37256663261464035,3.405909797822706
2573,2023,2573,-0.2400788357710306,0.3783649105638147,0.4481047343324292,3.4045860862806063
2574,2023,2574,0.059016396794502234,0.09377567552348254,0.11080077802295259,3.403263403263403
2575,2023,2575,-0.041172270125782576,-0.275502379019623,0.2785618722524359,3.4019417475728155
2576,2023,2576,-0.18214545713120758,0.17252379151477806,0.25088129900845774,3.400621118012422
2577,2023,2577,0.23183884165360324,0.2861945233860294,0.3683158341904961,3.3993015133876603
2578,2023,2578,0.008671538756432987,-0.12096413542170362,0.1212745548032421,3.3979829325058186
2579,2023,2579,0.2510789571072826,-0.058285196469948966,0.2577553235718347,3.3966653741760373
2580,2023,2580,-0.3443396298566794,-0.1429571786117287,0.372835802474039,3.395348837209302
2581,2023,2581,-0.015010225370047536,0.0927200398085911,0.09392716671850769,3.3940333204184423
2582,2023,2582,0.3565646177747646,-0.10341860107064861,0.37125965805117306,3.3927188226181255
2583,2023,2583,-0.0040731265098917216,-0.09651923016460141,0.09660513522133742,3.391405342624855
2584,2023,2584,-0.4407330926591698,-0.12960091049950762,0.4593931377014874,3.390092879256966
2585,2023,2585,-0.07922484479062639,0.15885548160310942,0.17751518263927363,3.388781431334623
2586,2023,2586,0.14171166342572047,0.3795673342598982,0.4051586809980134,3.3874709976798143
2587,2023,2587,0.24617581319110626,-0.24732018610596587,0.3489553058140713,3.386161577116351
2588,2023,2588,-0.0790261803812025,0.055300651202590825,0.09645361169532722,3.384853168469861
2589,2023,2589,-0.10450850465703415,-0.11731283993963132,0.15711247550831503,3.3835457705677867
2590,2023,2590,0.22684554713780536,0.26195244425392883,0.3465227053265889,3.382239382239382
2591,2023,2591,-0.24542136491548389,-0.19186484575301857,0.3115184832282167,3.3809340023157084
2592,2023,2592,0.48487453419507204,-0.07601737779904025,0.49079726531260354,3.3796296296296298
2593,2023,2593,-0.5376738022953543,0.20724631562600165,0.5762327247000955,3.3783262630158117
2594,2023,2594,-0.11573626561578826,-0.2218052177626569,0.2501848073033771,3.377023901310717
2595,2023,2595,0.3603660606321527,0.45042833164914436,0.5768443287471655,3.3757225433526012
2596,2023,2596,-0.08649141638154452,-0.3539819635110965,0.36439538361353724,3.37442218798151
2597,2023,2597,0.17700749354420073,0.06814323474064418,0.18967117127206973,3.3731228340392763
2598,2023,2598,-0.45271323176671435,0.19765139275001584,0.4939790919388024,3.371824480369515
2599,2023,2599,0.3795537538559614,-0.13386437796472486,0.4024682891285156,3.370527125817622
2600,2023,2600,-0.14325452593654595,0.0609147866152438,0.1556678207905706,3.3692307692307693
2601,2023,2601,-0.1671664353791232,-0.44508227950963525,0.47543964143816997,3.3679354094579006
2602,2023,2602,0.18696899227405436,0.6377353746802807,0.6645779203303203,3.366641045349731
2603,2023,2603,-0.26563232401348286,0.10508803388243389,0.2856641847100884,3.36534767575874
2604,2023,2604,0.5046243917490418,-0.27285895197959065,0.5736704493204186,3.3640552995391704
2605,2023,2605,-0.43397258735053457,-0.11564707921677354,0.44911741616540324,3.362763915547025
2606,2023,2606,0.10119925211665642,0.10201179603675667,0.14369305884285236,3.3614735226400616
2607,2023,2607,0.43924492141027,0.04873600840243233,0.44194038002847874,3.3601841196777906
2608,2023,2608,-0.33924674966265544,-0.33113712882576873,0.4740676694773122,3.3588957055214723
2609,2023,2609,-0.10194466712211599,0.41255773993068484,0.42496659154732813,3.3576082790341126
2610,2023,2610,0.03041736070026256,-0.35547602643458176,0.35677502883706613,3.3563218390804597
2611,2023,2611,-0.04164024043468662,-0.10581866343887664,0.11371674966973316,3.355036384527001
2612,2023,2612,-0.16864533335279444,0.34196538165379003,0.3812893530001821,3.3537519142419603
2613,2023,2613,0.09228120050278628,-0.04451536977167008,0.10245700616426366,3.352468427095293
2614,2023,2614,0.07173467587282156,0.31705798170299343,0.3250717266760591,3.351185921958684
2615,2023,2615,0.1611624871729476,-0.37260989226930075,0.4059698007102381,3.349904397705545
2616,2023,2616,-0.06821131558845175,0.00387209635945437,0.06832112926850858,3.3486238532110093
2617,2023,2617,-0.16776249994008546,0.0396720662697924,0.1723894695979484,3.34734428735193
2618,2023,2618,0.26173126340974884,0.2180474299612047,0.3406580924603873,3.3460656990068753
2619,2023,2619,-0.07372522542467494,-0.06619528457535302,0.09908190835834313,3.3447880870561284
2620,2023,2620,0.13239429737819258,-0.4297319493127322,0.4496640948957187,3.3435114503816794
2621,2023,2621,-0.42470607625537465,0.1549002362943809,0.4520722668028765,3.342235787867226
2622,2023,2622,0.08237716052551773,0.31993184805167213,0.3303670443219256,3.3409610983981692
2623,2023,2623,0.2496735311032119,-0.22780772837542376,0.337984072466614,3.339687380861609
2624,2023,2624,-0.15128859893253507,-0.11460431319457816,0.18979565002857787,3.3384146341463414
2625,2023,2625,-0.1365932969305717,0.12663041441866837,0.18626054499600023,3.337142857142857
2626,2023,2626,0.03803534049750632,0.10288411750836593,0.10968969305379832,3.3358720487433358
2627,2023,2627,0.11055959568651089,0.28010044011895247,0.30113067056212595,3.3346022078416446
2628,2023,2628,0.10557395511516296,-0.31465998205792056,0.3318987259803046,3.3333333333333335
2629,2023,2629,-0.12588413370252147,-0.011674307732580763,0.12642430375157024,3.3320654241156333
2630,2023,2630,0.10072593665513938,0.0602874995820111,0.11738950941590198,3.3307984790874525
2631,2023,2631,0.1706743154396542,-0.22679865952788097,0.28384389004246374,3.3295324971493727
2632,2023,2632,-0.3430545945744262,0.22794160753661807,0.4118784181102496,3.3282674772036476
2633,2023,2633,0.18293598681424172,-0.3076203866970051,0.35790484431384184,3.3270034181541965
2634,2023,2634,-0.19531104937919264,0.22302126271298542,0.29645385750854364,3.3257403189066057
2635,2023,2635,-0.18315084829637346,-0.16873253192462234,0.24902791120951664,3.3244781783681217
2636,2023,2636,0.22750840576791914,0.37961768108763894,0.4425716422110848,3.323216995447648
2637,2023,2637,-0.07822336806104019,-0.13982008121599956,0.16021407685363254,3.321956769055745
2638,2023,2638,0.04842074164831721,-0.18610960887408098,0.19230536845610027,3.3206974981046247
2639,2023,2639,-0.1662357165413888,0.22022718260355995,0.27592449222845494,3.319439181508147
2640,2023,2640,0.20728001678909763,-0.0044877458852980116,0.20732859239193133,3.3181818181818183
2641,2023,2641,0.22522594398676662,-0.03971666237038832,0.2287009818837111,3.316925407042787
2642,2023,2642,-0.15020108995546938,-0.28512798833451947,0.3222705961695868,3.315669947009841
2643,2023,2643,-0.23526220167622203,0.1017995864763366,0.2563424649649303,3.3144154370034054
2644,2023,2644,-0.08877578199155386,0.1530814281361213,0.17696062587029457,3.313161875945537
2645,2023,2645,0.29936564131715027,0.1577806186708144,0.33839992734835744,3.3119092627599245
2646,2023,2646,0.1521027309747096,-0.10397175609267409,0.1842426846172173,3.310657596371882
2647,2023,2647,-0.2719871953151447,-0.1664773208261646,0.31889141218423617,3.309406875708349
2648,2023,2648,-0.15775104723112887,0.013296944881519602,0.15831045968507584,3.308157099697885
2649,2023,2649,0.15221681160906037,0.22782845915231711,0.2739995703210996,3.3069082672706682
2650,2023,2650,0.02090750141679934,-0.10861490417469466,0.11060886503518409,3.3056603773584907
2651,2023,2651,0.3235298951549367,-0.14458327202846744,0.35436692228454697,3.304413428894757
2652,2023,2652,-0.5151821892660421,0.0591679593713388,0.5185687375393164,3.3031674208144794
2653,2023,2653,0.007469531892393539,0.033328937269137576,0.034155701810702,3.301922352054278
2654,2023,2654,0.28856060276460976,0.195160812987511,0.34836039441047423,3.300678221552374
2655,2023,2655,0.1497148331618923,-0.3554556640951682,0.38569840601956124,3.2994350282485874
2656,2023,2656,-0.053266864746006136,0.24121606692954206,0.24702742727241167,3.2981927710843375
2657,2023,2657,-0.3326305005229721,0.006078722368600317,0.3326860392980106,3.2969514490026346
2658,2023,2658,0.5066130972381178,-0.1821742168371004,0.5383718747979035,3.295711060948081
2659,2023,2659,-0.31484086792429294,0.10693141936244582,0.3325042865320526,3.294471605866867
2660,2023,2660,0.03281638442348012,-0.3473147886939859,0.3488616882550701,3.293233082706767
2661,2023,2661,-0.015456244142215933,0.38475880349247293,0.3850691267135593,3.2919954904171362
2662,2023,2662,-0.2573676849452671,-0.05273109036543953,0.26271409011549873,3.2907588279489106
2663,2023,2663,0.277939377917808,0.07846936430080773,0.2888039801164641,3.2895230942546
2664,2023,2664,-0.21425324674474103,0.006206925752794837,0.2143431353413577,3.2882882882882885
2665,2023,2665,0.14087576038492314,-0.007375417545425446,0.1410686947837813,3.2870544090056284
2666,2023,2666,-0.12270314904991676,0.07921951910779805,0.14605408242988918,3.285821455363841
2667,2023,2667,0.15515905306627045,-0.23861278275805836,0.28462324543853773,3.28458942632171
2668,2023,2668,0.1394522974583725,0.002859251255996448,0.13948160661593817,3.28335832083958
2669,2023,2669,-0.23671136170967907,-0.05599098406995968,0.24324320968851937,3.2821281378793556
2670,2023,2670,0.062279853159792974,-0.07292679379263411,0.09590149822854048,3.2808988764044944
2671,2023,2671,-0.17478003582089655,0.08878668483639024,0.196038609273251,3.2796705353800073
2672,2023,2672,0.011720166252476062,0.029249329703958386,0.031510087037590694,3.2784431137724552
2673,2023,2673,0.1298586184792172,-0.31303653494241196,0.3389028371112918,3.277216610549944
2674,2023,2674,-0.16112855971874454,0.2467110642336548,0.29466720545785136,3.275991024682124
2675,2023,2675,-0.15216537766016183,0.2434878568760432,0.28712477880626774,3.274766355140187
2676,2023,2676,0.27271706758547004,-0.13383686443035783,0.30378759887949314,3.273542600896861
2677,2023,2677,-0.19384595061049878,0.12587828349588795,0.2311311204142771,3.2723197609264103
2678,2023,2678,0.39316455113425525,-0.15088403285221663,0.4211227322745107,3.2710978342046304
2679,2023,2679,-0.08684293451256606,-0.1168362320451254,0.14557609828971316,3.2698768197088466
2680,2023,2680,-0.3393516936957102,0.027703681535528782,0.3404806396621827,3.2686567164179103
2681,2023,2681,0.3468219986194768,0.31685919054923956,0.4697714820654056,3.267437523312197
2682,2023,2682,-0.3343864107258181,-0.43132483929057114,0.5457612927527313,3.266219239373602
2683,2023,2683,-0.002508065159898183,-0.05355928635339309,0.053617977820233524,3.2650018635855385
2684,2023,2684,0.13453962263541083,0.3409121445326243,0.36649965941145385,3.263785394932936
2685,2023,2685,-0.1952902066302507,-0.19524057023966718,0.27614696281725865,3.2625698324022347
2686,2023,2686,0.12998395203249788,0.14263757176571973,0.19298006286973676,3.261355174981385
2687,2023,2687,-0.13709329677710197,0.07686290032793658,0.15717021813319745,3.260141421659844
2688,2023,2688,0.16071562856726454,-0.021453528235647428,0.16214119507246966,3.2589285714285716
2689,2023,2689,0.2000687293971763,-0.017166976205884903,0.2008038882956552,3.2577166232800296
2690,2023,2690,-0.042135207360932715,-0.2230959348903431,0.2270400226038242,3.2565055762081783
2691,2023,2691,-0.3993444772919039,0.2548424255194687,0.47373059156886826,3.2552954292084726
2692,2023,2692,0.3716198878127796,0.12297601772040678,0.39143893770593735,3.2540861812778603
2693,2023,2693,0.1401087160780998,-0.3543668081902044,0.381059427213088,3.252877831414779
2694,2023,2694,-0.42234694997973987,-0.06325013935133829,0.42705681856768496,3.2516703786191536
2695,2023,2695,-0.21612591374681933,0.33346622818607774,0.39737908341223355,3.250463821892393
2696,2023,2696,0.2897193811673911,-0.0462929825143768,0.29339454673543686,3.249258160237389
2697,2023,2697,0.14583856923768407,0.045172928068110546,0.15267443043136417,3.2480533926585093
2698,2023,2698,-0.1677398798221171,-0.2167195584955428,0.2740511527383917,3.2468495181616013
2699,2023,2699,0.009617380445593491,0.08637072506241927,0.08690452321049408,3.2456465357539828
2700,2023,2700,-0.09534616741323217,0.19815283133997824,0.21989869533137743,3.2444444444444445
2701,2023,2701,0.10394741573947194,-0.43595642169017,0.448177494807372,3.2432432432432434
2702,2023,2702,0.10691564274863538,0.15062339715259054,0.18471156551266857,3.242042931162102
2703,2023,2703,-0.20937575156486957,-0.0469133125758934,0.2145671555485542,3.2408435072142066
2704,2023,2704,0.1706572655310212,0.306050770788739,0.3504154342760985,3.239644970414201
2705,2023,2705,-0.10283518940988744,-0.14621679619064734,0.17875801427970925,3.2384473197781887
2706,2023,2706,0.0928455973073288,-0.2587623719718087,0.274915023394196,3.237250554323725
2707,2023,2707,-0.15483322030706761,0.18426815571277466,0.2406825280747323,3.236054673069819
2708,2023,2708,0.07017449324318678,-0.12437037886719057,0.14280213808450695,3.234859675036928
2709,2023,2709,0.07493193416606372,0.25506570148527724,0.2658445162722825,3.2336655592469548
2710,2023,2710,-0.09928589809508113,-0.20327429803728914,0.2262258380537013,3.2324723247232474
2711,2023,2711,-0.025373624389367293,-0.14231204286104418,0.14455635011280676,3.231279970490594
2712,2023,2712,-0.4198962808061592,0.05623254031952577,0.4236448810331974,3.230088495575221
2713,2023,2713,0.30712454098318376,0.22653461345105852,0.3816325651271807,3.228897899004792
2714,2023,2714,0.0638410209163237,0.013549327578849206,0.06526300812464472,3.227708179808401
2715,2023,2715,-0.023528824528013057,-0.1992676453274354,0.20065193758847835,3.226519337016575
2716,2023,2716,-0.1073581656311566,0.07430517839768369,0.1305642955190984,3.2253313696612667
2717,2023,2717,0.06671294069382618,-0.08111674880029572,0.1050263937872202,3.224144276775856
2718,2023,2718,0.09196225498655552,0.03826917247405632,0.09960715789571212,3.2229580573951435
2719,2023,2719,-0.07740575995545285,-0.16422640755342627,0.18155430210321444,3.221772710555351
2720,2023,2720,-0.04122602828313786,0.15596970437133026,0.1613261729840581,3.2205882352941178
2721,2023,2721,0.10751998643081033,-0.22893821569773815,0.2529293460414305,3.219404630650496
2722,2023,2722,-0.16876864054682195,-0.12914037181223834,0.21250903431107476,3.218221895664952
2723,2023,2723,-0.19699412654487755,0.37959507514345986,0.42766705153232015,3.217040029379361
2724,2023,2724,0.14701282754153971,-0.07769576576637724,0.16628109778258698,3.2158590308370045
2725,2023,2725,0.13531952705907294,0.0707914669273075,0.1527180611231404,3.214678899082569
2726,2023,2726,-0.047927620848712,-0.3092400933620612,0.31293208877134066,3.2134996331621424
2727,2023,2727,0.00946195572886452,0.4066084917438396,0.406718568747992,3.2123212321232124
2728,2023,2728,0.12602421980266082,0.1592242500279962,0.20306271389363242,3.2111436950146626
2729,2023,2729,0.1786597206987319,-0.4754231593023715,0.5078843137971452,3.2099670208867717
2730,2023,2730,-0.34296542211009556,-0.13617368645750122,0.3690102351515224,3.208791208791209
2731,2023,2731,0.046146488975211356,0.1702299635003364,0.17637386120983223,3.2076162577810328
2732,2023,2732,0.18461256558751693,-0.07940419608095024,0.2009647375239428,3.206442166910688
2733,2023,2733,-0.3436707145233763,0.15200767594451656,0.37578703219651044,3.2052689352360044
2734,2023,2734,0.057834921688240795,0.21800924824395537,0.22555023938488628,3.2040965618141914
2735,2023,2735,0.07948599911331122,-0.10205991283826227,0.12936092865929422,3.202925045703839
2736,2023,2736,-0.08909850436629929,-0.19928341219883464,0.21829434682996737,3.2017543859649122
2737,2023,2737,0.11468971282285491,0.22802950039444794,0.2552472982766526,3.2005845816587506
2738,2023,2738,-0.06664748071592827,0.06307600181347268,0.09176311181816602,3.199415631848064
2739,2023,2739,0.18788649093739182,-0.07252216202681246,0.20139711383684192,3.1982475355969333
2740,2023,2740,-0.13649480568152783,0.035321607899823575,0.14099094993178435,3.197080291970803
2741,2023,2741,0.011516344156406622,0.05044001940142382,0.05173801059129364,3.195913900036483
2742,2023,2742,0.13324850471960603,-0.28653287832119156,0.3160004024823982,3.1947483588621446
2743,2023,2743,-0.1446104886524622,-0.022801728565708033,0.1463971046636105,3.193583667517317
2744,2023,2744,-0.16372555679440692,0.20491488613021128,0.2622902371522738,3.192419825072886
2745,2023,2745,0.1680310844590057,-0.002568634725214846,0.16805071624013115,3.191256830601093
2746,2023,2746,0.053649752591070486,-0.008230763852398192,0.054277448601394475,3.190094683175528
2747,2023,2747,-0.1398533039080402,-0.1078499481409714,0.17660848770091678,3.188933381871132
2748,2023,2748,-0.04926808231311799,0.10681631997069427,0.11763107645045975,3.1877729257641922
2749,2023,2749,0.23403997824434752,-0.016703707065033664,0.2346353026429082,3.186613313932339
2750,2023,2750,0.0012058761579957725,-0.12276451798331844,0.12277044030622739,3.1854545454545455
2751,2023,2751,-0.2249908433510747,0.24612883250915102,0.33346706251764285,3.184296619411123
2752,2023,2752,0.18357733595791706,-0.012664394357886003,0.18401365482446677,3.183139534883721
2753,2023,2753,0.09575313660338998,-0.24983243689583096,0.2675535641599581,3.1819832909553214
2754,2023,2754,-0.46981933029374506,-0.17297421230896942,0.5006498589249492,3.1808278867102397
2755,2023,2755,0.33591507763245343,0.22635958010701326,0.40506493169248875,3.17967332123412
2756,2023,2756,0.27520608870377383,0.026529044538863136,0.276481792282556,3.178519593613933
2757,2023,2757,-0.368546378858896,-0.127740937425242,0.39005663750830405,3.177366702937976
2758,2023,2758,-0.09029505058947476,0.13767357299698751,0.1646426702368273,3.1762146482958666
2759,2023,2759,0.08800856218139663,0.0005106208039150245,0.08801004346574401,3.175063428778543
2760,2023,2760,-0.02473852874710541,-0.16576269961958956,0.16759853039255934,3.1739130434782608
2761,2023,2761,0.2232619341509023,0.07476160819533,0.23544678655856374,3.172763491488591
2762,2023,2762,-0.2405650135447492,-0.052040645284645755,0.24612954821278102,3.171614771904417
2763,2023,2763,-0.04961818271287757,0.17340369946216017,0.18036298689834251,3.1704668838219328
2764,2023,2764,0.03215716887558336,-0.07944733161142685,0.08570858772765312,3.1693198263386395
2765,2023,2765,-0.04362159542129159,-0.308331708744267,0.3114021294150995,3.1681735985533455
2766,2023,2766,0.08608597929857775,0.5458887015555517,0.5526348435610999,3.1670281995661607
2767,2023,2767,0.1546756431912127,-0.26064741447590717,0.3030868345368876,3.1658836284784964
2768,2023,2768,-0.010009776582541813,-0.3252176227938666,0.325371630298227,3.1647398843930636
2769,2023,2769,-0.31176695196627097,0.27706962411486075,0.41709256639922193,3.1635969664138677
2770,2023,2770,0.1483393825012882,-0.2478261489038952,0.2888293137501786,3.1624548736462095
2771,2023,2771,-0.11260864906527726,0.07440660651380294,0.13497055581572845,3.1613136051966797
2772,2023,2772,-0.09171954642337042,-0.08886519357727811,0.12770864428704862,3.16017316017316
2773,2023,2773,0.16341357373095866,0.11760276585900112,0.20133158375478621,3.159033537684818
2774,2023,2774,-0.1764061336323548,0.041712348638128324,0.1812706374789502,3.1578947368421053
2775,2023,2775,0.4085298296414612,-0.20133754363387132,0.455448601033533,3.156756756756757
2776,2023,2776,-0.3610835686604304,0.38894775930311426,0.5307181012773778,3.155619596541787
2777,2023,2777,0.18258856147760072,-0.26454651064299256,0.3214396351974077,3.1544832553114874
2778,2023,2778,0.3708615109258655,0.11517168257927342,0.38833333201562387,3.1533477321814254
2779,2023,2779,-0.16755389887237093,-0.38438162461817743,0.4193131793438434,3.152213026268442
2780,2023,2780,-0.15148822545384005,0.05388114155717872,0.16078513571427616,3.1510791366906474
2781,2023,2781,-0.0069474264846487626,0.3463723189640739,0.3464419865999353,3.149946062567422
2782,2023,2782,0.10613998410527029,-0.12385754399590065,0.16311464505237872,3.1488138030194106
2783,2023,2783,-0.1700370076742196,-0.21069354694439998,0.2707477695250963,3.1476823571685233
2784,2023,2784,-0.04062960200787566,0.07937986445025186,0.08917358038936607,3.146551724137931
2785,2023,2785,0.1956385451673003,0.28541174360482857,0.3460264494843222,3.1454219030520645
2786,2023,2786,-0.12029774236504058,0.0812407163958774,0.14516060353498486,3.1442928930366114
2787,2023,2787,0.07088737265463674,0.007038836194065687,0.07123597979142442,3.1431646932185147
2788,2023,2788,-0.03683394293866345,-0.20550617020326264,0.20878104641949918,3.1420373027259685
2789,2023,2789,0.0701205342745228,0.0511790036230417,0.08681117289146509,3.1409107206884186
2790,2023,2790,0.03646324702022827,-0.010382653860283395,0.03791263489182258,3.139784946236559
2791,2023,2791,0.07579779240287571,-0.008994163730994452,0.07632955072820341,3.138659978502329
2792,2023,2792,-0.32375854154446465,0.04678967408097975,0.32712209773050055,3.1375358166189113
2793,2023,2793,0.047174354135388015,-0.18029421463190892,0.1863636861564716,3.1364124597207304
2794,2023,2794,0.0017821743792389004,0.009269495198008034,0.00943926304029661,3.1352899069434503
2795,2023,2795,0.0021657236882645942,0.0399322196892249,0.03999090557117244,3.1341681574239715
2796,2023,2796,-0.12808972694754248,-0.0319600032244786,0.13201674119445864,3.133047210300429
2797,2023,2797,0.08740082818315824,0.21587413826661217,0.23289600327067517,3.1319270647121917
2798,2023,2798,0.09677538377638754,-0.0198524906251611,0.09879066903857471,3.130807719799857
2799,2023,2799,-0.07832277580226416,-0.17720221663036917,0.19373972950349658,3.129689174705252
2800,2023,2800,0.0877410357868065,0.04174445394068375,0.09716526537681831,3.1285714285714286
2801,2023,2801,-0.14622155964909822,-0.1549833475856288,0.2130741245084973,3.127454480542663
2802,2023,2802,0.15099317608545532,0.1168350043282662,0.19091714815793603,3.126338329764454
2803,2023,2803,0.04637280999724126,-0.04498852827521689,0.06460963692368367,3.1252229753835175
2804,2023,2804,0.1027122802036191,-0.05943458453091729,0.11866879262463874,3.124108416547789
2805,2023,2805,-0.015497761313158886,0.2378023306145502,0.23830679606639732,3.122994652406417
2806,2023,2806,-0.07198775013338303,-0.4404605399358663,0.44630451869756066,3.121881682109765
2807,2023,2807,-0.11718220527703957,0.17932964723696765,0.21422136124048297,3.120769504809405
2808,2023,2808,-0.02648967174717954,0.13264921223108228,0.13526831193890176,3.1196581196581197
2809,2023,2809,0.35126159340964686,-0.09444669944541578,0.3637373860916922,3.118547525809897
2810,2023,2810,-0.12064241206065102,0.199690235071306,0.23330405390958248,3.117437722419929
2811,2023,2811,-0.1460366226729102,-0.3027238788776907,0.33610778331431823,3.1163287086446103
2812,2023,2812,-0.025549920059415192,0.10543129434962412,0.10848297674418594,3.1152204836415365
2813,2023,2813,-0.12062113339816673,-0.035690997319150194,0.12579071949827586,3.1141130465694986
2814,2023,2814,0.42082414976017973,0.13602295818096868,0.442261472630931,3.113006396588486
2815,2023,2815,-0.17588334794176766,0.08395120204789729,0.19489165299851038,3.1119005328596803
2816,2023,2816,0.08442811368203727,-0.15029138764135566,0.17238215562833423,3.1107954545454546
2817,2023,2817,-0.3407674484238938,0.020220414579919972,0.3413668394427246,3.109691160809372
2818,2023,2818,0.21846535221478317,-0.04983490889144031,0.22407728189744586,3.108587650816182
2819,2023,2819,0.22503614660024016,-0.060088308714639826,0.23292031281292458,3.10748492373182
2820,2023,2820,-0.23989059827405532,-0.09270137657306923,0.25717901228293527,3.106382978723404
2821,2023,2821,-0.07922689029919212,-0.006466530222237541,0.07949035261964395,3.1052818149592345
2822,2023,2822,-0.17253299840838204,0.23630301917857047,0.29258631617472236,3.104181431608788
2823,2023,2823,0.045188772681120065,-0.06222668630787968,0.07690374285615235,3.1030818278427206
2824,2023,2824,0.21831792917472234,-0.10844977975213092,0.24377053334524415,3.101983002832861
2825,2023,2825,-0.13344825703101384,0.0372108391644853,0.13853910587246018,3.1008849557522122
2826,2023,2826,0.150765409410844,0.0332308774224149,0.15438426049660298,3.099787685774947
2827,2023,2827,0.0010875406342305692,0.03324649329044284,0.03326427604416731,3.098691192076406
2828,2023,2828,0.0037094337850285446,-0.04240337680476195,0.04256531761248981,3.0975954738330977
2829,2023,2829,0.0768717705750108,-0.07082099578983815,0.10452216298948931,3.0965005302226936
2830,2023,2830,-0.1759926865734562,-0.3039777387474623,0.35124904466968054,3.095406360424028
2831,2023,2831,0.07248168158241265,-0.042283965706448094,0.0839138124558665,3.0943129636170963
2832,2023,2832,0.00029667598645876015,0.3518372154754437,0.35183734055690385,3.093220338983051
2833,2023,2833,-0.05108966265372051,-0.2195202519028984,0.22538698858980952,3.0921284857042006
2834,2023,2834,-0.14414016706906196,0.2747190978858002,0.31023695863949696,3.0910374029640084
2835,2023,2835,-0.15841220269981904,0.2272839300117491,0.2770422545493633,3.0899470899470898
2836,2023,2836,0.4804646515988701,-0.22606213314677379,0.5309899899987695,3.0888575458392102
2837,2023,2837,-0.021897009671025213,-0.13240589587203214,0.1342043229341305,3.0877687698272824
2838,2023,2838,-0.022116750899120876,0.17173910443402657,0.17315735809411983,3.0866807610993656
2839,2023,2839,-0.13809171324388697,0.2149593561474939,0.25549333858630646,3.0855935188446635
2840,2023,2840,0.0803631434528045,-0.022295148522858348,0.0833984920323644,3.084507042253521
2841,2023,2841,-0.06157108841584296,-0.40807122439053284,0.4126901054111912,3.0834213305174236
2842,2023,2842,-0.2698159611065652,0.10286241300381747,0.288758253348415,3.0823363828289936
2843,2023,2843,0.10022467053136153,0.14740070965835048,0.17824688998943378,3.081252198381991
2844,2023,2844,0.37641550688567277,0.031103108131997678,0.3776983414836087,3.080168776371308
2845,2023,2845,-0.7239607655269436,-0.0015750458411011008,0.7239624788563008,3.07908611599297
2846,2023,2846,0.13945173418546225,0.20251141107856388,0.24588138966657055,3.078004216444132
2847,2023,2847,0.3145411372936659,-0.061123015710315275,0.3204249523671904,3.076923076923077
2848,2023,2848,-0.1122871684984226,-0.3497104354533698,0.3672952448295222,3.0758426966292136
2849,2023,2849,-0.0930970903648054,0.14790906908664211,0.17476887867257662,3.0747630747630748
2850,2023,2850,-0.062420809901333855,0.15131105265428713,0.1636807629628079,3.0736842105263156
2851,2023,2851,0.31949046777066387,-0.03905568306263002,0.32186877042640566,3.0726061031217116
2852,2023,2852,-0.3007686719231659,-0.2767770870825234,0.40873873066338084,3.0715287517531555
2853,2023,2853,-0.06202146565689027,0.007121840986833161,0.06242902226745631,3.070452155625657
2854,2023,2854,0.25999771820049355,0.2671128261510502,0.37275739478092773,3.06937631394534
2855,2023,2855,-0.08410868720902688,-0.35760547756261574,0.36736351049990307,3.0683012259194395
2856,2023,2856,0.11674390726839301,0.0559507652324244,0.12945898197647399,3.0672268907563027
2857,2023,2857,-0.10146126351816045,0.10479187592905992,0.14586200758056597,3.0661533076653833
2858,2023,2858,-0.05984404689556968,0.030413968591760394,0.06712912508248361,3.065080475857243
2859,2023,2859,0.18401406967512268,-0.14303385274474006,0.2330662156328216,3.0640083945435466
2860,2023,2860,-0.22711790130904833,-0.08382192769852496,0.2420922482404659,3.062937062937063
2861,2023,2861,0.24739811163302824,0.2147729550184869,0.32761753287478573,3.0618664802516604
2862,2023,2862,0.06505979697097808,0.012571571765174882,0.06626327488550374,3.060796645702306
2863,2023,2863,-0.07698870611821647,-0.16854502348060596,0.18529621099697402,3.0597275585050645
2864,2023,2864,0.0182575740876168,0.17763487431441868,0.17857067952008285,3.058659217877095
2865,2023,2865,-0.1856697868498992,-0.07352035042462603,0.19969604822190853,3.0575916230366493
2866,2023,2866,0.2829758616115753,0.037691168947972656,0.2854749769620413,3.0565247732030705
2867,2023,2867,0.2132937445442307,0.17386672409689685,0.27517968531467946,3.055458667596791
2868,2023,2868,-0.23433282212934534,-0.4872460726019639,0.5406668168041587,3.0543933054393304
2869,2023,2869,-0.18762418869903225,0.36080823515783966,0.4066760611871382,3.0533286859532938
2870,2023,2870,0.027496121146503676,-0.06789257855729511,0.07324915631774671,3.052264808362369
2871,2023,2871,0.13531557262859803,-0.12377695089980237,0.18338767071386636,3.051201671891327
2872,2023,2872,-0.09145961853118847,-0.06843491291810365,0.11422871411330403,3.050139275766017
2873,2023,2873,0.07562801215411447,0.17585094755711042,0.19142401097855116,3.049077619213366
2874,2023,2874,-0.07071266698649713,0.11776069456476788,0.13736033800453387,3.048016701461378
2875,2023,2875,0.11278018935989911,-0.24882554386981487,0.273191365885095,3.0469565217391303
2876,2023,2876,-0.15546913563458722,0.06003768512955428,0.16665886046256642,3.0458970792767732
2877,2023,2877,0.11067070584151041,0.1665019693858646,0.1999272641258053,3.0448383733055264
2878,2023,2878,0.18636779969006992,-0.1106000537765576,0.21671485564375936,3.043780403057679
2879,2023,2879,-0.0008114807074800642,-0.26761279218302725,0.26761402250430516,3.0427231677665856
2880,2023,2880,0.05779564557506175,0.07340256179328097,0.09342522531551414,3.0416666666666665
2881,2023,2881,-0.30388319972275574,0.13959259819345868,0.33441156161852514,3.040610898993405
2882,2023,2882,0.44670230084968204,-0.09695132907005234,0.4571022924826011,3.039555863983345
2883,2023,2883,-0.3342154572429834,0.009368142753066785,0.33434672715427965,3.0385015608740895
2884,2023,2884,-0.11523441506094181,-0.03471436001005557,0.1203497287298362,3.0374479889042996
2885,2023,2885,0.2537830368781547,0.5179888466458669,0.5768173671593239,3.0363951473136916
2886,2023,2886,0.22474273911648612,-0.3140302171798763,0.3861661249871889,3.0353430353430353
2887,2023,2887,-0.09178946183149453,0.11733078714830539,0.14896918780793675,3.034291652234153
2888,2023,2888,-0.33045619702362145,-0.059195774431676694,0.33571630562407967,3.033240997229917
2889,2023,2889,0.35736484536454777,0.0401354258278743,0.3596115753265069,3.0321910695742473
2890,2023,2890,-0.12940327304318774,-0.15183899231170728,0.19950009188099263,3.0311418685121105
2891,2023,2891,0.006648984711930373,-0.13789341207017447,0.1380536203438882,3.030093393289519
2892,2023,2892,-0.2346797566630103,0.3812052328278466,0.44765167007701695,3.029045643153527
2893,2023,2893,0.022220844790702726,-0.05161031897447683,0.056190666198753535,3.0279986173522295
2894,2023,2894,0.13986521251463993,-0.18152253662473414,0.22915651632550915,3.0269523151347615
2895,2023,2895,-0.29412545785294747,-0.1837818484924284,0.34682207656448266,3.0259067357512954
2896,2023,2896,-0.02532772471005967,0.27181921167723794,0.2729966620232263,3.0248618784530388
2897,2023,2897,0.09090253151642437,0.2033336815665995,0.22272821171895088,3.0238177424922332
2898,2023,2898,0.12365335654978075,-0.19069192178230923,0.22727419919352385,3.022774327122153
2899,2023,2899,-0.2737869520995294,0.001502100097003753,0.2737910726167883,3.0217316315971026
2900,2023,2900,0.17641473946695505,-0.15717802378709367,0.23627757291543733,3.0206896551724136
2901,2023,2901,-0.10980532594663642,-0.05182691881148014,0.12142174072108676,3.0196483971044468
2902,2023,2902,-0.01564038311278214,0.09638643539705503,0.09764715312012566,3.018607856650586
2903,2023,2903,0.003779920013024909,0.1268757355266618,0.12693202929417102,3.0175680330692387
2904,2023,2904,0.02843833734973388,-0.19715340367532452,0.1991938844743551,3.0165289256198347
2905,2023,2905,0.044208124221382386,0.1340288629810389,0.1411314789802873,3.0154905335628226
2906,2023,2906,-0.22885939528185317,-0.15287811598327403,0.2752241652823583,3.0144528561596697
2907,2023,2907,0.08264192414953686,0.09218879481115866,0.12380816417293214,3.0134158926728585
2908,2023,2908,-0.00909089534091635,0.1700759668515955,0.17031875668464855,3.0123796423658873
2909,2023,2909,0.15265583559518198,-0.0885564099080108,0.17648241237318482,3.011344104503266
2910,2023,2910,0.1745739172723671,-0.01921718219613615,0.17562845066611152,3.0103092783505154
2911,2023,2911,-0.5596627935249421,-0.06698900637024723,0.5636576704264876,3.0092751631741668
2912,2023,2912,0.3088319383273266,0.2133591139771427,0.3753655253857565,3.008241758241758
2913,2023,2913,0.19124553014612555,-0.014870082751126038,0.19182276236645626,3.007209062821833
2914,2023,2914,-0.1988431415833441,-0.47534751546376236,0.5152609585562501,3.0061770761839397
2915,2023,2915,0.0006208273262169401,0.44507177139831017,0.4450722043918252,3.0051457975986278
2916,2023,2916,-0.360774518395741,0.20280506730850964,0.4138697240070696,3.0041152263374484
2917,2023,2917,0.5395840345685333,-0.26433872051512286,0.6008542997473084,3.0030853616729516
2918,2023,2918,-0.32937687894398154,-0.17550765761445558,0.3732185234741052,3.002056202878684
2919,2023,2919,-0.36943068936457496,-0.2565166438953905,0.44975529217535576,3.001027749229188
2920,2023,2920,0.6890859263698627,0.9517545466684175,1.1750217576815405,3.0
2921,2023,2921,0.042220430183507726,-0.6778410196642897,0.6791546308937342,2.998972954467648
2922,2023,2922,-0.5437727880215858,-0.23172666346321072,0.591088903256152,2.9979466119096507
2923,2023,2923,-0.32316949873071665,0.7633826324306048,0.8289701854750523,2.9969209716045158
2924,2023,2924,0.5785427668738957,-0.3181322932655374,0.6602422957676165,2.9958960328317374
2925,2023,2925,0.2944264990755568,-0.32007466903249343,0.43489626017493993,2.994871794871795
2926,2023,2926,-0.4892959073984506,-0.0714774124770568,0.4944891358678049,2.9938482570061518
2927,2023,2927,0.003046233668049056,0.3248564150405067,0.32487069725127615,2.992825418517253
2928,2023,2928,0.31696287368982523,0.06045724937218503,0.32267714870960834,2.9918032786885247
2929,2023,2929,-0.07425281799149558,-0.6360202103390119,0.6403399010989079,2.99078183680437
2930,2023,2930,-0.22942224142528275,0.20839991254414533,0.309943685867301,2.9897610921501707
2931,2023,2931,0.07970109718174948,0.1740392371953048,0.19142079556698705,2.9887410440122824
2932,2023,2932,0.2930249480743538,-0.2321733734149333,0.3738557148377537,2.9877216916780354
2933,2023,2933,-0.28825681252195434,0.09156499989247308,0.30245022593912163,2.9867030344357315
2934,2023,2934,-0.2855982389878842,0.06825507226265817,0.2936411228056474,2.985685071574642
2935,2023,2935,0.5463870086156489,0.36303121071918754,0.6559957493308903,2.9846678023850086
2936,2023,2936,0.0013168322868591842,-0.28189539094650284,0.281898466622565,2.983651226158038
2937,2023,2937,-0.027219105175496434,-0.17116748249485916,0.1733181662439995,2.982635342185904
2938,2023,2938,-0.009231539468462393,0.3243726268820379,0.32450396359876954,2.9816201497617425
2939,2023,2939,0.1562964259874601,-0.13955613366974753,0.20953397629334972,2.980605648179653
2940,2023,2940,-0.18491142177986317,0.10311032521496867,0.21171672836738023,2.979591836734694
2941,2023,2941,-0.10340877980632822,-0.07691886677213869,0.12887935368608774,2.9785787147228833
2942,2023,2942,0.20556700796466965,-0.03362908999529518,0.2082995690284985,2.9775662814411965
2943,2023,2943,-0.14008871564964517,0.09386425226138616,0.16862783312655202,2.976554536187564
2944,2023,2944,-0.047755853131808204,-0.0945774273981156,0.10595051336162871,2.9755434782608696
2945,2023,2945,-0.1366174213408818,0.3088058567604212,0.3376764383005865,2.974533106960951
2946,2023,2946,-0.03415633666924045,-0.00785871141236589,0.03504874719195181,2.973523421588595
2947,2023,2947,0.14143710676358717,-0.22245512935552506,0.2636109628718763,2.972514421445538
2948,2023,2948,-0.18548739383500293,-0.06496230781577288,0.1965341565948594,2.971506105834464
2949,2023,2949,0.034005480061587566,0.13977995681695635,0.14385690460304368,2.9704984740590032
2950,2023,2950,0.14956310678923146,0.17128849285610157,0.22739584582256953,2.9694915254237286
2951,2023,2951,0.10769921249607421,-0.305247752178506,0.32369014594563295,2.968485259234158
2952,2023,2952,-0.11721677254520771,-0.27440333363815345,0.2983906186153424,2.967479674796748
2953,2023,2953,-0.3165598801369531,0.24230339945234897,0.3986490876679472,2.966474771418896
2954,2023,2954,0.0941109744872336,-0.0540036096803691,0.10850467905784704,2.965470548408937
2955,2023,2955,0.29973445742953053,0.07139464390192966,0.30812000932827843,2.964467005076142
2956,2023,2956,-0.1856930589529971,-0.03710175803374139,0.18936328205994832,2.9634641407307174
2957,2023,2957,0.1899490513743053,-0.3550487942776727,0.4026664729475595,2.962461954683801
2958,2023,2958,-0.285475658548089,0.45830323594242234,0.5399427818748582,2.9614604462474645
2959,2023,2959,0.060793365436584895,0.0015433639994634556,0.06081295300789952,2.9604596147347078
2960,2023,2960,0.4709225139967468,-0.09635743777292237,0.480679487811971,2.9594594594594597
2961,2023,2961,-0.3623369764386955,-0.22652750924166967,0.42732048504368536,2.9584599797365754
2962,2023,2962,0.16552034669822516,0.09427639818947862,0.19048628409069715,2.9574611748818365
2963,2023,2963,-0.007764124590354748,0.3566007743701163,0.35668528692955803,2.9564630442119473
2964,2023,2964,0.10458385169295416,-0.35270637456460213,0.367885265665043,2.9554655870445345
2965,2023,2965,-0.03153665245852663,0.13457030091003563,0.13821623036137048,2.954468802698145
2966,2023,2966,-0.41420199898659804,-0.09587530420443832,0.4251533487117176,2.9534726904922453
2967,2023,2967,0.4343310901981506,0.2336939364851999,0.4932102511735362,2.9524772497472194
2968,2023,2968,0.3065056204053028,0.11955601958352811,0.32899747287585135,2.9514824797843664
2969,2023,2969,-0.26724041486063127,-0.5265657794405945,0.5904989072070863,2.950488379925901
2970,2023,2970,-0.2914491413411458,0.37807567796296127,0.47737178410086617,2.9494949494949494
2971,2023,2971,0.01201317692130113,0.03001315665114466,0.03232809910756633,2.94850218781555
2972,2023,2972,0.1445143533681952,-0.24930232109249884,0.2881597571340158,2.9475100942126513
2973,2023,2973,-0.05908591479706641,0.32115953230154015,0.32654952230182516,2.946518668012109
2974,2023,2974,0.21049352841629027,-0.1764955978575867,0.2746965991202777,2.945527908540686
2975,2023,2975,-0.20096222870405098,0.034300098692653526,0.2038683745361822,2.9445378151260506
2976,2023,2976,-0.17272401833248155,0.006773635482108569,0.1728567865215708,2.943548387096774
2977,2023,2977,0.4305290868899931,0.050332445595538115,0.4334612436400272,2.9425596237823313
2978,2023,2978,-0.15535462587072663,-0.156334480239896,0.2203985696217466,2.9415715245130962
2979,2023,2979,0.04041871283853685,-0.12058501553538348,0.1271786865759856,2.9405840886203425
2980,2023,2980,-0.20273298812763343,0.023902801588240485,0.20413722933097223,2.9395973154362416
2981,2023,2981,-0.02919493237107234,0.051739701408673976,0.05940825513352692,2.9386112042938612
2982,2023,2982,0.15588894459987934,0.13579071544753937,0.2067377117272484,2.937625754527163
2983,2023,2983,0.0035269368403681215,-0.22353526329220444,0.2235630855454252,2.9366409654710024
2984,2023,2984,0.007955296926083206,0.1555148589354544,0.15571820092364422,2.935656836461126
2985,2023,2985,-0.17512655858168255,-0.048249108349357,0.1816515564953174,2.9346733668341707
2986,2023,2986,0.2172237647476912,0.26613686838232553,0.34353310856962765,2.9336905559276625
2987,2023,2987,0.34095869720855,-0.12015838238558281,0.3615119224308814,2.9327084030800132
2988,2023,2988,-0.167138148070022,-0.20025599296177604,0.2608402255354482,2.931726907630522
2989,2023,2989,-0.13144682508426048,0.046347645039310534,0.13937852067453613,2.930746068919371
2990,2023,2990,0.058926464601519776,0.00986042966203648,0.05974576389631429,2.9297658862876252
2991,2023,2991,-0.09251764238618002,0.08333819364665443,0.12451814595866888,2.9287863590772316
2992,2023,2992,0.22593370475492464,0.07646780263347863,0.23852329819931237,2.927807486631016
2993,2023,2993,-0.24953389994856048,-0.06269993988796896,0.2572905938535125,2.926829268292683
2994,2023,2994,-0.11614952014510616,0.12078615780443917,0.16757090125405813,2.9258517034068134
2995,2023,2995,0.06228659002281724,0.06047301602636495,0.08681362199560336,2.9248747913188646
2996,2023,2996,-0.10550451159198565,-0.3001354620780332,0.3181391166817717,2.923898531375167
2997,2023,2997,0.24051105257984678,0.4565781044685555,0.5160514818244057,2.9229229229229228
2998,2023,2998,-0.11226623565050498,-0.2526122784645978,0.2764356541732817,2.9219479653102067
2999,2023,2999,0.06905462875697779,-0.09063791895884808,0.11394636504055203,2.920973657885962
3000,2023,3000,-0.18645279445216928,0.26078263883748826,0.32058108066145563,2.92
3001,2023,3001,0.28793326169427175,-0.45570439143693947,0.5390473592967628,2.919026991002999
3002,2023,3002,-0.2438550476716871,-0.004722315657283707,0.2439007678137316,2.9180546302465022
3003,2023,3003,-0.20621217196800337,0.08708918650165498,0.2238481321639326,2.917082917082917
3004,2023,3004,0.0956016331441946,0.04887300728208112,0.10736965633097427,2.9161118508655126
3005,2023,3005,0.04171447951428956,0.09749866893616276,0.10604757538704764,2.9151414309484194
3006,2023,3006,0.1909035301722559,-0.2973626682210515,0.35336767577662304,2.914171656686627
3007,2023,3007,-0.016911735953939248,-0.0552374180171158,0.057768323172594775,2.9132025274359825
3008,2023,3008,-0.2584532683631667,0.09831942760753833,0.2765226966682428,2.9122340425531914
3009,2023,3009,0.2840971578434367,0.22647172229829415,0.3633189178882298,2.9112662013958124
3010,2023,3010,0.23733696003182314,-0.12620624155422133,0.26880633921912944,2.910299003322259
3011,2023,3011,-0.02934062352979869,-0.4560789320756113,0.45702173304159993,2.9093324476917966
3012,2023,3012,-0.28268648522134465,0.24424353885148514,0.37358607468359206,2.908366533864542
3013,2023,3013,0.04805989716079118,0.21597475162754035,0.22125742260020015,2.90740126120146
3014,2023,3014,0.3544226754625634,-0.03946744539750363,0.356613393085911,2.906436629064366
3015,2023,3015,-0.09892904488726166,-0.22732045086032107,0.24791438704045693,2.9054726368159205
3016,2023,3016,-0.21132295539997897,-0.21081540082121086,0.2984971100402637,2.9045092838196287
3017,2023,3017,-0.12613820360835468,0.5867236177595521,0.6001295277241403,2.903546569439841
3018,2023,3018,0.2875928582051051,-0.08101474865512176,0.29878594610562637,2.9025844930417497
3019,2023,3019,0.1783469857598116,-0.18753891321695704,0.25880203109753175,2.901623053991388
3020,2023,3020,-0.4151906725168967,-0.23261735158203478,0.4759139909711343,2.9006622516556293
3021,2023,3021,0.06131713104084668,0.35113646662312503,0.3564500087693271,2.899702085402185
3022,2023,3022,0.059154302411281,0.13981110297480578,0.15181032905832537,2.898742554599603
3023,2023,3023,0.045975201390001996,-0.31277703600362694,0.3161379341269652,2.897783658617268
3024,2023,3024,-0.0621571981653816,0.23876233373259895,0.2467204273934517,2.8968253968253967
3025,2023,3025,-0.04309223073035684,-0.10008596450250952,0.10896853050177334,2.8958677685950414
3026,2023,3026,0.2985389614362597,-0.023593312155524564,0.2994697912543243,2.894910773298083
3027,2023,3027,-0.30187970902947237,0.034985358525198955,0.3039002040717571,2.8939544103072348
3028,2023,3028,0.10974823194384317,-0.15510659578793837,0.19000718531603614,2.892998678996037
3029,2023,3029,-0.1370597621071111,0.10672812521878058,0.17371318632036428,2.892043578738858
3030,2023,3030,-0.018253789094504435,-0.023325870645830436,0.029619200828055154,2.891089108910891
3031,2023,3031,0.15275378163301673,0.028633395528033588,0.1554142501273682,2.8901352688881556
3032,2023,3032,-0.25789327311065524,-0.005844782127681814,0.25795949642113797,2.8891820580474934
3033,2023,3033,0.09477973629124072,-0.11330327466392312,0.1477187546014572,2.888229475766568
3034,2023,3034,0.028697061128639546,0.08773846944870599,0.09231229787315658,2.887277521423863
3035,2023,3035,-0.13786706369779103,0.050904766918851214,0.14696469830443412,2.886326194398682
3036,2023,3036,0.32064409110625225,0.20776872272782265,0.3820739134059082,2.8853754940711465
3037,2023,3037,-0.03499567217204494,-0.1463787502293867,0.15050393878397475,2.884425419822193
3038,2023,3038,-0.15898261440316544,-0.1760281111190851,0.23719478827878693,2.8834759710335747
3039,2023,3039,0.1409193663465468,0.1606372421230001,0.2136880702528703,2.882527147087858
3040,2023,3040,0.0047874221343524054,-0.02265100936170339,0.023151406777914423,2.8815789473684212
3041,2023,3041,-0.1188288896074893,-0.030698825684259343,0.122730285193759,2.880631371259454
3042,2023,3042,-0.1261397284029583,0.24980183215267251,0.27984314611654165,2.8796844181459567
3043,2023,3043,0.07813877769621398,-0.24486319873111448,0.2570285094550634,2.8787380874137365
3044,2023,3044,-0.12717951233430802,0.1823617800342443,0.22232959131624946,2.8777923784494086
3045,2023,3045,0.13621143748602488,0.18651464419619737,0.23095728653074224,2.876847290640394
3046,2023,3046,0.17858968467388142,-0.06898094640063274,0.1914488089235432,2.875902823374918
3047,2023,3047,-0.34697476428542423,0.021963391174596163,0.3476692071536017,2.8749589760420085
3048,2023,3048,0.004829145880219458,0.1412994832249309,0.14138198120540316,2.874015748031496
3049,2023,3049,0.16747483282584866,-0.2719768845766657,0.3194045168341783,2.873073138734011
3050,2023,3050,-0.030514529691394423,0.0856689651548887,0.09094123439340664,2.8721311475409834
3051,2023,3051,-0.1703120407736134,-0.12256795617350831,0.20983111092739323,2.871189773844641
3052,2023,3052,-0.02477663679722994,-0.02463070113129441,0.03493641608981946,2.8702490170380077
3053,2023,3053,-0.14307682619471404,0.10097775755821323,0.17512134568760512,2.8693088765149035
3054,2023,3054,0.06690157230793412,-0.23546409719735606,0.24478390765375016,2.868369351669941
3055,2023,3055,-0.10565085762377606,0.061909653943239544,0.12245370132426,2.867430441898527
3056,2023,3056,0.10098696086920772,0.26625149325198033,0.28475994087039036,2.8664921465968587
3057,2023,3057,0.33366701112646285,-0.292936764447884,0.4440108357678472,2.8655544651619236
3058,2023,3058,-0.30348826712493066,-0.06285802914540731,0.30992944376186354,2.864617396991498
3059,2023,3059,0.0034702735948345205,-0.02711017925631586,0.02733138522161993,2.8636809414841453
3060,2023,3060,0.08930337956634421,0.3200136142713727,0.33224058590274225,2.8627450980392157
3061,2023,3061,-0.011926281058934146,-0.25395012365275127,0.25423001688066726,2.861809866056844
3062,2023,3062,0.24192515554800068,-0.0017932239873446843,0.2419318014217914,2.860875244937949
3063,2023,3063,-0.10860113888508517,0.006364482057382492,0.10878747170054234,2.859941234084231
3064,2023,3064,0.074138834678283,-0.07720131393506684,0.10703555334913031,2.8590078328981723
3065,2023,3065,-0.10536223572323412,0.1537125913908976,0.18635654393850354,2.858075040783034
3066,2023,3066,-0.10243741579384123,0.21382623410704987,0.23709720063071857,2.857142857142857
3067,2023,3067,0.19510851816048025,-0.2735453567836089,0.3359976132008237,2.8562112813824583
3068,2023,3068,-0.11253423109072934,0.06782417605531499,0.1313928157273602,2.8552803129074316
3069,2023,3069,0.20597692009625507,0.12169942429103896,0.23924305942933718,2.854349951124145
3070,2023,3070,-0.12636448631213104,0.16106058156905845,0.20471564262726014,2.8534201954397393
3071,2023,3071,-0.06670831960177735,-0.17049250817600342,0.18307838552990757,2.8524910452621297
3072,2023,3072,-0.02225724965048057,0.08775792647847157,0.09053639501219737,2.8515625
3073,2023,3073,-0.15454683172871705,-0.13124130902717554,0.20275355580741602,2.8506345590628053
3074,2023,3074,0.26901810259039033,0.1816262899744981,0.32459027824510434,2.8497072218607675
3075,2023,3075,0.058840805144991466,0.006150972502584879,0.059161430111504314,2.848780487804878
3076,2023,3076,-0.2620510874800634,-0.09010166243245595,0.277108430082118,2.847854356306892
3077,2023,3077,-0.1202182945728527,0.16203610515013486,0.20176257760603364,2.8469288267793305
3078,2023,3078,0.123089479115404,-0.1272468147363375,0.17703889891615704,2.8460038986354776
3079,2023,3079,0.017558107463777162,-0.12091578887936036,0.12218393977126288,2.8450795712893795
3080,2023,3080,-0.19268729833913434,0.0621467531552782,0.2024613885879914,2.844155844155844
3081,2023,3081,0.06806111244386896,0.13253339463548452,0.14898797173162018,2.843232716650438
3082,2023,3082,0.040720354147548606,-0.047603769751899686,0.06264396328852173,2.8423101881894874
3083,2023,3083,-0.03930502510416174,-0.08765255210508838,0.09606172437018824,2.8413882581900745
3084,2023,3084,0.04068536592977719,-0.06037517549909971,0.07280426373082118,2.840466926070039
3085,2023,3085,0.04832068120765315,0.17230926873752483,0.17895634195309257,2.8395461912479742
3086,2023,3086,-0.03736914371585102,-0.1367365945343846,0.1417510112377214,2.8386260531432277
3087,2023,3087,0.10775702497427853,0.08670905110408071,0.13831137326582138,2.837706511175899
3088,2023,3088,0.06001675737275457,0.11989992818358627,0.13408207913054315,2.8367875647668392
3089,2023,3089,0.07119255332346318,-0.14284978550425753,0.1596071454143784,2.8358692133376495
3090,2023,3090,-0.08456816199474154,-0.2236990736992841,0.23915068387334082,2.8349514563106797
3091,2023,3091,-0.3584529568869932,0.14607054852234125,0.3870725092881775,2.8340342931090263
3092,2023,3092,0.45573888741947427,0.11212542531620659,0.46932935611218746,2.833117723156533
3093,2023,3093,-0.0028994289889612782,0.054342406140830524,0.054419700418479,2.8322017458777884
3094,2023,3094,-0.30120542960262936,-0.06914001507627705,0.30903891746324175,2.8312863606981256
3095,2023,3095,0.049281075444348,0.3446307053314764,0.34813639202792696,2.8303715670436187
3096,2023,3096,0.05834413535577004,-0.2015854251760932,0.2098588139055367,2.8294573643410854
3097,2023,3097,0.05555380998036835,-0.2641423019055401,0.26992106523814025,2.828543752018082
3098,2023,3098,-0.10772590522182791,0.38562404554429913,0.40038828049508884,2.8276307295029053
3099,2023,3099,0.26722260227548034,-0.10362734421905823,0.28661218682528966,2.8267182962245885
3100,2023,3100,-0.0435618080349807,-0.13693236243850376,0.1436944779811189,2.825806451612903
3101,2023,3101,-0.5007009523911261,-0.1503765457719127,0.522794939956072,2.8248951950983554
3102,2023,3102,0.27536520214709825,0.06918213619059739,0.283922810850778,2.8239845261121856
3103,2023,3103,-0.0686023157468241,-0.03710169621568455,0.0779923944234814,2.823074444086368
3104,2023,3104,-0.014482358483783002,-0.1606599253465684,0.16131134591099824,2.8221649484536084
3105,2023,3105,-0.16957830398720294,0.30590781040875514,0.3497661928378086,2.821256038647343
3106,2023,3106,0.24074011044768912,-0.0967503581370541,0.25945410495502624,2.8203477141017386
3107,2023,3107,0.011502607927200972,-0.05873404620443531,0.0598497967638291,2.8194399742516896
3108,2023,3108,-0.05937837993097409,-0.20214749556200834,0.21068792553257362,2.8185328185328187
3109,2023,3109,0.13482570819898054,0.14363610537034557,0.19700076740286487,2.817626246381473
3110,2023,3110,-0.08197438834562876,-0.07162518391059036,0.1088575551574894,2.8167202572347265
3111,2023,3111,0.1273787109710518,-0.08949491633786469,0.15567490503921355,2.815814850530376
3112,2023,3112,-0.14730959280882713,0.04259055481984974,0.1533429864498702,2.814910025706941
3113,2023,3113,0.010098280859009988,0.06468313857235171,0.06546666091895553,2.814005782203662
3114,2023,3114,0.10231303061084791,-0.05282789215875463,0.11514661272791879,2.813102119460501
3115,2023,3115,-0.013096410209805197,-0.02303926481538186,0.026501390220454137,2.812199036918138
3116,2023,3116,0.1430424339363637,0.02483424897444415,0.14518222283931204,2.8112965340179716
3117,2023,3117,-0.045449792695436406,-0.032634740817720324,0.05595274760275786,2.8103946102021173
3118,2023,3118,-0.2930984835403367,0.046136169148392366,0.2967073763109608,2.809493264913406
3119,2023,3119,0.025775014101090437,0.4076661222007946,0.40848013237138553,2.808592497595383
3120,2023,3120,0.4021319030236438,-0.331463770769347,0.5211317479889817,2.8076923076923075
3121,2023,3121,-0.26753738352428513,-0.36153267562675123,0.449757853882351,2.806792694649151
3122,2023,3122,-0.13924303268040464,0.46546968374514347,0.4858504385465141,2.805893657911595
3123,2023,3123,0.1309589344638491,0.29292939831206055,0.3208704955451226,2.8049951969260327
3124,2023,3124,0.20107808068642902,-0.1322614918468092,0.2406771629342544,2.804097311139565
3125,2023,3125,-0.22701864379986184,-0.1575040980551768,0.2763059998206758,2.8032
3126,2023,3126,-0.11481649855559324,-0.12262038163061506,0.16798388711958126,2.802303262955854
3127,2023,3127,-0.0640406212077812,0.21288083215228296,0.22230485793730867,2.801407099456348
3128,2023,3128,0.28051549848613694,0.0006232738014795756,0.2805161909073298,2.8005115089514065
3129,2023,3129,-0.33294327339313534,-0.09170788751493547,0.3453426703003672,2.7996164908916588
3130,2023,3130,-0.27424319601791164,-0.036957945199435835,0.2767222800489386,2.7987220447284344
3131,2023,3131,0.3633135071580189,0.2543427179253991,0.4434939939222841,2.7978281699137657
3132,2023,3132,-0.05524494263891323,-0.31742537776316315,0.3221969492954017,2.796934865900383
3133,2023,3133,-0.057028400218220254,0.05188738846418357,0.07710083989868459,2.796042132141717
3134,2023,3134,0.009898491341421185,0.17489149219442554,0.17517138514274813,2.7951499680918954
3135,2023,3135,0.05661953847859831,-0.22594369974116765,0.23292987698072654,2.7942583732057416
3136,2023,3136,-0.07971308502986497,0.200994579651439,0.21622441345564367,2.7933673469387754
3137,2023,3137,0.001712002858943294,-0.1191250342232646,0.11913733559419144,2.7924768887472107
3138,2023,3138,0.2533342763034861,0.02387896679870467,0.2544571881586069,2.791586998087954
3139,2023,3139,-0.08729110555588679,-0.12437555235331892,0.15195069967710625,2.7906976744186047
3140,2023,3140,-0.07539094430602909,-0.2745639220616206,0.28472643323234753,2.789808917197452
3141,2023,3141,-0.04213103527927653,0.4235933144568667,0.42568335671747565,2.7889207258834765
3142,2023,3142,-0.06329652629740128,-0.00575933769349967,0.06355800667095671,2.7880330999363463
3143,2023,3143,0.17734072162729622,-0.15400184482031468,0.2348750726564027,2.7871460388164175
3144,2023,3144,-0.22782040621854965,-0.08498144273693113,0.24315423726358396,2.786259541984733
3145,2023,3145,0.012073582358623533,0.25503830155605123,0.25532392494939793,2.7853736089030208
3146,2023,3146,0.2381099455229829,0.11355468858601701,0.26380108691365395,2.7844882390336934
3147,2023,3147,0.0598922112695493,-0.07537861657582988,0.09627571244941428,2.7836034318398473
3148,2023,3148,-0.3037172916257041,-0.15115638294633904,0.33925277498920076,2.7827191867852603
3149,2023,3149,-0.02194594581920108,0.06889887399145807,0.07230960776542857,2.781835503334392
3150,2023,3150,0.08507017651418633,-0.0503780623071306,0.09886801350272975,2.780952380952381
3151,2023,3151,0.21637337612338337,0.16512377679245568,0.2721824747430221,2.780069819105046
3152,2023,3152,-0.0858824384933856,-0.09351140346205418,0.12696525437698788,2.779187817258883
3153,2023,3153,-0.2846287729691863,-0.26451514118335373,0.38856376351532596,2.7783063748810655
3154,2023,3154,-0.246636645761574,0.13571471293189363,0.2815104231439867,2.777425491439442
3155,2023,3155,0.20497665303807877,0.2942687367464265,0.35862169164320024,2.776545166402536
3156,2023,3156,0.2183452175338701,-0.23087377820954694,0.3177693117414961,2.7756653992395437
3157,2023,3157,0.13024363593637037,0.05721723425201652,0.1422575713182814,2.7747861894203356
3158,2023,3158,-0.3418620250034064,-0.0633729759103435,0.34768632158191476,2.773907536415453
3159,2023,3159,0.0484078647523867,-0.018788342135463303,0.05192613186137197,2.7730294396961064
3160,2023,3160,0.20929467132374388,-0.024980124020243213,0.21078013673157325,2.7721518987341773
3161,2023,3161,-0.05807439428951265,-0.19250345862069854,0.2010726656038179,2.7712749130022143
3162,2023,3162,0.08731875506471323,-0.09382128428549978,0.1281678523305745,2.7703984819734346
3163,2023,3163,-0.1198516148243941,0.24692493199484183,0.27447464658265286,2.76952260512172
3164,2023,3164,0.1426288116781495,-0.016929773078956087,0.14363006348681318,2.768647281921618
3165,2023,3165,0.017407981920194947,-0.0638130959658951,0.06614490948883649,2.7677725118483414
3166,2023,3166,-0.1765630161594571,-0.03479456617892601,0.1799587744760015,2.766898294377764
3167,2023,3167,0.22180039220110936,0.029620594418946187,0.22376950997465594,2.7660246289864223
3168,2023,3168,-0.11819019269972961,0.10807306618645883,0.1601521441796579,2.765151515151515
3169,2023,3169,0.20278073063147162,-0.11948817578069637,0.23536662649329035,2.7642789523508995
3170,2023,3170,0.13430458989106095,0.0819355772246732,0.1573250192466108,2.7634069400630916
3171,2023,3171,-0.4002392767145778,-0.009961621889326783,0.400363225753408,2.762535477767266
3172,2023,3172,0.1197401686090226,0.05057337805068139,0.12998220857476728,2.7616645649432536
3173,2023,3173,0.011194339519372277,0.14885727137281976,0.14927759536459678,2.760794201071541
3174,2023,3174,0.08074285434114634,-0.21604758215993436,0.23064250753993543,2.7599243856332705
3175,2023,3175,0.16779212694635548,0.13147234203613534,0.21316466542475662,2.7590551181102363
3176,2023,3176,-0.36208049186577224,0.016642465133434262,0.3624627625501372,2.7581863979848866
3177,2023,3177,0.08186212901507516,0.16559026489156617,0.18472017754901562,2.757318224740321
3178,2023,3178,-0.02584049817059324,-0.15815224113957474,0.1602493766701594,2.7564505978602893
3179,2023,3179,0.10114251783909155,-0.2744137428213589,0.29245975990562845,2.7555835168291916
3180,2023,3180,-0.13436947646785452,0.3048758449705978,0.3331732838220695,2.7547169811320753
3181,2023,3181,-0.09033480004188657,-0.07060631186787657,0.11465438227207661,2.753850990254637
3182,2023,3182,0.035007680753062737,0.3664107103030735,0.3680792663768379,2.7529855436832182
3183,2023,3183,0.17561916646610537,-0.4005582258760192,0.4373659611208829,2.7521206409048067
3184,2023,3184,-0.12512372066686733,-0.1586280410917664,0.20203663255491902,2.751256281407035
3185,2023,3185,-0.06253909309543332,0.09258787688314693,0.11173026944802401,2.7503924646781788
3186,2023,3186,0.09673544388128363,0.09422404072600313,0.13504042340589897,2.749529190207156
3187,2023,3187,0.02173748238348542,0.03468988073368477,0.040937830495638296,2.7486664574835267
3188,2023,3188,0.03851665973565373,-0.113269562156116,0.11963915240518196,2.7478042659974906
3189,2023,3189,-0.06328762714073541,-0.10378783002110288,0.12156166093630875,2.7469426152398873
3190,2023,3190,-0.009598211160316426,0.01779376047906613,0.020217407585157856,2.7460815047021945
3191,2023,3191,-0.04050253694812188,-0.09782090049413723,0.10587437873592401,2.745220933876528
3192,2023,3192,0.05721527596205245,0.09896306505471555,0.11431218678880077,2.744360902255639
3193,2023,3193,0.0008921440507027792,0.2064364938565612,0.20643842160992523,2.7435014093329158
3194,2023,3194,0.09390134120297493,-0.20855280303981982,0.22871758466607545,2.7426424546023793
3195,2023,3195,-0.07168052535935603,0.24266073797172455,0.2530263454045354,2.7417840375586855
3196,2023,3196,-0.23607484694323957,-0.04198824157549081,0.23977978603267577,2.7409261576971216
3197,2023,3197,0.530477122481741,-0.09786536816921254,0.5394289645202633,2.7400688145136063
3198,2023,3198,-0.3830032554038675,-0.03782405649049914,0.3848664091595376,2.7392120075046904
3199,2023,3199,0.17432946584381395,0.08960174200899618,0.19600825194985083,2.7383557361675526
3200,2023,3200,0.06483294646195684,0.3759128955249845,0.38146273208390474,2.7375
3201,2023,3201,-0.17066652251504966,-0.5796812016616096,0.6042825146131797,2.7366447985004685
3202,2023,3202,-0.08404914982738823,0.13499213410041094,0.15901929397305878,2.73579013116802
3203,2023,3203,-0.12319029192535418,-0.03475662447303588,0.1279994959732796,2.7349359975023417
3204,2023,3204,0.29886779714583905,0.09604893265847127,0.3139225344502015,2.7340823970037453
3205,2023,3205,-0.12818224878288206,0.12020808891319969,0.1757289775284668,2.733229329173167
3206,2023,3206,-0.28978033361020783,-0.09658382184164399,0.3054522489502767,2.732376793512165
3207,2023,3207,0.1187740754421825,0.26506902765353574,0.29046319976605667,2.7315247895229184
3208,2023,3208,0.27300484573131595,-0.23652177285504314,0.3612121188820666,2.7306733167082293
3209,2023,3209,-0.018350639009367575,-0.4725907386755313,0.4729468809855251,2.7298223745715178
3210,2023,3210,-0.16865421742018805,0.47785924237897615,0.5067481628783919,2.7289719626168223
3211,2023,3211,0.1632913086454552,-0.09197905071501891,0.18741450650785105,2.728122080348801
3212,2023,3212,-0.11697587601906859,-0.15876659875049257,0.19720595439597763,2.727272727272727
3213,2023,3213,-0.21674911611617606,0.00421221383541471,0.21679004147455397,2.726423902894491
3214,2023,3214,0.028641985496499475,0.10910432999030624,0.11280123295343594,2.7255756067205974
3215,2023,3215,0.36898043265097713,0.15312495581098678,0.39949194206068656,2.724727838258165
3216,2023,3216,-0.11845369582798551,-0.3057847122009337,0.3279261628341306,2.7238805970149254
3217,2023,3217,-0.07651499304732383,0.16832930485367514,0.18490348572580645,2.723033882499223
3218,2023,3218,-0.1787436244178489,0.3180169357261889,0.3648068731242656,2.7221876942200125
3219,2023,3219,0.38058224489211084,-0.24986861431730234,0.455277025060531,2.7213420316868593
3220,2023,3220,-0.07941332968412311,0.08855429863823236,0.11894679793432217,2.720496894409938
3221,2023,3221,-0.11354826012366763,-0.3582741477770293,0.37583716200299927,2.719652281900031
3222,2023,3222,0.01545211447349239,0.27041701004070007,0.2708581310595161,2.718808193668529
3223,2023,3223,-0.05325500423088656,0.18905838856605903,0.19641580833228955,2.7179646292274278
3224,2023,3224,0.07963020121362126,-0.13767991166973995,0.15904944835713578,2.7171215880893302
3225,2023,3225,-0.2979379223615742,0.15989953333662055,0.33813439094892495,2.7162790697674417
3226,2023,3226,0.17593127527239177,-0.1902778271583724,0.25914757403279226,2.7154370737755733
3227,2023,3227,0.10306457532594042,0.11076189498702774,0.15129608080923249,2.7145955996281375
3228,2023,3228,-0.15610088088928784,-0.1258380304589753,0.20050609697514343,2.7137546468401488
3229,2023,3229,0.06755928831821559,0.08567569440391304,0.10910812091524845,2.712914214927222
3230,2023,3230,-0.3039640434509609,0.12491735195930384,0.32863122878323997,2.7120743034055725
3231,2023,3231,0.12195551899354197,-0.1997008686674441,0.23399484088226377,2.711234911792015
3232,2023,3232,0.07723961331997743,-0.06580958574905775,0.10147344205397893,2.7103960396039604
3233,2023,3233,-0.06533344771448527,0.019286949650354095,0.0681208177951254,2.7095576863594184
3234,2023,3234,0.12811387081217673,0.20212326189962115,0.2393051961312624,2.7087198515769946
3235,2023,3235,-0.023580702136500337,-0.14539639829936687,0.14729617154453978,2.7078825347758886
3236,2023,3236,-0.028186468048670303,-0.21371605686598732,0.21556676446846956,2.707045735475896
3237,2023,3237,-0.29258431953321,-0.056651501772855904,0.2980184166957328,2.706209453197405
3238,2023,3238,0.35403149182535526,0.0627939756288088,0.35955720070575425,2.705373687461396
3239,2023,3239,0.007649110644176272,-0.08477714534244556,0.08512152058123133,2.704538437789441
3240,2023,3240,-0.192267585679224,0.09778710662527039,0.21570614902004936,2.7037037037037037
3241,2023,3241,0.0821758444068542,0.045490424835167895,0.09392682340877695,2.702869484726936
3242,2023,3242,0.050250782939758015,-0.078345656118589,0.0930762215536862,2.70203578038248
3243,2023,3243,-0.061448754147608885,0.031850330079284235,0.06921266439353883,2.7012025901942645
3244,2023,3244,0.11289635681764659,-0.10455498998805564,0.15387440759950888,2.7003699136868065
3245,2023,3245,-0.039901216683480546,0.14717724355643788,0.15249015743218675,2.699537750385208
3246,2023,3246,0.3151643601955292,0.22285329767043946,0.38599503393184575,2.698706099815157
3247,2023,3247,-0.23076332933026214,-0.5909508786708059,0.6344089021801196,2.697874961502926
3248,2023,3248,-0.15840860502373738,0.20405276363313268,0.25832308547995775,2.6970443349753697
3249,2023,3249,0.002117101637689213,0.25221327416610484,0.25222215958343364,2.696214219759926
3250,2023,3250,0.2736851358592003,-0.17606812931949006,0.32542824055747466,2.6953846153846155
3251,2023,3251,-0.14913922161109736,-0.08908255969642039,0.17371876658792598,2.6945555213780374
3252,2023,3252,-0.06766879235922262,0.17977897660557893,0.19209254511486093,2.6937269372693726
3253,2023,3253,-0.15302054072259608,0.10301295277883497,0.18446396483663188,2.69289886258838
3254,2023,3254,0.1845450929963941,-0.10155464375399517,0.21064243878442118,2.6920712968653966
3255,2023,3255,-0.10158873458799776,-0.11771975325717246,0.15549344456317193,2.6912442396313363
3256,2023,3256,-0.1118076621054783,0.12464000368898076,0.16743979164189718,2.6904176904176906
3257,2023,3257,0.166256292681445,0.17450599210045706,0.24102592419725952,2.6895916487565246
3258,2023,3258,0.12122890832516363,-0.13247363581417668,0.17957091189704985,2.6887661141804786
3259,2023,3259,-0.20502019266080046,-0.1906125940607407,0.27994006575200425,2.6879410862227675
3260,2023,3260,-0.13931692133329945,0.045639215532919136,0.1466019869041651,2.687116564417178
3261,2023,3261,0.18709597825419322,-0.044784201346706465,0.1923812095012293,2.686292548298068
3262,2023,3262,0.031913945181232306,-0.0014359918729349283,0.031946235610629245,2.685469037400368
3263,2023,3263,-0.12745700570938426,0.036467229229081376,0.13257129067806642,2.684646031259577
3264,2023,3264,0.20973530083210418,0.08648347774276494,0.22686623445902337,2.6838235294117645
3265,2023,3265,-0.20488332268258,-0.1698507602189314,0.2661324043787286,2.6830015313935682
3266,2023,3266,0.0213221149162954,0.06928846528310467,0.07249499297049217,2.682180036742192
3267,2023,3267,0.03949794719280011,0.11426274626632796,0.12089691069985399,2.681359044995409
3268,2023,3268,0.23424881739350215,0.1141714299008627,0.2605909128420673,2.6805385556915544
3269,2023,3269,-0.0748650611991557,-0.19666887345917253,0.21043626868021906,2.679718568369532
3270,2023,3270,0.01741659577321799,-0.06925949852889135,0.07141579618544609,2.6788990825688073
3271,2023,3271,-0.0654571840342463,0.29345254426090656,0.3006643289033345,2.67808009782941
3272,2023,3272,0.10026548458602981,-0.06985817908796046,0.12220201546929141,2.6772616136919316
3273,2023,3273,0.13580284063582349,-0.06164731257528889,0.1491402114539008,2.676443629697525
3274,2023,3274,-0.11095848473881481,-0.08987963630290098,0.1427940277374217,2.6756261453879047
3275,2023,3275,-0.24281401290832316,-0.026907837197827314,0.24430038184028308,2.6748091603053434
3276,2023,3276,0.13907776433358068,0.6358151112268456,0.6508482774014487,2.673992673992674
3277,2023,3277,0.2534460871241541,-0.307785595672412,0.39870652362604475,2.6731766859932864
3278,2023,3278,-0.029106365877312787,-0.2661693563673771,0.26775605838824224,2.6723611958511286
3279,2023,3279,-0.4632618972475726,0.011675187838801263,0.4634089937112699,2.6715462031107045
3280,2023,3280,0.22157821780873763,0.21531122129550942,0.3089592669318404,2.6707317073170733
3281,2023,3281,0.11566052118751446,0.3408106860929357,0.35990176425867243,2.669917708015849
3282,2023,3282,0.05946348460319678,-0.5196144368467159,0.5230058020526009,2.669104204753199
3283,2023,3283,-0.42785180876363765,0.16328022581339005,0.45794934480135246,2.6682911970758454
3284,2023,3284,-0.050139228438586925,0.27909107617689827,0.2835591138193164,2.66747868453106
3285,2023,3285,0.6101940262957467,-0.4761069349951665,0.7739603111771987,2.6666666666666665
3286,2023,3286,-0.37131592451843026,-0.0919538723068517,0.38253239135163625,2.665855143031041
3287,2023,3287,-0.18321992377783344,0.353092231016031,0.39779852195933724,2.665044113173106
3288,2023,3288,0.330011253985885,0.13557897487413598,0.35677596077266455,2.664233576642336
3289,2023,3289,-0.11064145150164369,-0.33087155915652977,0.34888037985685516,2.6634235329887503
3290,2023,3290,-0.2944706716977981,-0.3112548328970533,0.4284770092921264,2.662613981762918
3291,2023,3291,0.07925059632863139,0.47990679243321543,0.4864064004944641,2.6618049225159526
3292,2023,3292,0.2043885370421342,-0.03866344593046011,0.20801330756814929,2.660996354799514
3293,2023,3293,0.0747849534921118,-0.3141279185705856,0.32290732183446347,2.660188278165806
3294,2023,3294,-0.6029984244266232,0.33909061590921813,0.6918016664179719,2.6593806921675776
3295,2023,3295,0.49640798971448574,0.12163099599703586,0.5110919598659402,2.6585735963581185
3296,2023,3296,0.2230714301208492,-0.06034276303813322,0.2310889698519538,2.657766990291262
3297,2023,3297,-0.1545648363887444,-0.5194253445039746,0.5419344768151885,2.656960873521383
3298,2023,3298,-0.14833444480229027,0.24724585108164457,0.2883290106664441,2.656155245603396
3299,2023,3299,-0.12229080870403472,0.33339959211971654,0.35512016264791296,2.6553501060927553
3300,2023,3300,0.5714286566598132,-0.25427830358478487,0.6254503699942904,2.6545454545454548
3301,2023,3301,-0.45867315304093903,-0.08558995337102479,0.466590507231524,2.653741290518025
3302,2023,3302,-0.14207980788562102,0.03754461424804937,0.14695669385179366,2.6529376135675347
3303,2023,3303,0.2675706422668335,0.33328608621934036,0.4274033971209066,2.6521344232515895
3304,2023,3304,0.0530770098440292,-0.3768481619799193,0.3805676104999303,2.651331719128329
3305,2023,3305,0.11991733925122801,0.21331231151559937,0.2447086236674593,2.65052950075643
3306,2023,3306,-0.3421302072522461,-0.07630154496654436,0.3505353113150606,2.6497277676951
3307,2023,3307,0.03414770436796626,-0.08714270873748306,0.09359443038828662,2.6489265195040823
3308,2023,3308,-0.01896935643396957,0.04909297939299731,0.05263038199747596,2.648125755743652
3309,2023,3309,0.07562469484582193,-0.07823564898300739,0.10881135621944996,2.6473254759746148
3310,2023,3310,0.20262060563810358,0.029784449248346372,0.20479800596240974,2.6465256797583083
3311,2023,3311,-0.20860892006459036,0.028111045660463796,0.21049444747698057,2.645726366656599
3312,2023,3312,-0.19024264711289282,-0.1594719411245257,0.2482409409959301,2.6449275362318843
3313,2023,3313,-0.049892867320866334,0.2020057559496533,0.20807600449424357,2.644129188047087
3314,2023,3314,0.15886883544344751,-0.08523558598464585,0.18028980002568964,2.6433313216656606
3315,2023,3315,0.3629440038250603,-0.07190372047477225,0.3699979661169499,2.6425339366515836
3316,2023,3316,-0.4029101866016807,-0.13492448979030872,0.4249014431754454,2.6417370325693605
3317,2023,3317,-0.08915505674510132,-0.062146440440947186,0.10867752390767114,2.6409406089840215
3318,2023,3318,0.08270731821199602,0.3896885117243878,0.39836871947454494,2.640144665461121
3319,2023,3319,0.06232116083919918,-0.19299705709707723,0.20280974122679074,2.639349201566737
3320,2023,3320,0.3442011573681436,-0.08259644992297366,0.35397261232113403,2.63855421686747
3321,2023,3321,-0.12468876682857416,0.0459617602418873,0.13289007479026893,2.6377597109304425
3322,2023,3322,-0.152397366987842,-0.22794142611757892,0.2741938205090383,2.6369656833232993
3323,2023,3323,0.04439553639484555,0.46586538572297964,0.46797598364297144,2.636172133614204
3324,2023,3324,0.22377558999742345,-0.23308977522916696,0.3231197270286643,2.6353790613718413
3325,2023,3325,-0.03169576085645738,-0.25065142341275826,0.25264749615840554,2.6345864661654135
3326,2023,3326,-0.495704314903066,0.22631354066576728,0.5449225509209487,2.6337943475646424
3327,2023,3327,0.34609434145888524,0.22496179392566842,0.41278214825270043,2.6330027051397655
3328,2023,3328,0.08421981642894329,-0.020586827975475615,0.08669945193262026,2.6322115384615383
3329,2023,3329,-0.02417680099543493,-0.26680689281488723,0.26790004807746415,2.6314208471012317
3330,2023,3330,-0.052554310693096726,-0.05785285958170057,0.07815950955710063,2.630630630630631
3331,2023,3331,-0.3080214701574201,0.2899138755660896,0.4229979684628385,2.6298408886220352
3332,2023,3332,0.20687521747359464,-0.006336018509832616,0.20697222213452707,2.6290516206482595
3333,2023,3333,0.28113478463263303,-0.44273373214083084,0.5244520232640789,2.6282628262826284
3334,2023,3334,-0.5143880270171225,0.20960598154021617,0.5554545074405333,2.6274745050989803
3335,2023,3335,0.21955599416561394,0.06542751697215043,0.2290973473246518,2.626686656671664
3336,2023,3336,0.09197439523234378,0.0807489280180436,0.1223914978845286,2.6258992805755397
3337,2023,3337,-0.30107428063394115,-0.1304036942818374,0.32810188347767233,2.6251123763859754
3338,2023,3338,0.5049156278467516,-0.04174342166341995,0.5066382382884749,2.6243259436788495
3339,2023,3339,-0.3717515293852584,-0.1615070783564033,0.4053193012422429,2.623539982030548
3340,2023,3340,0.1206750671773528,0.13091118384984748,0.17804552759119555,2.622754491017964
3341,2023,3341,0.020724756452778072,0.2515785530846388,0.2524307507063816,2.6219694702184975
3342,2023,3342,0.04971294063249488,-0.5730502469775869,0.5752025400043043,2.621184919210054
3343,2023,3343,0.051269324786158914,0.32237416582480316,0.3264255603583554,2.620400837571044
3344,2023,3344,-0.3337775902179404,-0.08370967398895769,0.34411450020455825,2.6196172248803826
3345,2023,3345,0.34116494163115757,0.22264702206845224,0.40738828386950576,2.618834080717489
3346,2023,3346,-0.013418634285161097,0.014648672607498192,0.01986563251549189,2.618051404662283
3347,2023,3347,0.14339709539135076,-0.31025267709232757,0.34178860514890225,2.6172691962951897
3348,2023,3348,-0.2029536064994801,0.11465493683752057,0.23310066694962853,2.6164874551971327
3349,2023,3349,0.12832647855472026,-0.13184690901752735,0.18398720747848535,2.615706180949537
3350,2023,3350,-0.2169814725437416,0.26075300531682444,0.33922424619859703,2.6149253731343283
3351,2023,3351,0.03755089462055422,-0.06619461589051652,0.07610385574789881,2.6141450313339303
3352,2023,3352,0.167176035806447,-0.04877894620899456,0.174147100295177,2.613365155131265
3353,2023,3353,-0.12475843311432767,0.0709099684979581,0.14350223087298533,2.6125857441097526
3354,2023,3354,0.06877340739117362,-0.03521919251776026,0.07726689514789238,2.6118067978533093
3355,2023,3355,-0.19430784867011627,0.002578361901822019,0.19432495466333083,2.6110283159463488
3356,2023,3356,0.057002888886135944,0.2276715270843729,0.2346990702714766,2.6102502979737783
3357,2023,3357,0.21306894829888137,-0.23794465039240267,0.3193994886964507,2.609472743521001
3358,2023,3358,-0.15435201762064055,-0.0818714844859867,0.17472116447500483,2.608695652173913
3359,2023,3359,-0.08626687360696299,0.2293412772015301,0.24502937560698473,2.6079190235189045
3360,2023,3360,0.05626072494849715,-0.005722575318359242,0.05655101272306928,2.607142857142857
3361,2023,3361,-0.13665385609520866,-0.034848732105014005,0.14102733960128808,2.606367152633145
3362,2023,3362,0.2237829227752246,-0.16805828699099926,0.2798613663086979,2.6055919095776323
3363,2023,3363,-0.21007384812592345,0.012655192563563877,0.2104546876770732,2.6048171275646745
3364,2023,3364,-0.12497768970982275,0.11470986041302916,0.1696401338162092,2.604042806183115
3365,2023,3365,0.49162433511325904,0.17517815540552167,0.5219021680418995,2.6032689450222883
3366,2023,3366,-0.3548073017742598,-0.4097554872821791,0.542021937517465,2.6024955436720143
3367,2023,3367,-0.013759219730093952,0.048413966588514316,0.050331186042202374,2.6017226017226016
3368,2023,3368,0.052075920616198965,0.23506502509046764,0.2407643402350249,2.6009501187648456
3369,2023,3369,-0.011146806044471016,-0.12857351814546208,0.12905580519021423,2.6001780943900266
3370,2023,3370,0.21990314385722382,0.17674913314752513,0.28213055266435155,2.599406528189911
3371,2023,3371,-0.21736492044877628,-0.28008163321524826,0.3545324102338511,2.5986354197567487
3372,2023,3372,0.03738865963368443,0.006669557944570553,0.03797887402727321,2.597864768683274
3373,2023,3373,-0.08492848000440255,0.27996277915320705,0.2925611122945864,2.597094574562704
3374,2023,3374,0.3107695887626689,-0.24663515202552821,0.39674505102694574,2.5963248369887375
3375,2023,3375,-0.14113241480388206,-0.053132223183943554,0.15080249218379455,2.5955555555555554
3376,2023,3376,-0.3869561249926895,-0.022490554976643054,0.38760916879314833,2.59478672985782
3377,2023,3377,0.14277701221367856,0.4312733263901976,0.4542928100601316,2.594018359490672
3378,2023,3378,0.20335624907042535,-0.02532683214476596,0.20492733459078127,2.5932504440497337
3379,2023,3379,0.11715591587615862,-0.34890045112168844,0.36804487962434584,2.592482983131104
3380,2023,3380,-0.35468794036330686,-0.03924177722253534,0.35685214321725434,2.591715976331361
3381,2023,3381,-0.015358189893424022,0.2803473712240207,0.2807677377282179,2.59094942324756
3382,2023,3382,0.24115316230963715,0.20943091450420956,0.3193996800906471,2.5901833234772322
3383,2023,3383,0.03890041813327004,-0.43052313981742674,0.4322770135563523,2.589417676618386
3384,2023,3384,-0.22423842920867282,-0.01431818727973181,0.22469509033566007,2.5886524822695036
3385,2023,3385,-0.23214639832150297,0.16638959331197928,0.2856176587961112,2.587887740029542
3386,2023,3386,0.4279131024570572,0.1315030939079041,0.44766358681690316,2.5871234494979327
3387,2023,3387,-0.08970088378910976,-0.18714996239815793,0.2075363991645304,2.586359610274579
3388,2023,3388,-0.1489115589608747,-0.06058375943434171,0.16076393967353578,2.5855962219598583
3389,2023,3389,-0.010896440922085476,0.1537608485015845,0.15414645943613403,2.5848332841546178
3390,2023,3390,0.18857926068002978,-0.08101632814286965,0.20524566495879945,2.584070796460177
3391,2023,3391,-0.0038155213648550135,-0.2064108111157854,0.20644607322194847,2.583308758478325
3392,2023,3392,-0.011408977411367018,0.1722346665248974,0.17261212332427783,2.582547169811321
3393,2023,3393,-0.06869273297835027,-0.11777869607173679,0.13634703081619884,2.5817860300618922
3394,2023,3394,0.0015860711738150297,0.17607263228928233,0.17607977584903164,2.581025338833235
3395,2023,3395,0.0662831546360255,0.042203442646343,0.07857854134371821,2.5802650957290134
3396,2023,3396,0.18583441760469493,-0.2332129351066144,0.2981991010508216,2.579505300353357
3397,2023,3397,-0.03291349363767263,0.3621081592192444,0.3636009035145358,2.5787459523108627
3398,2023,3398,-0.055203420401304146,-0.2743017506996768,0.2798014797332401,2.577987051206592
3399,2023,3399,0.04661755655270679,-0.006713152443679403,0.0470984394080833,2.5772285966460724
3400,2023,3400,-0.14239997179419894,0.21868161802680805,0.260958621298112,2.5764705882352943
3401,2023,3401,0.28708580618280305,-0.3062225131504228,0.4197505064580516,2.5757130255807117
3402,2023,3402,-0.21385291213695398,0.2610864557230746,0.3374895633815848,2.5749559082892417
3403,2023,3403,-0.1020043543159731,0.14788220741783634,0.17964975805770111,2.5741992359682633
3404,2023,3404,0.28540612105233765,-0.0684874976903445,0.29350841772260394,2.573443008225617
3405,2023,3405,-0.09633849820391545,-0.15429863472507965,0.18190430152750478,2.5726872246696035
3406,2023,3406,0.05738693054179596,0.053987180062702936,0.07879007176117829,2.571931884908984
3407,2023,3407,-0.018213551983255714,0.17160202372490566,0.17256589472526093,2.5711769885529794
3408,2023,3408,-0.0668540783257419,-0.1421833863051005,0.1571164635866333,2.5704225352112675
3409,2023,3409,0.09842180307921769,0.07292607504529905,0.1224951580384992,2.5696685244939865
3410,2023,3410,-0.05235730283464831,-0.27169059152453234,0.2766894733868084,2.56891495601173
3411,2023,3411,-0.032464367085797315,-0.055046681734778294,0.06390674690743829,2.5681618293755495
3412,2023,3412,-0.1166047484805345,0.36380972564510833,0.3820395056040379,2.5674091441969518
3413,2023,3413,0.26694175385577557,-0.013456951971157606,0.26728073164362504,2.5666569000878994
3414,2023,3414,-0.2024451743016539,-0.10840770104288155,0.22964380732654172,2.5659050966608086
3415,2023,3415,0.03985403199503118,-0.11241617224015124,0.11927170514161488,2.5651537335285504
3416,2023,3416,0.048706937100614786,0.20141318300215597,0.20721881190853114,2.5644028103044496
3417,2023,3417,-0.0490865958935063,-0.1435934146310748,0.15175164783890868,2.563652326602283
3418,2023,3418,0.2602976829503989,-0.031648548214787825,0.26221463413289914,2.5629022820362786
3419,2023,3419,-0.4295984302879869,-0.06846891580844776,0.43502046358520496,2.562152676221117
3420,2023,3420,0.035584763427386375,0.22975147963478798,0.2324908982789594,2.56140350877193
3421,2023,3421,0.22274601111650733,-0.006456921494412907,0.2228395775070044,2.560654779304297
3422,2023,3422,-0.12611074665317515,-0.2887124849678626,0.3150536770103463,2.5599064874342488
3423,2023,3423,0.06659479112927573,0.23937969758214991,0.24847033187097692,2.5591586327782645
3424,2023,3424,-0.12510537803781518,-0.15392277858778816,0.1983521549723368,2.558411214953271
3425,2023,3425,0.22063001985308628,0.14748639912444017,0.2653862158949988,2.5576642335766424
3426,2023,3426,-0.18335456905818548,0.0218341878200403,0.1846500196378915,2.5569176882661995
3427,2023,3427,-0.022912583731835554,-0.2354457479709891,0.23655799866182267,2.55617157864021
3428,2023,3428,0.060194842198189505,0.06033086977763531,0.08522460252410055,2.5554259043173864
3429,2023,3429,-0.10307309185997167,0.05990734855774811,0.11921808871473188,2.5546806649168854
3430,2023,3430,0.11109973755985046,0.1406028682822502,0.1791991022719239,2.553935860058309
3431,2023,3431,0.3498046843265229,0.04204463873282864,0.3523223933032818,2.5531914893617023
3432,2023,3432,-0.4648289143891292,-0.29409304113866125,0.5500514853160227,2.5524475524475525
3433,2023,3433,-0.11827708161180597,0.11247476830726988,0.16321777335933685,2.55170404893679
3434,2023,3434,0.32622470551256133,0.10082293491763294,0.3414495902650384,2.550960978450786
3435,2023,3435,0.13120796048585054,-0.08366233842073467,0.1556114255602141,2.550218340611354
3436,2023,3436,-0.16187092409126175,-0.10697579576119742,0.19402581515071762,2.549476135040745
3437,2023,3437,-0.18425254620786083,0.11172597130130331,0.21548014629496506,2.5487343613616527
3438,2023,3438,-0.13330632622677424,0.13396460206053246,0.18898965902216971,2.5479930191972078
3439,2023,3439,0.28918471084023484,-0.058902681867470816,0.2951225557542675,2.54725210817098
3440,2023,3440,0.10565051375664537,-0.25700394620484307,0.2778723797391619,2.546511627906977
3441,2023,3441,-0.007138801429652878,0.25043730181959517,0.25053902815435963,2.5457715780296426
3442,2023,3442,-0.07913721351850309,0.031274836976003965,0.08509297263199102,2.5450319581638583
3443,2023,3443,0.027729682747808817,-0.07902613585744879,0.08375001763494787,2.5442927679349405
3444,2023,3444,-0.15354346808706873,-0.13631165999793454,0.20532039656010118,2.543554006968641
3445,2023,3445,0.10086819815647292,0.115825028878211,0.15358981318424703,2.5428156748911466
3446,2023,3446,0.02306696878732491,0.0329149993847844,0.040193062007463164,2.542077771329077
3447,2023,3447,0.007943181253888794,-0.0368722565110174,0.03771813129844048,2.5413402959094866
3448,2023,3448,0.05975651547350011,0.14029199061392117,0.15248830700073762,2.5406032482598606
3449,2023,3449,-0.02671754093125544,-0.2523930323970593,0.25380321076770546,2.5398666280081184
3450,2023,3450,-0.004178149880748811,-0.03519353025281583,0.03544067589764428,2.5391304347826087
3451,2023,3451,-0.17033683971498292,0.16035634689077358,0.23394186660844163,2.5383946682121126
3452,2023,3452,0.1989195729914889,-0.1356891935036754,0.2407915151179421,2.53765932792584
3453,2023,3453,0.0037217505819279535,0.1520222754036759,0.1520678258090947,2.536924413553432
3454,2023,3454,-0.012357427709210465,-0.12084798416793584,0.12147815152134163,2.5361899247249564
3455,2023,3455,-0.16515342741286967,0.07707207063844865,0.18225190989044815,2.5354558610709117
3456,2023,3456,0.06380068301601964,0.12796943409529893,0.14299196906113879,2.5347222222222223
3457,2023,3457,0.17730014288158533,-0.22887676861547218,0.28951669360796967,2.53398900781024
3458,2023,3458,-0.0599631882768082,0.03207560688809073,0.06800315070317905,2.533256217466744
3459,2023,3459,0.03699374846133344,0.16756082500863376,0.17159594255924115,2.5325238508239374
3460,2023,3460,0.1371402097176278,-0.13848703740182194,0.19490022229266074,2.531791907514451
3461,2023,3461,-0.3392799436535488,0.0044684000816872784,0.3393093673402567,2.5310603871713377
3462,2023,3462,-0.15747042143345935,-0.02074435728434107,0.15883092263653098,2.5303292894280762
3463,2023,3463,0.37452563460023963,0.2272962663573465,0.4381016362360474,2.5295986139185676
3464,2023,3464,-0.04358906083939901,-0.3166157186412898,0.319602126894677,2.5288683602771362
3465,2023,3465,-0.15190881748969207,-0.004249746864699184,0.15196825056415764,2.5281385281385282
3466,2023,3466,-0.14567328528035445,0.494899080132566,0.5158932113920782,2.527409117137911
3467,2023,3467,0.4065161379938169,-0.2814962886058829,0.49446489354482437,2.526680126910874
3468,2023,3468,-0.1091937706325945,-0.21625241434206907,0.2422568600757006,2.5259515570934257
3469,2023,3469,-0.27689779958613014,-0.08526265876053171,0.2897276521054826,2.525223407321995
3470,2023,3470,0.01025769503162254,0.3597929048091464,0.3599390985408021,2.5244956772334293
3471,2023,3471,0.09303832348186389,-0.11700525865421729,0.14948699003276583,2.5237683664649957
3472,2023,3472,0.1640748709978184,-0.026010711042546503,0.1661238104002241,2.5230414746543777
3473,2023,3473,-0.3304398874673744,-0.09091235450672369,0.34271792400078416,2.5223150014396776
3474,2023,3474,0.25801195635559987,0.039494446574570095,0.26101720428484315,2.5215889464594126
3475,2023,3475,-0.06293207371056049,0.0793050043649753,0.10124094833040714,2.520863309352518
3476,2023,3476,-0.0455587004783304,-0.13313707004070224,0.14071629119720672,2.5201380897583427
3477,2023,3477,0.004607761094771095,0.11514060193863332,0.11523276303680867,2.5194132873166524
3478,2023,3478,-0.0021713201939650628,0.04339145567006817,0.043445748428956904,2.518688901667625
3479,2023,3479,0.008279391363276734,0.0038553955069489053,0.009133038698117027,2.517964932451854
3480,2023,3480,-0.11225758259857087,-0.03185109653537746,0.11668871925503722,2.5172413793103448
3481,2023,3481,-0.007888129034798418,-0.08817297061653151,0.08852511127930514,2.516518241884516
3482,2023,3482,0.0021019230968807746,0.1454628092109814,0.14547799470798178,2.5157955198161974
3483,2023,3483,0.07729048231329849,0.1493643329037025,0.16817705729376517,2.515073212747631
3484,2023,3484,0.2506227832539309,0.03740717465541955,0.2533990453842474,2.51435132032147
3485,2023,3485,-0.22747594120133252,-0.43002060638651457,0.4864802418829133,2.513629842180775
3486,2023,3486,-0.4391650155848625,0.2476813914575339,0.5041943896831783,2.512908777969019
3487,2023,3487,0.45349242686102553,0.047710804105202405,0.45599528730971284,2.512188127330083
3488,2023,3488,0.19001625607387884,-0.15342665546384068,0.24422513420848802,2.511467889908257
3489,2023,3489,-0.2499640015218309,-0.07140390512446786,0.2599625352311942,2.5107480653482375
3490,2023,3490,-0.10859557363644567,0.23615151545157564,0.25992409827390855,2.510028653295129
3491,2023,3491,0.06359318925385157,0.16241851642585958,0.17442439106229782,2.509309653394443
3492,2023,3492,0.21715468490804068,-0.1822368634565885,0.28348973805061395,2.508591065292096
3493,2023,3493,0.033120067318526326,-0.418426882459387,0.4197356249162863,2.5078728886344117
3494,2023,3494,-0.27046242983800484,0.4262346170447412,0.504802807758787,2.5071551230681166
3495,2023,3495,0.10813389125988998,0.09920272146951314,0.14674507959711466,2.5064377682403434
3496,2023,3496,0.13865780647801065,-0.06368585406504476,0.15258399426311933,2.505720823798627
3497,2023,3497,-0.31184132583294083,-0.1788955622504176,0.359511661410502,2.5050042893909064
3498,2023,3498,0.1958678290778204,0.09427023942217087,0.2173731457847811,2.5042881646655233
3499,2023,3499,-0.0148234248441935,0.09514419057663927,0.09629200862270611,2.5035724492712204
3500,2023,3500,0.08117550492183609,-0.11004906653236744,0.13674889266082002,2.5028571428571427
3501,2023,3501,0.10714393412539135,0.16175764663063372,0.19402411928249325,2.5021422450728363
3502,2023,3502,-0.2849160884919604,-0.1516424511539352,0.3227578201586016,2.5014277555682467
3503,2023,3503,0.2431674022448384,-0.07961110096347299,0.25586776450174287,2.5007136739937197
3504,2023,3504,-0.25869434370627353,0.10650515451527276,0.2797608110581997,2.5
3505,2023,3505,0.12206102099917374,-0.0753624925383222,0.14345172752166285,2.499286733238231
3506,2023,3506,0.11366182099198599,0.19558540932091178,0.22621375265540972,2.4985738733599545
3507,2023,3507,-0.026806915518770454,-0.16345978998553254,0.16564333268123077,2.4978614200171085
3508,2023,3508,-0.20509450604220075,0.17932923814447313,0.27243849225498856,2.4971493728620295
3509,2023,3509,-0.08074099011190941,-0.02679851102204038,0.08507213220114959,2.4964377315474495
3510,2023,3510,0.28865374832089175,-0.029550354565881672,0.29016238535459765,2.4957264957264957
3511,2023,3511,-0.004720898416764521,-0.16073355943085013,0.1608028731371801,2.4950156650526916
3512,2023,3512,0.08022411262228463,-0.05784170128521345,0.09890182330776755,2.4943052391799543
3513,2023,3513,-0.36899695958474965,0.227694458130676,0.43359372971274796,2.493595217762596
3514,2023,3514,0.003505201348507437,0.05435521949450855,0.054468122078788254,2.4928856004553217
3515,2023,3515,0.11663525026961061,0.024055929545148624,0.11909017319550701,2.492176386913229
3516,2023,3516,0.147849529600386,-0.2617452613123365,0.30061614265125336,2.491467576791809
3517,2023,3517,0.027310731492715786,0.06543271885779653,0.07090357361791196,2.4907591697469433
3518,2023,3518,-0.26880820510090103,0.047349805798526885,0.2729466160968593,2.490051165434906
3519,2023,3519,0.06168152318602116,0.22254228834422277,0.2309321987164866,2.4893435635123615
3520,2023,3520,0.25288682714953997,-0.04462423181863873,0.25679382666093226,2.4886363636363638
3521,2023,3521,-0.18921733277733246,-0.4451425601662122,0.48368905083193436,2.4879295654643565
3522,2023,3522,-0.14554555959014312,0.028254492858977805,0.14826269349747404,2.487223168654174
3523,2023,3523,0.10927277638771941,0.49939486176360287,0.5112101012454356,2.4865171728640365
3524,2023,3524,0.13395684776244798,-0.05195260653526304,0.1436784966105211,2.485811577752554
3525,2023,3525,0.09535362835331282,-0.24029722782563578,0.2585247998564687,2.4851063829787234
3526,2023,3526,-0.363141464731089,-0.07584009510561472,0.37097633810348263,2.4844015882019286
3527,2023,3527,-0.09078382160308321,-0.018963971173541205,0.0927433796425995,2.483697193081939
3528,2023,3528,0.41531641823851245,0.2958019288021586,0.5098887215280843,2.4829931972789114
3529,2023,3529,0.013821701080948958,-0.34244646896204695,0.3427252887158245,2.4822896004533863
3530,2023,3530,-0.16226544472043883,0.10751159958687688,0.19465050371383769,2.481586402266289
3531,2023,3531,-0.18793483250517773,0.13101603392120123,0.22909540024450634,2.4808836023789294
3532,2023,3532,0.1528070093763396,-0.1777338653121912,0.2343913586149303,2.4801812004530013
3533,2023,3533,0.015317604020817523,0.26882352477864635,0.2692595707999143,2.47947919615058
3534,2023,3534,0.07845868475546253,-0.30405554439282717,0.31401518958415936,2.4787775891341255
3535,2023,3535,-0.020163636275948516,0.0185752325867712,0.02741553379967995,2.478076379066478
3536,2023,3536,-0.01684899543624973,0.3085768207714805,0.30903647513626153,2.47737556561086
3537,2023,3537,0.08804804277033978,-0.2453909593318068,0.26070899631096744,2.4766751484308736
3538,2023,3538,-0.010720109806228971,0.013598903247956406,0.017316204081867532,2.475975127190503
3539,2023,3539,-0.13484147180038775,-0.12273525141646062,0.18233530776444962,2.4752755015541115
3540,2023,3540,0.10257814519735432,0.04349799720433129,0.11141970935573974,2.4745762711864407
3541,2023,3541,-0.06385863822341377,0.24635988059539093,0.2545017022393448,2.473877435752612
3542,2023,3542,0.2659746312094439,0.06990481310187305,0.27500761324335643,2.4731789949181255
3543,2023,3543,-0.1280888304533149,-0.20766141767128046,0.24398773099511384,2.472480948348857
3544,2023,3544,-0.05953169765954926,-0.1381574347217124,0.1504376940633969,2.471783295711061
3545,2023,3545,0.06653148339326076,0.11277288911451025,0.13093572011388396,2.4710860366713683
3546,2023,3546,-0.09385008005332025,0.09061529655092351,0.13045677251498455,2.470389170896785
3547,2023,3547,0.2234731574109475,0.05357634879700104,0.22980573803461923,2.4696926980546943
3548,2023,3548,-0.145569638575983,-0.24307552202156654,0.28333060032619034,2.468996617812852
3549,2023,3549,-0.1639852640865163,0.17958318187833108,0.24318981485882638,2.4683009298393914
3550,2023,3550,0.08314236245018927,0.049891287924271034,0.09696284362858361,2.4676056338028167
3551,2023,3551,0.19084718585033084,0.06410809744148278,0.20132684000042658,2.466910729372008
3552,2023,3552,-0.08829959930856582,-0.12301589567895811,0.15142565775901248,2.4662162162162162
3553,2023,3553,0.05201306896515777,-0.08689541433969188,0.1012727622633104,2.465522094005066
3554,2023,3554,-0.13738655836063993,0.07475690899578426,0.1564086374238504,2.4648283624085536
3555,2023,3555,0.01506006320894497,-0.045496528609355276,0.04792431136030335,2.4641350210970465
3556,2023,3556,-0.08756525112762835,0.12482043687725743,0.15247234066306592,2.463442069741282
3557,2023,3557,0.03108638103809787,-0.16069640054130568,0.16367558227474727,2.46274950801237
3558,2023,3558,0.10494129922034241,0.09858847221712097,0.1439873714468025,2.4620573355817874
3559,2023,3559,-0.2488456539468545,-0.14357238399448397,0.2872928626577716,2.461365552121382
3560,2023,3560,0.33927525787868307,0.22077536252018215,0.40478322754848023,2.460674157303371
3561,2023,3561,-0.11274838521306038,0.17994657239392714,0.21235104728838874,2.459983150800337
3562,2023,3562,0.18627935351374428,-0.6065368138669147,0.6344973633683019,2.459292532285233
3563,2023,3563,-0.3638353557548711,0.31728741162669083,0.48274990178563343,2.458602301431378
3564,2023,3564,0.0019333189976186913,-0.11791980978899311,0.1179356573009998,2.457912457912458
3565,2023,3565,0.45331756509362414,0.14925168957765872,0.47725557269056373,2.4572230014025247
3566,2023,3566,-0.4415963549338671,-0.11739321960213653,0.45693381216477447,2.4565339315759953
3567,2023,3567,0.17509783689285732,0.0852432244186974,0.1947451149422087,2.4558452481076536
3568,2023,3568,-0.17929277152904327,0.16479356031705547,0.24352169399159637,2.4551569506726456
3569,2023,3569,0.21292843009071546,-0.2710483792362529,0.3446820857362568,2.454469038946484
3570,2023,3570,0.06482616336411934,0.07744303887431034,0.1009943351213296,2.453781512605042
3571,2023,3571,-0.23809716477613546,0.061089420911772885,0.24580922932585333,2.4530943713245588
3572,2023,3572,0.19219219640712207,0.10645621804995992,0.21970609167998595,2.452407614781635
3573,2023,3573,-0.10839882834088664,-0.22841631129628145,0.2528325874009851,2.4517212426532327
3574,2023,3574,-0.24971058108597158,0.047234284067008574,0.25413864699729644,2.451035254616676
3575,2023,3575,0.31676415173733224,0.04236209602098452,0.31958422208419923,2.4503496503496502
3576,2023,3576,-0.03892361387360014,-0.06457506270597653,0.07539884906589701,2.4496644295302015
3577,2023,3577,-0.11509973306576123,0.13460831569159698,0.1771082923104904,2.4489795918367347
3578,2023,3578,0.12887436386150614,0.028149403327829475,0.1319128142692009,2.4482951369480155
3579,2023,3579,-0.1471956953160909,0.1039271409101695,0.18018718971488978,2.4476110645431683
3580,2023,3580,0.24352328905558163,-0.36714359469222524,0.44056555861299157,2.446927374301676
3581,2023,3581,-0.3451555590381389,0.0804741069544263,0.3544128127269704,2.446244065903379
3582,2023,3582,0.11869629876129466,0.036945233162917264,0.12431315937217927,2.4455611390284755
3583,2023,3583,0.19905739304867096,0.3534445676066182,0.4056438192527557,2.4448785933575214
3584,2023,3584,-0.10360240887131153,-0.31541375810148203,0.33199291848417284,2.4441964285714284
3585,2023,3585,0.09715006726433446,0.010332528676539237,0.0976979872787368,2.4435146443514646
3586,2023,3586,-0.41041981725275056,0.03933493513472551,0.41230045296583684,2.4428332403792528
3587,2023,3587,0.4059041201304702,0.08823279302201914,0.4153831731105121,2.4421522163367717
3588,2023,3588,0.16955401372733478,-0.06130199189640195,0.18029558447592597,2.4414715719063547
3589,2023,3589,-0.1674643328382735,-0.22915613316871186,0.2838253620482223,2.4407913067706883
3590,2023,3590,-0.2307164757916126,0.3445020048494415,0.414622386692984,2.4401114206128134
3591,2023,3591,-0.10188146572589026,-0.05214440711910678,0.1144503047276804,2.4394319131161235
3592,2023,3592,0.33553419084315905,0.0972118768888129,0.3493327099385616,2.4387527839643655
3593,2023,3593,-0.028201327166264063,-0.20781595718843435,0.20972073554153828,2.4380740328416364
3594,2023,3594,0.055097481670058235,-0.008805976893590061,0.055796753628081674,2.4373956594323873
3595,2023,3595,-0.10679196727341304,0.3555574391436938,0.37124872633390577,2.4367176634214185
3596,2023,3596,0.003477745175157527,-0.23431170519111927,0.23433751279100262,2.436040044493882
3597,2023,3597,-0.1968504925087769,0.03434562465729425,0.1998242686313346,2.4353628023352796
3598,2023,3598,0.20731161965528408,-0.22977433488281573,0.3094743165675264,2.4346859366314617
3599,2023,3599,-0.02424756945429254,0.17670027701028818,0.17835619563097133,2.43400944706863
3600,2023,3600,-0.09125636908533225,0.061144506284977036,0.10984705525170886,2.433333333333333
3601,2023,3601,-0.05708321244513117,0.017378268859897888,0.05966990339880629,2.432657595112469
3602,2023,3602,-0.13775816874541455,0.19065951536060755,0.23521982028228797,2.4319822320932816
3603,2023,3603,0.15137283391748482,-0.3934582366421978,0.42157219883407654,2.431307243963364
3604,2023,3604,-0.06859494288565626,-0.0009238214139364453,0.06860116351412192,2.430632630410655
3605,2023,3605,0.09215944546923664,0.3090380015853201,0.32248697619135797,2.4299583911234395
3606,2023,3606,0.10115204080628062,-0.2460209873353374,0.26600387510096485,2.4292845257903495
3607,2023,3607,-0.21523011262504915,0.05077790025601546,0.2211388625615163,2.4286110341003604
3608,2023,3608,-0.11215672935724112,-0.0548565441094237,0.12485340352486424,2.4279379157427936
3609,2023,3609,-0.03930977354320557,0.008049596072141845,0.04012548184063023,2.427265170407315
3610,2023,3610,0.16739649183132635,0.3076324331636188,0.35022749665268105,2.4265927977839334
3611,2023,3611,0.35675284154594183,-0.418948418098291,0.5502639066649423,2.425920797563002
3612,2023,3612,-0.4485709344728041,0.09554263708480379,0.4586330545816811,2.425249169435216
3613,2023,3613,-0.061519747832108077,0.006579552948772036,0.06187058986571779,2.4245779130916136
3614,2023,3614,0.3328350660171662,0.055748668666241015,0.3374716213679451,2.423907028223575
3615,2023,3615,-0.2745009057001016,-0.229452905594276,0.35777001427709365,2.4232365145228214
3616,2023,3616,0.10577128420703302,-0.04349361519828551,0.11436458860076175,2.422566371681416
3617,2023,3617,-0.016614045037859165,0.20446944213198384,0.20514331394974758,2.421896599391761
3618,2023,3618,-0.07497796572156325,0.08043549264452675,0.10996164704437465,2.4212271973466004
3619,2023,3619,0.13099321362735084,-0.061165731679801286,0.14456994413897453,2.4205581652390165
3620,2023,3620,-0.16457286833979493,0.006791249446515035,0.16471293228715306,2.4198895027624308
3621,2023,3621,0.21808159162314567,-0.04704807962282552,0.22309886239306603,2.4192212096106047
3622,2023,3622,0.0337751294021152,-0.12272970761172988,0.12729234264711423,2.418553285477637
3623,2023,3623,-0.1378617885846542,-0.06749888143616879,0.15349909363541486,2.417885730057963
3624,2023,3624,0.01817497267469047,0.2689415796344321,0.26955500902040264,2.4172185430463577
3625,2023,3625,-0.002521097706175793,0.02015337715341266,0.020310454065130604,2.416551724137931
3626,2023,3626,0.12763845706839125,-0.2880758866287247,0.31508616627793323,2.41588527302813
3627,2023,3627,-0.2476769325761419,0.030298007698597154,0.2495232097437651,2.415219189412738
3628,2023,3628,0.07196931013104967,0.25731662021766566,0.26719173759864207,2.414553472987872
3629,2023,3629,0.28646860715299377,-0.16714016252559583,0.3316626249869871,2.4138881234499863
3630,2023,3630,-0.17772228558903566,0.10798400524822666,0.20795614004986676,2.4132231404958677
3631,2023,3631,0.07512347813320287,-0.21782002112006543,0.23041071712829583,2.4125585238226384
3632,2023,3632,-0.12641396095326748,0.06685304713281293,0.14300286512806779,2.4118942731277535
3633,2023,3633,0.13950506921988867,0.028678255313343438,0.14242228289794837,2.4112303881090007
3634,2023,3634,-0.03355261526461048,-0.012972790949070372,0.03597320247216328,2.410566868464502
3635,2023,3635,-0.13378537195663417,0.05888592378949115,0.14617139860491424,2.4099037138927097
3636,2023,3636,0.1421583951442507,0.0005851243755306925,0.14215959932598204,2.4092409240924093
3637,2023,3637,0.057279806821385185,0.028492855478736173,0.06397514425796437,2.4085784987627163
3638,2023,3638,0.01018960360300479,-0.1103052158581579,0.11077485575301453,2.407916437603079
3639,2023,3639,-0.12978206317142524,-0.10488550601436615,0.1668662736832145,2.407254740313273
3640,2023,3640,-0.09297717226257658,0.19222273441211327,0.2135282983279141,2.4065934065934065
3641,2023,3641,0.27324533004651447,-0.0903211019197574,0.2877862259459751,2.4059324361439165
3642,2023,3642,-0.18231726307639537,-0.09457547543342612,0.20538769429818854,2.4052718286655685
3643,2023,3643,-0.10723789103116065,0.1544474181543663,0.18802651474555593,2.4046115838594564
3644,2023,3644,0.09798940760717051,0.1433738058689917,0.17366050850024461,2.4039517014270033
3645,2023,3645,0.08700021082211198,0.0013822429451255806,0.08701119053691474,2.403292181069959
3646,2023,3646,0.15228483513452318,-0.24175093208097065,0.2857169651490212,2.4026330224904004
3647,2023,3647,-0.2368298082702149,0.013447325421949806,0.2372112742816213,2.401974225390732
3648,2023,3648,-0.023731389843157792,0.4099259715250034,0.41061232445532586,2.401315789473684
3649,2023,3649,0.5132251075521753,-0.11171568182985385,0.525243186142049,2.400657714442313
3650,2023,3650,-0.711640904962117,-0.29018808683724556,0.7685323046935383,2.4
3651,2023,3651,0.05510385106161242,0.21536870717442677,0.22230635265732815,2.399342645850452
3652,2023,3652,0.29098882245914864,0.22680093030966356,0.3689351661003472,2.3986856516976998
3653,2023,3653,-0.05494957336109639,-0.1965257571195335,0.2040632961215034,2.398029017246099
3654,2023,3654,0.09051283605691406,0.08173979464173718,0.12195887634419714,2.3973727422003286
3655,2023,3655,-0.5289278959766847,0.07003646582005058,0.5335445864095012,2.39671682626539
3656,2023,3656,0.44586804783437356,0.03644264815048932,0.447354873320785,2.396061269146608
3657,2023,3657,-0.09439100806816922,-0.19227083730331535,0.21419088981897233,2.395406070549631
3658,2023,3658,-0.2607624620631114,-0.13189290531685263,0.2922204648790633,2.3947512301804266
3659,2023,3659,0.1803557215293475,0.5057627014406805,0.536958188741867,2.3940967477452855
3660,2023,3660,-0.04192960475823386,-0.40775584248120017,0.4099059877980987,2.3934426229508197
3661,2023,3661,0.026519820234026496,0.11937664417727335,0.12228689234857681,2.3927888555039605
3662,2023,3662,-0.2625391583371672,-0.04107204274055491,0.2657324262397612,2.3921354451119607
3663,2023,3663,0.36508547170084493,0.0867306925101519,0.37524607215841577,2.3914823914823913
3664,2023,3664,0.10591619447392267,-0.07152938591101977,0.1278072505793212,2.390829694323144
3665,2023,3665,-0.20313669835463705,-0.3348907484811231,0.39168396908307296,2.390177353342428
3666,2023,3666,-0.24049722589836484,0.37859903676386214,0.44852663945782906,2.3895253682487727
3667,2023,3667,0.17507644283626406,0.048706957045757546,0.1817254206236896,2.388873738751023
3668,2023,3668,0.20488330481060557,-0.12505701131602584,0.2400342156222986,2.3882224645583423
3669,2023,3669,-0.3164290447975538,-0.14263753418187064,0.3470919280953918,2.3875715453802124
3670,2023,3670,0.15763929772412877,0.20171062235497597,0.25600258467013226,2.3869209809264307
3671,2023,3671,-0.05698650660246434,0.21016028887592275,0.21774941780671656,2.38627077090711
3672,2023,3672,0.18198068929161187,-0.13587980077141953,0.22711294884424985,2.3856209150326797
3673,2023,3673,-0.07696867717751936,-0.10252139699806723,0.12819833894747817,2.384971413013885
3674,2023,3674,-0.0832771444268759,-0.02275439366768299,0.08632986282323538,2.3843222645617854
3675,2023,3675,0.022398847074439822,-0.011169803423474947,0.025029439841578835,2.3836734693877553
3676,2023,3676,-0.008146499694107147,0.1992037135633855,0.1993702208322733,2.383025027203482
3677,2023,3677,-0.09094422131618864,-0.0065065827039475005,0.09117668018353821,2.3823769377209683
3678,2023,3678,0.005150594888711707,0.031195743465403138,0.03161808087260936,2.3817292006525284
3679,2023,3679,-0.10856767395031297,0.012648655688747814,0.10930200509466402,2.381081815710791
3680,2023,3680,0.18676431169108373,-0.16923605701961283,0.2520352180092892,2.380434782608696
3681,2023,3681,-0.06464855406643569,0.2730464161343881,0.2805954042865177,2.3797881010594946
3682,2023,3682,-0.01386016866006518,-0.23276068799024677,0.23317298760572258,2.379141770776752
3683,2023,3683,-0.044435497120029525,0.09184533058898915,0.10202979052857483,2.3784957914743416
3684,2023,3684,-0.07280336296633345,-0.0037753259409128567,0.07290118479947924,2.3778501628664497
3685,2023,3685,0.13911330772618619,-0.2123524549342289,0.25386231997504927,2.377204884667571
3686,2023,3686,-0.11833936218705234,0.07758558906928031,0.14150522348685782,2.376559956592512
3687,2023,3687,-0.03376629311174126,-0.01819128987733706,0.038354733448550136,2.375915378356387
3688,2023,3688,0.13563462276876018,0.26386649260453177,0.2966854846685987,2.3752711496746204
3689,2023,3689,0.07635130290791926,-0.4028266449403181,0.4099985699116644,2.374627270262944
3690,2023,3690,-0.1715343901514593,0.01998371662571316,0.17269451622680398,2.3739837398373984
3691,2023,3691,-0.123084900138018,0.1633797957847392,0.20455525002465458,2.3733405581143323
3692,2023,3692,0.4348474012465559,0.00873910105406931,0.4349352069654932,2.372697724810401
3693,2023,3693,-0.21006393555382255,-0.07596713741866344,0.22337829569576945,2.372055239642567
3694,2023,3694,0.024838146208583767,-0.03976739976453942,0.04688688079955494,2.3714131023280998
3695,2023,3695,-0.21619607643660488,0.17622651472728507,0.27892028961606274,2.3707713125845737
3696,2023,3696,0.21255694897400193,0.015836512629972068,0.21314608063348414,2.3701298701298703
3697,2023,3697,0.11097526895937244,0.0756662105198829,0.13431636436058075,2.369488774682175
3698,2023,3698,-0.30177890256042594,-0.4551144961813497,0.5460766527374877,2.3688480259599785
3699,2023,3699,0.17483317550749636,0.47745616840220256,0.5084594693811371,2.368207623682076
3700,2023,3700,-0.12873617398603898,-0.11637725686055711,0.17354154663063193,2.3675675675675674
3701,2023,3701,0.12339839253876368,-0.23419030227498258,0.26471165626167376,2.366927857335855
3702,2023,3702,-0.2194737159864873,0.27601746835663726,0.35263912835492967,2.366288492706645
3703,2023,3703,0.07019137023873147,-0.4453427916215935,0.4508403603331281,2.365649473399946
3704,2023,3704,-0.20654809011404207,0.47684204762432403,0.5196541656835982,2.365010799136069
3705,2023,3705,0.2608311115661175,-0.07135645322528843,0.2704156285751791,2.3643724696356276
3706,2023,3706,0.2294118688359698,-0.15741452829709127,0.2782249796150733,2.363734484619536
3707,2023,3707,-0.6182954590781848,-0.15982456803116066,0.6386181701635575,2.36309684380901
3708,2023,3708,0.35486895454155254,0.06157612181228723,0.3601716169756525,2.3624595469255665
3709,2023,3709,-0.12091384314660616,0.30301260891356085,0.3262465304414511,2.3618225936910218
3710,2023,3710,0.2746213416133622,-0.305891378939283,0.4110795749960085,2.361185983827493
3711,2023,3711,-0.2330076314849973,0.032640662960966065,0.23528274311725392,2.360549717057397
3712,2023,3712,-0.16295129341922132,-0.020528769018976184,0.16423932045777478,2.3599137931034484
3713,2023,3713,0.23093707225384472,0.22024899117425056,0.3191262280892196,2.3592782116886615
3714,2023,3714,0.04384588873183285,-0.305618378636383,0.3087475592114306,2.358642972536349
3715,2023,3715,0.14046149506016586,-0.0073593124525061105,0.14065415413101245,2.358008075370121
3716,2023,3716,-0.35899180414410103,0.08680995725726512,0.369338711918538,2.357373519913886
3717,2023,3717,0.14503244625814543,-0.05358123382938135,0.15461357988967425,2.3567393058918484
3718,2023,3718,-0.006829744796862621,-0.002503976048336537,0.007274291033558878,2.35610543302851
3719,2023,3719,0.08000883687923181,-0.12061599637807593,0.14473987895892254,2.355471901048669
3720,2023,3720,-0.13068740645358712,0.2845589022717496,0.3131341039677222,2.3548387096774195
3721,2023,3721,0.28864927989994493,0.07625158092497655,0.2985510180527191,2.3542058586401504
3722,2023,3722,0.0215367548818675,-0.2029582102458739,0.20409768964162725,2.353573347662547
3723,2023,3723,-0.14586134118385005,-0.022670865997371604,0.14761266550341232,2.3529411764705883
3724,2023,3724,0.2141167313931473,0.08931362176605691,0.23199762433149065,2.3523093447905477
3725,2023,3725,-0.02507260048997092,-0.00976517718227487,0.02690713624172799,2.351677852348993
3726,2023,3726,-0.06130324901874177,0.042892809810699796,0.07481899139730987,2.3510466988727856
3727,2023,3727,-0.13854474423915428,-0.05944335165496913,0.15075860908176683,2.3504158840890796
3728,2023,3728,-0.06629446651148575,0.06018802872685912,0.089540801269967,2.3497854077253217
3729,2023,3729,0.060643215682457646,0.15959630329932228,0.17072955114776805,2.349155269509252
3730,2023,3730,0.12773112664312344,-0.18665131907687144,0.22617240244260067,2.3485254691689006
3731,2023,3731,-0.20197818037719792,0.20165761131134965,0.2854136954462474,2.3478960064325918
3732,2023,3732,0.1006472315166661,0.05900716422690427,0.11666923605676964,2.347266881028939
3733,2023,3733,0.13306912970537638,-0.18727833086849002,0.22974021522892746,2.346638092686847
3734,2023,3734,-0.34935700495118494,-0.12248763917277515,0.37020742653083316,2.3460096411355114
3735,2023,3735,0.18132621331804305,0.0537351913931704,0.18912077207520359,2.3453815261044175
3736,2023,3736,-0.17318662043843053,0.014887893064129305,0.17382535735264273,2.3447537473233404
3737,2023,3737,0.0677736474267774,0.03870501617959111,0.07804707273813374,2.344126304522344
3738,2023,3738,0.07863262244432372,0.01335905097793725,0.07975934776252053,2.3434991974317816
3739,2023,3739,-0.21698541540289132,-0.22122165997627527,0.30987367319639153,2.3428724257822946
3740,2023,3740,0.08006617144610309,0.16934370176109342,0.18731759430493156,2.342245989304813
3741,2023,3741,0.05809031644853681,0.1064040129434812,0.12122829222408299,2.341619887730553
3742,2023,3742,0.2779162866757765,-0.13975286713502966,0.31107607794896996,2.340994120791021
3743,2023,3743,-0.20267450274756557,-0.04333192347185622,0.20725493879698928,2.340368688218007
3744,2023,3744,-0.16308405000093684,-0.028850374045021412,0.16561627772427961,2.33974358974359
3745,2023,3745,0.042895788096157655,0.2753519035652855,0.27867314085397027,2.3391188251001336
3746,2023,3746,0.22554179028113058,-0.19105678911256202,0.29558720511757525,2.3384943940202882
3747,2023,3747,0.040061465149661704,-0.09132832038292987,0.0997285470359648,2.3378702962369897
3748,2023,3748,-0.3305762538083291,-0.023335456954541856,0.33139885807471653,2.3372465314834576
3749,2023,3749,0.15300155605727983,0.25073481122278024,0.2937301852293567,2.336623099493198
3750,2023,3750,0.10021638199772648,0.017857389086227374,0.10179493880194215,2.336
3751,2023,3751,0.1371989289784575,-0.29427950632648275,0.3246905818723331,2.3353772327379367
3752,2023,3752,-0.23472144793255292,-0.052357725515910794,0.24049010279168168,2.3347547974413647
3753,2023,3753,-0.10412813385197843,0.15625489319782196,0.1877718293774609,2.334132693844924
3754,2023,3754,0.11451246913851987,0.18778882342589065,0.21994942098555478,2.3335109216835375
3755,2023,3755,0.02940553271750075,-0.24221063247947588,0.2439890895931778,2.33288948069241
3756,2023,3756,-0.15411719391427395,0.04648451507700364,0.1609749036401454,2.3322683706070286
3757,2023,3757,0.07534412674076382,-0.10577669252368764,0.12986703244310713,2.3316475911631622
3758,2023,3758,-0.0954116487146407,0.15229018140646022,0.17970999433325505,2.3310271420968602
3759,2023,3759,0.11842029237345632,0.030932956062263223,0.1223936820941538,2.330407023144453
3760,2023,3760,0.09690744126897098,-0.18649575626519682,0.21017069081636183,2.3297872340425534
3761,2023,3761,-0.2525631448035359,-0.19160985663056776,0.3170212599669596,2.329167774528051
3762,2023,3762,0.11576831236371748,0.10044938280836772,0.15327224358678013,2.328548644338118
3763,2023,3763,-0.1285039816210576,0.10731164325915768,0.1674188223332306,2.3279298432102045
3764,2023,3764,0.11502397969602818,-0.01198138944765472,0.11564631251453145,2.3273113708820405
3765,2023,3765,0.2034666517257282,0.01825218300333178,0.2042836766578913,2.3266932270916336
3766,2023,3766,-0.33196297752331766,-0.40085663718220177,0.5204665810781419,2.3260754115772704
3767,2023,3767,0.0636630367971098,0.4198980941464074,0.42469682330106423,2.325457924077515
3768,2023,3768,0.20295416189717766,0.04202168701729886,0.20725880924864357,2.3248407643312103
3769,2023,3769,0.15251899276226566,-0.23083875247236696,0.2766741274427639,2.3242239320774742
3770,2023,3770,-0.22991595907323475,0.11138735665293724,0.25547698811966213,2.323607427055703
3771,2023,3771,-0.02435090296345044,-0.178279783666205,0.1799351209164132,2.3229912490055686
3772,2023,3772,0.06356642030582342,0.4147345159269724,0.41957765490034943,2.3223753976670203
3773,2023,3773,0.1092916349086802,-0.14091586594346608,0.17833099207823958,2.321759872780281
3774,2023,3774,0.17177736043862865,-0.15267561605981003,0.22982015859907734,2.3211446740858506
3775,2023,3775,-0.4286896690315234,-0.027743021507757794,0.42958643784078776,2.3205298013245033
3776,2023,3776,-0.05044547311547713,0.09535380156422035,0.1078753597008744,2.319915254237288
3777,2023,3777,0.16550558478012706,0.2623472162998758,0.31019052289472937,2.3193010325655283
3778,2023,3778,0.11167242988619329,-0.3479107968124217,0.36539383428752725,2.3186871360508206
3779,2023,3779,-0.10700250815147015,0.1017385879800271,0.1476491687578198,2.3180735644350356
3780,2023,3780,-0.31068042258457235,0.07914877145314562,0.3206038879986809,2.3174603174603177
3781,2023,3781,0.2966286608660929,0.24926786927653047,0.38745713711438207,2.3168473948690824
3782,2023,3782,-0.024961001601308663,-0.014511712918109506,0.028872849058556034,2.316234796404019
3783,2023,3783,0.07243929267846524,-0.425001341878021,0.4311305970606527,2.315622521808089
3784,2023,3784,-0.16899969600088147,0.2406950841629,0.2941003583618624,2.315010570824524
3785,2023,3785,0.060499229694169966,-0.057815968926203554,0.08368299144069644,2.3143989431968297
3786,2023,3786,0.0036645619244470673,0.02681706922439904,0.027066292983789215,2.3137876386687797
3787,2023,3787,-0.14722314853474147,0.05721624659016996,0.1579504806524807,2.3131766569844205
3788,2023,3788,0.04748423217901733,-0.1579948471708887,0.16497613172269285,2.3125659978880675
3789,2023,3789,-0.17676024808126897,0.10260753230386575,0.20438319644051123,2.311955661124307
3790,2023,3790,0.15649575370137642,0.038492502036775865,0.1611601490431585,2.311345646437995
3791,2023,3791,0.17139838060479914,0.08266712465396776,0.1902925599504674,2.310735953574255
3792,2023,3792,-0.13484068218996165,-0.011130788858967256,0.13529931276276738,2.310126582278481
3793,2023,3793,-0.011853294331203483,-0.1864420047276257,0.18681841909554353,2.3095175322963355
3794,2023,3794,-0.016418048370079326,0.09504769921521587,0.09645526133077661,2.308908803373748
3795,2023,3795,0.07356451224664695,-0.04702827899599432,0.08731206381372593,2.308300395256917
3796,2023,3796,0.18468180774637022,-0.23924874374007932,0.30223721063706466,2.3076923076923075
3797,2023,3797,-0.32960286007786094,0.3353584848102819,0.47021628928159653,2.3070845404266525
3798,2023,3798,0.1447189683556913,0.07149785936680114,0.1614172348170122,2.306477093206951
3799,2023,3799,0.16995830921438665,-0.13444564270177362,0.21670592449793807,2.3058699657804684
3800,2023,3800,-0.19316309826148345,-0.13637786722249873,0.2364548692628955,2.305263157894737
3801,2023,3801,0.16817303517008142,0.15521623884501215,0.22885421245742735,2.3046566692975534
3802,2023,3802,0.01424228295724705,0.16391547391881384,0.1645330520408092,2.3040504997369804
3803,2023,3803,0.05109682485622986,-0.08099032092746483,0.09576177522541016,2.3034446489613463
3804,2023,3804,-0.20335984427544476,-0.039219894561097014,0.20710728232758188,2.302839116719243
3805,2023,3805,-0.2182149551669371,-0.07088600139384316,0.22943973468454912,2.302233902759527
3806,2023,3806,0.34833920470021773,0.0711578485525697,0.3555328971302243,2.3016290068313188
3807,2023,3807,-0.03781292438472556,0.10951769993998081,0.11586174455215426,2.3010244286840034
3808,2023,3808,0.08945728310490154,-0.10711774397956264,0.13955936577593647,2.3004201680672267
3809,2023,3809,-0.2968370215833208,0.12364512874389552,0.32155922509632867,2.2998162247309004
3810,2023,3810,0.19841474010369223,-0.12503364894801264,0.2345246734560579,2.2992125984251968
3811,2023,3811,0.036506386450383115,-0.05600835627307796,0.06685545769850616,2.298609288900551
3812,2023,3812,-0.06958120081400636,-0.08823086911947957,0.1123664975528641,2.29800629590766
3813,2023,3813,0.0671472177766503,0.015789203936839556,0.06897860404577648,2.2974036191974823
3814,2023,3814,-0.2974401479775334,-0.018571502265319798,0.2980193656883521,2.2968012585212376
3815,2023,3815,0.04148820655148301,0.149093148956569,0.15475799930421752,2.2961992136304064
3816,2023,3816,0.22835615353458802,-0.0028086337084172884,0.22837342507485497,2.2955974842767297
3817,2023,3817,-0.075436321861637,-0.2906105649175194,0.30024180104990755,2.2949960702122087
3818,2023,3818,0.03751628300902552,0.16599035654499864,0.17017717225512083,2.2943949711891043
3819,2023,3819,-0.059534812893107456,-0.011398140093127574,0.06061609970791486,2.293794186959937
3820,2023,3820,0.21590699548548367,0.18819038436401733,0.2864113326435343,2.2931937172774868
3821,2023,3821,0.006143313984275688,-0.279938538253341,0.2800059383408264,2.292593561894792
3822,2023,3822,-0.15500866475277744,-0.1559015435327107,0.21984762319461323,2.291993720565149
3823,2023,3823,-0.12913807400688962,0.2848701638734957,0.3127741236475952,2.2913941930421133
3824,2023,3824,0.39373783715582394,0.07075945988475389,0.4000454793786929,2.290794979079498
3825,2023,3825,-0.12733084096429767,-0.2358988834548876,0.2680698160478682,2.2901960784313724
3826,2023,3826,-0.08523124832740175,0.24202317447743912,0.2565922498353841,2.289597490852065
3827,2023,3827,-0.051995884199314835,0.10175423559580611,0.11426940288351635,2.2889992160961588
3828,2023,3828,0.1884584768026945,-0.06792153495319818,0.20032456761263776,2.2884012539184955
3829,2023,3829,-0.20431794653786503,-0.07885191170740521,0.2190055872743029,2.287803604074171
3830,2023,3830,-0.04336477455732477,0.22754799256027242,0.23164324421536103,2.2872062663185377
3831,2023,3831,0.2298960479871947,0.21081721601253364,0.3119232140245509,2.2866092404072043
3832,2023,3832,0.019531523548038405,-0.3703098284530413,0.37082455347647686,2.2860125260960333
3833,2023,3833,-0.31464055355019704,0.2220078631300896,0.38507943236423703,2.2854161231411427
3834,2023,3834,0.0745249884982875,-0.028671221775788076,0.07984993969181385,2.2848200312989047
3835,2023,3835,0.2131148753332084,0.008575815202866387,0.213287352402065,2.2842242503259453
3836,2023,3836,-0.11920848811470822,-0.19664911838534707,0.22995986475976363,2.283628779979145
3837,2023,3837,-0.1645434464785323,-0.11005959632399841,0.19795873439188055,2.283033620015637
3838,2023,3838,-0.20175094600178684,0.3349781534408171,0.3910419510682141,2.2824387701928086
3839,2023,3839,0.25520363974877436,-0.23315876570196914,0.3456760156052021,2.281844230268299
3840,2023,3840,-0.06631433747414901,0.0826906803137083,0.10599688658342389,2.28125
3841,2023,3841,-0.07269461319885762,-0.10168233993567387,0.1249952200803113,2.2806560791460555
3842,2023,3842,0.17503350749503016,0.20159843353010554,0.266980630660363,2.280062467464862
3843,2023,3843,0.06601276226472644,-0.10076362626558556,0.12046158375187459,2.279469164715066
3844,2023,3844,0.1264617483050755,-0.14575390054112178,0.19296832203065736,2.278876170655567
3845,2023,3845,-0.133296634300964,-0.01959408345550851,0.13472906450512587,2.2782834850455136
3846,2023,3846,-0.11194636624805958,-0.0022417654874909957,0.11196881007068708,2.277691107644306
3847,2023,3847,0.1022707660275288,0.14880152118468631,0.18055803025823633,2.2770990382115937
3848,2023,3848,0.12198587192147654,-0.2006734318372266,0.23484117865862647,2.2765072765072767
3849,2023,3849,-0.01084336519200709,0.03757214987046707,0.039105562450578175,2.275915822291504
3850,2023,3850,-0.2073586596858424,0.13785578722360908,0.24900167031116474,2.275324675324675
3851,2023,3851,0.14550603550571908,0.2743131273767776,0.3105152141519314,2.274733835367437
3852,2023,3852,0.13772299145728267,-0.25758748967546613,0.2920940554226517,2.2741433021806854
3853,2023,3853,-0.15648136310084892,-0.25604230202204,0.300073453378744,2.2735530755255646
3854,2023,3854,-0.0014163158344409866,0.20846293083139197,0.20846774206422586,2.2729631551634664
3855,2023,3855,0.061639556699695425,0.04492411601576991,0.07627326628598859,2.272373540856031
3856,2023,3856,0.08365074748574974,0.0369784092277975,0.09145955556388367,2.271784232365145
3857,2023,3857,-0.2236541477665293,-0.026732371859415686,0.22524608213774244,2.2711952294529425
3858,2023,3858,-0.16574312853046594,-0.04467313783172179,0.17165801437392478,2.270606531881804
3859,2023,3859,0.364470402393896,0.17161326506808788,0.40285206586102823,2.270018139414356
3860,2023,3860,-0.07554672308627304,-0.28183287020962094,0.2917825801854303,2.2694300518134716
3861,2023,3861,0.07360269078348286,0.0956585364656307,0.12069760432301625,2.2688422688422687
3862,2023,3862,-0.25305950193709226,0.14165047671349826,0.29000684314996866,2.2682547902641117
3863,2023,3863,0.15448904483670345,-0.3038717240909702,0.3408883830179252,2.2676676158426092
3864,2023,3864,-0.18985066929201053,0.08650593906224832,0.20863018507317144,2.267080745341615
3865,2023,3865,-0.09281687183984198,-0.14666031611142372,0.173563302630586,2.2664941785252264
3866,2023,3866,0.3150573777121864,0.16662736949445417,0.3564068342716237,2.265907915157786
3867,2023,3867,-0.2637266322788256,0.06486977230979074,0.27158759900381124,2.265321955003879
3868,2023,3868,0.18684293213390815,-0.15609362384673905,0.24346560474531811,2.264736297828335
3869,2023,3869,-0.1660614688377953,0.14722425073206297,0.22192654513641086,2.2641509433962264
3870,2023,3870,0.07904949954183338,-0.26063848084692454,0.27236233417271005,2.2635658914728682
3871,2023,3871,0.19422239597902052,0.18325087656517566,0.2670266332442079,2.262981141823818
3872,2023,3872,-0.10857877728063339,-0.3611196541887454,0.37708985072149115,2.262396694214876
3873,2023,3873,0.16343124363892542,0.4138135490831767,0.44491732355818703,2.2618125484120837
3874,2023,3874,-0.30331091981525493,-0.03721370943456115,0.3055852978287011,2.2612287041817245
3875,2023,3875,0.08396127406144212,-0.07380789279049124,0.11179043152342351,2.2606451612903227
3876,2023,3876,-0.10739985527483822,0.08982276290052413,0.1400102055142409,2.260061919504644
3877,2023,3877,0.15528221212637575,-0.15361194493308208,0.21842434623682636,2.2594789785916944
3878,2023,3878,0.009284621137318061,0.2647223319219075,0.2648851018986083,2.258896338318721
3879,2023,3879,-0.10232125012230628,0.18596426885783846,0.21225538277843978,2.2583139984532097
3880,2023,3880,0.15826426306030966,-0.05768065758211396,0.1684477225168924,2.2577319587628866
3881,2023,3881,-0.3131783010864752,-0.22815938265523394,0.38747561492954413,2.2571502190157178
3882,2023,3882,0.06317256574077346,-0.025051011899375752,0.06795826851425078,2.2565687789799074
3883,2023,3883,-0.0581039225215016,0.19664445351055057,0.2050490353765356,2.2559876384238993
3884,2023,3884,0.17401608498565632,0.11929609940894738,0.2109814142713159,2.255406797116375
3885,2023,3885,0.11706399008899336,-0.2422537801931655,0.26905551805052147,2.2548262548262548
3886,2023,3886,-0.49069449673426163,-0.13415114879293372,0.5087018968391549,2.2542460113226968
3887,2023,3887,-0.15630753802888384,0.22546761723656641,0.2743495814959188,2.2536660663750965
3888,2023,3888,0.488475919715607,-0.07055599843921982,0.4935452087273903,2.253086419753086
3889,2023,3889,-0.08280664876060888,-0.03988614688677779,0.09191216346293052,2.2525070712265363
3890,2023,3890,-0.14607269924051494,-0.1395820651660811,0.20204055627382847,2.2519280205655527
3891,2023,3891,-0.19096739437706964,0.3393243060755287,0.38937068509173406,2.251349267540478
3892,2023,3892,0.07189625466318426,-0.0227703937821784,0.07541592847395644,2.250770811921891
3893,2023,3893,0.38520452669775695,-0.178124392757265,0.4243946591129386,2.2501926534806063
3894,2023,3894,-0.1776441832494574,-0.32052381302037464,0.3664600531510725,2.2496147919876734
3895,2023,3895,0.04150166972967724,0.2263919696926542,0.2301645336094831,2.2490372272143775
3896,2023,3896,-0.010481679732492455,0.11818838740147586,0.11865226726268605,2.248459958932238
3897,2023,3897,-0.07185210452015155,-0.27023707788311685,0.27962618473022255,2.24788298691301
3898,2023,3898,0.06547916648947356,0.14766994969008485,0.1615361733037786,2.2473063109286815
3899,2023,3899,-0.12062232679954098,-0.1672905086059156,0.20624223619850804,2.2467299307514748
3900,2023,3900,0.03190311602896557,0.186674050666079,0.18938059563862258,2.246153846153846
3901,2023,3901,0.25217595161788836,0.024559654286082897,0.25336907307925227,2.245578056908485
3902,2023,3902,-0.1347511463771668,-0.025278294730859432,0.13710165438265445,2.2450025627883137
3903,2023,3903,0.04297567713075114,0.08395922449774802,0.09431892812744332,2.2444273635664875
3904,2023,3904,0.05851472603634555,-0.07345285049562356,0.09391109843379003,2.2438524590163933
3905,2023,3905,-0.030040150388755994,-0.04598529630245963,0.054927753562330255,2.2432778489116516
3906,2023,3906,0.047456735212216564,0.005832743216986161,0.047813832835673545,2.2427035330261136
3907,2023,3907,0.04297844576283621,-0.009257900009961911,0.04396425266945301,2.242129511133862
3908,2023,3908,-0.16444474908746953,0.07820988198545306,0.18209574718432966,2.2415557830092117
3909,2023,3909,-0.0009503982241465131,0.0348864905413763,0.03489943379308608,2.2409823484267077
3910,2023,3910,-0.019899049836198723,-0.14586491804928056,0.14721598589116217,2.2404092071611252
3911,2023,3911,0.08868009382320255,0.13276412807478466,0.15965736044401407,2.2398363589874712
3912,2023,3912,0.052393075112395576,-0.05555681826758245,0.0763648765843978,2.2392638036809815
3913,2023,3913,-0.15662890333417978,-0.16671182227899525,0.22874755746728997,2.2386915410171224
3914,2023,3914,-0.01522454202623541,0.1863720404773883,0.18699284518829556,2.2381195707715893
3915,2023,3915,-0.04081627485069269,-0.08371501318880332,0.09313523353644851,2.2375478927203063
3916,2023,3916,0.082596595451499,-0.129721971244425,0.15378552403824625,2.236976506639428
3917,2023,3917,-0.14610600406325852,0.17916979399039332,0.23118992084840745,2.2364054123053356
3918,2023,3918,0.09509577851398839,-0.08087674244753616,0.12483691184944713,2.23583460949464
3919,2023,3919,0.05629189315057587,0.08995793484424368,0.10611883563212066,2.23526409798418
3920,2023,3920,-0.06068911984005431,-0.19583595349218955,0.20502412040332108,2.2346938775510203
3921,2023,3921,0.18008726285846868,0.17635837414127367,0.25205891845679385,2.234123947972456
3922,2023,3922,-0.07045573967118121,-0.14484508134882074,0.16107175060686388,2.2335543090260073
3923,2023,3923,0.135922676370952,-0.13074470700343663,0.18859785884589741,2.2329849604894214
3924,2023,3924,-0.30200200399603355,0.13626809797300377,0.33132190531686917,2.232415902140673
3925,2023,3925,0.13059055324959518,-0.1410494124822075,0.19222078285037564,2.2318471337579617
3926,2023,3926,0.08411965082935956,0.2955197980428696,0.3072589570556924,2.2312786551197146
3927,2023,3927,-0.11495684219277928,-0.2538038669649714,0.2786242603459155,2.2307104660045836
3928,2023,3928,0.028340325545129403,0.32091187529515725,0.32216083833616166,2.230142566191446
3929,2023,3929,-0.039187849740052356,0.01908465797083109,0.04358797697889325,2.2295749554594044
3930,2023,3930,0.24273926458600695,-0.22620663573577995,0.3318008327636556,2.2290076335877864
3931,2023,3931,-0.13316971847923845,0.17175328861692982,0.2173323861521104,2.2284406003561434
3932,2023,3932,0.08118475272910533,-0.228754477974441,0.24273354788542312,2.227873855544252
3933,2023,3933,-0.06361791558935356,0.2955303978070058,0.30230027325806574,2.227307398932113
3934,2023,3934,-0.16771469178659432,-0.208491465059917,0.26757598704648916,2.226741230299949
3935,2023,3935,0.07394671023542745,0.10481724712638532,0.12827615230352057,2.2261753494282086
3936,2023,3936,-0.05906691500995837,0.01914394153372054,0.062091794516185114,2.225609756097561
3937,2023,3937,0.14255758572694116,-0.09856108632862105,0.17331172201144407,2.2250444500889004
3938,2023,3938,-0.28885059999980145,0.09525203804072555,0.304150653247954,2.224479431183342
3939,2023,3939,0.03466306656754875,0.12086396140659057,0.1257363326598964,2.223914699162224
3940,2023,3940,-0.01610053653893115,-0.13395809214149618,0.13492219138092532,2.2233502538071064
3941,2023,3941,-0.0010414012493225678,-0.09437397423234953,0.0943797199030081,2.2227860948997717
3942,2023,3942,0.09686460185274356,0.13971016232630412,0.17000494272030087,2.2222222222222223
3943,2023,3943,0.13843518334398985,-0.16172081326365598,0.2128800634867962,2.2216586355566825
3944,2023,3944,-0.032991398483660526,0.15379413827823796,0.15729294117236622,2.2210953346855984
3945,2023,3945,-0.20503735835136264,-0.2342054263982496,0.31127560147575173,2.220532319391635
3946,2023,3946,0.11226994090061014,0.12543331513392567,0.16833911065261453,2.2199695894576785
3947,2023,3947,-0.011294899263312208,-0.1351609016066644,0.13563201713642245,2.2194071446668358
3948,2023,3948,0.24618291106277027,-0.11994644141036147,0.27384881687958623,2.2188449848024314
3949,2023,3949,-0.1577906288086572,0.13007639528508247,0.20449389025149986,2.218283109648012
3950,2023,3950,-0.0651353810900075,-0.08380764436638809,0.10614301260084663,2.2177215189873416
3951,2023,3951,-0.020083804919040157,0.4103496778748536,0.4108408662146722,2.217160212604404
3952,2023,3952,0.2519238600507144,-0.3464132671792572,0.42833139383036045,2.216599190283401
3953,2023,3953,-0.0027168642124427923,0.005431556636901123,0.006073150636096311,2.216038451808753
3954,2023,3954,-0.10616952394232755,0.034342355575338226,0.11158568546459455,2.215477996965099
3955,2023,3955,0.25065607124896944,0.24338183152178688,0.3493754169498305,2.2149178255372948
3956,2023,3956,-0.1668899005536529,0.01793541633294489,0.16785088044405436,2.2143579373104147
3957,2023,3957,0.14262381674612482,-0.3426626692544242,0.37115934314496124,2.2137983320697496
3958,2023,3958,-0.43372515439321724,0.013666396268089027,0.4339404105869567,2.2132390096008083
3959,2023,3959,0.12596962400804995,0.15788526341699174,0.20198045097727244,2.2126799696893156
3960,2023,3960,0.2630476818793351,0.23923202677626368,0.35556440426112795,2.212121212121212
3961,2023,3961,-0.1515473628345066,-0.22189298435942,0.26870634471486415,2.211562736682656
3962,2023,3962,-0.03953580948339188,0.1855320768303302,0.1896977379002781,2.21100454316002
3963,2023,3963,-0.3257278780717166,-0.21022957834096856,0.3876791536341934,2.210446631339894
3964,2023,3964,0.30094252060337856,0.11614817544291645,0.3225783615896042,2.2098890010090817
3965,2023,3965,0.13297744119059415,-0.016644034664365037,0.13401501317205664,2.209331651954603
3966,2023,3966,-0.20860646751958187,-0.13999620634337898,0.2512281753337716,2.208774583963691
3967,2023,3967,0.01714955510893428,0.27640481576553605,0.27693632737294377,2.208217796823796
3968,2023,3968,-0.2153413403981978,0.003787139740183095,0.2153746394353434,2.2076612903225805
3969,2023,3969,0.15443605230260019,-0.12883807324350144,0.20112121560867044,2.2071050642479215
3970,2023,3970,0.2734606427526917,-0.060508504056975214,0.2800749938818678,2.206549118387909
3971,2023,3971,-0.21909623645684348,-0.21039392941480872,0.30375774288757906,2.2059934525308487
3972,2023,3972,0.048478810112531794,0.2902990800509056,0.29431913106070595,2.205438066465257
3973,2023,3973,-0.09402031131201083,0.021586701342602443,0.09646659843729406,2.204882959979864
3974,2023,3974,0.08284765402147017,-0.12768865011273592,0.1522107918134385,2.2043281328636133
3975,2023,3975,0.18697419062523127,-0.060381211980457795,0.1964821587834104,2.2037735849056603
3976,2023,3976,-0.4790571148991157,-0.30270840040573577,0.5666816522631236,2.2032193158953723
3977,2023,3977,0.2575907693700564,0.5690605290048425,0.6246462119759703,2.2026653256223283
3978,2023,3978,-0.008957649933654926,0.22133477756083872,0.22151596612939634,2.20211161387632
3979,2023,3979,0.2123240838377028,-0.45714069522453793,0.5040427876757029,2.2015581804473485
3980,2023,3980,-0.10715381858657276,0.22782503480973104,0.25176613617351185,2.201005025125628
3981,2023,3981,-0.16187829436529097,-0.2359212324606498,0.28611782557605137,2.2004521477015824
3982,2023,3982,0.41234603567348116,0.310223248743195,0.5160113537475877,2.1998995479658463
3983,2023,3983,-0.0944657762692185,-0.13602750179758497,0.16561178741695298,2.1993472257092646
3984,2023,3984,-0.11452965052218947,-0.19045622283130695,0.2222399911444907,2.1987951807228914
3985,2023,3985,-0.24785349285457192,0.3596491967224825,0.43678243854731413,2.1982434127979924
3986,2023,3986,0.009883158301687458,-0.24841291430449838,0.24860943829885113,2.197691921726041
3987,2023,3987,0.08784366091841614,0.14315466707563806,0.16795763593563243,2.197140707298721
3988,2023,3988,-0.19974208840435334,0.07958531234479435,0.21501331079993857,2.196589769307924
3989,2023,3989,0.19125012642930664,-0.10502107511316627,0.21818807730293396,2.196039107545751
3990,2023,3990,-0.0853801340561786,0.1648928992964961,0.18568639026556422,2.1954887218045114
3991,2023,3991,-0.09993696077349021,-0.2969735337493663,0.3133379579243921,2.1949386118767227
3992,2023,3992,-0.035748574297626595,0.14099759564526948,0.14545886890134901,2.19438877755511
3993,2023,3993,0.2599435846892439,0.02007942028673643,0.2607179517028805,2.1938392186326072
3994,2023,3994,-0.11873959169147176,-0.3194038093183404,0.3407607431059572,2.1932899349023534
3995,2023,3995,-0.07128151120517387,0.10671809843050033,0.1283347434341741,2.1927409261576973
3996,2023,3996,-0.11839143671235712,-0.11372073574204483,0.1641613170772215,2.1921921921921923
3997,2023,3997,0.12100126201582947,0.19591439991684279,0.2302688808853685,2.1916437327995997
3998,2023,3998,0.09373929682222028,-0.11252345244645842,0.14645334792757284,2.191095547773887
3999,2023,3999,0.058034815288527386,-0.09629931334827821,0.11243485908259664,2.190547636909227
4000,2023,4000,-0.06079253125408021,0.1764360668246165,0.18661569476552303,2.19
4001,2023,4001,-0.14456008020159217,-0.05834416732178313,0.15588989270752285,2.1894526368407896
4002,2023,4002,0.37502744142641364,0.004843259963676002,0.3750587140567699,2.188905547226387
4003,2023,4003,-0.10258091782412239,-0.015074828868896165,0.10368266570196706,2.1883587309517862
4004,2023,4004,-0.17026642810994488,0.0026020718852516897,0.17028630984144041,2.1878121878121877
4005,2023,4005,0.249301248585423,0.23294159719086677,0.3411933473092389,2.1872659176029963
4006,2023,4006,-0.17805972225070324,-0.18806874848226035,0.25898864616751305,2.1867199201198204
4007,2023,4007,0.12170248976763696,0.00808612096895834,0.12197082178933782,2.1861741951584728
4008,2023,4008,-0.021062211292621293,0.055636664493281765,0.05948995865247365,2.18562874251497
4009,2023,4009,-0.12752175358285578,-0.16527612293521965,0.2087534297906131,2.1850835619855324
4010,2023,4010,0.08305579048215886,0.32523239243761215,0.33567003652889427,2.1845386533665834
4011,2023,4011,-0.25331007007756673,-0.1894166286716473,0.3162983572831741,2.1839940164547493
4012,2023,4012,0.19784059078724436,0.036915076685531276,0.20125511732560872,2.1834496510468595
4013,2023,4013,0.08457344029633662,0.14585428782441243,0.16860053404519382,2.182905556939945
4014,2023,4014,-0.12705077874834314,-0.5541334595233042,0.5685119095883795,2.1823617339312404
4015,2023,4015,-0.1186873426726847,0.7353976112053923,0.7449136405498965,2.1818181818181817
4016,2023,4016,0.1450728133073784,-0.27909092740627084,0.3145439030110261,2.181274900398406
4017,2023,4017,0.10893634405700034,-0.24868744987641747,0.2715005981255673,2.1807318894697536
4018,2023,4018,-0.22830580194498418,0.13445065221332392,0.2649538017887845,2.1801891488302636
4019,2023,4019,0.0895476584898784,-0.16379078245537979,0.1866713785194866,2.1796466782781785
4020,2023,4020,0.02396719284794585,0.44105238244909334,0.4417031020912485,2.1791044776119404
4021,2023,4021,0.13104900589333823,-0.470186336150767,0.48810760355531674,2.1785625466301917
4022,2023,4022,-0.09249316467286935,0.03760148774793678,0.09984416553840672,2.178020885131775
4023,2023,4023,-0.18928162924929443,0.2059855959687732,0.2797456003548188,2.1774794929157344
4024,2023,4024,0.45505030521450845,-0.21142755628121473,0.5017692615444509,2.176938369781312
4025,2023,4025,-0.2976333936292894,0.034750468779359396,0.29965518864800716,2.1763975155279502
4026,2023,4026,0.0514329443228518,-0.02850566862714944,0.05880408919113045,2.1758569299552906
4027,2023,4027,-0.09442040399408846,0.11843983765211594,0.1514701549265282,2.1753166128631736
4028,2023,4028,0.15485780148875034,0.010754292797160146,0.1552307749626222,2.1747765640516383
4029,2023,4029,0.010903868880552364,-0.050779716347083365,0.05193721160068688,2.1742367833209233
4030,2023,4030,-0.027420694676848243,0.08055424452564414,0.08509336523876701,2.173697270471464
4031,2023,4031,0.19773517468466048,0.13865522520408066,0.24150459785264444,2.173158025303895
4032,2023,4032,0.07289104487355919,-0.19921590666955497,0.2121322273793684,2.1726190476190474
4033,2023,4033,-0.202696584887653,-0.18667587068257374,0.27556085756183607,2.172080337217952
4034,2023,4034,-0.13685993139677619,0.21646623462765383,0.25610207253320844,2.1715418939018343
4035,2023,4035,0.07098656527942612,-0.06076893794222729,0.09344493709557783,2.171003717472119
4036,2023,4036,-0.008326081312572172,0.12855126965003363,0.12882062163589814,2.170465807730426
4037,2023,4037,-0.03542315101745694,-0.05047334354548059,0.06166326326643496,2.169928164478573
4038,2023,4038,-0.09364442379696634,0.12463647888734497,0.15589589467879333,2.1693907875185734
4039,2023,4039,-0.0442516994254526,0.05294246361041285,0.06900085039461826,2.168853676652637
4040,2023,4040,0.21093693762709678,-0.015456188194819141,0.21150244776127625,2.1683168316831685
4041,2023,4041,0.05306038053371804,-0.019062387160253075,0.05638065791235808,2.167780252412769
4042,2023,4042,0.06301877422879422,-0.16348914220124006,0.1752143416590007,2.1672439386442357
4043,2023,4043,-0.1100026495393137,0.07593618085271181,0.13366707323856847,2.166707890180559
4044,2023,4044,-0.04309603570903986,-0.01501049652107941,0.04563532951173001,2.166172106824926
4045,2023,4045,-0.07476831152242676,-0.12606938229319137,0.1465734954202208,2.165636588380717
4046,2023,4046,0.17460051439255805,-0.03552307558251619,0.17817751969591178,2.165101334651508
4047,2023,4047,-0.25320466920149337,-0.10615452993489229,0.27455671314163055,2.1645663454410675
4048,2023,4048,0.06126518647562052,0.4754816625976238,0.47941238463403624,2.16403162055336
4049,2023,4049,0.16789286075827803,-0.2229736228838699,0.27911511817806783,2.1634971597925414
4050,2023,4050,-0.068740202040815,-0.14755549130838902,0.1627815664990116,2.162962962962963
4051,2023,4051,-0.13000859829037106,-0.04661822480171608,0.13811406341531773,2.162429029869168
4052,2023,4052,0.10611960380085986,-0.023154217899236905,0.10861624241970816,2.1618953603158935
4053,2023,4053,0.26531228273069507,0.32173878757738267,0.4170209284910488,2.161361954108068
4054,2023,4054,-0.18471534553774513,-0.3310704797024057,0.37911399526726736,2.160828811050814
4055,2023,4055,0.00679356213838406,0.16045262387037193,0.16059637914167035,2.160295930949445
4056,2023,4056,-0.08861693379278934,0.14021410763046968,0.16587030154142887,2.1597633136094676
4057,2023,4057,0.3454034196285686,-0.2584466851397751,0.4313910190892331,2.1592309588365786
4058,2023,4058,-0.13541189606632936,0.1825015768215585,0.22725141834240242,2.1586988664366684
4059,2023,4059,-0.09760260063095648,-0.170034046762231,0.19605571837685976,2.1581670362158167
4060,2023,4060,0.024739631880740857,0.38425449992438454,0.38505008777785443,2.1576354679802954
4061,2023,4061,-0.19316089040179601,-0.16110102019950243,0.2515246872379233,2.157104161536567
4062,2023,4062,0.346779164643033,0.03503249091221014,0.3485442073109721,2.156573116691285
4063,2023,4063,-0.35963271847500655,0.0649227243212624,0.36544582680750093,2.156042333251292
4064,2023,4064,0.19099481693681214,-0.12085069158470343,0.2260174987765936,2.155511811023622
4065,2023,4065,-0.020783309470208667,0.33060304847844063,0.33125567408841866,2.1549815498154983
4066,2023,4066,-0.18330178103324604,-0.19276321116559,0.26600225282660656,2.1544515494343335
4067,2023,4067,0.2036549344207073,0.038863274335612256,0.20732989752080536,2.1539218096877306
4068,2023,4068,-0.31454329399481173,-0.1742785239052418,0.35959767475846743,2.1533923303834808
4069,2023,4069,0.16765843151312565,0.17836939053345569,0.24479581110941803,2.152863111329565
4070,2023,4070,0.006858090890540065,-0.08198597330236436,0.0822723114358586,2.152334152334152
4071,2023,4071,-0.06737770203780896,-0.18806507920692042,0.19977044012816567,2.1518054532056006
4072,2023,4072,-0.19139004992905848,0.22034774556064302,0.2918617484109649,2.151277013752456
4073,2023,4073,-0.012281825644019204,-0.11819900100832592,0.1188353780677973,2.150748833783452
4074,2023,4074,0.3712010380073545,0.10333919685804745,0.38531701263375817,2.150220913107511
4075,2023,4075,-0.15103917056032545,-0.2725923990573735,0.3116399317600449,2.1496932515337424
4076,2023,4076,-0.024417246882244198,0.1967436866958308,0.19825307109847173,2.1491658488714425
4077,2023,4077,-0.033041646284708626,0.038007733844523016,0.05036207125605439,2.1486387049300957
4078,2023,4078,0.07724480312464053,-0.010469820844460702,0.07795111774875059,2.148111819519372
4079,2023,4079,-0.004065388882531975,0.09642797161521191,0.09651363166201098,2.14758519244913
4080,2023,4080,0.015660669913068102,-0.30008620733316044,0.3004945730187596,2.1470588235294117
4081,2023,4081,0.08902716516743572,0.39887217494807375,0.4086867358816,2.1465327125704485
4082,2023,4082,0.034909076974976895,-0.19182222243417318,0.19497284086464522,2.1460068593826556
4083,2023,4083,-0.08085362682834055,-0.0272546405026182,0.08532364502424582,2.145481263776635
4084,2023,4084,-0.17679296564984104,-0.07767164433089202,0.193102659319675,2.144955925563173
4085,2023,4085,0.12767142005436938,0.1093383214840472,0.1680918202758483,2.1444308445532436
4086,2023,4086,-0.0009558068736166339,-0.05195058752916439,0.05195937943629642,2.1439060205580027
4087,2023,4087,-0.11288597561277837,0.015273025999905352,0.11391448026147763,2.143381453388794
4088,2023,4088,-0.020249332108733725,0.2985792894623863,0.2992651458935926,2.142857142857143
4089,2023,4089,0.026511028500104575,-0.1919052588520855,0.19372780648946425,2.1423330887747616
4090,2023,4090,0.13800810717245304,-0.02764610868594556,0.14074993772928782,2.141809290953545
4091,2023,4091,-0.10004502861166421,0.00452809667044982,0.10014744834176081,2.141285749205573
4092,2023,4092,0.09037319940139493,0.08199174783384464,0.12202443149997895,2.1407624633431084
4093,2023,4093,0.0017386818534367123,-0.04877660208869475,0.048807580619267855,2.1402394331785977
4094,2023,4094,0.006405132523837626,-0.2107451681479086,0.21084248058761354,2.1397166585246703
4095,2023,4095,-0.20002330362337367,-0.012327428417744875,0.20040281306359686,2.139194139194139
4096,2023,4096,-0.04726290033327472,0.021079364299376957,0.051750568568653496,2.138671875
4097,2023,4097,0.17310100706418946,0.09480083806138,0.1973604761439751,2.1381498657554308
4098,2023,4098,-0.13201421306348118,-0.07131045535101894,0.15004310545020014,2.1376281112737923
4099,2023,4099,-0.11773291575317935,0.3203921434983474,0.3413387834208279,2.1371066113686266
4100,2023,4100,0.34199661851860863,-0.1648028441628588,0.3796335924576884,2.1365853658536587
4101,2023,4101,-0.11588542375645229,-0.04665946098307383,0.12492612512378469,2.1360643745427943
4102,2023,4102,0.10295705390754224,-0.11899704111893539,0.1573545383660165,2.1355436372501218
4103,2023,4103,0.05930096579904494,0.04722435888568652,0.07580728604074688,2.13502315378991
4104,2023,4104,-0.16550847815765954,0.19172993542623007,0.2532852630545465,2.134502923976608
4105,2023,4105,0.15774022206561694,-0.1272233851145,0.20265183783351812,2.1339829476248475
4106,2023,4106,0.01199673708477335,-0.13541171704102564,0.13594210095728243,2.13346322454944
4107,2023,4107,-0.12753087551677417,-0.042332951155740185,0.13437337148270573,2.132943754565376
4108,2023,4108,0.016777615659916593,0.23939126815149553,0.23997847331461444,2.132424537487829
4109,2023,4109,0.06183798527325193,0.017192923117392178,0.06418358846290445,2.131905573132149
4110,2023,4110,0.041101231895418026,-0.0630160781418812,0.07523521361506595,2.1313868613138687
4111,2023,4111,-0.1777245650728585,-0.010493691089310947,0.1780340938781519,2.1308684018486987
4112,2023,4112,-0.020270485048990705,0.11036996516596949,0.1122159604283574,2.130350194552529
4113,2023,4113,0.1549814479269281,0.20370441983713275,0.25595847292619556,2.1298322392414297
4114,2023,4114,0.13838151800792733,-0.214132557971296,0.25495528413725566,2.129314535731648
4115,2023,4115,-0.2869496246250206,-0.11231179799802103,0.3081461131378887,2.1287970838396113
4116,2023,4116,-0.013538212131994931,0.1966764640345615,0.19714186438417655,2.128279883381924
4117,2023,4117,-0.0458075846046274,0.005281929621086227,0.046111100483855354,2.1277629341753705
4118,2023,4118,0.09777460171683015,-0.08481855048325111,0.12943747234462122,2.1272462360369113
4119,2023,4119,0.05384613710570614,-0.0007992486115968792,0.0538520684797682,2.1267297887836856
4120,2023,4120,-0.24714149023910942,-0.14922843946102687,0.2887006119522111,2.1262135922330097
4121,2023,4121,0.02042625671805218,0.12444638881983867,0.1261115999970274,2.125697646202378
4122,2023,4122,-0.06377954845609474,-0.12437746019093406,0.13977690583501526,2.1251819505094613
4123,2023,4123,0.17064453527407453,0.028178258690108572,0.17295540373666138,2.1246665049721076
4124,2023,4124,-0.11785942174834274,-0.03366581052230616,0.12257336616483022,2.1241513094083415
4125,2023,4125,0.047806825629270876,-0.009040104919550143,0.04865404478256649,2.1236363636363635
4126,2023,4126,-0.14941673042877238,0.10033787711250393,0.17998069039613215,2.1231216674745514
4127,2023,4127,0.10465862084931908,-0.15081958115096927,0.18357552390401977,2.122607220741459
4128,2023,4128,0.1014087386724312,0.0035059848292007313,0.10146932644280256,2.122093023255814
4129,2023,4129,-0.124500934126219,0.03904236541734476,0.1304790745509892,2.121579074836522
4130,2023,4130,0.21721109997726243,-0.005881013797775933,0.21729069993127162,2.1210653753026634
4131,2023,4131,-0.3083919348641094,0.008376673351296585,0.30850567927619,2.120551924473493
4132,2023,4132,0.3616601691291218,0.05243284540088892,0.3654412144399404,2.1200387221684416
4133,2023,4133,-0.14901741209970384,-0.2141552024375464,0.2608996738977637,2.1195257682071134
4134,2023,4134,-0.06992977075334363,-0.07787067487427188,0.10466142958602156,2.1190130624092887
4135,2023,4135,0.06905958372597855,0.36268910645139274,0.3692053819257178,2.1185006045949213
4136,2023,4136,-0.24304495742001467,-0.09228539460893843,0.25997585538935003,2.117988394584139
4137,2023,4137,0.30445497218044415,0.2665556515169567,0.4046538587991276,2.1174764321972446
4138,2023,4138,-0.2015195452293124,-0.24551122695676722,0.3176253920442227,2.1169647172547124
4139,2023,4139,0.06177813730188724,0.06458115806949517,0.0893714956017183,2.1164532495771926
4140,2023,4140,-0.06346923084868714,0.18444173592419305,0.19505665129713906,2.1159420289855073
4141,2023,4141,0.1569404636272538,0.010096317227696449,0.15726488719704618,2.115431055300652
4142,2023,4142,0.01886587692714538,0.023793401720016122,0.030365231394479157,2.1149203283437954
4143,2023,4143,-0.11075822487286767,-0.2610091251173938,0.28353685434443276,2.114409847936278
4144,2023,4144,-0.03468771461259549,-0.13880487742890044,0.14307351796575404,2.113899613899614
4145,2023,4145,-0.1285891039884021,0.25866298502187257,0.288862765833476,2.1133896260554885
4146,2023,4146,0.17845895801012632,-0.12687493454547186,0.21896312180359914,2.1128798842257597
4147,2023,4147,-0.04400324231341244,-0.01415263872727276,0.046223181597955715,2.112370388232457
4148,2023,4148,-0.35149309429224307,0.0475019944846257,0.3546883629542321,2.111861137897782
4149,2023,4149,0.1891849671082825,-0.007716340668883985,0.1893422659975321,2.111352133044107
4150,2023,4150,0.043191321516921725,0.1671420329147734,0.1726324112710626,2.1108433734939758
4151,2023,4151,0.3503320221223274,-0.08209443312434339,0.35982220842289064,2.1103348590701034
4152,2023,4152,0.04480721502513859,-0.18101159620683913,0.18647488967594747,2.1098265895953756
4153,2023,4153,-0.3445321984323582,0.008419631222050817,0.3446350619808571,2.1093185648928485
4154,2023,4154,0.19751682935049328,0.1348782963193299,0.23917577781764784,2.1088107847857485
4155,2023,4155,-0.02913286889143682,0.0030641893130609996,0.02929357106929649,2.108303249097473
4156,2023,4156,0.1376111667259704,-0.3528671332094421,0.37875063948082377,2.107795957651588
4157,2023,4157,-0.010479929725334505,0.27454786412349,0.27474780913015173,2.107288910271831
4158,2023,4158,-0.3357858884994105,-0.003375657448289418,0.33580285582249997,2.1067821067821066
4159,2023,4159,0.28545696201150417,0.2097137915654409,0.35421116799670577,2.1062755470064918
4160,2023,4160,-0.05872361029120644,-0.03683599270297962,0.0693206517860836,2.105769230769231
4161,2023,4161,-0.05662482754625278,-0.21986440136247526,0.22703904087430093,2.1052631578947367
4162,2023,4162,0.09506630441971468,0.2965032155878744,0.31137077430287413,2.1047573282075924
4163,2023,4163,0.07565080326095253,-0.18277981039170177,0.19781684235891997,2.104251741532549
4164,2023,4164,-0.0722088002842855,0.026214455258493908,0.07681997463547752,2.1037463976945245
4165,2023,4165,-0.16981016878729976,0.04322909962168601,0.1752262779313448,2.1032412965186076
4166,2023,4166,0.12045184700723463,-0.19591154588030663,0.22997821909186475,2.102736437830053
4167,2023,4167,-0.07572042385746688,0.18733838112701093,0.20206249437350723,2.1022318214542834
4168,2023,4168,-0.02809022813862185,-0.18171256962576862,0.18387092993967163,2.1017274472168905
4169,2023,4169,0.10993860724675744,0.2928408670601435,0.3127974916521765,2.1012233149436317
4170,2023,4170,-0.09087885866935003,-0.08429976398413155,0.12395731991626788,2.1007194244604315
4171,2023,4171,-0.13628292481987497,-0.31544797064042457,0.34362837161477494,2.100215775593383
4172,2023,4172,0.05180155944635042,0.16458074758841443,0.17254049970321506,2.099712368168744
4173,2023,4173,-0.016030457444235858,-0.11440467787892947,0.11552231769858615,2.0992092020129403
4174,2023,4174,-0.01142604732370072,0.20030380689049396,0.2006294335641402,2.0987062769525635
4175,2023,4175,-0.05500724344534462,-0.12165345083627777,0.13351164343168748,2.098203592814371
4176,2023,4176,-0.012902177021203156,0.1249352828567119,0.1255997256142428,2.0977011494252875
4177,2023,4177,0.03997027063600621,-0.1204338309432827,0.12689338111340076,2.097198946612401
4178,2023,4178,0.04669382409631523,-0.19821638759786192,0.2036419640474022,2.096696984202968
4179,2023,4179,-0.059236180159459625,0.2401817317847993,0.24737863554282377,2.0961952620244078
4180,2023,4180,0.11134987791903808,0.06912365238526086,0.13106057619155756,2.0956937799043063
4181,2023,4181,0.143036882526658,-0.2290800852417734,0.2700689453034597,2.095192537670414
4182,2023,4182,-0.3118164424213995,-0.11663258595205983,0.33291538545132243,2.0946915351506457
4183,2023,4183,0.07095584007658536,0.16432489655407675,0.1789899518645725,2.0941907721730817
4184,2023,4184,-0.00016102038696062955,0.05608750521001093,0.05608773634448105,2.0936902485659656
4185,2023,4185,0.2264894389344904,-0.10529827701825113,0.24977028064177811,2.0931899641577063
4186,2023,4186,-0.31563425251514426,0.02212512335750327,0.3164087584824077,2.0926899187768755
4187,2023,4187,-0.16189907762552588,0.04721022180560028,0.16864197691835217,2.0921901122522093
4188,2023,4188,0.31020068710250387,0.3441251491190053,0.46329967033772335,2.0916905444126073
4189,2023,4189,0.07980983476887651,-0.39112936267549453,0.3991889127628345,2.091191215087133
4190,2023,4190,-0.04712573435825298,0.014808613628745559,0.04939767075895476,2.090692124105012
4191,2023,4191,-0.13325011354665622,0.0768003236991285,0.15379818750716048,2.0901932712956337
4192,2023,4192,0.06198235689200257,0.10209672600930587,0.11943849474816255,2.0896946564885495
4193,2023,4193,0.07311293825583909,-0.032433719631166584,0.07998404784402487,2.089196279513475
4194,2023,4194,-0.06887845021489362,-0.20117837102285338,0.2126428411007867,2.088698140200286
4195,2023,4195,0.05010656870775205,0.09642113541234208,0.1086632577363199,2.088200238379023
4196,2023,4196,-0.12012374083543274,-0.086953759413196,0.14829251292086928,2.0877025738798856
4197,2023,4197,-0.024878208194213176,-0.09445403904060974,0.09767543567366181,2.087205146533238
4198,2023,4198,-0.03742420663530292,0.3759827830158995,0.37784073942160185,2.0867079561696045
4199,2023,4199,-0.008585559330427268,-0.1115381170888521,0.11186806243402433,2.086211002619671
4200,2023,4200,0.26111144743392367,-0.05129630184692811,0.2661024211919347,2.085714285714286
4201,2023,4201,-0.19010210428996907,0.010006823299257905,0.19036529769896837,2.085217805284456
4202,2023,4202,0.04912673173849479,0.018568177650476112,0.052518691839817104,2.0847215611613517
4203,2023,4203,0.2367892947388715,0.10833756485162357,0.26039623280860247,2.0842255531763025
4204,2023,4204,-0.13161849779751672,-0.3118858974054275,0.338520666965643,2.083729781160799
4205,2023,4205,0.0017177776067203302,0.0192985896404979,0.019374888954997463,2.0832342449464925
4206,2023,4206,-0.24012890719299163,0.11978017921535536,0.2683452690146838,2.0827389443651927
4207,2023,4207,0.34142703763764004,0.020786587186218366,0.3420592115948125,2.082243879248871
4208,2023,4208,-0.12585404363429267,-0.03725248618238035,0.13125162104092614,2.081749049429658
4209,2023,4209,-0.12771783636905906,-0.13936557316025316,0.18903599844759628,2.081254454739843
4210,2023,4210,0.07594316383303149,0.2335839429566725,0.24561926337353243,2.0807600950118763
4211,2023,4211,-0.009676772558763699,0.12389217360888931,0.12426950796027644,2.0802659700783663
4212,2023,4212,0.2539337531436247,-0.08501145103773275,0.26778591783950884,2.07977207977208
4213,2023,4213,-0.22276675867328513,-0.12496809687489634,0.2554252415215363,2.0792784239259436
4214,2023,4214,0.038429821798534824,0.04863977655730122,0.06198934639929132,2.078785002373042
4215,2023,4215,0.04704781374661738,0.014806211628903549,0.0493226183523977,2.078291814946619
4216,2023,4216,0.0662443215476413,-0.14861384843772724,0.16270951442610557,2.0777988614800758
4217,2023,4217,-0.19315061921278026,0.08314441658958725,0.21028589042611315,2.0773061418069716
4218,2023,4218,-0.2334391313230656,0.1814091013494853,0.29564013612041123,2.076813655761024
4219,2023,4219,0.29969359183200794,-0.12075200434546672,0.32310570335204203,2.076321403176108
4220,2023,4220,-0.07079644552583052,-0.08856501337362398,0.1133838537577643,2.075829383886256
4221,2023,4221,0.016827605418147467,-0.08871817532390198,0.09029996089097422,2.0753375977256576
4222,2023,4222,-0.1128362504108696,0.20259724868155526,0.23190011768026428,2.0748460445286594
4223,2023,4223,0.11995823797515018,0.0049833247716944504,0.12006170240290176,2.0743547241297655
4224,2023,4224,-0.08127544652247724,-0.21760734541098317,0.2322900234281339,2.0738636363636362
4225,2023,4225,-0.34131430031592036,0.03663988661360591,0.34327530189514677,2.0733727810650886
4226,2023,4226,0.4170897285492937,0.057544835365913254,0.42104067468430356,2.072882158069096
4227,2023,4227,-0.014655091904202524,0.1544197903161933,0.1551136465950618,2.072391767210788
4228,2023,4228,0.026091549873594643,-0.35430647672848165,0.3552658841298393,2.0719016083254496
4229,2023,4229,-0.17244370054732144,0.2256707999658932,0.2840143302998996,2.071411681248522
4230,2023,4230,-0.06368218307078301,-0.024180262241405025,0.06811832002276509,2.0709219858156027
4231,2023,4231,0.26808180954251914,-0.16705415330601542,0.31587172514231343,2.0704325218624438
4232,2023,4232,-0.13326261229151845,0.13225296648628365,0.18774922364468416,2.0699432892249527
4233,2023,4233,0.1278507281989764,-0.14776147931952358,0.19539514700140975,2.069454287739192
4234,2023,4234,-0.20005290015193983,0.10800475755007646,0.22734597096199616,2.0689655172413794
4235,2023,4235,-0.24572803289415254,-0.027046167896451548,0.24721197654626842,2.0684769775678866
4236,2023,4236,0.32191337938829984,0.21647463594062874,0.3879297511596954,2.0679886685552407
4237,2023,4237,-0.16059801659845863,-0.12110084063334044,0.20113959465371434,2.067500590040123
4238,2023,4238,0.39404455112648196,-0.03606599928538869,0.39569162813600733,2.067012741859368
4239,2023,4239,-0.2205977789231611,0.22710930617317848,0.3166101972714941,2.0665251238499645
4240,2023,4240,-0.0020508616464955977,-0.08724570869608904,0.0872698098965266,2.0660377358490565
4241,2023,4241,0.17075945048869542,0.12409065058921563,0.2110859528600992,2.0655505776939402
4242,2023,4242,-0.1358777384107556,-0.3881236871327433,0.4112210552843049,2.065063649222065
4243,2023,4243,-0.059592415883053015,0.11096833817173368,0.1259572471411431,2.0645769502710345
4244,2023,4244,0.09672167108729145,0.2816201756030118,0.29776669552619445,2.064090480678605
4245,2023,4245,0.08986613371311646,-0.23142194766119548,0.24825801064184178,2.0636042402826855
4246,2023,4246,-0.24774686036013813,0.2522895499618282,0.3535937270912022,2.0631182289213377
4247,2023,4247,-0.10976356912115622,-0.2151191568040903,0.24150422921828435,2.062632446432776
4248,2023,4248,0.043813633669161044,0.12737579187891945,0.13470050798745062,2.062146892655367
4249,2023,4249,0.10859709828981874,0.1779280981036782,0.2084508043922131,2.06166156742763
4250,2023,4250,0.14051361980388413,-0.2685703630639022,0.3031074351886914,2.061176470588235
4251,2023,4251,-0.20231778831696542,0.2488996481154753,0.32075461384285003,2.0606916019760058
4252,2023,4252,0.10407242802778043,0.04181318983718678,0.11215798286327262,2.060206961429915
4253,2023,4253,0.08004177750730104,-0.37256573272751475,0.3810668069372065,2.05972254878909
4254,2023,4254,-0.07669273631452922,-0.018663304889582722,0.07893094927093827,2.0592383638928067
4255,2023,4255,-0.0769931161633387,0.0084764518071675,0.07745831247697436,2.0587544065804937
4256,2023,4256,0.1533260569739307,0.25144532348576454,0.2945057392480388,2.058270676691729
4257,2023,4257,-0.1219392792005007,-0.1583972780164961,0.19989718731130968,2.057787174066244
4258,2023,4258,0.1270543654311548,-0.04273744088746384,0.13404962002453752,2.057303898543917
4259,2023,4259,-0.32353013795104624,-0.0165987726689583,0.3239556596460984,2.0568208499647804
4260,2023,4260,0.34821517538829283,0.12686709420663647,0.37060635175767714,2.056338028169014
4261,2023,4261,0.1719213707853563,0.08430478126066268,0.19147912125379138,2.055855432996949
4262,2023,4262,-0.22427152939522624,-0.07853303356879335,0.23762398081589126,2.055373064289066
4263,2023,4263,0.15698491040385093,0.12267680951732705,0.19923318420347463,2.054890921885996
4264,2023,4264,-0.16146055299730575,-0.12962792141915946,0.20705774118744644,2.054409005628518
4265,2023,4265,0.18925570314358514,0.06820299345890593,0.20117000146425507,2.0539273153575617
4266,2023,4266,-0.04206587769344069,-0.28298060838582406,0.28609013053324756,2.0534458509142053
4267,2023,4267,-0.11238572007600904,0.14265635771030155,0.18160778197030153,2.0529646121396765
4268,2023,4268,-0.09337063428702806,0.1921124245222126,0.21360069991216035,2.0524835988753516
4269,2023,4269,-0.026548527553453508,-0.11350574642894205,0.1165692017114631,2.0520028109627546
4270,2023,4270,0.15836241133098616,0.06268027470287262,0.17031579539018696,2.0515222482435598
4271,2023,4271,-0.06881723467754859,-0.187426375151936,0.1996608571835227,2.051041910559588
4272,2023,4272,0.008038593580736534,0.08134250264539074,0.08173874065198006,2.050561797752809
4273,2023,4273,-0.0993345083362989,0.05327509040052532,0.11271903035245814,2.0500819096653404
4274,2023,4274,0.0724747062495665,0.028295647560055124,0.07780248528680693,2.0496022461394476
4275,2023,4275,-0.13498746072592127,-0.06568197975991978,0.15011907613096562,2.049122807017544
4276,2023,4276,0.16698949892908457,-0.13119126678938142,0.21235969776393399,2.048643592142189
4277,2023,4277,-0.023066492473117536,0.06915013129873615,0.07289584167594773,2.0481646013560906
4278,2023,4278,-0.16482555220914033,0.01363009528190779,0.16538815604039464,2.047685834502104
4279,2023,4279,0.33750827367774344,-0.033376222550507116,0.3391545474155868,2.0472072914232298
4280,2023,4280,-0.18931807383214505,-0.11115408977975229,0.21953716030385095,2.046728971962617
4281,2023,4281,-0.1603752437982486,-0.01269827224097526,0.16087717346240765,2.04625087596356
4282,2023,4282,0.19716392350641848,0.17376399936111223,0.2628070398722482,2.0457730032695003
4283,2023,4283,-0.017474440490330784,-0.106148629788897,0.10757735670906969,2.045295353724025
4284,2023,4284,0.039410255354886944,-0.06296082603717058,0.0742780845365593,2.044817927170868
4285,2023,4285,-0.28020672479328873,0.003264761554431262,0.28022574344158524,2.044340723453909
4286,2023,4286,0.11413072534550005,0.1159537855659869,0.1626994248759744,2.043863742417172
4287,2023,4287,0.12140928265123956,0.1230997472697345,0.17289812518289804,2.0433869839048286
4288,2023,4288,0.007400173961567846,-0.21471661546396095,0.21484410052631173,2.042910447761194
4289,2023,4289,0.003512117379180124,0.13898190458979448,0.13902627367476939,2.0424341338307297
4290,2023,4290,-0.05294424774728351,0.00016599318346392062,0.05294450796128614,2.041958041958042
4291,2023,4291,0.1884912506370226,-0.14845517969359945,0.23993309889335354,2.0414821719878815
4292,2023,4292,-0.09633060741136677,-0.11490324628315204,0.14994112821587532,2.0410065237651445
4293,2023,4293,-0.004924901512706223,0.21012379216237462,0.2101814993942299,2.040531097134871
4294,2023,4294,-0.12695135299910376,-0.09162293672087933,0.15656119749689357,2.040055891942245
4295,2023,4295,-0.006865267850703657,0.04463744960728842,0.04516230519033675,2.039580908032596
4296,2023,4296,0.10905142368837258,-0.004439055410950192,0.10914173455375553,2.0391061452513966
4297,2023,4297,-0.2149711152105337,-0.12232821157024998,0.2473393857048173,2.0386316034442635
4298,2023,4298,0.19503845103980255,0.2527302821413361,0.31923751799443123,2.038157282456957
4299,2023,4299,-0.08065053756616035,0.04989603823127631,0.09483735467044423,2.0376831821353805
4300,2023,4300,0.18570342896954287,-0.05103581133437716,0.19258872648627226,2.0372093023255813
4301,2023,4301,-0.09508042109520021,-0.055416909909765825,0.11005144424126244,2.0367356428737504
4302,2023,4302,0.03697471990550421,-0.09539085607913252,0.10230613537613599,2.0362622036262206
4303,2023,4303,0.11340835160302931,0.12484197079511022,0.16866230131633883,2.035788984429468
4304,2023,4304,-0.03950534276219253,-0.2113179619859175,0.21497895981849013,2.0353159851301115
4305,2023,4305,-0.05942738472171034,0.09795599346460178,0.11457308021738473,2.034843205574913
4306,2023,4306,-0.27967956921872844,0.009023614989307661,0.2798251008502432,2.0343706456107755
4307,2023,4307,0.17347034318708077,0.04974074929469812,0.18046080490189995,2.0338983050847457
4308,2023,4308,0.01808219571666096,-0.03678702849931699,0.04099086810187352,2.033426183844011
4309,2023,4309,0.06658262989563886,0.09240131272970901,0.11389139211544087,2.0329542817359014
4310,2023,4310,-0.07971825383643312,0.11058086250619999,0.136319944055685,2.0324825986078885
4311,2023,4311,0.02113032306206678,-0.04985496173957888,0.05414801716371695,2.0320111343075853
4312,2023,4312,-0.04028137878352476,0.03833616955828155,0.055608015367419036,2.031539888682746
4313,2023,4313,0.013761107163505757,-0.10024998329102296,0.10119005494719267,2.0310688615812658
4314,2023,4314,0.3115747354678827,-0.1120417417840146,0.33110748660197475,2.030598052851182
4315,2023,4315,-0.3636912128395648,0.06815511176057797,0.37002218522111685,2.030127462340672
4316,2023,4316,0.19786909647389464,0.04417556459549938,0.20274037547249082,2.0296570898980537
4317,2023,4317,-0.18422301902943922,-0.19400044500260577,0.26753372385837676,2.029186935371786
4318,2023,4318,-0.12015944667355345,0.15814428095593216,0.1986149697881893,2.028716998610468
4319,2023,4319,0.10891240185016957,0.0035813867897325127,0.1089712696453083,2.0282472794628386
4320,2023,4320,0.03745997295938026,-0.07313563206643317,0.08217098181155065,2.0277777777777777
4321,2023,4321,0.11933095424218143,0.3039347751362707,0.32652139926425194,2.0273084934043046
4322,2023,4322,-0.1265110970685518,-0.26755345777636524,0.29595592653227576,2.026839426191578
4323,2023,4323,-0.14333599901809022,0.10704682223658539,0.1788972631581184,2.0263705759888966
4324,2023,4324,0.10127430964502515,-0.01053696139894104,0.10182098678366464,2.0259019426456986
4325,2023,4325,0.06921206076191645,-0.11366577689164505,0.13307974373018774,2.0254335260115606
4326,2023,4326,-0.024576075289277667,0.08149088542519022,0.08511608475491411,2.0249653259361997
4327,2023,4327,0.08486557463283917,-0.048625952714679,0.0978092482088079,2.0244973422694708
4328,2023,4328,-0.18435330459619814,0.16439697023566974,0.24700709450986685,2.024029574861368
4329,2023,4329,0.02283834110011372,-0.1759780818905439,0.17745386761093745,2.0235620235620235
4330,2023,4330,0.20053729197305553,-0.1637717257094664,0.2589138536535719,2.023094688221709
4331,2023,4331,-0.20852228698252412,0.12454073248871339,0.2428825605457243,2.0226275686908335
4332,2023,4332,0.11027434525156309,-0.04357002597704085,0.11856971950840126,2.0221606648199444
4333,2023,4333,0.21523554312391438,0.2716955129568961,0.3466190860076192,2.0216939764597277
4334,2023,4334,-0.25652256213883856,-0.22903653007547722,0.34389178093593525,2.021227503461006
4335,2023,4335,0.1600704749687793,-0.15241380150469572,0.22102607051170092,2.0207612456747404
4336,2023,4336,-0.23414409960660304,0.18430402438994983,0.2979789133259568,2.0202952029520294
4337,2023,4337,0.27762364987335414,-0.03380950858093348,0.27967476439515765,2.0198293751441088
4338,2023,4338,0.0507868103168105,0.33593086224009033,0.3397482072175308,2.0193637621023512
4339,2023,4339,-0.003807814127858076,-0.2257708026929126,0.22580291140070446,2.0188983636782667
4340,2023,4340,0.08882325922946203,-0.1473508577896188,0.17205187203712918,2.0184331797235022
4341,2023,4341,-0.47683854062362296,0.15829131229918342,0.5024252515284877,2.017968210089841
4342,2023,4342,0.5140270947036272,-0.11204393694765165,0.5260966621222578,2.017503454629203
4343,2023,4343,-0.006125947817809934,0.18649054347280192,0.1865911306612604,2.017038913193645
4344,2023,4344,-0.3715902201195825,-0.22200837462250156,0.432859111133224,2.016574585635359
4345,2023,4345,0.017646830178781055,0.14999938372786756,0.15103385625116905,2.0161104718066745
4346,2023,4346,-0.2800626124365201,0.21998037020991,0.3561269860070387,2.015646571560055
4347,2023,4347,0.5873462214539612,-0.21020216909360856,0.6238273284715119,2.015182884748102
4348,2023,4348,-0.2493198537759615,-0.08978997168152089,0.2649955254366291,2.014719411223551
4349,2023,4349,-0.12431058207865013,0.20303443379102212,0.23806743187923407,2.0142561508392736
4350,2023,4350,0.18050257290294094,0.20944957556404312,0.2764964801377032,2.013793103448276
4351,2023,4351,0.009244782327149264,-0.1702533445373495,0.170504156331832,2.0133302689037005
4352,2023,4352,0.1410147334126685,-0.19600999839366387,0.24146443736030795,2.0128676470588234
4353,2023,4353,-0.06626335602836168,0.13184930451003588,0.1475637877391387,2.0124052377670574
4354,2023,4354,-0.10537954684845863,-0.20762699063806495,0.23283860533727133,2.0119430408819476
4355,2023,4355,0.0053844479582720725,0.22113305838326117,0.22119860259447874,2.0114810562571757
4356,2023,4356,-0.23947143819010053,-4.058338683392225e-05,0.2394714416289475,2.0110192837465566
4357,2023,4357,0.04553143684975312,0.025272036785989695,0.05207482678718646,2.0105577232040397
4358,2023,4358,0.06532992904151622,0.05364498720746239,0.08453274088220698,2.010096374483708
4359,2023,4359,0.01190056801404961,-0.03279131467094134,0.034884005459604454,2.0096352374397797
4360,2023,4360,-0.06673245892403823,0.06402662932460952,0.09248043218281042,2.0091743119266057
4361,2023,4361,0.03700698480761626,0.047639955741865164,0.0603248067351899,2.00871359779867
4362,2023,4362,0.15332048254247668,-0.11322590299327005,0.19059715495174448,2.0082530949105917
4363,2023,4363,-0.11608963260884747,-0.07852116319889205,0.14015126067704214,2.007792803117121
4364,2023,4364,0.05733045165998656,-0.07201333440948077,0.09204727600700503,2.007332722273144
4365,2023,4365,0.03236101780211766,0.04510701932483257,0.055514670723690644,2.006872852233677
4366,2023,4366,-0.18769395334500397,0.09970143767712353,0.21253093138920245,2.006413192853871
4367,2023,4367,0.12384829777654666,-0.15499215330135244,0.19839598898954108,2.0059537439890085
4368,2023,4368,-0.12358910772747493,0.0033300945222040483,0.12363396409725047,2.0054945054945055
4369,2023,4369,-0.0976967789104235,0.21812983256083274,0.23900896314257566,2.00503547722591
4370,2023,4370,0.23147870981580823,-0.11089808786473787,0.2566725131174865,2.004576659038902
4371,2023,4371,-0.04190087711076305,0.2880736198967224,0.29110495355292837,2.0041180507892933
4372,2023,4372,0.1278309794874631,-0.29610657855201655,0.3225211081131059,2.0036596523330283
4373,2023,4373,-0.014560322392076245,-0.1092984840246537,0.1102640539715853,2.0032014635261834
4374,2023,4374,-0.3616200195595549,0.16679257208080597,0.3982320939447042,2.0027434842249656
4375,2023,4375,0.4485744006125232,-0.008926291904400006,0.4486632050570305,2.0022857142857142
4376,2023,4376,-0.22151178779630548,0.16300196270114967,0.27502202089495026,2.0018281535648996
4377,2023,4377,0.13840447414355447,-0.39444313691234756,0.4180205577722306,2.0013708019191228
4378,2023,4378,-0.07052975415460405,0.14970344693106755,0.16548585511804884,2.0009136592051164
4379,2023,4379,-0.5130701950012964,0.08349640020664374,0.5198198474915481,2.000456725279744
4380,2023,4380,0.4522882665525116,0.0,0.4522882665525116,2.0
