DateTime,year,n,a_n,b_n,amplitude,period_hours
0,2025,0,117.33822713841327,0.0,117.33822713841327,inf
1,2025,1,-6.083813132906946,6.802312636715366,9.126019912522029,8760.0
2,2025,2,-7.502997281330306,3.058704122675875,8.102508198929783,4380.0
3,2025,3,3.893295478917969,3.444376490552853,5.198218838682755,2920.0
4,2025,4,-2.287645704931253,-1.9729114827244776,3.020877784677246,2190.0
5,2025,5,1.9471932865160992,-0.5950857159809135,2.0360964378972537,1752.0
6,2025,6,-3.1262886565392667,1.9310519893245572,3.674594202014751,1460.0
7,2025,7,-3.262491460040383,-3.0401791463391,4.459432673409429,1251.4285714285713
8,2025,8,0.39268423605102865,1.7489625244943947,1.7925040645222499,1095.0
9,2025,9,-0.09660783478768936,1.2571476553471845,1.2608541950151448,973.3333333333334
10,2025,10,-1.464410627215808,0.9841309964086645,1.7643730623637697,876.0
11,2025,11,-0.9575810154788953,-1.5451670426217454,1.8178290873484293,796.3636363636364
12,2025,12,2.8075771369217777,0.14272007005694415,2.811202304737769,730.0
13,2025,13,-1.3704949967432694,1.9343039189559492,2.3706092438414808,673.8461538461538
14,2025,14,-3.438705013640142,-1.8164397668931287,3.888977448839812,625.7142857142857
15,2025,15,1.5033089705800873,-0.6858728203978098,1.6523799159960182,584.0
16,2025,16,1.7868788835950526,0.5428350806820991,1.8675133384950808,547.5
17,2025,17,-1.6788250089002132,1.3794429339738399,2.172858996483471,515.2941176470588
18,2025,18,-0.8575199212012357,0.4916448597898405,0.9884609670668566,486.6666666666667
19,2025,19,2.0525561597600257,-2.044499127273867,2.8970611782274167,461.05263157894734
20,2025,20,0.1300043802726025,-0.6519024021878329,0.6647389569359768,438.0
21,2025,21,-1.002139633571748,1.3524930204040013,1.6833066314301908,417.14285714285717
22,2025,22,-0.9583434125584177,-0.7941494997476053,1.2446266606269871,398.1818181818182
23,2025,23,-0.14668168764543368,-2.0407479100113157,2.046012597641096,380.8695652173913
24,2025,24,0.6112853359091773,1.9360579692847377,2.030268509909105,365.0
25,2025,25,-1.6134849489629033,0.7921576953170354,1.7974558394519238,350.4
26,2025,26,0.18037219693157627,0.2979243226655533,0.34827149102625676,336.9230769230769
27,2025,27,0.8812005069521375,1.2695205966039864,1.5453792022201043,324.44444444444446
28,2025,28,-0.3690822535388834,-2.5169134008100973,2.543830728852608,312.85714285714283
29,2025,29,0.4378542819013402,-0.2715401276659379,0.5152188012021418,302.0689655172414
30,2025,30,-1.3459606694607358,1.631845888926038,2.1153087549906284,292.0
31,2025,31,0.0628575963020649,-0.8540903515790641,0.8564002604351091,282.5806451612903
32,2025,32,0.27758998863879714,0.5339003553123842,0.6017522672954192,273.75
33,2025,33,-0.19906218955020194,0.8075477059772049,0.8317205376432439,265.45454545454544
34,2025,34,1.7727715328750553,-0.6812797364483302,1.8991737643162827,257.6470588235294
35,2025,35,1.2456229063755,-1.0307274670209912,1.6167793715157477,250.28571428571428
36,2025,36,-0.6529540867647706,-0.6991477410347324,0.9566381777959653,243.33333333333334
37,2025,37,-1.371420283492393,-0.6048052561778935,1.498860564520517,236.75675675675674
38,2025,38,-0.44184585932077697,0.4797782032055777,0.6522383672171459,230.52631578947367
39,2025,39,0.14417485088195492,-0.05939915909341655,0.15593154821215285,224.6153846153846
40,2025,40,1.3418478110919874,0.6110467728396131,1.474426568781933,219.0
41,2025,41,0.6350927462748279,0.22258379744477766,0.6729683077648165,213.65853658536585
42,2025,42,-0.10473523420871342,-0.4969768140389421,0.5078931216083274,208.57142857142858
43,2025,43,0.22817699668481653,-0.8278200295135161,0.8586912967300072,203.72093023255815
44,2025,44,-0.7513710351406894,-1.358095637651758,1.5520896215931366,199.0909090909091
45,2025,45,0.04241658031261057,0.24286953973452555,0.2465456947834953,194.66666666666666
46,2025,46,0.15792448712631077,2.033947170953961,2.040068929684909,190.43478260869566
47,2025,47,-0.3721689501431376,0.49964776977185454,0.623022970113168,186.38297872340425
48,2025,48,0.6272210813516363,-0.9709511744241432,1.1559206149245453,182.5
49,2025,49,1.7824127111928108,-0.1715729887765286,1.7906513796659074,178.77551020408163
50,2025,50,-0.2583895042986639,0.8694367107442442,0.9070200272990007,175.2
51,2025,51,-1.835958392770806,-0.7986169299069033,2.002131918910312,171.76470588235293
52,2025,52,1.9933348839880858,0.48358760122302274,2.0511559979144525,168.46153846153845
53,2025,53,0.14737761173485822,0.8297570935575137,0.8427437301752432,165.28301886792454
54,2025,54,-0.5355804428775163,0.6409634821891246,0.8352727675992344,162.22222222222223
55,2025,55,0.24408924516918462,1.0759920664700864,1.1033306334521076,159.27272727272728
56,2025,56,0.7396801798640541,-0.8124954167040775,1.0987609251556283,156.42857142857142
57,2025,57,0.37780876047956086,-0.202917847842131,0.4288532528359607,153.68421052631578
58,2025,58,-1.1170863914085176,1.1278067229511504,1.5873972439827142,151.0344827586207
59,2025,59,-0.5235192618012622,-0.11448824670165413,0.5358917578296547,148.47457627118644
60,2025,60,0.6387666531451685,0.9933606012228997,1.1810114822609477,146.0
61,2025,61,-0.1986404694898287,1.440804861368907,1.4544334583140663,143.60655737704917
62,2025,62,-0.30230474644559424,-0.022205054587454396,0.3031191583730181,141.29032258064515
63,2025,63,0.3233629448571591,-0.3791939097414377,0.4983488891245687,139.04761904761904
64,2025,64,-0.17311523313767557,0.21772094605888492,0.27815695982140665,136.875
65,2025,65,-0.017891121367244925,0.30545662703670473,0.30598013534283236,134.76923076923077
66,2025,66,-1.6746693498757335,0.12101233377417685,1.6790358591580719,132.72727272727272
67,2025,67,-0.8810910998690625,0.2114480211870944,0.9061080465002019,130.7462686567164
68,2025,68,0.47151359697669554,0.22677353334711256,0.5232124879631942,128.8235294117647
69,2025,69,-0.5897384239045467,0.35836281078195387,0.6900835549271995,126.95652173913044
70,2025,70,0.15554943442361951,0.4690982217257688,0.4942153054851564,125.14285714285714
71,2025,71,-0.39997204410082604,0.4518439225500664,0.6034406071914812,123.38028169014085
72,2025,72,-1.2779574355042562,-0.8068977842215924,1.511376604669508,121.66666666666667
73,2025,73,0.22382756328289113,0.4882343400773472,0.5370954746745864,120.0
74,2025,74,-0.38931311678151337,0.5512555164650035,0.674868392600538,118.37837837837837
75,2025,75,-0.7307501143206311,-0.4647319859650314,0.8660089770658371,116.8
76,2025,76,0.34412210027001083,1.2475044187481987,1.2940970963148493,115.26315789473684
77,2025,77,-0.0896343782632121,0.7368114252837981,0.7422434898302406,113.76623376623377
78,2025,78,-0.4068800238715155,-0.8183704323227798,0.9139373711178784,112.3076923076923
79,2025,79,0.19997308662737417,0.051774666089803766,0.20656682072392454,110.88607594936708
80,2025,80,0.6856558764226264,-0.2989826084394268,0.7480070728423117,109.5
81,2025,81,-1.6188929741664086,0.1853209921029683,1.629465658404432,108.14814814814815
82,2025,82,-1.4112426945138647,0.3328226556589068,1.4499575383226229,106.82926829268293
83,2025,83,1.3173943974888074,0.3322272857758312,1.3586401171571791,105.5421686746988
84,2025,84,-0.05704024203549446,0.45160346916040367,0.45519147901644585,104.28571428571429
85,2025,85,-1.2664346441904426,0.0731699466009643,1.2685466286626443,103.05882352941177
86,2025,86,-0.03852482503128892,-0.3537806875511069,0.35587207958454026,101.86046511627907
87,2025,87,0.6364453902400983,-0.6205690251816488,0.8889143095781352,100.6896551724138
88,2025,88,-1.2215705086389927,0.3111017680852622,1.2605628971544038,99.54545454545455
89,2025,89,-1.8170945381799881,0.42301286155531637,1.8656828352441797,98.42696629213484
90,2025,90,-0.008521119654886986,-0.12165088578666207,0.12194895445575743,97.33333333333333
91,2025,91,-0.09415709778764841,0.8205233203314112,0.8259080325747392,96.26373626373626
92,2025,92,-0.4872919256661282,0.14536083068761504,0.5085107589005339,95.21739130434783
93,2025,93,0.7315400574269498,-0.7006146362456227,1.012922368270052,94.19354838709677
94,2025,94,-0.3725676355268069,-0.6659654901861042,0.7630967678878307,93.19148936170212
95,2025,95,-1.1819549010510269,-0.26549487303701463,1.211406172894741,92.21052631578948
96,2025,96,-0.8404845245038128,0.005237165551428621,0.8405008410664521,91.25
97,2025,97,-0.6763101158507183,-0.4276085783840705,0.8001527786052223,90.30927835051547
98,2025,98,0.145012405690895,-0.29066291471430444,0.3248284590279548,89.38775510204081
99,2025,99,-0.19602575722812599,0.5848925592456982,0.6168674114895701,88.48484848484848
100,2025,100,-0.768605576311955,-0.3104499499371194,0.828935282970747,87.6
101,2025,101,-0.542897600857918,-1.9477669840490976,2.022012371171107,86.73267326732673
102,2025,102,0.7545192388100734,-0.2993222385872931,0.8117222950291811,85.88235294117646
103,2025,103,-0.7293305084927548,0.19847840463255348,0.7558549250509544,85.04854368932038
104,2025,104,-1.4377399606305745,-1.3278889905694882,1.957137032930924,84.23076923076923
105,2025,105,-0.22381289778472183,0.5312682888457477,0.5764878211618032,83.42857142857143
106,2025,106,0.5454397693077986,-0.2277594458739893,0.5910828259452064,82.64150943396227
107,2025,107,0.2654651862599741,-1.0347181091070254,1.0682290627155118,81.86915887850468
108,2025,108,-0.16932173724870936,0.14373146358607933,0.22210039245691893,81.11111111111111
109,2025,109,0.9137887745086857,-0.6627827820952926,1.1288449586458105,80.36697247706422
110,2025,110,-0.013273647643772939,-0.41779990787023463,0.4180107088797458,79.63636363636364
111,2025,111,-0.8378662442863054,-0.0473327241850316,0.8392021389946615,78.91891891891892
112,2025,112,0.33640996990787886,-0.5419630912940309,0.6378837356277411,78.21428571428571
113,2025,113,0.41307438010037145,-0.3170467213834703,0.520719758637325,77.52212389380531
114,2025,114,0.3505334956859996,0.4584613980451585,0.5771140139481695,76.84210526315789
115,2025,115,-0.22311456243127875,-0.1625635313214747,0.2760561712489128,76.17391304347827
116,2025,116,0.19211124133263666,-0.9864101361316867,1.0049436231499254,75.51724137931035
117,2025,117,0.8142785399180374,-0.0036526660870509833,0.8142867323864453,74.87179487179488
118,2025,118,-0.23829118538976435,-0.09225238338744036,0.25552532413661533,74.23728813559322
119,2025,119,-0.5163715417110695,-0.5672498388998608,0.7670801449789877,73.61344537815125
120,2025,120,-0.045289987805004435,0.5189401983999868,0.5209127686194639,73.0
121,2025,121,0.33518563205693824,-0.016012124202286464,0.33556787101699503,72.39669421487604
122,2025,122,0.5897273704969344,0.31647537427978456,0.6692794887330391,71.80327868852459
123,2025,123,0.1287853032185655,0.07753529190991705,0.15032423562637495,71.21951219512195
124,2025,124,-0.1042242502690516,-0.2901372490568324,0.30828934077326176,70.64516129032258
125,2025,125,0.13209675941640886,-0.2848510888353286,0.3139899626723582,70.08
126,2025,126,0.22552173422675512,-0.15421717534907592,0.2732086927264409,69.52380952380952
127,2025,127,0.2505501829411268,0.4382198086030878,0.5047890597308533,68.97637795275591
128,2025,128,-0.2184134210393013,-0.03199615363038199,0.22074459526165102,68.4375
129,2025,129,0.15763655874148177,0.4533848952947482,0.4800074457060915,67.90697674418605
130,2025,130,0.22258268982538904,-0.07581532215434793,0.23514041950135434,67.38461538461539
131,2025,131,0.23291409646876512,-0.9709726421092462,0.9985173248664599,66.87022900763358
132,2025,132,0.0078335153486429,0.028631599973586393,0.029683875753763966,66.36363636363636
133,2025,133,-0.31975716380441577,0.16448615820459947,0.35958356475950415,65.86466165413533
134,2025,134,0.15157448579697155,0.061447321188401786,0.16355610054610298,65.3731343283582
135,2025,135,-0.4552876271083993,0.2680807960849578,0.5283503919063007,64.88888888888889
136,2025,136,-0.08910582110644208,-0.26990984569734683,0.2842378795294864,64.41176470588235
137,2025,137,0.9640491736630745,-0.06731552792750228,0.9663964970655756,63.941605839416056
138,2025,138,0.29489910153880977,0.26240038642042474,0.3947397153593561,63.47826086956522
139,2025,139,-0.1898855472690974,-0.308636699779446,0.36237154070433364,63.02158273381295
140,2025,140,-0.31394784525869857,-0.18262155444049055,0.3631995067298974,62.57142857142857
141,2025,141,-0.0017419960748838743,0.4425943863321002,0.442597814458017,62.12765957446808
142,2025,142,0.8000468383917625,0.6011211360895888,1.0007105295110534,61.690140845070424
143,2025,143,-0.004437839051357549,-0.15728687945197178,0.15734947366669155,61.25874125874126
144,2025,144,0.5500390350990265,0.059148272848130144,0.5532101393806742,60.833333333333336
145,2025,145,0.30674383319243353,0.518123214058753,0.6021158062600248,60.41379310344828
146,2025,146,-0.3424344964466284,-0.3949189147863878,0.5227067376767915,60.0
147,2025,147,-0.0025025591599070374,0.49538945171529836,0.4953957727646985,59.59183673469388
148,2025,148,-0.3770628290796732,0.819175078048609,0.9017894352727313,59.189189189189186
149,2025,149,0.04408699649362372,-0.007382975791488954,0.04470091264578949,58.79194630872483
150,2025,150,0.3901128504576225,0.46993651769367284,0.6107604823121966,58.4
151,2025,151,0.0451180785877154,-0.03516957535801146,0.05720611895864035,58.01324503311258
152,2025,152,-0.44782534309541167,0.07056436106366942,0.45335071078674516,57.63157894736842
153,2025,153,-0.45091217958676244,0.3703010253707264,0.5834763432139268,57.254901960784316
154,2025,154,-0.29731680023394264,0.040718210316001494,0.3000920731253798,56.883116883116884
155,2025,155,-0.6540877632317974,0.2716948284011934,0.7082717570181165,56.516129032258064
156,2025,156,0.13668437621958032,1.3513233108859708,1.3582184320816582,56.15384615384615
157,2025,157,0.10643644289735597,-0.20213262649609973,0.22844324255896448,55.796178343949045
158,2025,158,-0.03384603722875269,-0.501481875578082,0.5026227469677442,55.44303797468354
159,2025,159,-0.39592517453972775,0.3378619993332689,0.5204877274516544,55.094339622641506
160,2025,160,-0.7767027633764788,-0.17860841589141016,0.796974371522634,54.75
161,2025,161,-0.055413216127334616,-0.09146561746022157,0.10694196416259749,54.409937888198755
162,2025,162,-0.02377513829183234,0.04290929405225531,0.049055730723929346,54.074074074074076
163,2025,163,-0.5859249138959699,0.17610724953812806,0.6118184110206919,53.74233128834356
164,2025,164,-0.6460702057436982,-0.07145112522371735,0.6500092107389247,53.41463414634146
165,2025,165,-0.15345328670429265,-0.5946207163470683,0.614102359146625,53.09090909090909
166,2025,166,0.10952111345718399,-0.2134469384438288,0.2399051267145932,52.7710843373494
167,2025,167,-0.44577626136103793,0.02933905553981713,0.44674070261505483,52.455089820359284
168,2025,168,-0.8042428204490272,-0.7293834952739859,1.0857286942058328,52.142857142857146
169,2025,169,-0.6030261332489045,-0.26856045662385924,0.6601251671032861,51.83431952662722
170,2025,170,-0.20609306144131775,-0.12536270140753147,0.241226360247898,51.529411764705884
171,2025,171,-0.3790991539157781,-0.10401872646288324,0.39311075278427443,51.228070175438596
172,2025,172,-0.05822611721069779,0.3245829090597554,0.32976407563457755,50.93023255813954
173,2025,173,0.5445540152861383,-0.6159031604473398,0.8221166453814674,50.63583815028902
174,2025,174,-0.3028694127682145,-0.5853301118333022,0.6590456896220088,50.3448275862069
175,2025,175,-0.41632155545221344,-0.22215803263157555,0.4718875173141186,50.05714285714286
176,2025,176,0.0254276857307363,-0.7585181499337261,0.7589442344339298,49.77272727272727
177,2025,177,-0.08382944233312384,-0.33892861403694696,0.3491417775272508,49.49152542372882
178,2025,178,-0.4898385113205704,0.5779916198792943,0.7576384888741089,49.21348314606742
179,2025,179,-0.008329944920858161,-0.10998268156546441,0.11029768006043861,48.93854748603352
180,2025,180,0.7706190243709125,-0.30031056526196137,0.8270671776405686,48.666666666666664
181,2025,181,-0.05093781234589605,-0.647617331643097,0.6496174789605886,48.39779005524862
182,2025,182,-0.19154795725788562,-0.660155223665862,0.6873831095269893,48.13186813186813
183,2025,183,-0.42366665703617506,-0.001741964088905225,0.42367023818424515,47.868852459016395
184,2025,184,-0.38823951109446336,-0.30872221169319997,0.49602350949083945,47.608695652173914
185,2025,185,-0.0867592594355752,0.3604064226903738,0.3707019808610171,47.351351351351354
186,2025,186,-0.08653505438257521,-0.1189978729714692,0.14713534384616486,47.096774193548384
187,2025,187,0.5375854742903425,-0.4654871339606303,0.7111092841827157,46.844919786096256
188,2025,188,-0.28435327540609384,-0.29096003186038766,0.4068347642156108,46.59574468085106
189,2025,189,0.030124468479441963,-1.0486861368293547,1.0491187240628417,46.34920634920635
190,2025,190,-0.32187291840226356,-0.3509475674853319,0.47619992726234406,46.10526315789474
191,2025,191,-0.5998117029144417,0.155835304519082,0.619724713955864,45.86387434554974
192,2025,192,0.3423027730831919,-0.16953713851046032,0.3819869497702221,45.625
193,2025,193,-0.6414876816724833,-0.6422807377752323,0.9077615280758675,45.38860103626943
194,2025,194,0.28226463917860534,-0.391464759335005,0.4826157729828582,45.154639175257735
195,2025,195,0.5048386626536596,0.1591433563132426,0.5293285210231726,44.92307692307692
196,2025,196,-0.20572735250686297,-0.25194840139537256,0.32527179486571967,44.69387755102041
197,2025,197,0.11600736711982276,-0.5790122666272204,0.5905191903154923,44.46700507614213
198,2025,198,-0.08717235967131264,-0.5871670863386973,0.5936027354806747,44.24242424242424
199,2025,199,0.4259458854279267,0.027404348727893456,0.4268265404613219,44.02010050251256
200,2025,200,0.18634661163857458,-0.4316200296027735,0.47012860966279946,43.8
201,2025,201,0.22547756090613122,-0.5403213878030901,0.5854804288698602,43.582089552238806
202,2025,202,0.3232559651134585,0.4241152953283355,0.5332618519197437,43.366336633663366
203,2025,203,0.2714875201034195,-0.5734046396485398,0.6344275800612521,43.152709359605915
204,2025,204,0.36350348723942777,-0.8608718529282666,0.9344705091116423,42.94117647058823
205,2025,205,0.6338929734646158,-0.38968427725710053,0.7440928287177622,42.73170731707317
206,2025,206,0.15770993736588412,-0.15162733520650168,0.21877676550716238,42.52427184466019
207,2025,207,0.04204980120644579,-0.2404617683857283,0.24411072863906097,42.31884057971015
208,2025,208,0.6764175292282669,-0.5582462667046433,0.8770288297068376,42.11538461538461
209,2025,209,-0.2661105950763464,0.139586566502947,0.30049835001205716,41.91387559808612
210,2025,210,0.41751485525674625,0.14969074619810824,0.4435380185028204,41.714285714285715
211,2025,211,0.9120127435014258,0.10914945799948665,0.9185210114584093,41.51658767772512
212,2025,212,0.10485369252466188,-0.6126239407517651,0.6215322916939059,41.320754716981135
213,2025,213,0.27532481881920406,-0.27806512252048005,0.39131057770031863,41.12676056338028
214,2025,214,-0.23239387123376806,0.6008786482664776,0.6442531034690997,40.93457943925234
215,2025,215,0.028611218893526035,0.25825169531115794,0.25983175321284424,40.74418604651163
216,2025,216,0.7765734834905761,0.26834107725851836,0.8216284494861106,40.55555555555556
217,2025,217,-0.10485935046744072,-0.06702037553292761,0.12444763604435483,40.36866359447004
218,2025,218,0.038335012799861796,-0.04231497246257872,0.057097548991829436,40.18348623853211
219,2025,219,0.38935605599329337,0.3082528255033012,0.49660642642783154,40.0
220,2025,220,-0.349833842670951,0.16372909213640552,0.3862524214677952,39.81818181818182
221,2025,221,-0.4678717633157786,0.1144097083573766,0.4816571065339283,39.63800904977376
222,2025,222,0.19560263632833863,0.07053280089440866,0.20793091963584107,39.45945945945946
223,2025,223,0.052771495933352654,0.26981971442307773,0.2749318262304222,39.28251121076233
224,2025,224,-0.07161847030548742,-0.027070260317875284,0.07656372693760091,39.107142857142854
225,2025,225,0.11778016690845268,0.1713889714081889,0.20795756114491237,38.93333333333333
226,2025,226,-0.2280521193925588,-0.02898017399090991,0.22988610145892094,38.76106194690266
227,2025,227,-0.26588427432825357,0.12032322546448786,0.2918426389704561,38.590308370044056
228,2025,228,-0.370868427957833,0.00740202918070161,0.3709422878183429,38.421052631578945
229,2025,229,0.4412785528874784,0.20603461295025446,0.48700823706794555,38.2532751091703
230,2025,230,0.2532580946316313,0.3903558291833375,0.46531423347438583,38.08695652173913
231,2025,231,-0.3180255846568538,-0.4365776219358591,0.5401298848161464,37.922077922077925
232,2025,232,-0.37190170329482997,0.015700095632470767,0.37223295114278165,37.758620689655174
233,2025,233,-0.26478858157435115,-0.01613231109921836,0.2652795589440671,37.59656652360515
234,2025,234,0.5769673705126109,0.1490868434111806,0.5959179754920524,37.43589743589744
235,2025,235,-0.5453752858346756,0.5582114788520792,0.7804064694256958,37.276595744680854
236,2025,236,0.21911123870629362,-0.18408194917200485,0.28617459520085103,37.11864406779661
237,2025,237,0.32173464771559673,-0.2477377732381623,0.40606303430586027,36.962025316455694
238,2025,238,-0.3722513168971996,-0.2310911625144231,0.4381485687800051,36.80672268907563
239,2025,239,-0.08759682495902618,0.12843562604430397,0.15546354485954114,36.65271966527197
240,2025,240,-0.22150664469675713,-0.27104818123913266,0.3500461543823287,36.5
241,2025,241,0.010120205383281441,0.24901068526487055,0.24921625134224337,36.34854771784232
242,2025,242,-0.3051656460490876,0.14534661965334625,0.33801140716433153,36.19834710743802
243,2025,243,-0.1761371251008098,-0.6382244053456234,0.6620835886937184,36.04938271604938
244,2025,244,0.010749897287075264,0.6634487340053581,0.6635358188862114,35.90163934426229
245,2025,245,-0.7241813425232696,0.24207455636878597,0.763569713713129,35.755102040816325
246,2025,246,0.38309844050586433,-0.29056525386640986,0.4808248973092767,35.609756097560975
247,2025,247,-0.10992108583813397,0.2216210236815835,0.24738335281402307,35.465587044534416
248,2025,248,-0.3887968233851631,-0.2913309265092531,0.4858360614601735,35.32258064516129
249,2025,249,-0.014861678906188273,0.12410399163135445,0.12499068060757944,35.18072289156626
250,2025,250,-0.45403220808251077,0.31113829617184224,0.5504110148979555,35.04
251,2025,251,-0.5742692583861908,-0.18834304769517454,0.6043660188515999,34.9003984063745
252,2025,252,-0.0851510624242798,0.09841201483396637,0.13013695899191902,34.76190476190476
253,2025,253,-0.04774661968048013,-0.16228356518332127,0.16916174277750184,34.62450592885376
254,2025,254,-0.284625584913101,0.030818390060333715,0.2862891837863173,34.488188976377955
255,2025,255,-0.35743116012447723,-0.566154310705729,0.6695429319756939,34.35294117647059
256,2025,256,-0.504789825419453,-0.6370717017664614,0.8128180122503543,34.21875
257,2025,257,-1.1225224344113887,-0.1648440447462489,1.1345616663915512,34.08560311284047
258,2025,258,0.09176389614921965,-0.2130646703916348,0.23198527195833088,33.95348837209303
259,2025,259,-0.12828126354995456,0.1828602939264379,0.22336958090312153,33.82239382239382
260,2025,260,-0.6900021133870395,0.0608230703738822,0.6926776756676133,33.69230769230769
261,2025,261,0.46697680146120946,-0.5467139086992299,0.7190016905878119,33.5632183908046
262,2025,262,-0.11541104455675812,-1.0880769430141461,1.0941805806742742,33.43511450381679
263,2025,263,-0.2633832120739645,-0.48639844608474153,0.5531312364674863,33.30798479087453
264,2025,264,-0.27955556430654027,0.10217961420769656,0.29764406107695457,33.18181818181818
265,2025,265,-0.3337739289554271,-0.14384746425178274,0.36345168677832607,33.056603773584904
266,2025,266,-0.006117433598724443,-0.09787003142226781,0.09806103224232597,32.932330827067666
267,2025,267,1.0039420405767503,-0.6177696751854168,1.17878708527711,32.80898876404494
268,2025,268,0.15929050089525487,-0.3828329436769119,0.41464988416710163,32.6865671641791
269,2025,269,-0.14348537765372285,-0.9844956997461679,0.9948968973813962,32.56505576208178
270,2025,270,0.27160097818398826,-0.3732505796712885,0.46160923579955826,32.44444444444444
271,2025,271,-0.5769138386179902,-0.24943693048135043,0.6285287260554623,32.32472324723247
272,2025,272,-0.07152249985932677,-0.9301946673711062,0.9329402913326074,32.205882352941174
273,2025,273,0.527755894104303,0.10158342504606972,0.537443463078604,32.08791208791209
274,2025,274,0.5300990207808854,-0.00951163880141272,0.5301843482276162,31.970802919708028
275,2025,275,0.10414083410203391,-0.4640303192033286,0.4755727604346262,31.854545454545455
276,2025,276,-0.11534119303955279,-0.3833120154001221,0.40028951018218156,31.73913043478261
277,2025,277,0.07377311811902335,-0.3166573154003001,0.32513739919229306,31.624548736462096
278,2025,278,0.021501591738426612,-0.35690422214876893,0.3575513141283413,31.510791366906474
279,2025,279,0.21499440506116005,0.055659271422601846,0.22208230164265008,31.397849462365592
280,2025,280,0.3038595826605547,0.48766905955963086,0.5745883375308111,31.285714285714285
281,2025,281,0.6790128538565946,0.11903536527454814,0.6893677348763302,31.17437722419929
282,2025,282,0.6187008851879222,-1.0228722278586226,1.1954322983158772,31.06382978723404
283,2025,283,-0.21055218516693802,-0.40760346170012507,0.458773151643051,30.954063604240282
284,2025,284,0.01554967678964823,0.7104457424058758,0.7106158915693473,30.845070422535212
285,2025,285,0.37373646030161234,-0.5021926856892539,0.6260003476984374,30.736842105263158
286,2025,286,0.16042280680459048,-0.7433677906649023,0.7604808670447147,30.62937062937063
287,2025,287,0.5220454931291991,-0.002720328257160804,0.5220525807639834,30.522648083623693
288,2025,288,-0.04292860011320259,0.24695487426556403,0.2506582825904618,30.416666666666668
289,2025,289,-0.4150716231028803,-0.5057433336118344,0.6542635339051618,30.311418685121108
290,2025,290,0.4352393159343429,-0.3614210174365874,0.5657370537448407,30.20689655172414
291,2025,291,0.2728385133224546,-0.5947306980644061,0.6543282491014606,30.103092783505154
292,2025,292,-0.07220126582076104,-0.26774058736720147,0.2773049673371435,30.0
293,2025,293,0.10640780777698697,0.4236572782414188,0.43681587764506813,29.897610921501705
294,2025,294,0.1304282513169556,-0.0864483500985512,0.15647634318439516,29.79591836734694
295,2025,295,0.4063551677847312,0.003353412478010846,0.4063690044289854,29.694915254237287
296,2025,296,-0.20404656232703203,-0.20929854454939295,0.29230272039099053,29.594594594594593
297,2025,297,0.8355651097379917,-0.7753184880785041,1.139863066586421,29.494949494949495
298,2025,298,0.6120826779935264,0.8971784413652455,1.0860821149205515,29.395973154362416
299,2025,299,-0.06896766529914741,0.3290728847726318,0.336222400130326,29.297658862876254
300,2025,300,0.5203845780309917,-0.73529018991986,0.9008061791777835,29.2
301,2025,301,0.4214244732918739,0.10299109204364379,0.4338268683814727,29.102990033222593
302,2025,302,0.4569467812767116,0.27420836058816306,0.5329076711172349,29.00662251655629
303,2025,303,0.6049175890516731,0.2342510452665827,0.6486900968510121,28.91089108910891
304,2025,304,0.2102189554455813,-0.5861027953474813,0.6226624253500149,28.81578947368421
305,2025,305,0.269043797868798,0.04249208178728933,0.27237867425017753,28.721311475409838
306,2025,306,-0.021270599061528693,0.07503350650930284,0.07799016273555208,28.627450980392158
307,2025,307,-0.31187932955335,-0.21066086839167775,0.3763598247344991,28.534201954397393
308,2025,308,0.6517326754400558,0.6943946152149478,0.9523336400000625,28.441558441558442
309,2025,309,0.60546010774421,0.6689274649780768,0.9022449198923908,28.349514563106798
310,2025,310,-0.3959233783304685,-0.1803839021525464,0.4350789280859172,28.258064516129032
311,2025,311,0.6067935402088335,0.4920683330490037,0.7812359725644964,28.167202572347268
312,2025,312,1.0033109920089636,0.40591438711102296,1.0823120790001965,28.076923076923077
313,2025,313,-0.5574964949048672,-1.082834213827061,1.217921293214665,27.987220447284344
314,2025,314,-0.3776770241409188,0.8010372455658881,0.8856074770166098,27.898089171974522
315,2025,315,0.08121816289798699,0.6215820416247414,0.6268657148504021,27.80952380952381
316,2025,316,0.32245941664823,0.09506436494234156,0.3361804706805669,27.72151898734177
317,2025,317,0.3228044620686875,0.26205372858920517,0.41578224757553023,27.634069400630914
318,2025,318,0.22671880811770995,0.845625903593681,0.8754910546561537,27.547169811320753
319,2025,319,-0.4885364723349721,0.10191269441838122,0.49905318562765766,27.460815047021942
320,2025,320,-0.06688514621072439,-0.5507364243715109,0.5547830494104402,27.375
321,2025,321,-0.10531864595840695,0.44373392975191295,0.45606119940155826,27.289719626168225
322,2025,322,-0.003552170376009487,-0.08145777838104487,0.08153519223719057,27.204968944099377
323,2025,323,-0.07031054621362294,1.1048313166539385,1.1070663083881351,27.120743034055728
324,2025,324,-0.386952270921652,0.39983601958074205,0.5564179207444663,27.037037037037038
325,2025,325,0.45542251899565667,-0.8564602906773281,0.9700174742320071,26.953846153846154
326,2025,326,0.33905049330589526,-0.34684729965671607,0.48503431454911183,26.87116564417178
327,2025,327,-0.5916869959235296,-0.4850769604886844,0.7651098997803856,26.788990825688074
328,2025,328,-0.1207514305184657,0.47165335777761774,0.4868652769248977,26.70731707317073
329,2025,329,-0.67873005028931,0.05683980063971176,0.6811058978620663,26.62613981762918
330,2025,330,0.18862070900686928,-0.5563685487203678,0.5874723260473317,26.545454545454547
331,2025,331,0.8635931214077,0.008400933276117505,0.8636339820911426,26.46525679758308
332,2025,332,-0.22772094301961807,0.2823002318071587,0.3626985646071951,26.3855421686747
333,2025,333,-0.19895626265831495,-0.4921582149727804,0.5308514886634095,26.306306306306308
334,2025,334,0.762941613010872,-0.6492837677304952,1.001822996293227,26.227544910179642
335,2025,335,-0.9603141648824063,-0.2686984334916223,0.9971971437156473,26.149253731343283
336,2025,336,-0.8111608440694145,-0.1623549338351706,0.8272490794748747,26.071428571428573
337,2025,337,0.7527512876998688,0.21140492064492333,0.7818737376371565,25.99406528189911
338,2025,338,-0.4850129136976855,0.1039089770272275,0.4960187516217138,25.91715976331361
339,2025,339,-0.43671201037598084,0.53776794343453,0.692756624647094,25.84070796460177
340,2025,340,-0.2356901611531226,0.1508633715842535,0.27983854085910587,25.764705882352942
341,2025,341,0.051785420181413036,-1.1794138640069862,1.1805502074690661,25.6891495601173
342,2025,342,1.0806112242372448,0.16340009497733177,1.0928953330425186,25.614035087719298
343,2025,343,-0.7064577398334971,0.26261973461560195,0.7536920214386128,25.53935860058309
344,2025,344,-1.300563394702446,-0.22937108100684836,1.3206347854127578,25.46511627906977
345,2025,345,0.8416312766252333,0.09101405547469577,0.8465381055143182,25.391304347826086
346,2025,346,1.0104799146043828,-0.4127882011043274,1.0915419171015959,25.31791907514451
347,2025,347,-0.8141870141696192,0.3029017202532829,0.868705903154133,25.244956772334294
348,2025,348,-0.3794558394885264,0.4138946447759292,0.561511808509968,25.17241379310345
349,2025,349,0.7257282018500004,-1.2849321523583959,1.475714084477347,25.10028653295129
350,2025,350,0.25903434010360893,-1.076032668535568,1.1067723763758686,25.02857142857143
351,2025,351,-0.40267248473394535,0.6225748414810215,0.7414476132586364,24.957264957264957
352,2025,352,-1.145700033487818,0.0820090906622729,1.1486313845987495,24.886363636363637
353,2025,353,-0.3443888311448051,-0.7110038057834394,0.7900190370211466,24.81586402266289
354,2025,354,0.3229507344015866,0.49493939463177683,0.5909840786425586,24.74576271186441
355,2025,355,0.5461498864765719,0.7771014715724321,0.9498244025178613,24.676056338028168
356,2025,356,0.15079049268792352,-0.38421667651898195,0.4127471710385896,24.60674157303371
357,2025,357,-0.23340508064805135,-1.5949511108223844,1.6119388876709566,24.537815126050422
358,2025,358,0.9128360422342389,0.4247214987626003,1.0068058360543102,24.46927374301676
359,2025,359,-1.0429767666609682,-0.15155741509020615,1.0539308259384923,24.401114206128135
360,2025,360,0.10048391142947168,-0.7296438548765989,0.7365304959167334,24.333333333333332
361,2025,361,1.7118602225487554,0.8107523118173366,1.894144855247832,24.265927977839336
362,2025,362,0.6997731091130752,-2.606182589484264,2.6984940418627357,24.19889502762431
363,2025,363,1.1502286380739561,3.1553270357400245,3.3584393134784194,24.132231404958677
364,2025,364,-1.1866550176419741,0.8414481068388836,1.4547113278577353,24.065934065934066
365,2025,365,2.696047005407631,-13.207896457505365,13.480252159642646,24.0
366,2025,366,-0.33946869371456945,3.8243388215703344,3.839375784705406,23.934426229508198
367,2025,367,-3.3711384944609626,2.770614013692353,4.363585310464891,23.869209809264305
368,2025,368,2.2868087281243996,-2.900199764641556,3.693325443804387,23.804347826086957
369,2025,369,-0.8716079955306675,0.852207959193595,1.2189991401087616,23.739837398373982
370,2025,370,0.6848867317666616,-0.9332161429662081,1.1575673651424117,23.675675675675677
371,2025,371,0.9966078596646205,0.39036505470169436,1.0703327061608239,23.61185983827493
372,2025,372,-0.9516779730952258,-0.13468556909806054,0.9611613636626817,23.548387096774192
373,2025,373,1.14429967527551,-0.027719694225070573,1.1446353691388227,23.485254691689008
374,2025,374,-0.7060026403907871,0.11584790201538778,0.7154442428590294,23.422459893048128
375,2025,375,0.6155040216006964,0.7051028805242231,0.9359568754649903,23.36
376,2025,376,0.5640762649709391,1.1752654106738034,1.3036221915224628,23.29787234042553
377,2025,377,0.8631854093142524,-1.0590248120535253,1.366243976527625,23.23607427055703
378,2025,378,0.8262067678101833,0.250172432368133,0.863251915197608,23.174603174603174
379,2025,379,-0.7149938862226385,0.6112241177104025,0.9406440237446955,23.113456464379947
380,2025,380,0.4437084617760733,-0.7228348687726416,0.8481553198354952,23.05263157894737
381,2025,381,-0.34264437888735827,-0.8565387775367239,0.9225312177954786,22.992125984251967
382,2025,382,0.1794274227433027,0.6027557612497574,0.6288948304383479,22.93193717277487
383,2025,383,0.6746188571822702,0.9850198184845641,1.193890549955596,22.87206266318538
384,2025,384,-0.5871269523264719,-1.0732478054101948,1.2233474199776493,22.8125
385,2025,385,0.01740525968991629,-0.1511965307682166,0.15219505242029943,22.753246753246753
386,2025,386,0.8738223171777261,0.6908603745692227,1.1139360390739574,22.694300518134714
387,2025,387,-0.09564479581678852,0.06373252743540556,0.11493372881856695,22.635658914728683
388,2025,388,-1.1280524931469766,-0.04586708761657379,1.1289845955643223,22.577319587628867
389,2025,389,1.0607472322420703,-0.6002354759231937,1.2187974882095693,22.519280205655527
390,2025,390,0.37029272704169,0.6887440187390141,0.7819750808361728,22.46153846153846
391,2025,391,0.06223469521312293,0.6415070295476709,0.6445187555435037,22.404092071611252
392,2025,392,0.8085001377156229,0.09212050111768777,0.813731318932948,22.346938775510203
393,2025,393,-0.2950442760310566,0.06571074451527209,0.3022730996358122,22.290076335877863
394,2025,394,0.5417665863215039,-0.2504753405640763,0.5968659232064982,22.233502538071065
395,2025,395,1.280208623251977,-0.07548381401893654,1.2824320353249008,22.17721518987342
396,2025,396,-0.3080592616868689,-0.5209381730016305,0.6052083019930704,22.12121212121212
397,2025,397,-0.4950126953173997,0.2820495492369996,0.5697275811738374,22.065491183879093
398,2025,398,0.28705116368065103,0.4139073939807308,0.5037039818805642,22.01005025125628
399,2025,399,0.8399184429179338,-0.36568755403910175,0.9160733474633935,21.954887218045112
400,2025,400,0.13887074198766214,-0.21826755061951975,0.2587002254224925,21.9
401,2025,401,-0.11356069221897754,0.16455463241329005,0.19993563430745995,21.845386533665835
402,2025,402,0.04349789305454338,0.053099291858920435,0.06864110646036606,21.791044776119403
403,2025,403,0.07904761515884211,-0.02103685707381174,0.08179899032289083,21.736972704714642
404,2025,404,-0.964700320012702,0.34794992162961613,1.0255319865292676,21.683168316831683
405,2025,405,0.6653929500933183,0.35665136981580436,0.7549489900817,21.62962962962963
406,2025,406,0.6104743207270834,0.6393546195335369,0.8839984308730799,21.576354679802957
407,2025,407,0.21545517820708399,0.49131918843881583,0.5364843695248007,21.523341523341525
408,2025,408,0.13514866527343022,-0.3252778029445342,0.3522368674821148,21.470588235294116
409,2025,409,-0.49705742259725805,-0.08898193906533786,0.5049592724555682,21.418092909535453
410,2025,410,-0.31334350163085284,0.0070607039846437535,0.3134230424762082,21.365853658536587
411,2025,411,0.4270567266644465,0.8168471704373509,0.921746574520816,21.313868613138688
412,2025,412,-0.557868844852165,1.1575137716660147,1.2849341538200203,21.262135922330096
413,2025,413,-0.051099899245857595,-0.03365779129555769,0.061188615099805256,21.210653753026634
414,2025,414,0.5769785360935431,-0.12737992508514434,0.5908721320449501,21.159420289855074
415,2025,415,0.4507168335307701,-0.32141399364941875,0.5535816284358365,21.10843373493976
416,2025,416,-0.6523526882566917,-0.0565783662448876,0.6548016046121703,21.057692307692307
417,2025,417,-1.0795531168255799,-0.5503428604009526,1.2117393267704595,21.007194244604317
418,2025,418,-0.419714384403976,-0.05828186498639354,0.4237415960958999,20.95693779904306
419,2025,419,0.18130511099327945,0.35998422762778925,0.4030635029533948,20.90692124105012
420,2025,420,0.16506618175509993,0.6436906835616145,0.6645182769971238,20.857142857142858
421,2025,421,-0.40755363842313397,-0.5131891737379192,0.6553343392755661,20.807600950118765
422,2025,422,-0.2910254181090355,-0.8235492949540406,0.8734582046124681,20.75829383886256
423,2025,423,0.5763612878391344,0.41097904561101717,0.7078814237221712,20.70921985815603
424,2025,424,-0.34508464936894007,0.0737493834549218,0.35287729707373555,20.660377358490567
425,2025,425,-0.37310707552386146,-0.8548842927252598,0.9327572265891785,20.611764705882354
426,2025,426,0.4460696325123757,0.07413489552096529,0.45218812432839317,20.56338028169014
427,2025,427,-0.12456684825139314,0.3806149758682183,0.40048053577976794,20.515222482435597
428,2025,428,-0.21843257953014578,-0.13618804412489674,0.2574101302644445,20.46728971962617
429,2025,429,0.35982844070681147,-0.20164622140581767,0.41247752102234536,20.41958041958042
430,2025,430,0.9245812324065643,-0.35097173561624606,0.988954809139387,20.372093023255815
431,2025,431,-0.2292652266907315,0.6377974775083534,0.6777522899154019,20.324825986078885
432,2025,432,-0.6336885354817098,-0.48456803362815665,0.7977263560991403,20.27777777777778
433,2025,433,0.43369928089909676,-0.8244355098432883,0.9315519181145817,20.23094688221709
434,2025,434,0.23630531383566988,0.6329568434171197,0.675629015788649,20.18433179723502
435,2025,435,-0.16667453250554307,0.10171998791116887,0.1952622742021348,20.137931034482758
436,2025,436,0.15747205826609717,0.33449823379838145,0.36971139764524136,20.091743119266056
437,2025,437,0.511742003934125,0.45016243648393583,0.6815615143269663,20.045766590389015
438,2025,438,0.8376507653525808,-0.3803715564924478,0.91996811123226,20.0
439,2025,439,0.08355173589053602,-0.9615725430896613,0.9651956528052954,19.954441913439634
440,2025,440,0.021572267846735917,-0.4755243400506067,0.4760134039295704,19.90909090909091
441,2025,441,-0.13876736413172838,0.5177740166495292,0.5360469323347113,19.86394557823129
442,2025,442,-0.1825224795823903,0.4201232133604649,0.45805891537795307,19.81900452488688
443,2025,443,0.180645910576399,0.42569645126720734,0.4624396324164595,19.774266365688487
444,2025,444,0.9797998972611608,-0.20626420453014035,1.0012755668363393,19.72972972972973
445,2025,445,0.5897314948427128,-0.5602911818813189,0.8134552504615025,19.685393258426966
446,2025,446,-0.10632209786864097,0.023395569653622758,0.10886570247146886,19.641255605381165
447,2025,447,0.11725426019176316,-0.1862172692634171,0.2200577944655487,19.59731543624161
448,2025,448,-0.22574980331172434,-0.9001716505114494,0.9280473986170045,19.553571428571427
449,2025,449,-0.7417813412580464,0.18328023397921542,0.7640884781267561,19.510022271714924
450,2025,450,0.061664752749142474,0.9231595907136336,0.9252168241326875,19.466666666666665
451,2025,451,0.9223660249285058,0.07448838429712659,0.9253689012159472,19.42350332594235
452,2025,452,0.3932241183630426,-0.8094326296281679,0.8998924319990489,19.38053097345133
453,2025,453,0.16541065532081262,-0.310628895325331,0.3519247014699254,19.337748344370862
454,2025,454,0.4275142552904027,-0.0918817856804051,0.4372764583376602,19.295154185022028
455,2025,455,-0.3962864370955052,-0.27816955779126706,0.48417067559656984,19.252747252747252
456,2025,456,-0.30708169548029907,-0.3362244474541254,0.4553526619718908,19.210526315789473
457,2025,457,0.4622313238778784,0.45655146304619,0.6496899531188032,19.168490153172865
458,2025,458,0.5448667200308384,0.009893860133408481,0.544956540529154,19.12663755458515
459,2025,459,0.4595985521234859,-0.17517863197206435,0.49185199218220976,19.084967320261438
460,2025,460,0.5218807840110319,-0.1566908127866104,0.544895919907369,19.043478260869566
461,2025,461,0.3681335994607304,-0.3584988936794526,0.5138519279143603,19.002169197396963
462,2025,462,-0.14491608815850782,0.016802608711426886,0.14588694344139824,18.961038961038962
463,2025,463,-0.09794352329081978,-0.16713774431664466,0.1937213445386838,18.920086393088553
464,2025,464,0.7504338354434832,0.22542512455692967,0.7835607367396124,18.879310344827587
465,2025,465,0.3701633889433889,0.6008904597160638,0.7057551126926656,18.838709677419356
466,2025,466,-0.11527759475303023,0.47936516368230925,0.49303132152451634,18.798283261802574
467,2025,467,0.5878828076298316,-0.45135597772421426,0.7411669273072801,18.758029978586723
468,2025,468,0.9522854975557823,-0.0933845060064421,0.9568533507372647,18.71794871794872
469,2025,469,0.17580621666111443,0.6042005781593375,0.6292584242302779,18.678038379530918
470,2025,470,0.11787727906589031,0.4058258836213782,0.42259874672915226,18.638297872340427
471,2025,471,0.08165318257090158,-0.4974841612895732,0.5041405884849454,18.598726114649683
472,2025,472,-0.10805691671809486,0.3944912432472581,0.4090227845113138,18.559322033898304
473,2025,473,0.5913001323714171,0.6001440680688298,0.8425014830732701,18.520084566596193
474,2025,474,0.35237511721194476,-0.22149666103890606,0.41620787364190487,18.481012658227847
475,2025,475,0.04031957876946735,0.05905698725932011,0.0715080147696381,18.442105263157895
476,2025,476,0.6303199605595101,0.23823264155227067,0.6738382923081139,18.403361344537814
477,2025,477,-0.31475072336477816,-0.10578310315416749,0.3320513255079346,18.364779874213838
478,2025,478,-0.42482575487955265,0.14305751650603563,0.44826596462129087,18.326359832635983
479,2025,479,0.3334541042430714,0.32544728849199805,0.4659480413343777,18.288100208768267
480,2025,480,-0.07027199580511707,0.5627049974419501,0.5670758922230599,18.25
481,2025,481,-0.2987243275764714,0.3623790408123238,0.4696326150365569,18.212058212058214
482,2025,482,0.3731477800440122,-0.12954797604123108,0.3949961314344153,18.17427385892116
483,2025,483,0.2051872804859805,0.001944869919077895,0.2051964975145399,18.13664596273292
484,2025,484,-0.04493321482200699,0.25010280655642936,0.25410707908604857,18.09917355371901
485,2025,485,0.0935721167291821,0.10116270998464437,0.13780288429716173,18.061855670103093
486,2025,486,-0.588701950763679,-0.261728330120896,0.644260588287716,18.02469135802469
487,2025,487,0.491133728514795,-0.025542532038723097,0.49179747887498726,17.987679671457904
488,2025,488,0.3284332151426356,0.6594705163222766,0.7367290809431231,17.950819672131146
489,2025,489,-0.14081848529376081,-0.16845521651969056,0.21956093863236456,17.914110429447852
490,2025,490,0.3844686194952816,-0.3577629680891601,0.5251765995477835,17.877551020408163
491,2025,491,-0.14688566111084675,-0.004143858030685347,0.1469441016146922,17.841140529531568
492,2025,492,0.3213773796583475,-0.13603510141781947,0.34898276314715326,17.804878048780488
493,2025,493,0.051947282058976425,-4.87965087963816e-05,0.05194730497739151,17.768762677484787
494,2025,494,0.20931961018947692,-0.04913414545544495,0.21500898460183332,17.732793522267208
495,2025,495,0.22859657189061958,0.3225815719356928,0.3953672510877017,17.696969696969695
496,2025,496,-0.4716096113750894,-0.05941406303844537,0.4753374132425295,17.661290322580644
497,2025,497,0.4565196507504562,-0.12300684475985618,0.47280109494278233,17.62575452716298
498,2025,498,0.5236416805108881,0.4034819850349989,0.661058485926964,17.59036144578313
499,2025,499,-0.29367081841419146,-0.11678086194546154,0.3160384775700357,17.55511022044088
500,2025,500,0.21789252985972438,0.16596777194750104,0.27390227434960923,17.52
501,2025,501,-0.02025576753934818,0.2867157506678893,0.28743037035021085,17.48502994011976
502,2025,502,0.19298702799576659,-0.04068989287085751,0.19722996820077993,17.45019920318725
503,2025,503,0.341398150256926,0.1695870578433359,0.38119872400994415,17.415506958250496
504,2025,504,-0.03227229880394158,-0.08736163137672583,0.09313192743035986,17.38095238095238
505,2025,505,0.0856835947362074,0.15834653534385348,0.1800425051545353,17.346534653465348
506,2025,506,-0.03784624429093922,0.1789090994499807,0.18286826972696094,17.31225296442688
507,2025,507,0.08208891518727619,-0.4220446183495578,0.4299537764393374,17.27810650887574
508,2025,508,0.014786496939558058,0.389697796783668,0.38997822158396045,17.244094488188978
509,2025,509,-0.07013356937997937,0.01527145791491856,0.07177698085614573,17.210216110019648
510,2025,510,0.06343090762480676,-0.24489882033493196,0.2529800629368806,17.176470588235293
511,2025,511,-0.20720229547591662,-0.008989260425643505,0.20739719875998588,17.142857142857142
512,2025,512,-0.011889266351810857,0.08815983508265444,0.08895791800725292,17.109375
513,2025,513,-0.1322252899048801,0.03773276336222773,0.137503777116774,17.076023391812864
514,2025,514,-0.19332689675934495,-0.09406275254089452,0.21499555908475873,17.042801556420233
515,2025,515,0.07037368481122225,0.07005306463246899,0.0992969656047461,17.009708737864077
516,2025,516,-0.17645534602316187,0.07342645855531561,0.19112282426787564,16.976744186046513
517,2025,517,0.14944851218565874,0.236529843346648,0.2797878206571845,16.943907156673113
518,2025,518,0.4058638856909353,-0.35279245899974615,0.5377620410880933,16.91119691119691
519,2025,519,-0.047592205163269195,-0.39256427873705557,0.3954386563458957,16.878612716763005
520,2025,520,-0.44289172446914904,0.2762461780166679,0.5219818296378459,16.846153846153847
521,2025,521,0.7849493230166862,-0.31772119539571686,0.8468129650094153,16.813819577735124
522,2025,522,0.2726941913266029,-0.15524206087841727,0.3137869013344058,16.7816091954023
523,2025,523,-0.3054055548278999,-0.1317482439409989,0.3326111133159479,16.749521988527725
524,2025,524,0.44721322540174263,-0.046858725603507706,0.4496614383504713,16.717557251908396
525,2025,525,0.09148567882259688,-0.4664233494466347,0.4753108144558136,16.685714285714287
526,2025,526,0.49745748728545336,-0.43285517286482045,0.6594145527148992,16.653992395437264
527,2025,527,0.06476283608481273,0.18524921511119036,0.19624346266069706,16.622390891840606
528,2025,528,-0.10217246919546773,0.0459663034939312,0.11203621967201051,16.59090909090909
529,2025,529,0.3878287042018916,-0.0399107039272065,0.3898768627283279,16.559546313799622
530,2025,530,0.08362885888465928,-0.1199211831790532,0.14620149183033082,16.528301886792452
531,2025,531,0.21027462538592073,-0.025709448089007304,0.21184049141330524,16.497175141242938
532,2025,532,0.45381961847168445,0.3460771439637499,0.5707202779680176,16.466165413533833
533,2025,533,0.2554922363743665,0.14569193920657847,0.29411294428730694,16.435272045028142
534,2025,534,0.4450005490547845,0.24078016349974285,0.5059649946330502,16.40449438202247
535,2025,535,0.07737029620597514,-0.10895117636987228,0.1336282962825589,16.373831775700936
536,2025,536,-0.2032856572395829,-0.13375719734400005,0.2433434738813658,16.34328358208955
537,2025,537,0.698157800673231,0.19192573401547455,0.7240578720090416,16.312849162011172
538,2025,538,-0.008215336522955754,0.05008246922309484,0.05075180270362475,16.28252788104089
539,2025,539,-0.2623368416965944,0.37202463570572075,0.4552174733941111,16.25231910946197
540,2025,540,0.4830572840081988,0.31445609571651284,0.5763913390801864,16.22222222222222
541,2025,541,0.19121940266180648,0.005059858257534368,0.19128633542395135,16.192236598890943
542,2025,542,0.035205897191302654,-0.26894125536061414,0.2712357904701878,16.162361623616235
543,2025,543,0.2506603426334088,-0.07293901499723414,0.26105690429074013,16.132596685082873
544,2025,544,-0.34873378455885595,0.3222524971224812,0.47482831043906526,16.102941176470587
545,2025,545,0.0828327482170819,0.2598698093040895,0.2727518688569124,16.073394495412845
546,2025,546,-0.18057066315136328,0.3105731043587209,0.35925119003551825,16.043956043956044
547,2025,547,0.26715011492753177,0.029206346072095497,0.26874187347095063,16.014625228519197
548,2025,548,0.6678005797008556,0.30812790163742154,0.7354593245151491,15.985401459854014
549,2025,549,-0.29933052184419295,-0.260844349627895,0.39703719730060105,15.956284153005464
550,2025,550,0.3185381597856639,-0.4494409107132567,0.55087538650987,15.927272727272728
551,2025,551,-0.022185671499305986,0.4067430459477881,0.40734765182428584,15.8983666061706
552,2025,552,-0.4338932979376359,0.2151469240619532,0.4843052683262056,15.869565217391305
553,2025,553,0.4283571786208557,0.3913944882542941,0.5802409136831532,15.840867992766727
554,2025,554,0.1622194746993636,-0.40314543340427766,0.43455885498567437,15.812274368231048
555,2025,555,0.15881965295400516,-0.014973740259860265,0.15952396391075668,15.783783783783784
556,2025,556,0.28303338438201714,0.5626091136634023,0.6297911649522068,15.755395683453237
557,2025,557,0.18764829962364993,-0.24359971123021656,0.30749423354445526,15.727109515260324
558,2025,558,0.19736044953995485,0.1038581062128912,0.2230194011038978,15.698924731182796
559,2025,559,0.13074432643547537,0.33935986596811896,0.36367457640721296,15.670840787119857
560,2025,560,0.053021724847627044,-0.22704195651185463,0.2331509239152793,15.642857142857142
561,2025,561,0.3904982887307402,0.16519120547511326,0.42400123569154563,15.614973262032086
562,2025,562,0.47635165073362157,0.5336705551259425,0.7153426847078803,15.587188612099645
563,2025,563,0.010726600064503327,0.35055353357017816,0.35071760698242943,15.559502664298401
564,2025,564,0.3780407011929033,-0.19471325360692632,0.42523878337778315,15.53191489361702
565,2025,565,0.24612728055846858,0.1059946398849776,0.2679804133130875,15.504424778761061
566,2025,566,0.007172704636959741,0.2379337174122833,0.238041806356441,15.477031802120141
567,2025,567,0.3478185285510954,0.08390477200944546,0.3577956673429769,15.44973544973545
568,2025,568,-0.3626046734228244,0.12970382428257526,0.3851041822956462,15.422535211267606
569,2025,569,-0.09488684764905098,0.42066772935238306,0.43123642283005736,15.39543057996485
570,2025,570,0.148499278883469,0.3287942240445344,0.3607737207640792,15.368421052631579
571,2025,571,0.14985077049199863,0.17577147736579488,0.23097806318436342,15.341506129597198
572,2025,572,0.05854769939147169,0.11494373011630975,0.1289957138709856,15.314685314685315
573,2025,573,-0.44480484636274276,-0.2328461926629087,0.5020644388775166,15.287958115183246
574,2025,574,-0.2573817515532677,0.3937018952096749,0.47036852395150536,15.261324041811847
575,2025,575,-0.2172301092711559,0.4531065996997422,0.5024883193323212,15.234782608695653
576,2025,576,0.11139463658554295,0.21494845853995553,0.24209833722834234,15.208333333333334
577,2025,577,-0.3911050495405234,0.4824865815566527,0.6210929569382668,15.181975736568457
578,2025,578,-0.2599357081601543,0.038410788936990375,0.26275837014923603,15.155709342560554
579,2025,579,0.5129022786035379,0.052547202156908716,0.5155870012434567,15.129533678756477
580,2025,580,-0.10186469197345789,0.17473914208935956,0.20226265905740695,15.10344827586207
581,2025,581,-0.4609852820175226,-0.0020875959215286397,0.4609900088868591,15.077452667814114
582,2025,582,-0.07977789202236273,0.33476246805193455,0.3441372140175402,15.051546391752577
583,2025,583,0.1941762946522391,0.216459103909127,0.29079026302477085,15.025728987993139
584,2025,584,0.16301164134082288,-0.1789983379460869,0.24210163196494694,15.0
585,2025,585,-0.2121364110311026,-0.09831434288077132,0.2338109640312763,14.974358974358974
586,2025,586,-0.0918987529445056,0.15804435510039808,0.18282067435565377,14.948805460750853
587,2025,587,0.03374617053186324,0.134311293353829,0.1384858387992935,14.923339011925043
588,2025,588,0.06007745836935643,0.09335542421761843,0.11101592784359032,14.89795918367347
589,2025,589,-0.055773057457557604,-0.2523747794589162,0.2584640463296599,14.872665534804753
590,2025,590,0.4505061890604021,-0.20856148417610165,0.4964410529594274,14.847457627118644
591,2025,591,-0.1057136045788758,0.43495502559614757,0.44761729243227893,14.82233502538071
592,2025,592,-0.27007138282999416,-0.21049219463441485,0.34241132549277287,14.797297297297296
593,2025,593,0.0850021925370486,-0.036772892592823056,0.09261543265433025,14.772344013490725
594,2025,594,0.1861713750202481,0.33106708178152305,0.37982258163024424,14.747474747474747
595,2025,595,0.40555947999139824,0.26756175549968936,0.4858680734695056,14.722689075630251
596,2025,596,0.06062605845176166,0.07209948042622424,0.09420113609255418,14.697986577181208
597,2025,597,0.23329928421433768,0.05249496085482873,0.2391323418738509,14.673366834170855
598,2025,598,0.1159153702787381,0.09587069780287871,0.1504246115636263,14.648829431438127
599,2025,599,-0.22096485091616672,-0.4625772066165845,0.5126432847717857,14.624373956594324
600,2025,600,0.45329290858102816,0.6013625732646555,0.7530679952655912,14.6
601,2025,601,-0.007068711015526881,0.2704701605171747,0.27056251478282667,14.575707154742096
602,2025,602,-0.11538946146338866,0.02465176222216353,0.11799337776955512,14.551495016611296
603,2025,603,0.07164937579768237,0.15461547022510375,0.17041002518962156,14.527363184079602
604,2025,604,-0.027537686457986744,-0.3585713078783857,0.3596271777953864,14.503311258278146
605,2025,605,-0.23299930432502813,0.07828360660701815,0.2457986958455017,14.479338842975206
606,2025,606,-0.04080031381322938,0.5145784962471203,0.5161934660640384,14.455445544554456
607,2025,607,-0.055826667031834636,0.14600989642127327,0.15631860607373096,14.43163097199341
608,2025,608,-0.10074377285495584,0.1654677097075908,0.1937236968595388,14.407894736842104
609,2025,609,0.270677321633835,-0.02429855274887365,0.27176576699900296,14.38423645320197
610,2025,610,-0.0804211611349526,0.13843878743911328,0.16010265777277402,14.360655737704919
611,2025,611,-0.27100542720273374,-0.06153126372784431,0.2779029290764704,14.337152209492634
612,2025,612,0.16672942683347006,-0.038230478155603674,0.17105633935117265,14.313725490196079
613,2025,613,0.08356406756701742,0.1293901339024859,0.15402843938587538,14.290375203915172
614,2025,614,-0.0038894310849265845,-0.09376016161361912,0.09384079912264372,14.267100977198696
615,2025,615,0.4215789649610595,-0.21328432207766101,0.4724606076084711,14.24390243902439
616,2025,616,-0.06963025218863095,0.10764734487808167,0.12820422332806747,14.220779220779221
617,2025,617,-0.2875170415527784,-0.4780650703909567,0.557864016325818,14.19773095623987
618,2025,618,0.260170252541711,0.07848310097441653,0.2717501746939239,14.174757281553399
619,2025,619,0.048724162007562716,0.2815043020966677,0.2856898949250239,14.151857835218093
620,2025,620,0.22180765219294268,0.06437515761915215,0.2309605929370552,14.129032258064516
621,2025,621,0.1695151089339798,-0.030607360792441043,0.1722561542923146,14.106280193236715
622,2025,622,0.11675233543388122,-0.035240185408539286,0.12195482154016603,14.083601286173634
623,2025,623,0.19790871598856538,-0.2963898872974863,0.35639139321321894,14.06099518459069
624,2025,624,0.37149565283329644,-0.06771157189046774,0.3776160444709879,14.038461538461538
625,2025,625,0.24997922090825356,0.41587564237954927,0.485223825476965,14.016
626,2025,626,0.006755221420427176,0.3167052760292735,0.3167773111843986,13.993610223642172
627,2025,627,0.22140100579519476,0.13484963759802224,0.2592350866056557,13.971291866028707
628,2025,628,0.5382557188828968,-0.14776517419349908,0.5581700149726597,13.949044585987261
629,2025,629,0.5156460816819606,-0.27986152389282604,0.586696986620499,13.926868044515103
630,2025,630,0.2597942157794473,0.3536946134389684,0.4388540920718403,13.904761904761905
631,2025,631,-0.1470013289818049,0.49173911796448916,0.5132414157673859,13.882725832012678
632,2025,632,0.039741261259894745,-0.42177331126112966,0.42364146862495056,13.860759493670885
633,2025,633,0.5102278625167975,0.22581154196273273,0.5579635509350472,13.838862559241706
634,2025,634,-0.24218098112460887,0.4509495460285324,0.5118663113370693,13.817034700315457
635,2025,635,-0.13131234839200634,0.11024794989305849,0.17145711795036678,13.795275590551181
636,2025,636,0.23080803180606477,0.2852698535431742,0.3669485480101174,13.773584905660377
637,2025,637,0.007904486023528648,0.3987083709142568,0.3987867173520161,13.751962323390895
638,2025,638,-0.027176050605442068,0.34468543708338434,0.34575509868094967,13.730407523510971
639,2025,639,0.06144337148181399,-0.07574362633090226,0.09753145558642884,13.708920187793428
640,2025,640,0.2744422407048028,0.19647460746848305,0.3375215768850451,13.6875
641,2025,641,0.1397484848193579,0.4174609715980958,0.4402309641732763,13.666146645865835
642,2025,642,-0.5225019669570226,0.17297356487042073,0.550389098382171,13.644859813084112
643,2025,643,-0.2072132684247869,0.12926347371183275,0.244226092478532,13.623639191290824
644,2025,644,0.6359966843276457,0.3369418825126489,0.7197371844409087,13.602484472049689
645,2025,645,0.6128189361551287,0.49921022122525405,0.790416278606451,13.581395348837209
646,2025,646,-0.08352426470933218,-0.5481148141103,0.5544421991897833,13.560371517027864
647,2025,647,-0.15370646985858488,-0.8750909879259553,0.8884874315518552,13.539412673879443
648,2025,648,-0.046408846780127376,0.3889614358039838,0.3917202823471845,13.518518518518519
649,2025,649,-0.13406007327738242,0.42423898120373416,0.4449166398550625,13.49768875192604
650,2025,650,-0.49110152318944517,-0.18270038738405633,0.5239848639314665,13.476923076923077
651,2025,651,0.09839195382417683,0.5846844351395738,0.5929054437866307,13.456221198156681
652,2025,652,0.4005120913234022,0.35865156416732197,0.5376252224141944,13.43558282208589
653,2025,653,0.4997411563042745,-0.2686426290971476,0.5673712060658004,13.415007656967841
654,2025,654,0.09090021816883526,-0.34603156435605265,0.3577718451664955,13.394495412844037
655,2025,655,-0.2812405870981867,0.015332410142647083,0.2816582159854654,13.374045801526718
656,2025,656,-0.7609169580096414,0.6151303386082916,0.9784579451683132,13.353658536585366
657,2025,657,0.23992671298425386,0.15533824807362615,0.2858230202730563,13.333333333333334
658,2025,658,0.7659246250960536,0.5233579813893179,0.9276551665421974,13.31306990881459
659,2025,659,0.1211188280545961,0.4150871203744449,0.4323969102688729,13.292867981790591
660,2025,660,0.4837801821568389,-0.22167748206000315,0.5321505150802424,13.272727272727273
661,2025,661,0.03367715587680206,0.12965698640827786,0.1339592660192895,13.252647503782148
662,2025,662,-0.3337882739396442,-0.05529889965319357,0.3383379673085197,13.23262839879154
663,2025,663,0.33300792746327046,0.29996572122403137,0.44818937254561947,13.212669683257918
664,2025,664,-0.11766868951557004,0.22834142691768924,0.2568768727213839,13.19277108433735
665,2025,665,0.1990468126924274,0.40033100572140085,0.44708449736590344,13.172932330827068
666,2025,666,-0.2243028326133686,0.6006636445161418,0.6411774906855315,13.153153153153154
667,2025,667,0.058956106625755074,-0.4855462951414358,0.4891124893457963,13.13343328335832
668,2025,668,0.40111599664173386,0.3322723661119818,0.5208636751046729,13.113772455089821
669,2025,669,-0.6504208271555569,0.6006964878637719,0.8853719686829878,13.094170403587444
670,2025,670,-0.018188082567950563,-0.05974552473620007,0.062452654655366584,13.074626865671641
671,2025,671,-0.1572235182717497,0.3303020159271418,0.3658123240451052,13.055141579731744
672,2025,672,-0.09977427065564655,0.3339043246925487,0.34849247213283274,13.035714285714286
673,2025,673,0.08542284375400236,0.03130034111979253,0.09097677499909565,13.016344725111441
674,2025,674,-0.4987849400149212,-0.2557128504337794,0.5605135843694218,12.997032640949556
675,2025,675,0.1343234341049313,0.9232758578857984,0.9329957634976156,12.977777777777778
676,2025,676,0.19443919103643803,0.45323991559582677,0.4931865976486147,12.958579881656805
677,2025,677,0.07324091360479222,-0.9912564604648327,0.9939585513686842,12.939438700147711
678,2025,678,-0.3790200480738781,-0.24970666376807976,0.4538828205298254,12.920353982300885
679,2025,679,-0.00010202862849292328,0.22609819932263936,0.22609822234325724,12.901325478645067
680,2025,680,-0.36364594454616433,0.1822724383439127,0.40676973186891313,12.882352941176471
681,2025,681,-0.4365353037986356,-0.2036234460457088,0.4816903354252572,12.863436123348018
682,2025,682,0.4841096167996878,0.13588998790639278,0.5028202560469697,12.84457478005865
683,2025,683,0.3682894079884864,0.5933595453821775,0.698364258916974,12.825768667642752
684,2025,684,0.20799071573353053,-0.35681470770565454,0.413009531931671,12.807017543859649
685,2025,685,0.07819313484579017,-0.490695477188133,0.49688652393670474,12.788321167883211
686,2025,686,-0.22019246758755884,-0.14365422669443478,0.26290922317308346,12.769679300291545
687,2025,687,-0.2105927607127769,-0.08223566186998191,0.22607966504713092,12.751091703056769
688,2025,688,0.11207461599803971,0.2642439968070462,0.28702893477778557,12.732558139534884
689,2025,689,0.020250893998093034,0.4834072309846352,0.4838312202369277,12.714078374455733
690,2025,690,0.056694703092040596,0.1359903331455359,0.147335196296501,12.695652173913043
691,2025,691,0.23689657666227767,-0.24782342184963999,0.3428358739274101,12.677279305354558
692,2025,692,0.298918022949568,-0.083487796548688,0.31035817472177785,12.658959537572255
693,2025,693,0.12469181528750974,0.042065415069400085,0.13159615474874392,12.64069264069264
694,2025,694,-0.3467201013103792,0.194603371296739,0.3975994225005063,12.622478386167147
695,2025,695,-0.304238508818778,0.1587452998716318,0.3431634311514092,12.60431654676259
696,2025,696,0.010695763757964431,0.03822273018367574,0.03969101239651442,12.586206896551724
697,2025,697,0.04638634577605809,0.3524274686911257,0.35546703611233826,12.568149210903874
698,2025,698,0.37746360369034426,0.15468144618142618,0.4079278390888255,12.550143266475645
699,2025,699,0.06843677216913253,-0.02600211604311339,0.07320998445327856,12.532188841201716
700,2025,700,-0.7085680150925884,0.34184864859116926,0.7867204907436054,12.514285714285714
701,2025,701,0.036442418953529274,0.11308803124896503,0.1188147832172051,12.496433666191155
702,2025,702,0.1365891183201394,-0.020730544906326434,0.13815333052657924,12.478632478632479
703,2025,703,-0.1468557458833661,0.4256014164494774,0.45022569427206316,12.460881934566146
704,2025,704,-0.17691332316770061,0.43141288484973855,0.4662782443226502,12.443181818181818
705,2025,705,0.1312857557465769,0.4027778673194584,0.4236342290990674,12.425531914893616
706,2025,706,-0.15945481117561477,0.2501602343725474,0.2966580180416144,12.407932011331445
707,2025,707,0.08954248164577029,-0.6813249102848566,0.6871837377251815,12.390381895332391
708,2025,708,0.10213928565517154,-0.10147414023766854,0.14397720240066741,12.372881355932204
709,2025,709,-0.19118591780079447,0.6262000793563591,0.6547355149609975,12.355430183356841
710,2025,710,-0.41167860079422275,-0.37543530664617936,0.5571632972732499,12.338028169014084
711,2025,711,-0.06320538739790722,-0.5765343957200169,0.5799886468236809,12.320675105485233
712,2025,712,0.21292453992772248,0.4018804456556413,0.45480188247610537,12.303370786516854
713,2025,713,-0.20107319050581582,0.5314688417414235,0.5682337174808957,12.286115007012622
714,2025,714,-0.3742166152225129,-0.4841166879018292,0.6118880964797659,12.268907563025211
715,2025,715,0.30260991105161344,-0.670338677917233,0.735477192969632,12.251748251748252
716,2025,716,0.4610610840744574,0.34758714391002815,0.5774029319802979,12.23463687150838
717,2025,717,-0.3435218523960379,0.6109124294052654,0.7008717853327017,12.217573221757322
718,2025,718,0.05582098831202376,-0.494133522581847,0.4972765034417731,12.200557103064067
719,2025,719,0.6118092337283663,0.08441335691023694,0.6176051759013567,12.183588317107093
720,2025,720,-0.04401319058245932,0.3053135541581756,0.30846965377155844,12.166666666666666
721,2025,721,0.1616127204862764,-0.09767445643294717,0.18883583045186897,12.149791955617198
722,2025,722,0.29506964991042656,-0.23018541822865438,0.37423445199949484,12.132963988919668
723,2025,723,0.690160866876059,0.41635320423011424,0.806022340161733,12.116182572614107
724,2025,724,-0.5540571843056006,-0.047123359112998434,0.5560575280083373,12.099447513812155
725,2025,725,-0.06020650904359971,-0.473656635876994,0.47746772921479036,12.082758620689654
726,2025,726,0.253259784609787,0.07998727108037913,0.2655908169261162,12.066115702479339
727,2025,727,-0.6246858005113716,-0.03828456820953728,0.6258578572835239,12.04951856946355
728,2025,728,1.3752486063920184,0.32966273719386746,1.4142087008915416,12.032967032967033
729,2025,729,0.0475436765502672,0.5122773771041397,0.5144788744667883,12.016460905349794
730,2025,730,-4.8457192388320856,-1.8980956973409493,5.204206204393868,12.0
731,2025,731,0.840010298485435,0.9922265238929943,1.300050297595583,11.98358413132695
732,2025,732,1.1870916115337293,1.422108686811912,1.8524523236185182,11.967213114754099
733,2025,733,-0.5859924757268415,-0.5264948876814507,0.7877715711823932,11.950886766712141
734,2025,734,-0.6429916833639018,1.2961192979021012,1.4468460661968778,11.934604904632153
735,2025,735,-0.36095269553803017,-0.020920656531494556,0.36155846316450496,11.918367346938776
736,2025,736,1.1961919051796979,0.0022600136883185362,1.1961940401453715,11.902173913043478
737,2025,737,-0.018270662351645577,0.5440736616780991,0.5443803508895068,11.886024423337856
738,2025,738,-0.8107808398199117,-0.8373633129311411,1.1655654799547288,11.869918699186991
739,2025,739,-0.12399443644263908,0.4890672357379657,0.504540762814168,11.85385656292287
740,2025,740,0.3174835020373618,0.5467097175024515,0.6322082641642055,11.837837837837839
741,2025,741,0.14536754087226525,-0.04703625763921509,0.152787864282319,11.821862348178138
742,2025,742,-0.27519105706701935,-0.13071869397217248,0.30465963769993226,11.805929919137466
743,2025,743,0.5918420858540405,-0.437645842092895,0.736078078527856,11.790040376850605
744,2025,744,-0.11911058792429897,0.44980816110215377,0.46531141609654636,11.774193548387096
745,2025,745,-0.9602390034101665,-0.2896237620551519,1.0029660349269705,11.758389261744966
746,2025,746,-0.16724322712952247,-0.002199109576949588,0.16725768473713987,11.742627345844504
747,2025,747,0.5045240801408921,0.702440449882729,0.8648509311282865,11.726907630522089
748,2025,748,0.42997323620940897,0.08340178429567136,0.43798726177834657,11.711229946524064
749,2025,749,-0.37038844954610073,-0.1742177903114045,0.4093158218517248,11.695594125500667
750,2025,750,0.17746627121328815,-0.017271243770301238,0.17830472029568234,11.68
751,2025,751,0.18840121887261688,0.23243969719221017,0.2992043316923972,11.66444740346205
752,2025,752,-0.20523732055404084,-0.13535670237496106,0.24585319730690083,11.648936170212766
753,2025,753,0.3330060716895676,0.5739779807341007,0.6635840309634591,11.633466135458168
754,2025,754,-0.23139012273938123,0.2284401037342618,0.3251557625130857,11.618037135278515
755,2025,755,0.4065022319377459,0.07840447387591816,0.413994355147662,11.602649006622517
756,2025,756,0.7579430045033778,-0.20707746432466495,0.785721753744123,11.587301587301587
757,2025,757,0.08823066793478729,-0.16818445196942547,0.18992277548644523,11.571994715984149
758,2025,758,-0.35561690036085825,0.5035687353132448,0.6164777781941904,11.556728232189974
759,2025,759,-0.1411726900093574,0.17205285234720244,0.22255766085508347,11.541501976284586
760,2025,760,0.6410368410290082,-0.22671182352121796,0.6799459408517458,11.526315789473685
761,2025,761,-0.0642998417833902,0.3343500115799999,0.3404767244569224,11.511169513797634
762,2025,762,-0.3268853958269461,0.08725237089222132,0.33832977733456004,11.496062992125983
763,2025,763,-0.14352759633653647,0.1067946644448865,0.17890017122417648,11.48099606815203
764,2025,764,-0.32296287382419786,0.06653349026258142,0.3297449365726573,11.465968586387435
765,2025,765,-0.28883900562306014,0.6189846616506748,0.6830592818548903,11.450980392156863
766,2025,766,0.3278546237146576,0.5084118369215953,0.6049555770575807,11.43603133159269
767,2025,767,0.33899839404674725,0.05783441808094809,0.3438963958535123,11.421121251629726
768,2025,768,-0.16409822098265256,0.03144985782170968,0.1670847679672723,11.40625
769,2025,769,-0.5913307154477639,0.35463572472431143,0.6895204944616962,11.391417425227568
770,2025,770,-0.10698371183072256,-0.31146467629009544,0.32932621999101896,11.376623376623376
771,2025,771,0.020501413946372345,0.7042636817068078,0.7045620209357216,11.361867704280156
772,2025,772,0.3351732775778697,0.16223304273349698,0.3723717042913711,11.347150259067357
773,2025,773,0.28951628761069514,0.10718590582886711,0.3087207463068096,11.332470892626132
774,2025,774,-0.2655377159120709,0.06021969634631609,0.27228053621190446,11.317829457364342
775,2025,775,-0.196954335212743,-0.47944478305700683,0.5183225927544293,11.303225806451612
776,2025,776,-0.03331726206383287,-0.4244511586941961,0.42575676866994816,11.288659793814434
777,2025,777,-0.10362333115028241,0.7060787091930474,0.7136420239408559,11.274131274131275
778,2025,778,-0.6776990506036746,0.5517958739201925,0.8739305977390144,11.259640102827763
779,2025,779,0.3620563402054316,-0.1510783477004747,0.3923129626036549,11.245186136071887
780,2025,780,0.49572666038143615,0.0012012391451886421,0.495728115793744,11.23076923076923
781,2025,781,-0.34947623119932736,0.17947202659844202,0.3928661916029904,11.21638924455826
782,2025,782,-0.2784661389452231,-0.23312313952361866,0.3631663375375103,11.202046035805626
783,2025,783,-0.15708029627347464,-0.10513853070776913,0.18901939084853459,11.187739463601533
784,2025,784,-0.20461812009385036,0.5940843192256248,0.628334905460866,11.173469387755102
785,2025,785,0.25701094677327463,0.5643576447891712,0.6201243246263408,11.159235668789808
786,2025,786,0.08403145701136429,-0.05795148175434442,0.1020767358656069,11.145038167938932
787,2025,787,0.30539454650938025,0.3233194079512371,0.4447485453552473,11.130876747141041
788,2025,788,0.1453058534708367,0.13612108413340615,0.19910484825473765,11.116751269035532
789,2025,789,-0.11497287150509405,-0.3568591130363172,0.37492290906157477,11.102661596958175
790,2025,790,-0.023760748314799608,0.09032931481921717,0.09340213207517535,11.08860759493671
791,2025,791,0.0405854472321306,0.4229071338378936,0.4248501175450162,11.074589127686473
792,2025,792,-0.16577499039287902,0.42703107079981323,0.4580795595398186,11.06060606060606
793,2025,793,-0.07346137164168573,-0.1725901153312684,0.18757377490880328,11.046658259773015
794,2025,794,0.03066329984774112,0.10956384514238068,0.11377378485370017,11.032745591939547
795,2025,795,-0.32094454060231703,0.15822695920808388,0.3578284068693666,11.018867924528301
796,2025,796,0.34479654097298906,0.39230705928559206,0.5222925266861925,11.00502512562814
797,2025,797,0.17540710645860585,0.3971984245774891,0.43420529877354097,10.991217063989962
798,2025,798,-0.568419388501345,-0.22746301674368624,0.6122418028935802,10.977443609022556
799,2025,799,-0.19486399034780635,-0.2134706452401263,0.28903579555741155,10.963704630788486
800,2025,800,-0.209035763215725,0.17699967517290213,0.27390661787275883,10.95
801,2025,801,0.06116800446902619,0.37470454903125444,0.379664356814593,10.936329588014981
802,2025,802,-0.13377513857488343,0.105694959172284,0.1704910909553929,10.922693266832917
803,2025,803,-0.32138603733092685,-0.24506296201005068,0.40415942441122843,10.909090909090908
804,2025,804,-0.09762270258370508,0.5019864109976324,0.5113907985934343,10.895522388059701
805,2025,805,-0.042193945144697265,-0.11966084040810969,0.12688201501414145,10.881987577639752
806,2025,806,0.03683063207157078,-0.6655816156774661,0.6665998669266426,10.868486352357321
807,2025,807,-0.11559213926241846,-0.14477993367781963,0.18526405980388155,10.855018587360595
808,2025,808,-0.41522599992203,0.34750986104065024,0.5414570477256176,10.841584158415841
809,2025,809,-0.6383688141736663,-0.05977173033236932,0.6411609802977863,10.828182941903584
810,2025,810,0.14167359723136236,-0.15073040508770602,0.20686000862993853,10.814814814814815
811,2025,811,0.6194054065104796,0.21681217414452741,0.6562549630072823,10.801479654747226
812,2025,812,-0.1271354393026273,-0.25150199696929765,0.2818096421455743,10.788177339901479
813,2025,813,-0.6172059371841614,-0.5574440028781754,0.8316772121684123,10.77490774907749
814,2025,814,-0.003455928361479646,0.0358892283970885,0.03605523756374465,10.761670761670763
815,2025,815,0.13503733311307892,0.3094193171365932,0.3376024217205325,10.748466257668712
816,2025,816,-0.4247284478429948,0.06950542951336498,0.4303780421198982,10.735294117647058
817,2025,817,-0.1270032595907188,-0.21889865097524547,0.2530739957906577,10.722154222766218
818,2025,818,0.5606025502273525,-0.07369517251814094,0.5654256783821281,10.709046454767726
819,2025,819,-0.06141180035342629,0.016847767839120738,0.06368089590929135,10.695970695970695
820,2025,820,-0.23735245785011236,0.03540556629755316,0.23997863107439338,10.682926829268293
821,2025,821,0.1203069104782457,-0.04336044684120698,0.12788229376692367,10.66991473812424
822,2025,822,0.07542949223052801,0.024049120820000488,0.07917050277957231,10.656934306569344
823,2025,823,-0.2299674425800236,0.3110717321577382,0.3868470591776705,10.643985419198057
824,2025,824,-0.14278194916528386,-0.01257466021689473,0.14333459835994958,10.631067961165048
825,2025,825,0.11305971501314603,-0.010126431710690723,0.11351230672506431,10.618181818181819
826,2025,826,0.1460436889868653,0.09696597477119846,0.17530305004825483,10.605326876513317
827,2025,827,-0.08580393824185395,0.2882275605211574,0.30072818700911513,10.592503022974608
828,2025,828,-0.42388578755953066,0.24302490426167822,0.4886105453081845,10.579710144927537
829,2025,829,0.21129762198944074,-0.09301599960875795,0.23086502819095198,10.566948130277442
830,2025,830,0.22771528987824077,0.03732968954323022,0.23075475935660608,10.55421686746988
831,2025,831,-0.1353601946148801,0.006968421477653075,0.13553944512232752,10.541516245487365
832,2025,832,-0.46883631308300205,-0.12600804436385066,0.4854745263241573,10.528846153846153
833,2025,833,-0.5031817197874292,-0.11831915736116574,0.5169054711713654,10.516206482593038
834,2025,834,0.3555619376764971,0.25187245566689825,0.43573389293000697,10.503597122302159
835,2025,835,0.20597865844473673,0.3605237174386111,0.4152162792695501,10.491017964071856
836,2025,836,-0.4872039242611169,-0.4250432960001443,0.6465519834399229,10.47846889952153
837,2025,837,0.19927917011914556,-0.2565107430119155,0.3248229501188306,10.46594982078853
838,2025,838,-0.31038841980915316,-0.10164581345753022,0.3266080870784833,10.45346062052506
839,2025,839,-0.7052805449170719,-0.15027572097182074,0.7211126398504761,10.441001191895113
840,2025,840,-0.08548918004995175,0.32778554568890644,0.33875029722228617,10.428571428571429
841,2025,841,0.04500848265188926,0.03505702892951186,0.057050493319427555,10.41617122473246
842,2025,842,0.1792878435087938,0.3592289016359667,0.4014841648192576,10.403800475059382
843,2025,843,0.15224338123957476,0.08912509837976666,0.17641238701537257,10.391459074733095
844,2025,844,0.023644977592805722,-0.5211271477859434,0.5216632909500886,10.37914691943128
845,2025,845,0.08467016730604836,0.01192693947687657,0.08550607649120205,10.366863905325443
846,2025,846,0.12635859044947315,0.11580847726413085,0.17140039902699877,10.354609929078014
847,2025,847,-0.06899550443896539,0.012228075524502615,0.07007071759173181,10.342384887839433
848,2025,848,-0.1775110134428595,0.24646015724209824,0.3037314093097894,10.330188679245284
849,2025,849,0.2928232775314549,-0.09354032217000588,0.30740081934817926,10.318021201413428
850,2025,850,0.3986686784867472,-0.18873654731074785,0.44108751909020455,10.305882352941177
851,2025,851,-0.015337512065978822,0.16220328579549648,0.16292680933237955,10.293772032902467
852,2025,852,-0.19056867572792935,-0.20008103500169555,0.2763129398635656,10.28169014084507
853,2025,853,0.11346717864296663,-0.17204033406902974,0.20608900304426303,10.269636576787807
854,2025,854,0.1288712857060975,0.39834957855960557,0.4186767189827469,10.257611241217798
855,2025,855,-0.27267579289623367,0.19985438765125868,0.33807375570287806,10.24561403508772
856,2025,856,-0.0748567536746474,-0.054862938591395,0.09280881209017824,10.233644859813085
857,2025,857,0.238831891491797,-0.09583107975246051,0.25734076288079966,10.221703617269545
858,2025,858,-0.12803139751573525,0.35251233965648254,0.37504264872134147,10.20979020979021
859,2025,859,-0.039403817536424295,0.345155047602529,0.3473969886483587,10.19790454016298
860,2025,860,0.02022323679040133,-0.12829425179285128,0.1298783829178981,10.186046511627907
861,2025,861,-0.19946122564030938,0.20880191343100293,0.2887611808854896,10.174216027874564
862,2025,862,-0.18608421092253957,0.30081217937099075,0.3537164129816276,10.162412993039442
863,2025,863,-0.18804326939075433,-0.08067772434888641,0.20461956497187336,10.15063731170336
864,2025,864,-0.15557361587209292,0.2033909585651707,0.2560684126978111,10.13888888888889
865,2025,865,0.1549385458102095,0.3036384190164927,0.3408845002058873,10.127167630057803
866,2025,866,-0.05622339739768323,0.2788218051130312,0.28443394562081886,10.115473441108545
867,2025,867,-0.2438345970593438,-0.3266351120468283,0.40760987125551396,10.103806228373703
868,2025,868,-0.2903043355626863,-0.2619563586695905,0.39102140746246095,10.09216589861751
869,2025,869,-0.44980794147980196,0.14238524790906873,0.47180583192710107,10.080552359033371
870,2025,870,-0.058604167370831836,0.03650584153189416,0.06904436906207659,10.068965517241379
871,2025,871,0.012355474096074282,0.14653117024933696,0.1470511529869077,10.05740528128588
872,2025,872,-0.44085492564387313,0.03034631825853033,0.44189813814533424,10.045871559633028
873,2025,873,-0.25768866410397057,-0.06782673476993685,0.2664655954475931,10.034364261168385
874,2025,874,-0.15023560959368523,-0.08296500300932205,0.17162147334853825,10.022883295194507
875,2025,875,0.10628356255598766,-0.0202431587294726,0.10819418258362676,10.01142857142857
876,2025,876,-0.05533812380981391,0.11524517709222981,0.12784271113289838,10.0
877,2025,877,-0.22544464599333944,0.07977791030093032,0.23914389680492668,9.988597491448118
878,2025,878,-0.02341464476484164,0.2180851217389449,0.21933847339979856,9.977220956719817
879,2025,879,0.1437570498988044,0.08540485229257715,0.16721267353500527,9.965870307167236
880,2025,880,-0.02289293319226436,-0.16842240535683672,0.16997115348296046,9.954545454545455
881,2025,881,0.01980588181420706,0.09198685606661809,0.09409492357964404,9.943246311010215
882,2025,882,0.18511088296365127,-0.12234960653585729,0.22189066048633432,9.931972789115646
883,2025,883,-0.07753704267162101,0.021575007098432457,0.08048275540485793,9.920724801812005
884,2025,884,-0.2071981383835652,0.3970603016715924,0.447870463095247,9.90950226244344
885,2025,885,0.1924017825245178,-0.1417338183327649,0.2389705445819569,9.898305084745763
886,2025,886,0.02929643354999854,-0.5292726408837649,0.5300828325901756,9.887133182844243
887,2025,887,-0.34578065244370454,0.19577122913988296,0.39735454415840593,9.875986471251409
888,2025,888,-0.08346437157822999,0.3115534586952928,0.32253970135155197,9.864864864864865
889,2025,889,-0.03836416376032296,-0.06726957117679312,0.0774403271386331,9.853768278965129
890,2025,890,-0.4615093758362685,0.22762711884453102,0.5145920804076218,9.842696629213483
891,2025,891,0.1717868530383225,-0.10841226416196005,0.20313527979534432,9.831649831649832
892,2025,892,-0.12743236341348665,0.14150678879314868,0.19042893298996275,9.820627802690582
893,2025,893,-0.43049302282324714,0.11841077379531395,0.4464810791627141,9.80963045912654
894,2025,894,0.2603903755548044,0.11555954566743629,0.2848809510592738,9.798657718120806
895,2025,895,-0.08703650357810638,0.23420864574893013,0.249858045094909,9.787709497206704
896,2025,896,-0.2670058808805309,-0.0699324694247066,0.27601212057557506,9.776785714285714
897,2025,897,-0.08999665713930327,-0.157679983437419,0.18155543360933607,9.765886287625419
898,2025,898,-0.40566880742656974,0.04403430720109819,0.40805171428334425,9.755011135857462
899,2025,899,-0.10075959947057282,0.16291385914269466,0.19155527240521472,9.744160177975528
900,2025,900,0.04740778223967453,0.04358124287157714,0.06439582709396466,9.733333333333333
901,2025,901,-0.14353791835565385,0.023763850366258995,0.14549176811800832,9.72253052164262
902,2025,902,-0.20661659301608676,-0.23002279785714247,0.3091939586143349,9.711751662971174
903,2025,903,-0.1963684105721173,-0.08686411269097867,0.2147229068921401,9.700996677740864
904,2025,904,-0.09115889727817528,0.06545789983907198,0.11222602730345083,9.690265486725664
905,2025,905,-0.15237537580975133,-0.20940738322367358,0.25897819850664927,9.679558011049723
906,2025,906,-0.16092460100415218,-0.04392239951257761,0.1668109840127084,9.668874172185431
907,2025,907,-0.08103123678088642,0.1404911935316674,0.1621845763141258,9.658213891951489
908,2025,908,0.07770817653513182,0.05912085727162848,0.0976413665663661,9.647577092511014
909,2025,909,0.28745057539091334,-0.011926394444606622,0.2876978835115328,9.636963696369637
910,2025,910,-0.04387737397224702,-0.6386160722044425,0.640121638147415,9.626373626373626
911,2025,911,0.08913078039584643,-0.04967551465193144,0.10203897671922656,9.615806805708013
912,2025,912,-0.18487859426281414,0.23084456534710732,0.295752105600094,9.605263157894736
913,2025,913,-0.12493773530864198,-0.20599434834902738,0.24092137567221536,9.594742606790799
914,2025,914,-0.059368937290866224,0.19646857823778327,0.20524271716634132,9.584245076586432
915,2025,915,0.24593521938040816,0.022113967789360825,0.24692743813330745,9.573770491803279
916,2025,916,0.3003527250241104,0.12521268409559874,0.3254073995591266,9.563318777292576
917,2025,917,-0.15192949960410917,0.07297366563438695,0.16854592467951968,9.55288985823337
918,2025,918,0.2420874776206993,-0.4468584360230646,0.5082212202040878,9.542483660130719
919,2025,919,-0.16974818452526405,0.2258489263771648,0.28252819982320543,9.532100108813928
920,2025,920,-0.3215018975931553,0.33924388791077353,0.46738622748302844,9.521739130434783
921,2025,921,0.2835203803873498,-0.19148548776199212,0.3421264358660926,9.511400651465799
922,2025,922,-0.08745638179661087,0.11304049947702949,0.14292226292278917,9.501084598698482
923,2025,923,-0.394632492885335,0.5307093923486775,0.6613526015432286,9.490790899241604
924,2025,924,0.29174433592880294,-0.02978510844900759,0.2932608228725026,9.480519480519481
925,2025,925,0.12669613127210513,-0.047488735590586605,0.13530369428552624,9.47027027027027
926,2025,926,-0.1449000408395621,-0.08927082979670037,0.17019195894018674,9.460043196544277
927,2025,927,-0.14653195619365542,-0.242050780493422,0.28294910235484777,9.449838187702266
928,2025,928,-0.3168443205500421,0.13083738869923758,0.3427954867649999,9.439655172413794
929,2025,929,-0.2401803832691622,0.241141703851669,0.340346790558994,9.429494079655544
930,2025,930,-0.10078488352948495,0.14176682867102938,0.1739408705839224,9.419354838709678
931,2025,931,-0.0650452890165694,-0.1280597575494771,0.1436321382103598,9.40923737916219
932,2025,932,0.07820782884796483,-0.03505581429097346,0.0857051609222909,9.399141630901287
933,2025,933,-0.0008349398218305828,0.3452349235645868,0.34523593320098095,9.389067524115756
934,2025,934,-0.2915204193926518,-0.3772489996009389,0.47676090718805453,9.379014989293362
935,2025,935,-0.39304813400318156,-0.3125624103352686,0.5021773551226457,9.368983957219251
936,2025,936,-0.1307783364885345,0.3089578323244719,0.3354965207708492,9.35897435897436
937,2025,937,-0.297369565665474,0.3633754800696176,0.46954275428324704,9.34898612593383
938,2025,938,-0.32764686956196204,0.015144106749223242,0.3279966693473963,9.339019189765459
939,2025,939,0.5599833462476608,0.10105357110855923,0.5690282702190816,9.329073482428115
940,2025,940,0.34732253811617664,0.12932622247574668,0.3706186952965396,9.319148936170214
941,2025,941,-0.2825709269688548,-0.4097063786698607,0.4977003571334957,9.309245483528162
942,2025,942,-0.12160326197005808,-0.07721550691679463,0.14404717223943042,9.299363057324841
943,2025,943,0.03144458348262819,0.039435100492012674,0.05043698029433475,9.289501590668081
944,2025,944,0.07050643364029578,-0.041945169544203194,0.08203995631864625,9.279661016949152
945,2025,945,0.11105187361315916,0.1044373875473221,0.15244568393596003,9.26984126984127
946,2025,946,0.09697759409607282,0.04778528384751717,0.10811145688154629,9.260042283298096
947,2025,947,-0.028521869588740468,-0.057607270332440695,0.06428137086273146,9.25026399155227
948,2025,948,0.05028299767128638,0.060692282355896715,0.07881581689215994,9.240506329113924
949,2025,949,-0.03447522755164396,-0.2510542191122451,0.2534102646871212,9.23076923076923
950,2025,950,0.0345421724078762,-0.0755248439229465,0.08304916450055878,9.221052631578948
951,2025,951,-0.09781443693778355,0.21697291492437565,0.23800191151382796,9.211356466876971
952,2025,952,-0.2749339410590231,0.27335793646752693,0.38770250628030617,9.201680672268907
953,2025,953,-0.13673109944072476,0.20398477071042026,0.24557113070565134,9.19202518363064
954,2025,954,-0.1757720080527181,0.20913373516553427,0.2731898936622155,9.182389937106919
955,2025,955,0.10007895220890418,-0.22919847089190742,0.2500954532461969,9.172774869109947
956,2025,956,0.33661691654609444,0.1319395899496233,0.36155083169739083,9.163179916317992
957,2025,957,-0.44421307743507915,0.37113371571768067,0.5788484198015538,9.153605015673982
958,2025,958,-0.23327288822224965,-0.2167630355967342,0.31843751974392287,9.144050104384133
959,2025,959,-0.042502500260620656,-0.17489832686584014,0.17998857538431243,9.13451511991658
960,2025,960,-0.2757257032708508,0.12864482598257498,0.30426001166155936,9.125
961,2025,961,0.009374745094618012,0.02751485636747798,0.029068078135852188,9.115504682622268
962,2025,962,-0.03267594186130379,-0.0486663320680278,0.05861850436064414,9.106029106029107
963,2025,963,-0.2057055582057699,-0.19182295123535179,0.2812664596026116,9.096573208722742
964,2025,964,-0.3716703074672742,0.17142761763653616,0.40929970136973787,9.08713692946058
965,2025,965,-0.05881671724481668,-0.3104824122236158,0.31600432675463797,9.077720207253886
966,2025,966,-0.14788160870073688,-0.3318451305487193,0.36330450156970856,9.06832298136646
967,2025,967,-0.34854164474684024,0.09667764820763194,0.3617013212386585,9.05894519131334
968,2025,968,0.01050536900399444,0.05373161097727703,0.05474896159858673,9.049586776859504
969,2025,969,-0.11581691053298408,0.025378229922503406,0.11856479797732836,9.040247678018575
970,2025,970,-0.3058888765240713,-0.2761090440539903,0.4120730626837514,9.030927835051546
971,2025,971,0.3063047056780692,-0.26434870400528304,0.40460203908260445,9.0216271884655
972,2025,972,-0.27056706359346094,0.13972393131187572,0.3045148812173778,9.012345679012345
973,2025,973,0.05814230410991983,-0.18390785496201162,0.19287982435687437,9.003083247687565
974,2025,974,0.3115207500303649,-0.3421362415839762,0.4627119898000159,8.993839835728952
975,2025,975,0.06689605509076312,-0.20817199719918825,0.21865649454019254,8.984615384615385
976,2025,976,-0.20757106323325408,-0.06802849837143594,0.2184344818989347,8.975409836065573
977,2025,977,-0.41554005184403375,-0.09603977931669981,0.42649404907658756,8.966223132036847
978,2025,978,0.051567958273784756,-0.17532263814730772,0.1827492319202973,8.957055214723926
979,2025,979,0.3552796198355152,0.15951976156765146,0.389448536524492,8.947906026557712
980,2025,980,-0.06047463876258268,-0.14332177872824078,0.15555807337226724,8.938775510204081
981,2025,981,0.11671684066823707,-0.05646610059264645,0.12965817140355446,8.929663608562691
982,2025,982,-0.14520151817962762,-0.029821493827572116,0.148232258215871,8.920570264765784
983,2025,983,0.03289625711780828,-0.24840356417882428,0.2505723337264196,8.911495422177008
984,2025,984,-0.25470323460130356,0.21018472464442614,0.3302292479327352,8.902439024390244
985,2025,985,-0.06128716744429981,-0.1423794796540799,0.15500978394898884,8.893401015228426
986,2025,986,0.2630222675498012,0.3115296327353673,0.4077148823617701,8.884381338742394
987,2025,987,0.05172673365538595,0.22665188128096037,0.23247952654557302,8.875379939209726
988,2025,988,-0.08546564474617989,-0.1897994791198299,0.2081543146467038,8.866396761133604
989,2025,989,-0.13256308101447276,-0.3086863440483749,0.3359467657977992,8.857431749241659
990,2025,990,0.16173652762118387,-0.30783016415005,0.3477328203198609,8.848484848484848
991,2025,991,-0.07478777350071267,0.39125709999635727,0.3983407201915885,8.839556004036327
992,2025,992,-0.5081788898870767,-0.023296109632838197,0.5087125837355381,8.830645161290322
993,2025,993,0.07677481615173269,-0.2246172109469056,0.2373757861465635,8.821752265861027
994,2025,994,-0.11101732906932471,0.08383812996240336,0.13911750209545728,8.81287726358149
995,2025,995,0.09978511993032742,-0.3211303732965904,0.3362763548231087,8.804020100502512
996,2025,996,0.03401033374994987,0.17159736360793953,0.17493529660699808,8.795180722891565
997,2025,997,-0.49116237312248007,-0.23912426094313946,0.5462791309787598,8.786359077231696
998,2025,998,0.12934313322806928,-0.1350652677419827,0.18700875023235558,8.77755511022044
999,2025,999,0.11084229965178274,0.26630228168111636,0.2884491647078636,8.76876876876877
1000,2025,1000,0.1419070814988784,-0.35383506935881154,0.38123073864483215,8.76
1001,2025,1001,-0.19305016079287943,-0.07171917432027022,0.20594175037456078,8.75124875124875
1002,2025,1002,-0.21985005333849117,0.1190230745017035,0.25000107643123354,8.74251497005988
1003,2025,1003,0.1356948202729604,0.026545813046483395,0.1382670041593795,8.733798604187438
1004,2025,1004,0.29089612525609854,-0.20778928102133315,0.3574869801774246,8.725099601593625
1005,2025,1005,0.2567292669154876,-0.057146446724880076,0.2630126097057767,8.716417910447761
1006,2025,1006,-0.11009967200792138,-0.16734550964425743,0.20031589396338007,8.707753479125248
1007,2025,1007,0.11890036332039909,-0.23839217396241,0.2663984328111689,8.699106256206553
1008,2025,1008,0.004111319457011244,0.12663607297262067,0.1267027936771897,8.69047619047619
1009,2025,1009,-0.26100172174219544,-0.06689052594761265,0.26943689653412106,8.681863230921705
1010,2025,1010,0.13718504768426493,-0.08793713204282212,0.16294992022106294,8.673267326732674
1011,2025,1011,0.14576324288424142,0.25339938309190196,0.29233229436291647,8.664688427299703
1012,2025,1012,0.06143040745927375,0.16718882759462503,0.17811737431558342,8.65612648221344
1013,2025,1013,0.19419737932252817,-0.24568243414534485,0.3131652608181814,8.647581441263574
1014,2025,1014,0.16344916739975754,-0.3655955467352643,0.4004693922340767,8.63905325443787
1015,2025,1015,-0.37533977053196,0.40494000768801564,0.5521379838132444,8.630541871921181
1016,2025,1016,-0.17255345306391015,0.2866557448176566,0.33458363707934746,8.622047244094489
1017,2025,1017,0.08768432413964641,0.23606139787335184,0.2518204206686731,8.613569321533923
1018,2025,1018,0.3300880845815598,0.26012726457409324,0.420266983425445,8.605108055009824
1019,2025,1019,0.1540961010057906,0.09363872697966204,0.18031588819501876,8.59666339548577
1020,2025,1020,-0.0354790562962384,-0.07986126714788157,0.08738755876059796,8.588235294117647
1021,2025,1021,0.05537814404314849,0.08616019248062681,0.10242225151773594,8.579823702252693
1022,2025,1022,-0.62799833862851,-0.011441001135510232,0.6281025472223077,8.571428571428571
1023,2025,1023,-0.2180944579486594,0.16438172194134817,0.2731053699514571,8.563049853372434
1024,2025,1024,0.26257273382448787,0.28653040250676887,0.38864394001290736,8.5546875
1025,2025,1025,0.12397169307390979,0.004693356585847335,0.12406050249637718,8.546341463414635
1026,2025,1026,-0.33345682926556747,0.41026333640569024,0.5286865443555135,8.538011695906432
1027,2025,1027,-0.3175715473581217,-0.21428341395346326,0.38310451470451645,8.529698149951315
1028,2025,1028,0.18707948240727287,-0.42737051604417187,0.4665236228977423,8.521400778210117
1029,2025,1029,-0.18784841561536844,0.3759072982111451,0.4202300847126571,8.513119533527696
1030,2025,1030,-0.4277864677833885,-0.08415089832097121,0.43598467370632943,8.504854368932039
1031,2025,1031,0.151529143459064,0.05469194830109143,0.16109714623917723,8.496605237633366
1032,2025,1032,-0.06840028447364066,0.09081233478135209,0.11369027691282724,8.488372093023257
1033,2025,1033,-0.19245838796708398,-0.17505503702344455,0.2601624436504396,8.480154888673766
1034,2025,1034,-0.3493103822186579,0.010038866816339411,0.3494546064551175,8.471953578336556
1035,2025,1035,0.16082990896631877,-0.18697827731692612,0.24663157909424274,8.46376811594203
1036,2025,1036,0.34182586045120145,0.325361610559016,0.4719164083805108,8.455598455598455
1037,2025,1037,-0.29256720586962065,-0.09571460647988324,0.30782601554117534,8.447444551591127
1038,2025,1038,-0.21489213014262784,-0.5156855116831126,0.5586682150947105,8.439306358381502
1039,2025,1039,-0.14720996575001097,0.1758187989596658,0.22930988658088594,8.431183830606352
1040,2025,1040,0.19655165907755676,0.003645105911071929,0.19658545593009427,8.423076923076923
1041,2025,1041,-0.2111353786429027,-0.022523628124832204,0.21233337452832896,8.414985590778098
1042,2025,1042,-0.43051124714239747,0.14695208481165908,0.45490092234089335,8.406909788867562
1043,2025,1043,0.38051531351686196,0.17346454676008194,0.4181887765154828,8.398849472674977
1044,2025,1044,0.15602131252617749,-0.17760545054938165,0.23640293151151912,8.39080459770115
1045,2025,1045,-0.19987572866730718,-0.4815339276985251,0.521368612821155,8.382775119617225
1046,2025,1046,-0.611448248777611,0.2273559525602439,0.6523493619969158,8.374760994263863
1047,2025,1047,-0.4252160388428547,-0.026632720469455865,0.42604927119854613,8.366762177650429
1048,2025,1048,0.5721973058874704,0.25114890115315475,0.6248884119707426,8.358778625954198
1049,2025,1049,0.15997110614036758,0.16123983993943516,0.22713220992071428,8.350810295519542
1050,2025,1050,-0.23337176839374066,-0.16283981424154764,0.2845684230294069,8.342857142857143
1051,2025,1051,-0.44134819529666125,-0.1429785596788421,0.4639300572494264,8.334919124643196
1052,2025,1052,-0.008635662404275744,-0.41863833255164884,0.41872739120672003,8.326996197718632
1053,2025,1053,-0.18197629090527961,0.25459005718885686,0.3129400384595559,8.31908831908832
1054,2025,1054,-0.38701942613732654,0.2504001949242214,0.4609601868119997,8.311195445920303
1055,2025,1055,0.18973089779381072,0.2285290283585108,0.2970241242393124,8.303317535545023
1056,2025,1056,0.07507083779460565,-0.02158295730656063,0.0781118091794116,8.295454545454545
1057,2025,1057,-0.2696154273995712,-0.6359892256425896,0.6907783825694853,8.287606433301798
1058,2025,1058,-0.2959403631496244,-0.296717046579796,0.41907243320477233,8.279773156899811
1059,2025,1059,-0.2211314165141895,-0.022523947072984375,0.22227557571923767,8.271954674220963
1060,2025,1060,-0.1010199180138818,0.18608731258905034,0.21173925413618122,8.264150943396226
1061,2025,1061,-0.4472883989176226,0.007376982152418942,0.44734922786562115,8.25636192271442
1062,2025,1062,0.29917205597150465,-0.04857136348957593,0.3030892548828705,8.248587570621469
1063,2025,1063,0.03504153558161196,-0.23070611000780442,0.2333521339324981,8.24082784571966
1064,2025,1064,-0.22323335430327784,-0.6760710102488017,0.7119727111149191,8.233082706766917
1065,2025,1065,0.047370611933005236,-0.03838867243655738,0.0609726581866715,8.225352112676056
1066,2025,1066,-0.34638229604383397,-0.051543665780567335,0.3501962942332444,8.217636022514071
1067,2025,1067,-0.26087283263711203,-0.023349518999158513,0.2619157017927767,8.209934395501406
1068,2025,1068,0.22440356910089893,-0.23472910468944175,0.3247379165011823,8.202247191011235
1069,2025,1069,0.7289947975045906,-0.23051489837792855,0.7645721242387443,8.194574368568755
1070,2025,1070,-0.0006391085339360106,-0.06778919898460513,0.0677922116374185,8.186915887850468
1071,2025,1071,-0.5386705139729246,-0.6409597135101585,0.837254607014425,8.179271708683473
1072,2025,1072,0.06679267245361281,-0.37597837947705787,0.38186516328108555,8.171641791044776
1073,2025,1073,0.052379398623423466,0.2796670090993176,0.28452985322933916,8.164026095060578
1074,2025,1074,0.10941911653986183,-0.09762536120398592,0.14663987934587433,8.156424581005586
1075,2025,1075,-0.12330863163166073,-0.21543232104766052,0.2482259124000854,8.148837209302325
1076,2025,1076,-0.04183101590634817,-0.09138701911177324,0.10050582646738825,8.141263940520446
1077,2025,1077,0.13275239937211267,-0.05709071863304797,0.14450795719644904,8.133704735376044
1078,2025,1078,0.1597783844825271,-0.052443735643451755,0.16816503071710986,8.126159554730984
1079,2025,1079,0.09233716846008971,0.012197802317451161,0.09313935291058556,8.118628359592215
1080,2025,1080,-0.36782216436138315,-0.07543756197659741,0.3754783220806034,8.11111111111111
1081,2025,1081,0.1455372727725617,-0.11296826719620504,0.1842360636775227,8.103607770582794
1082,2025,1082,0.4616681894680271,0.015883890504952515,0.46194135465907304,8.096118299445472
1083,2025,1083,-0.19138089180788856,-0.1992470026432467,0.2762716304861951,8.088642659279778
1084,2025,1084,0.006117514618938149,-0.025305138313989988,0.026034093227978693,8.081180811808117
1085,2025,1085,0.027388145100879686,0.05454449917073224,0.061034522049843644,8.073732718894009
1086,2025,1086,0.2584755644253811,-0.21066536472661504,0.33345091587880976,8.066298342541437
1087,2025,1087,-0.22256280642638032,0.160773416740866,0.274558362347459,8.058877644894205
1088,2025,1088,0.04436124611274411,-0.5299641693981368,0.5318175824495958,8.051470588235293
1089,2025,1089,-0.015557383350592245,0.08173565442670962,0.08320306112926243,8.044077134986226
1090,2025,1090,-0.2342448054205493,0.256137742497207,0.34709821664490953,8.036697247706423
1091,2025,1091,-0.34756135642047553,0.04219580335481384,0.350113384916371,8.029330889092575
1092,2025,1092,-0.03879664390886806,-0.12752380275597594,0.13329478552417784,8.021978021978022
1093,2025,1093,0.8467497385121412,-0.1495242535958426,0.8598503486559584,8.014638609332113
1094,2025,1094,0.08016204201461342,0.40724116049728454,0.4150557983971887,8.007312614259599
1095,2025,1095,-1.6434782685103615,0.9502015877003289,1.8983950790955084,8.0
1096,2025,1096,0.7606578037974646,-0.356821717531541,0.8401916641934393,7.992700729927007
1097,2025,1097,0.7515719354253236,-0.26274986722760213,0.7961770323534141,7.985414767547858
1098,2025,1098,-0.4506600875069637,0.2110242435062826,0.4976200818085852,7.978142076502732
1099,2025,1099,0.5165701961092071,0.21601494958581227,0.5599171599021284,7.970882620564149
1100,2025,1100,0.34240824950548976,0.22884739244819208,0.4118428563903356,7.963636363636364
1101,2025,1101,0.1174815121152089,-0.4753628761777667,0.48966495661510706,7.956403269754769
1102,2025,1102,0.18662406363613976,-0.37068276727547295,0.41501115055269105,7.9491833030853
1103,2025,1103,-0.24241576743503723,-0.11453306381304242,0.26811047537819277,7.941976427923844
1104,2025,1104,0.1769925209695059,0.08254265068648048,0.1952937317516651,7.934782608695652
1105,2025,1105,-0.09862247784773173,0.24798370435704206,0.26687508456854336,7.927601809954751
1106,2025,1106,0.010235070627759102,-0.05715939625582427,0.0580685220329014,7.920433996383363
1107,2025,1107,0.5034809234245174,0.3387437616333659,0.6068281274775646,7.913279132791328
1108,2025,1108,-0.026353708528270584,-0.0025695675621536075,0.026478682570126366,7.906137184115524
1109,2025,1109,0.3790839192358587,-0.3898679681411613,0.5437845624930305,7.899008115419297
1110,2025,1110,0.30489924016913705,0.2402000087477106,0.38814892870922285,7.891891891891892
1111,2025,1111,-0.4969271977861853,0.17060305750435192,0.5253970338034502,7.884788478847884
1112,2025,1112,-0.14403050375823398,-0.08938487084017605,0.16951236281748186,7.877697841726619
1113,2025,1113,0.2990751188106187,0.1582345376590172,0.3383549845942108,7.870619946091645
1114,2025,1114,0.17014066037075973,0.6017113202780742,0.6253034121625928,7.863554757630162
1115,2025,1115,-0.10359801136603422,-0.05789303126731485,0.11867666589652429,7.856502242152466
1116,2025,1116,0.2853940541801204,-0.23343909087516165,0.3687052688937161,7.849462365591398
1117,2025,1117,0.0974305840480948,0.1890299433820704,0.21266179300236707,7.84243509400179
1118,2025,1118,-0.10805974325716455,0.12255456476884574,0.16339072635399332,7.835420393559929
1119,2025,1119,-0.3814270139509097,0.03625620579142498,0.38314628985532095,7.828418230563003
1120,2025,1120,-0.08609228118991961,-0.22540129585888596,0.24128328797359597,7.821428571428571
1121,2025,1121,-0.0991535648336526,0.09442791815256457,0.13692355949889992,7.814451382694023
1122,2025,1122,-0.1137156488556848,0.2975732164189779,0.3185609328285646,7.807486631016043
1123,2025,1123,0.17600426044014114,-0.030433759520869876,0.17861610624928304,7.80053428317008
1124,2025,1124,0.053096529088848717,0.13389543269561388,0.1440389818695919,7.7935943060498225
1125,2025,1125,-0.5612572251540389,-0.3284027787035616,0.6502753707836642,7.786666666666667
1126,2025,1126,-0.146567895981834,-0.14096875586227775,0.20335766093732535,7.779751332149201
1127,2025,1127,0.08583613798523768,0.07247092514821224,0.11233822847124901,7.7728482697426795
1128,2025,1128,-0.3279770756625824,0.12671037581259775,0.35160273249613555,7.76595744680851
1129,2025,1129,-0.3730068768683919,0.14405290018195552,0.3998566846283104,7.7590788308237375
1130,2025,1130,0.16511368676168772,0.1722798745047517,0.23862708294619395,7.752212389380531
1131,2025,1131,0.00373839418531152,-0.09100142330397977,0.09107817869520055,7.745358090185676
1132,2025,1132,0.014963396857055175,-0.3197961326184849,0.32014601306785206,7.738515901060071
1133,2025,1133,0.434781285080834,-0.14327755777584414,0.45778076021033454,7.731685789938217
1134,2025,1134,0.010169141665037351,-0.01809986736737225,0.020760940270615525,7.724867724867725
1135,2025,1135,-0.6154761213939643,-0.3956648244135235,0.7316840228434282,7.71806167400881
1136,2025,1136,-0.01795925800567753,-0.16268664188138862,0.1636749168161013,7.711267605633803
1137,2025,1137,-0.11578624074645064,0.18638392942563353,0.21942065238790667,7.704485488126649
1138,2025,1138,0.21864415997659195,0.14302248432340126,0.2612674869054837,7.697715289982425
1139,2025,1139,0.10557111388038037,-0.17421307619033324,0.20370433476399835,7.690956979806848
1140,2025,1140,0.08811755565661625,-0.391900836045437,0.4016851614237317,7.684210526315789
1141,2025,1141,-0.22401395252799428,0.017924398568400345,0.22472991565711348,7.677475898334794
1142,2025,1142,-0.19004263423627707,-0.09872477841708469,0.214155982174129,7.670753064798599
1143,2025,1143,0.1210288113716438,0.10452300920262908,0.15991570477850453,7.664041994750656
1144,2025,1144,-0.07288202501490196,0.027712047089976186,0.07797273320969231,7.6573426573426575
1145,2025,1145,-0.10932005749979316,0.10044785741853358,0.14846092762653793,7.650655021834061
1146,2025,1146,0.23796056564413834,0.13813512841115158,0.27514822278699824,7.643979057591623
1147,2025,1147,0.19503563424125114,-0.3204983717691883,0.3751774312649789,7.637314734088927
1148,2025,1148,-0.1136751533581345,-0.07017389738973931,0.13359048007197616,7.630662020905923
1149,2025,1149,-0.12336360985945628,0.018920300686055908,0.12480608164511417,7.624020887728459
1150,2025,1150,-0.16701551424456812,-0.3437231856172726,0.38215155413692037,7.6173913043478265
1151,2025,1151,-0.09873022051149144,0.08771261341025484,0.13206498019348104,7.610773240660295
1152,2025,1152,0.23844147229862536,-0.009897571752995162,0.2386468052133567,7.604166666666667
1153,2025,1153,0.047845174320723834,-0.3570921583964985,0.36028318069825355,7.597571552471813
1154,2025,1154,-0.420702376055422,-0.12271852754609634,0.43823546892254134,7.590987868284229
1155,2025,1155,-0.23838512303104395,-0.02924838772066303,0.2401727192392679,7.584415584415584
1156,2025,1156,0.012387009041197144,-0.23737203515386454,0.2376950169146888,7.577854671280277
1157,2025,1157,0.21281745763866286,-0.01365244003931973,0.21325491646105438,7.571305099394987
1158,2025,1158,-0.05844364822302901,0.0020795053873425592,0.05848063235185773,7.564766839378239
1159,2025,1159,-0.2993314448702678,-0.23711638059461118,0.38186842214879546,7.558239861949957
1160,2025,1160,0.006576027815540949,-0.24695902271224077,0.24704656047153503,7.551724137931035
1161,2025,1161,0.16246438837820487,-0.18569844920591977,0.2467358740203535,7.545219638242894
1162,2025,1162,-0.26939876454646333,0.13047612489428673,0.29933211238787977,7.538726333907057
1163,2025,1163,-0.031143613031724103,0.02603426374928836,0.040591963756848294,7.5322441960447115
1164,2025,1164,0.3328987260608931,-0.16816402543614004,0.3729620641082043,7.525773195876289
1165,2025,1165,0.1630051453305218,-0.021796869381306157,0.164456015150101,7.51931330472103
1166,2025,1166,-0.0542016986983728,-0.5446474328479644,0.5473377844162296,7.512864493996569
1167,2025,1167,0.08697916845509053,-0.35621849813624923,0.3666837795152439,7.506426735218509
1168,2025,1168,-0.14388337214219662,0.31978137095895603,0.3506601631086703,7.5
1169,2025,1169,0.09427996527821236,0.024255619676195224,0.09735012551988394,7.493584260051326
1170,2025,1170,0.08810227576008973,-0.2504330289089709,0.2654782721102206,7.487179487179487
1171,2025,1171,0.17690289428711595,-0.10555832611143762,0.2060028985684598,7.480785653287788
1172,2025,1172,0.4231446074091901,-0.11657717912404585,0.43890955500193596,7.474402730375426
1173,2025,1173,-0.0025503244845152514,-0.2315439920583078,0.23155803681425965,7.468030690537084
1174,2025,1174,-0.23090389386391327,-0.1316666050300688,0.26580576194217737,7.461669505962521
1175,2025,1175,-0.1364175731212348,0.1769596420166287,0.22343784182394177,7.45531914893617
1176,2025,1176,0.05863286269873486,0.023650559488696172,0.06322310932228065,7.448979591836735
1177,2025,1177,0.29236118145639,-0.06903722265540063,0.30040172858115777,7.442650807136788
1178,2025,1178,0.10316066595904254,0.24433512442117497,0.2652202406058486,7.4363327674023765
1179,2025,1179,0.018829464532965523,-0.00375172108789016,0.019199587123673423,7.430025445292621
1180,2025,1180,0.08620981233116662,-0.2949399877094085,0.30728118733856946,7.423728813559322
1181,2025,1181,-0.15039641285017671,0.19149219836312859,0.24349197734657416,7.417442845046571
1182,2025,1182,-0.2007358280035368,0.1740236380113601,0.265667271659447,7.411167512690355
1183,2025,1183,0.025592661189240137,-0.01273637999339875,0.028586704638406405,7.404902789518174
1184,2025,1184,0.08438606947111459,0.15691530253268426,0.1781668344269146,7.398648648648648
1185,2025,1185,0.18681932159895162,-0.07640609523160696,0.2018399125823084,7.3924050632911396
1186,2025,1186,-0.18542979849344515,-0.15440962437280342,0.2413017659866374,7.386172006745363
1187,2025,1187,-0.35557522587399226,0.22028697419219379,0.41828231166772145,7.379949452401011
1188,2025,1188,0.28165526260238405,-0.07906799469981145,0.2925430476655826,7.373737373737374
1189,2025,1189,0.09064658887044838,0.01462873717325417,0.09181940984961863,7.367535744322961
1190,2025,1190,-0.19083264828685542,-0.08798034489300656,0.21013719504092332,7.361344537815126
1191,2025,1191,0.01235843947613853,-0.1842613219997558,0.18467529832487906,7.355163727959698
1192,2025,1192,0.0482564461143367,0.10083849494784303,0.1117903692405211,7.348993288590604
1193,2025,1193,0.027378785050922963,0.18067594400355735,0.1827385963950726,7.342833193629505
1194,2025,1194,-0.03526436533484252,-0.18297767520938132,0.186344855275103,7.336683417085427
1195,2025,1195,-0.03096415556139197,-0.02621986102621559,0.04057413020465307,7.330543933054393
1196,2025,1196,0.25423504964990123,0.11790326203977362,0.28024389318967735,7.3244147157190636
1197,2025,1197,0.2771442134534815,-0.13322803243253536,0.3075038596125155,7.318295739348371
1198,2025,1198,-0.17838630964962154,0.016949832953430916,0.1791897661909292,7.312186978297162
1199,2025,1199,-0.32849688662360976,-0.1929302208755798,0.3809623008231979,7.306088407005838
1200,2025,1200,0.2067520474377692,-0.04224747936383809,0.2110243081550263,7.3
1201,2025,1201,0.07272705455595915,0.3460779112676096,0.35363702454881185,7.293921731890092
1202,2025,1202,0.14631945911399802,-0.01649735697137864,0.1472465514110739,7.287853577371048
1203,2025,1203,0.21495341020854566,0.064865968623522,0.22452742025363193,7.2817955112219455
1204,2025,1204,0.044304360488041775,0.049125731530384686,0.06615295803401228,7.275747508305648
1205,2025,1205,-0.10906473629949391,-0.14631398318178893,0.18249081724459168,7.269709543568465
1206,2025,1206,-0.1433660943819294,-0.014000585687243933,0.1440480941141331,7.263681592039801
1207,2025,1207,0.39964056689188526,0.12312354037573198,0.4181769827481206,7.257663628831814
1208,2025,1208,0.2878319574232931,0.2642558025477433,0.39074078990332745,7.251655629139073
1209,2025,1209,-0.025776032734912673,0.03546200113064507,0.04384013444027244,7.245657568238213
1210,2025,1210,0.10914848737877411,-0.247558868633738,0.2705527411361614,7.239669421487603
1211,2025,1211,-0.2590507572399146,-0.21946578446862888,0.33951807813282026,7.233691164327002
1212,2025,1212,0.07661157470794207,0.17642812834954666,0.19234400914027633,7.227722772277228
1213,2025,1213,0.16805887683781887,0.15798747456286732,0.23065955042603767,7.221764220939819
1214,2025,1214,-0.27104119792922204,-0.13981262472927933,0.30497688602351164,7.215815485996705
1215,2025,1215,0.014038601752949869,0.18930879012449234,0.18982860784817715,7.209876543209877
1216,2025,1216,-0.10626752616474316,0.07723836851788317,0.13137181085940278,7.203947368421052
1217,2025,1217,-0.11114228450631848,-0.36932970927997505,0.3856903441390701,7.198027937551355
1218,2025,1218,-0.1262307522294302,0.12845032233667292,0.1800935537902536,7.192118226600985
1219,2025,1219,-0.2438331442302742,-0.07945427793501252,0.25645191461050926,7.186218211648892
1220,2025,1220,-0.018801233937561966,0.19821546079503202,0.19910513628674126,7.180327868852459
1221,2025,1221,-0.009748196010910882,0.16533116587374258,0.1656183013275952,7.174447174447175
1222,2025,1222,0.0391002463432978,-0.28695782816690624,0.28960943425650737,7.168576104746317
1223,2025,1223,-0.20049693021714035,-0.07435051841827135,0.21383876780313377,7.162714636140638
1224,2025,1224,-0.1366827492198341,-0.2831453819972092,0.31440973471035777,7.1568627450980395
1225,2025,1225,0.08440595455281,0.14448348937836952,0.1673315387693559,7.151020408163265
1226,2025,1226,-0.08146039964650198,0.13371135739577303,0.15657114615147955,7.145187601957586
1227,2025,1227,0.306197905993246,-0.23276568241526552,0.38462581887451724,7.139364303178484
1228,2025,1228,0.06759992532958822,0.003481444047035187,0.06768951438161261,7.133550488599348
1229,2025,1229,-0.062195368456518546,-0.1832506802659031,0.19351763660028082,7.127746135069162
1230,2025,1230,-0.11921624728244863,-0.44210277382407753,0.45789450339467214,7.121951219512195
1231,2025,1231,0.16982070141238642,-0.10022626182491041,0.1971912122473778,7.116165718927701
1232,2025,1232,0.01121640256540283,0.2656356840129653,0.26587238349919895,7.1103896103896105
1233,2025,1233,-0.08130221876758065,0.11744796404175803,0.14284283333120226,7.104622871046229
1234,2025,1234,0.10025912314691329,-0.1376873547000935,0.17032233975171104,7.098865478119935
1235,2025,1235,-0.008295506006731117,-0.15840036607349275,0.15861743722593752,7.093117408906883
1236,2025,1236,-0.030465558752358488,0.044166493013846425,0.0536547236991819,7.087378640776699
1237,2025,1237,0.21073080227728339,0.26393826162186856,0.33774380375722873,7.081649151172191
1238,2025,1238,0.19998034921084215,0.12760505756341395,0.23722392540857373,7.075928917609047
1239,2025,1239,0.05332096844255518,-0.057508766799926954,0.07842438354555518,7.070217917675545
1240,2025,1240,0.027055008232219572,-0.18750565973170388,0.18944747531140918,7.064516129032258
1241,2025,1241,0.0942875111940953,-0.04973861393152812,0.10660236621673203,7.0588235294117645
1242,2025,1242,0.11020074261261201,0.09931407284392074,0.14834921212200203,7.053140096618358
1243,2025,1243,0.09926525200467663,-0.016258252506427436,0.10058787715283941,7.047465808527756
1244,2025,1244,0.06281952792578338,-0.052960597883644704,0.08216518737890999,7.041800643086817
1245,2025,1245,0.061816716916189306,0.1498958735401269,0.1621421579807485,7.036144578313253
1246,2025,1246,0.20340829761324164,-0.13670121205846844,0.2450758187095811,7.030497592295345
1247,2025,1247,-0.08060229614972395,-0.25925669723393113,0.2714972655576001,7.02485966319166
1248,2025,1248,-0.2215179520187576,-0.12316823254679393,0.25345732693154815,7.019230769230769
1249,2025,1249,0.09222606778299605,0.2643824484100446,0.2800066545745005,7.013610888710969
1250,2025,1250,-0.27338241239695926,-0.07379957914677089,0.28316836209262786,7.008
1251,2025,1251,-0.009173906364523714,-0.03425433850392558,0.03546153217680487,7.002398081534772
1252,2025,1252,0.22823391875865595,0.44329012025186176,0.4985948780170559,6.996805111821086
1253,2025,1253,0.12423928518052353,-0.2581333036827749,0.2864754831610397,6.99122106943336
1254,2025,1254,-0.09356047014769026,-0.11503023300384735,0.14827513641597587,6.985645933014354
1255,2025,1255,-0.13017404113884967,0.10515817134844935,0.16734252892725376,6.9800796812749
1256,2025,1256,0.10528819019068855,-0.28163370873002386,0.3006711640424777,6.974522292993631
1257,2025,1257,-0.041019126679204106,0.14738711967952334,0.15298866559634647,6.968973747016706
1258,2025,1258,0.0469668054208604,0.1503058486031667,0.15747294667897416,6.963434022257552
1259,2025,1259,0.1649115421257963,-0.2476830092819621,0.29756123708117094,6.957903097696585
1260,2025,1260,-0.11520829060257189,-0.1117831466726273,0.1605254562479134,6.9523809523809526
1261,2025,1261,0.19937288582731702,0.06224089271806885,0.20886233822653272,6.946867565424267
1262,2025,1262,0.1881815802122028,-0.024399741436188775,0.18975682995168996,6.941362916006339
1263,2025,1263,0.016995902243430942,-0.14513177562502488,0.14612355384790238,6.935866983372922
1264,2025,1264,0.08509035973532351,-0.3675901560292356,0.37731007424860064,6.930379746835443
1265,2025,1265,-0.14677789481730064,0.07257293360975406,0.16373936942508463,6.924901185770751
1266,2025,1266,-0.1027362950379432,0.4133583678290419,0.425934134077574,6.919431279620853
1267,2025,1267,0.24683448940298017,0.07067979906867748,0.25675455040800843,6.91397000789266
1268,2025,1268,0.350793907103221,-0.07309131525427488,0.35832765121651305,6.908517350157728
1269,2025,1269,0.2717985918636718,0.046053939494012625,0.2756727042744584,6.90307328605201
1270,2025,1270,-0.15524664606217578,-0.09413473637947524,0.18155679471390704,6.897637795275591
1271,2025,1271,0.0002578659872681297,-0.1724563940125701,0.17245658679994283,6.892210857592447
1272,2025,1272,0.10222748015062715,0.10906087686855465,0.1494815458887314,6.886792452830188
1273,2025,1273,-0.4059552052710614,0.3188464274286441,0.516200225659268,6.881382560879811
1274,2025,1274,-0.027274866472498643,-0.042673133834024934,0.050644986842818256,6.875981161695448
1275,2025,1275,0.34274826514170165,0.18367987903085184,0.3888633065981343,6.870588235294117
1276,2025,1276,0.12567881430890132,0.041733836900475135,0.1324268760808272,6.8652037617554855
1277,2025,1277,0.05707603554062729,-0.07736759762392799,0.09614270120572324,6.859827721221613
1278,2025,1278,-0.18803263236285708,-0.034677096881230135,0.19120348292177,6.854460093896714
1279,2025,1279,-0.1634191924882175,-0.016305869969384143,0.16423067274099426,6.849100860046912
1280,2025,1280,-0.2021803780707943,0.12663083139079973,0.23856293244252025,6.84375
1281,2025,1281,-0.07701809479634543,-0.022232963511773306,0.08016290658761503,6.838407494145199
1282,2025,1282,0.4170413648007136,0.22167697778219594,0.47229671016585545,6.8330733229329175
1283,2025,1283,-0.24089423943558164,0.09835878361730431,0.26020085493311323,6.827747466874513
1284,2025,1284,-0.30077178335667293,-0.33216322454418074,0.44810274871187883,6.822429906542056
1285,2025,1285,0.23276831900115963,0.09886562450520603,0.2528942507045781,6.817120622568093
1286,2025,1286,-0.23589236840096817,0.01708832011820733,0.23651050749233196,6.811819595645412
1287,2025,1287,-0.04348159372938227,-0.08856956014961105,0.09866719808701688,6.806526806526806
1288,2025,1288,0.22088821614966297,0.07453355442975852,0.23312411880737266,6.801242236024844
1289,2025,1289,-0.2488767724428482,-0.029666425304855654,0.2506386734962061,6.795965865011637
1290,2025,1290,-0.1684497508006221,0.08061524747733036,0.1867461824793827,6.790697674418604
1291,2025,1291,0.03340802630528552,0.08459223698712107,0.09095022144063147,6.785437645236251
1292,2025,1292,0.10712019856866203,-0.17772614853494773,0.2075122184702768,6.780185758513932
1293,2025,1293,0.17284012070689855,-0.11885920358894897,0.20976467196307028,6.774941995359629
1294,2025,1294,-6.609796917061187e-05,-0.10975792298554625,0.10975794288816929,6.769706336939722
1295,2025,1295,-0.1592104143454817,-0.15620832355330794,0.22304483043414142,6.764478764478764
1296,2025,1296,-0.15187099254802952,0.11145930897119252,0.18838252555335222,6.7592592592592595
1297,2025,1297,-0.1903373874365152,0.04698689044528116,0.1960512405721396,6.754047802621434
1298,2025,1298,0.17452186863027816,-0.1880477324114159,0.256553761023454,6.74884437596302
1299,2025,1299,0.16385978602446158,0.188080683057586,0.24944813652418904,6.74364896073903
1300,2025,1300,0.15769653175549345,0.10037057308381432,0.18692899205014898,6.7384615384615385
1301,2025,1301,0.10723049174036811,-0.30946106395126494,0.3275126386274735,6.733282090699462
1302,2025,1302,0.06980319718638651,-0.02096358485555747,0.07288318206169182,6.728110599078341
1303,2025,1303,-0.18731602726072433,0.12617595718387195,0.2258487685155859,6.722947045280123
1304,2025,1304,-0.1321471206300443,-0.23456507181872116,0.2692278485003609,6.717791411042945
1305,2025,1305,0.13206161033872998,-0.0022428275366682096,0.13208065414971942,6.712643678160919
1306,2025,1306,0.25988535124664264,0.2918637741072695,0.39080027946347484,6.707503828483921
1307,2025,1307,0.18518882763127115,0.1203601871542659,0.22086529046288503,6.702371843917368
1308,2025,1308,-0.16158153629167168,-0.38452737665480824,0.4170969866438807,6.697247706422019
1309,2025,1309,-0.11826260736831307,-0.358419383483712,0.3774261500722969,6.692131398013751
1310,2025,1310,-0.10442209860462033,-0.03423439988104067,0.10989071303894633,6.687022900763359
1311,2025,1311,-0.08563599413756942,0.21856436147516478,0.23474220668421844,6.6819221967963385
1312,2025,1312,-0.047082296259284485,0.2265954565895415,0.23143518221754839,6.676829268292683
1313,2025,1313,0.07098081213130766,-0.2240384745442207,0.23501385866991212,6.6717440974866715
1314,2025,1314,-0.14579566063659383,0.08280327927206525,0.16766859490873198,6.666666666666667
1315,2025,1315,-0.04768238484165656,-0.034817563758793114,0.05904127852854699,6.661596958174905
1316,2025,1316,0.23390924200090032,-0.19238829023046225,0.3028643057727938,6.656534954407295
1317,2025,1317,0.06938118607125769,-0.08258004009951098,0.1078573687955131,6.651480637813211
1318,2025,1318,-0.1665897699461427,-0.03192541919639937,0.1696212953658077,6.646433990895296
1319,2025,1319,-0.005744357825862084,-0.0002918156761875338,0.005751765226468458,6.641394996209249
1320,2025,1320,-0.1682335708806865,-0.024186374489173493,0.1699632756868304,6.636363636363637
1321,2025,1321,0.14772852372824388,-0.09180147472628174,0.17392880004428957,6.631339894019682
1322,2025,1322,0.3542500246627486,0.019739400469596026,0.35479955454376916,6.626323751891074
1323,2025,1323,-0.036110423901494666,-0.2616476077413145,0.26412768380292595,6.621315192743764
1324,2025,1324,-0.04811708606464522,-0.1978225202677287,0.20359028340377253,6.61631419939577
1325,2025,1325,0.18793722845052233,0.04289921824362135,0.19277122389915377,6.611320754716981
1326,2025,1326,-0.1705015443389749,-0.2873635834658842,0.33413860256535705,6.606334841628959
1327,2025,1327,0.006203841180559486,0.01272877506890281,0.014160132772976652,6.601356443104748
1328,2025,1328,-0.0564500339650057,0.17940246492611303,0.18807405657404083,6.596385542168675
1329,2025,1329,0.28531726011820335,-0.08330615554570325,0.29723030544203166,6.591422121896162
1330,2025,1330,0.15047616653173201,0.04536007312289331,0.15716428642601912,6.586466165413534
1331,2025,1331,0.004256970620014018,-0.02107530381250063,0.021500935552874578,6.581517655897821
1332,2025,1332,0.2958839134455284,0.019923229964252925,0.2965539163930388,6.576576576576577
1333,2025,1333,0.053239831762080726,-0.19751525746679843,0.20456479809153463,6.571642910727682
1334,2025,1334,-0.04706633573902094,-0.1690293823481642,0.17545988731587664,6.56671664167916
1335,2025,1335,-0.15342500984600124,0.3965040721519821,0.42515257599989886,6.561797752808989
1336,2025,1336,0.20632922019981462,-0.05160622510415902,0.21268509486507212,6.5568862275449105
1337,2025,1337,0.2932042703917909,0.17611477134355777,0.3420309296852787,6.551982049364248
1338,2025,1338,-0.1272950977520645,-0.23100876422262986,0.26375953264171187,6.547085201793722
1339,2025,1339,0.08791432719516001,-0.1402888626184518,0.16555933649588142,6.542195668409261
1340,2025,1340,0.05611034322230859,0.2621678603085446,0.268105124149625,6.537313432835821
1341,2025,1341,-0.039734283685390816,0.051505960620337,0.06505134340976226,6.532438478747204
1342,2025,1342,-0.09815620554855406,0.0023459570364209787,0.09818423601631134,6.527570789865872
1343,2025,1343,-0.03235309449919049,0.04567716792909447,0.055974336920558934,6.52271034996277
1344,2025,1344,0.21447904972512608,0.18636318210761818,0.28413464839098795,6.517857142857143
1345,2025,1345,0.008550351734175364,0.25841596033701825,0.2585573767496907,6.5130111524163565
1346,2025,1346,0.16005560767978264,-0.09046628173261681,0.18385305458509438,6.508172362555721
1347,2025,1347,-0.017946822013857517,0.0033912203499351454,0.018264413372974644,6.503340757238307
1348,2025,1348,-0.07224720973318997,-0.024799112687995183,0.07638491542407717,6.498516320474778
1349,2025,1349,0.07370751006198348,0.15392783861174614,0.17066510053089695,6.4936990363232026
1350,2025,1350,0.000639284642136538,0.0234447823786371,0.023453496661165994,6.488888888888889
1351,2025,1351,0.21858544060424318,0.05256823101108369,0.22481773452240322,6.484085862324204
1352,2025,1352,0.0008845623288404929,0.12356188191142602,0.1235650481002083,6.479289940828402
1353,2025,1353,-0.07889013622124587,-0.19447453018054156,0.20986661593009284,6.47450110864745
1354,2025,1354,-0.03653177023726158,-0.018722856067634328,0.041050159268843554,6.469719350073856
1355,2025,1355,-0.17023402268908705,0.010066511324827578,0.1705313963209165,6.464944649446495
1356,2025,1356,0.18387221853214528,0.09802347301812415,0.20836888925765262,6.460176991150442
1357,2025,1357,0.1284019556436459,0.19950011210611082,0.23724956679299458,6.455416359616802
1358,2025,1358,-0.2059922946965559,-0.0835238813337582,0.22228149771721542,6.450662739322533
1359,2025,1359,-0.09037298860972033,0.02054616597146256,0.09267913468726133,6.445916114790287
1360,2025,1360,-0.014593719885201974,0.04676353575749079,0.048987803958024684,6.4411764705882355
1361,2025,1361,0.3478175766906093,0.04657805587596544,0.35092247283996,6.436443791329904
1362,2025,1362,-0.10589323293750093,0.14502505306607943,0.1795707180995136,6.431718061674009
1363,2025,1363,-0.032071595872208036,-0.034578779942974466,0.04716226546864437,6.426999266324285
1364,2025,1364,0.07871976807662578,0.038889278308176824,0.0878019239730462,6.422287390029325
1365,2025,1365,-0.07235344125316388,0.05179026463905062,0.08897894117462814,6.417582417582418
1366,2025,1366,0.13813222817307558,0.18599101293152967,0.23167470589461217,6.412884333821376
1367,2025,1367,0.075675634417134,-0.0964037691230784,0.12255810191730092,6.408193123628383
1368,2025,1368,0.07149597767266258,-0.008199487947525319,0.07196461926510471,6.4035087719298245
1369,2025,1369,-0.0978947346629348,0.22921907016671697,0.24924839257820847,6.398831263696128
1370,2025,1370,-0.00911830387947824,0.0004445257067455848,0.009129132967728402,6.394160583941606
1371,2025,1371,0.089499121638116,0.15712966950267054,0.1808309315687246,6.389496717724289
1372,2025,1372,-0.17317833288654091,-0.046219999824004904,0.17924012766423872,6.384839650145772
1373,2025,1373,0.1505990375306535,-0.10947976085622982,0.1861877765652097,6.380189366351056
1374,2025,1374,0.06217621764659001,0.27039653058378477,0.2774529974474664,6.3755458515283845
1375,2025,1375,-0.19637804863537742,0.18672996562817606,0.2709841656800974,6.370909090909091
1376,2025,1376,-0.07211169587276624,0.033594943058438936,0.079553232999961,6.366279069767442
1377,2025,1377,-0.02821429678721917,-0.16517104622547865,0.16756348365445406,6.3616557734204795
1378,2025,1378,-0.09212491152587865,0.030803174646065006,0.09713822569888206,6.357039187227866
1379,2025,1379,-0.2983162705535422,-0.03330251312071739,0.300169376614487,6.352429296591733
1380,2025,1380,0.10719754223684043,0.18624792823416758,0.21489440158631126,6.3478260869565215
1381,2025,1381,0.12237508960263416,0.20297339272332915,0.2370102544382237,6.343229543808834
1382,2025,1382,0.01651895876981013,-0.20491773677014127,0.20558247698146745,6.338639652677279
1383,2025,1383,-0.21239736085477176,-0.11840453997028376,0.24317128527777834,6.334056399132321
1384,2025,1384,-0.1667561582853645,-0.14325147612534053,0.21983767133542545,6.329479768786127
1385,2025,1385,0.3214666529027739,-0.0936231064365724,0.3348224827984917,6.324909747292419
1386,2025,1386,0.04197131883644582,0.11429992163806249,0.12176232459729823,6.32034632034632
1387,2025,1387,-0.4262724009662779,0.09414257728782895,0.4365443673716911,6.315789473684211
1388,2025,1388,-0.014495653776099933,-0.17965468111825103,0.18023853202380732,6.311239193083574
1389,2025,1389,0.15991364513350081,0.04773580884199206,0.16688643247934337,6.306695464362851
1390,2025,1390,-0.01735304733546619,0.16118870970812144,0.16212010482724212,6.302158273381295
1391,2025,1391,0.2924410911013085,-0.21555586743246194,0.36329894542798347,6.297627606038821
1392,2025,1392,0.01163830031728243,-0.32453493702328295,0.3247435532585389,6.293103448275862
1393,2025,1393,-0.43803692619915413,0.044906379641079165,0.4403327510491037,6.288585786073223
1394,2025,1394,-0.18385283002330105,0.13050715202065238,0.22546392136241777,6.284074605451937
1395,2025,1395,0.03363453279671354,0.17697932665754898,0.18014706175958747,6.279569892473118
1396,2025,1396,0.2993628969109374,0.004413896396041151,0.29939543504920635,6.275071633237823
1397,2025,1397,0.30130291875973025,-0.10578722184846637,0.319334284347217,6.270579813886901
1398,2025,1398,-0.11370259938002455,-0.06451824613589696,0.13073211231455928,6.266094420600858
1399,2025,1399,0.0009662004087013193,-0.10433424101208834,0.10433871472659759,6.261615439599714
1400,2025,1400,-0.2409871485578615,-0.21278604655727856,0.3214851588791077,6.257142857142857
1401,2025,1401,-0.13248655979705198,0.029299657624517222,0.13568772407175145,6.252676659528908
1402,2025,1402,0.04947668355487416,0.2205492899772304,0.2260308198566063,6.248216833095578
1403,2025,1403,0.06884089399960748,0.14821555048994375,0.16342251403555833,6.24376336421953
1404,2025,1404,0.1563687290747268,-0.06196363098144565,0.16819830854336817,6.239316239316239
1405,2025,1405,0.2297655705822503,-0.28911803653858653,0.36929860069720616,6.234875444839858
1406,2025,1406,-0.056229887332666546,-0.040286905635336684,0.06917250172658855,6.230440967283073
1407,2025,1407,-0.21359923575944145,0.0886895360639577,0.2312800625308146,6.226012793176972
1408,2025,1408,-0.3024872080308377,-0.2548569202281006,0.395538317752457,6.221590909090909
1409,2025,1409,0.2295966821385227,0.2334755857243987,0.3274530280488621,6.217175301632364
1410,2025,1410,0.01830201389425079,0.3839435196185022,0.3843794869261737,6.212765957446808
1411,2025,1411,0.18927062287771937,-0.1665382060743352,0.2521077998931759,6.208362863217576
1412,2025,1412,0.12107279268890843,-0.14588843687640074,0.18958390528663283,6.203966005665722
1413,2025,1413,-0.19685151389663258,-0.272569666067481,0.33622126848778355,6.199575371549894
1414,2025,1414,-0.1962870071274566,-0.01706140277057568,0.19702710633705708,6.1951909476661955
1415,2025,1415,0.1338817125589213,0.1348702015232664,0.1900375863260637,6.190812720848056
1416,2025,1416,0.14225594590789412,-0.05251550032844991,0.1516398098155531,6.186440677966102
1417,2025,1417,-0.27560967113917745,-0.234294455034658,0.3617382789883218,6.182074805928017
1418,2025,1418,-0.0649063935281606,-0.03854483217431938,0.0754887011954696,6.1777150916784205
1419,2025,1419,0.13049978461086653,0.026239582147253672,0.1331116428218998,6.173361522198731
1420,2025,1420,0.26905442388979894,0.06541920839574089,0.2768934015858756,6.169014084507042
1421,2025,1421,-0.1897648047871176,-0.1313073134899312,0.23076458071341,6.164672765657987
1422,2025,1422,-0.12995632376489796,-0.14403433397255114,0.19399622534833863,6.160337552742616
1423,2025,1423,0.323935647404735,0.04363433687402292,0.32686122286677033,6.156008432888264
1424,2025,1424,-0.11040249269530807,-0.12707047584212436,0.1683318633654409,6.151685393258427
1425,2025,1425,-0.25295771309284804,-0.15617840506130518,0.2972865601076792,6.147368421052631
1426,2025,1426,0.2906059059345525,0.4010703912977513,0.49528703934160573,6.143057503506311
1427,2025,1427,0.25497180397423863,0.052781391617472154,0.2603776029595375,6.13875262789068
1428,2025,1428,-0.037530611685399666,-0.2801034219085184,0.28260657065670236,6.1344537815126055
1429,2025,1429,0.12148846542686868,-0.17903271468123688,0.21636117987732606,6.130160951714486
1430,2025,1430,0.10410001370686964,-0.11560224904600451,0.1555657187116265,6.125874125874126
1431,2025,1431,-0.28562537106333946,0.049483304322186075,0.28988006140766637,6.121593291404612
1432,2025,1432,-0.12688366539595866,0.04154093269825486,0.1335107247892638,6.11731843575419
1433,2025,1433,-0.07777175184573155,0.24582272933863988,0.25783184373667317,6.113049546406141
1434,2025,1434,0.08133242930115972,-0.031094305474309785,0.08707364635156745,6.108786610878661
1435,2025,1435,0.42370034818475005,-0.05702297061703091,0.4275202968630486,6.104529616724738
1436,2025,1436,0.028098028890837422,0.06299964921267806,0.06898155571216716,6.100278551532034
1437,2025,1437,-0.29113133104886696,-0.33048953094109235,0.44043249423713987,6.096033402922756
1438,2025,1438,-0.28928192475822634,0.164406320497094,0.33273633737723524,6.0917941585535464
1439,2025,1439,-0.11025291212555867,0.2380736659419338,0.2623638219099532,6.087560806115358
1440,2025,1440,0.26151718751598685,0.280222460810268,0.3832960564744099,6.083333333333333
1441,2025,1441,0.21625456133774226,0.12303078542007327,0.2488023501907879,6.07911172796669
1442,2025,1442,0.09779439990690492,-0.23874691524211972,0.25799967866410134,6.074895977808599
1443,2025,1443,0.004201449826062528,0.06070059440492815,0.06084582435757211,6.070686070686071
1444,2025,1444,-0.0827331117900429,0.02410615185326509,0.08617351300507838,6.066481994459834
1445,2025,1445,-0.17177470669245296,0.13672445294743582,0.2195452707143878,6.062283737024221
1446,2025,1446,0.1409872005134607,-0.05046049401002023,0.14974529095887476,6.058091286307054
1447,2025,1447,0.25275295840595635,-0.00318216293939698,0.25277298934802345,6.053904630269523
1448,2025,1448,-0.25766363844335044,0.08762960538805052,0.27215712064234343,6.0497237569060776
1449,2025,1449,0.0073783243851290765,-0.30067927615571244,0.3007697903384836,6.045548654244306
1450,2025,1450,0.20192747893744178,0.24288209768763275,0.3158582278921601,6.041379310344827
1451,2025,1451,-0.3452549212739402,0.190730503659339,0.3944351476352225,6.037215713301172
1452,2025,1452,0.1090718698041892,-0.2437178911460666,0.2670113916058039,6.033057851239669
1453,2025,1453,0.2336785272176903,-0.13079666061917317,0.2677936155171665,6.0289057123193395
1454,2025,1454,0.06358085484422851,0.3402323334665032,0.3461221833959573,6.024759284731775
1455,2025,1455,-0.15123289764179862,-0.06287780400205553,0.1637834166368978,6.020618556701031
1456,2025,1456,0.06338498965630371,-0.04865379200631993,0.079905246325407,6.016483516483516
1457,2025,1457,-0.003770894907836568,0.224376918530237,0.22440860326095025,6.012354152367879
1458,2025,1458,-0.04685324690275535,-0.04488832274048838,0.0648859635343793,6.008230452674897
1459,2025,1459,0.4595369314463325,0.0954385868703459,0.469342854666948,6.004112405757368
1460,2025,1460,0.8690574175228308,0.449142448270121,0.9782585209388827,6.0
1461,2025,1461,0.3390653286711705,-0.33925578750558255,0.4796454799775787,5.9958932238193015
1462,2025,1462,-0.689621049671008,-0.261990383954229,0.7377100741035243,5.991792065663475
1463,2025,1463,-0.13908701240161522,-0.07976984547435124,0.16033847094758308,5.9876965140123035
1464,2025,1464,0.44486822316716207,0.1303072072394184,0.4635598173293762,5.983606557377049
1465,2025,1465,0.2003759196877924,0.027119543328430872,0.20220281605623416,5.979522184300341
1466,2025,1466,-0.05512476727451799,-0.06365914767032455,0.08420942375519475,5.975443383356071
1467,2025,1467,-0.04850101780530379,0.045381786218180724,0.06642179799209784,5.971370143149284
1468,2025,1468,-0.26300070311058615,0.17409739930008325,0.31540335172555684,5.967302452316076
1469,2025,1469,-0.0880785952407293,-0.16355952993040365,0.1857674857735735,5.963240299523485
1470,2025,1470,0.1870487032709552,0.09231578106392443,0.20858911963184532,5.959183673469388
1471,2025,1471,-0.17389008298516614,0.2752103402030832,0.3255433800821095,5.955132562882393
1472,2025,1472,0.02376470955012666,-0.07001813167069407,0.07394119408460033,5.951086956521739
1473,2025,1473,0.10482436324874632,-0.012648324514070582,0.10558469227837128,5.94704684317719
1474,2025,1474,-0.24452345971727155,0.1588620007484846,0.2915970809763288,5.943012211668928
1475,2025,1475,-0.042583082261383985,-0.15684035858818787,0.1625183588920069,5.938983050847457
1476,2025,1476,0.019229436174181512,0.026624462157296212,0.03284255167830628,5.934959349593496
1477,2025,1477,0.06776509668627285,0.17511333111931462,0.18776790744054916,5.930941096817874
1478,2025,1478,-0.024258945633316147,0.019551622446470754,0.031157059930768942,5.926928281461435
1479,2025,1479,-0.12262651299407336,-0.15017144246827793,0.1938781158926632,5.922920892494929
1480,2025,1480,0.059457146506614454,-0.08048969267901672,0.10006869089915972,5.918918918918919
1481,2025,1481,0.011563753562402993,0.08975773508681856,0.09049956576894437,5.914922349763673
1482,2025,1482,-0.2738743336061284,-0.1709842445524274,0.3228664778098916,5.910931174089069
1483,2025,1483,0.0011794627973636456,-0.026959001261138486,0.026984789817384745,5.9069453809844905
1484,2025,1484,0.15101892406323633,0.29000685366014756,0.32697200276946614,5.902964959568733
1485,2025,1485,0.06812098767947074,0.05579047015215346,0.08805138001317714,5.898989898989899
1486,2025,1486,-0.1639847481468846,-0.06900929447647602,0.1779136879189967,5.895020188425303
1487,2025,1487,-0.028870464757025264,-0.26280681200580064,0.2643878290919211,5.891055817081372
1488,2025,1488,-0.10001915856860683,0.03793727627426249,0.10697228151199653,5.887096774193548
1489,2025,1489,-0.002784388237688959,0.0786983291986248,0.0787475703530801,5.8831430490261925
1490,2025,1490,0.09490749398432105,0.1680797973450592,0.19302396403022115,5.879194630872483
1491,2025,1491,-0.10270576935501315,0.12486456864591282,0.1616775666625863,5.875251509054326
1492,2025,1492,-0.04940646753956852,-0.007527518272307344,0.049976620194630596,5.871313672922252
1493,2025,1493,0.2929813578433846,0.036770588265443264,0.29527978631315105,5.867381111855325
1494,2025,1494,0.10947050016804266,-0.1609371985311645,0.1946395958639991,5.863453815261044
1495,2025,1495,-0.0797214946183747,-0.1489241864317256,0.16891989228193025,5.8595317725752505
1496,2025,1496,-0.2502462074108829,0.13552713616858217,0.2845887716716667,5.855614973262032
1497,2025,1497,-0.020862271362096358,0.07499168427158132,0.07783949560649968,5.851703406813627
1498,2025,1498,0.11877567758834429,-0.15732839571143914,0.19712910917392562,5.847797062750334
1499,2025,1499,-0.0565121163033316,0.0945586360358121,0.1101587714983898,5.8438959306204135
1500,2025,1500,-0.050905574117478834,0.014486708645080287,0.05292676264044094,5.84
1501,2025,1501,0.08776976035775758,-0.16381916441050937,0.18585007253540606,5.8361092604930045
1502,2025,1502,-0.06673345181405417,0.054271258820177214,0.08601583066474074,5.832223701731025
1503,2025,1503,-0.3589756604909942,-0.22435291882811056,0.42331756048106284,5.828343313373254
1504,2025,1504,-0.08065589760301967,0.1310127571089489,0.1538496549994092,5.824468085106383
1505,2025,1505,0.11218252411532673,0.39814970912379255,0.4136521601445428,5.820598006644518
1506,2025,1506,-0.018426038148203438,-0.13200494374799626,0.13328474802373566,5.816733067729084
1507,2025,1507,-0.007339570259433639,-0.16210782829467077,0.16227389588596075,5.812873258128732
1508,2025,1508,-0.10725788796264053,0.055698178360839526,0.12085752604998268,5.809018567639257
1509,2025,1509,0.06015885614588642,-0.198807908496041,0.2077105496919973,5.805168986083499
1510,2025,1510,-0.06769604651907199,0.00863780195640096,0.06824489971382743,5.801324503311259
1511,2025,1511,-0.18440692926881408,-0.07062386262212102,0.197468087381282,5.797485109199206
1512,2025,1512,-0.203931467329198,-0.0474661453299839,0.20938261226646043,5.7936507936507935
1513,2025,1513,-0.19379345795851138,0.0899021959965887,0.2136312458244963,5.789821546596166
1514,2025,1514,0.2934303034268518,-0.16325905920674283,0.3357899095896794,5.785997357992074
1515,2025,1515,-0.13025839743944925,0.17705278843364203,0.21980659679732434,5.782178217821782
1516,2025,1516,-0.21891680148134426,-0.11284519203451553,0.24628967362869475,5.778364116094987
1517,2025,1517,0.020021169658189057,-0.32139272848932576,0.32201573433653125,5.774555042847726
1518,2025,1518,-0.14107108238527463,0.048891540931978075,0.1493031582387199,5.770750988142293
1519,2025,1519,-0.07658929779711966,0.28213494773260894,0.29234577005514867,5.766951942067149
1520,2025,1520,-0.0833580545497192,-0.04044802517530948,0.09265315968112707,5.7631578947368425
1521,2025,1521,0.16126856400406503,-0.09267858466951588,0.1860023381365886,5.759368836291913
1522,2025,1522,0.12630902887922296,0.08490960015074678,0.1521959624108737,5.755584756898817
1523,2025,1523,-0.1365393247987928,-0.08192529593000027,0.15923172212134223,5.751805646749836
1524,2025,1524,0.2243930124200377,0.09525375900341701,0.24377346579810577,5.748031496062992
1525,2025,1525,0.09251953361199597,-0.10571374520428296,0.14048224095912376,5.744262295081967
1526,2025,1526,-0.1825448308906008,-0.27318772959269827,0.32856376989085584,5.740498034076015
1527,2025,1527,-0.004747351062680826,0.028511842364011074,0.02890436813186812,5.736738703339882
1528,2025,1528,0.053774978751563174,0.11457262115421382,0.1265647417643558,5.732984293193717
1529,2025,1529,0.13477452254564457,0.29164092609753933,0.32127651906486543,5.729234793982996
1530,2025,1530,0.11854016248450673,-0.2039346373169668,0.2358836713709875,5.7254901960784315
1531,2025,1531,-0.08779129902706723,-0.27373787673079136,0.2874712808994002,5.721750489875898
1532,2025,1532,-0.20902461715446097,-0.07186582412138545,0.2210339052118812,5.718015665796345
1533,2025,1533,0.1220620538374202,-0.01014664569216773,0.12248305762762315,5.714285714285714
1534,2025,1534,-0.015636488570643092,0.07804753929032408,0.07959848091574696,5.710560625814863
1535,2025,1535,-0.06406448606083102,0.0618815369004774,0.0890706628660838,5.706840390879479
1536,2025,1536,-0.04845524702124608,0.06394498721355081,0.08023012123654777,5.703125
1537,2025,1537,-0.1394593850273611,-0.12397083952175918,0.18659498686711687,5.699414443721535
1538,2025,1538,0.1783439165087716,-0.09774651615411312,0.2033738773194679,5.695708712613784
1539,2025,1539,0.05933465708964596,-0.048152149812244645,0.07641486153548095,5.692007797270955
1540,2025,1540,0.010560873181755432,0.01814034331244757,0.02099057164192015,5.688311688311688
1541,2025,1541,-0.14307481657160934,0.04364716076795142,0.14958435005074244,5.684620376378975
1542,2025,1542,-0.22371538056057702,-0.02202684885605029,0.22479713870485782,5.680933852140078
1543,2025,1543,0.12274424223242689,0.004802300195515996,0.12283814997133644,5.677252106286455
1544,2025,1544,0.2500206554237687,-0.046306783955877784,0.2542727794689538,5.6735751295336785
1545,2025,1545,-0.036728014388171394,-0.11827275438218914,0.12384422259454562,5.669902912621359
1546,2025,1546,-0.057625927185531625,-0.05684069121458453,0.08094202654828911,5.666235446313066
1547,2025,1547,-0.02018217376812911,-0.013801776844398048,0.024450136647256614,5.662572721396251
1548,2025,1548,-0.044009777955508436,0.11601106642897598,0.12407831434090903,5.658914728682171
1549,2025,1549,0.05985157903199239,0.13769670418006175,0.150141912385164,5.655261459005811
1550,2025,1550,0.07574823873627005,-0.09361176170675019,0.1204199219460316,5.651612903225806
1551,2025,1551,0.20013006679779247,-0.1236422989183456,0.2352434095108775,5.647969052224371
1552,2025,1552,0.36319808213359384,0.1692293346616504,0.4006886753772131,5.644329896907217
1553,2025,1553,-0.25168264194724527,-0.03507340536592774,0.25411473003646984,5.640695428203477
1554,2025,1554,0.016303257204174134,-0.10706977596446507,0.1083038924533472,5.637065637065637
1555,2025,1555,0.11939988893778951,0.16679016600104982,0.2051226290612867,5.633440514469453
1556,2025,1556,-0.007857633600438611,-0.04189526392619724,0.0426257615209918,5.629820051413882
1557,2025,1557,0.26503861652472155,-0.030372362452194632,0.26677321576624946,5.626204238921002
1558,2025,1558,0.2631010561333901,-0.02257127285871835,0.26406746883508386,5.622593068035943
1559,2025,1559,0.035544959587784294,-0.054120625445234244,0.06474941119948933,5.618986529826812
1560,2025,1560,-0.08900305436302304,0.08511607609436903,0.12315149246212834,5.615384615384615
1561,2025,1561,0.004146463221323558,-0.14202688165771965,0.1420873965932999,5.61178731582319
1562,2025,1562,-0.14290050157784095,-0.151116841186926,0.2079828191017545,5.60819462227913
1563,2025,1563,0.25790804301529835,0.21463936935012978,0.3355392935663458,5.604606525911708
1564,2025,1564,0.2607023717887666,0.24939900197315845,0.36078468487658366,5.601023017902813
1565,2025,1565,-0.20036551908686834,-0.1624706129505398,0.25795937918880624,5.597444089456869
1566,2025,1566,-0.10383972313110194,-0.024750191423026795,0.1067485834820321,5.593869731800766
1567,2025,1567,0.11651191848956664,0.03380433293736309,0.12131677573798075,5.590299936183791
1568,2025,1568,0.21552676451031766,0.09811424289996602,0.23680834208304288,5.586734693877551
1569,2025,1569,0.061889487261820336,0.0257115555050149,0.06701785374076435,5.583173996175908
1570,2025,1570,-0.09009996681164263,0.015307833124855258,0.09139110336590493,5.579617834394904
1571,2025,1571,0.020008935395616267,0.023096847281724113,0.030558498818188565,5.576066199872693
1572,2025,1572,-0.04506764446756512,-0.18383151014758836,0.18927524059157272,5.572519083969466
1573,2025,1573,0.025338590477536078,0.03286353905708294,0.041497667003636454,5.568976478067387
1574,2025,1574,0.06946499627866543,0.16389113219749243,0.17800474409681036,5.565438373570521
1575,2025,1575,0.07172383468202011,-0.0426983146772524,0.08347127971806481,5.561904761904762
1576,2025,1576,-0.06693703448903553,0.025005105840865554,0.07145503414245367,5.558375634517766
1577,2025,1577,-0.09998357774338801,-0.3516917872022963,0.3656279926426769,5.554850982878884
1578,2025,1578,-0.20594235624920199,0.021316500000635025,0.20704262186745584,5.551330798479087
1579,2025,1579,-0.1666337452968938,0.5891319871796015,0.612244480081165,5.547815072830906
1580,2025,1580,0.25694712197121655,-0.004066122230277077,0.2569792926274076,5.544303797468355
1581,2025,1581,0.08903028031281003,-0.0491052723038834,0.1016745719470511,5.540796963946869
1582,2025,1582,-0.09170279648202545,-0.003595610889378442,0.0917732602684006,5.537294563843236
1583,2025,1583,0.18928939788635912,-0.08344857223931702,0.20686744635384488,5.533796588755528
1584,2025,1584,-0.15166343856808592,0.00789451903424629,0.15186876581139933,5.53030303030303
1585,2025,1585,-0.09447105363681463,0.032967488488533876,0.10005815944984957,5.526813880126183
1586,2025,1586,-0.13799314591224196,0.1793039538928,0.22625652742042304,5.523329129886507
1587,2025,1587,-0.0322414941957398,0.048600530460483606,0.05832259861335328,5.519848771266541
1588,2025,1588,0.47369103970094906,0.21281423401270771,0.5193005866464832,5.516372795969773
1589,2025,1589,0.006414783511950945,-0.07652139701509242,0.07678980172292799,5.512901195720579
1590,2025,1590,-0.09695079360844815,-0.3688813731427338,0.38140912919459163,5.509433962264151
1591,2025,1591,-0.1565359632175424,0.023397337977104526,0.15827489758284047,5.5059710873664365
1592,2025,1592,-0.2702874586593705,-0.03606095622469251,0.27268242127496983,5.50251256281407
1593,2025,1593,0.028031246834078965,0.19636831354391873,0.198358930636248,5.499058380414312
1594,2025,1594,-0.0447760970067887,0.20272113929515198,0.20760722333359638,5.495608531994981
1595,2025,1595,-0.015602072002580113,0.05865561628197882,0.06069518903663151,5.492163009404389
1596,2025,1596,0.06362079771041662,-0.13062442516395206,0.14529399970653525,5.488721804511278
1597,2025,1597,-0.05234759940892464,-0.09890120808182741,0.11190049206291351,5.485284909204759
1598,2025,1598,-0.00745677024791987,0.15109121180022725,0.1512751060346394,5.481852315394243
1599,2025,1599,-0.18146490992720965,0.0826232992425011,0.1993893756262008,5.478424015009381
1600,2025,1600,-0.05986853821938587,-0.1294590868721136,0.14263203371714056,5.475
1601,2025,1601,0.09428116432791224,0.05300807156349994,0.10816096152451642,5.47158026233604
1602,2025,1602,0.046924476413563315,-0.00048227214106358655,0.04692695465406962,5.468164794007491
1603,2025,1603,0.00438820433675013,0.07634423376678447,0.07647024497632074,5.46475358702433
1604,2025,1604,-0.04426437357647062,-0.013158534578032755,0.04617880250026665,5.461346633416459
1605,2025,1605,0.053401420457028864,-0.17083440504853523,0.1789863281234502,5.457943925233645
1606,2025,1606,-0.10710497326977444,-0.2016714808821352,0.2283481147290525,5.454545454545454
1607,2025,1607,-0.2505796020838357,-0.19674052771052045,0.31858589457838127,5.451151213441195
1608,2025,1608,0.030531066605654106,0.03803662771342399,0.048774287036188455,5.447761194029851
1609,2025,1609,-0.11844555611186065,0.2469428637713285,0.27387976874941466,5.444375388440025
1610,2025,1610,-0.2737220371384958,-0.13993617314570064,0.3074180966857865,5.440993788819876
1611,2025,1611,0.0970466597646093,0.006823190523966325,0.09728622770153122,5.437616387337058
1612,2025,1612,0.11932646448564113,0.07487090551647442,0.14087035749049484,5.4342431761786605
1613,2025,1613,0.07172304360444609,-0.13917080256973677,0.15656534505371847,5.430874147551147
1614,2025,1614,0.00748499458508131,-0.25363036344717044,0.2537407858549399,5.4275092936802976
1615,2025,1615,-0.36327058220066216,0.01663142461497135,0.36365109676327323,5.424148606811145
1616,2025,1616,-0.19714875157556852,0.10270185196481095,0.22229552547185283,5.420792079207921
1617,2025,1617,0.27207500518618594,0.10987614303687701,0.29342388324014007,5.417439703153989
1618,2025,1618,0.1474158127416443,-0.20812016990125048,0.255040049729459,5.414091470951792
1619,2025,1619,0.12120744309047132,-0.05816044877918812,0.13443913887974146,5.410747374922792
1620,2025,1620,0.01592136170531742,0.06744555041696637,0.06929929313924567,5.407407407407407
1621,2025,1621,-0.11103563494863651,-0.48922536451510396,0.5016675886614395,5.40407156076496
1622,2025,1622,-0.06453704600170093,-0.012374035826363884,0.06571260966707836,5.400739827373613
1623,2025,1623,-0.19345230243369516,0.1838124501145392,0.2668535368587192,5.397412199630314
1624,2025,1624,-0.03999574345755894,-0.14104897602586366,0.1466099353136326,5.394088669950739
1625,2025,1625,0.16667164442115928,0.06641642977348784,0.1794173324902307,5.390769230769231
1626,2025,1626,0.033950002777500085,-0.04764827583371485,0.05850607556927775,5.387453874538745
1627,2025,1627,-0.09925818604725153,0.021464678188796642,0.10155254751673835,5.384142593730793
1628,2025,1628,0.08657632609600602,-0.037388873889645444,0.09430476197423852,5.380835380835381
1629,2025,1629,-0.09717618200976696,-0.15636734458489232,0.18410311459213777,5.377532228360957
1630,2025,1630,-0.12991469432540817,0.027021768110792974,0.13269515346649896,5.374233128834356
1631,2025,1631,0.12490256748181594,-0.08759451371795828,0.15255638366530314,5.370938074800736
1632,2025,1632,0.06601796218949016,-0.022975526023548323,0.0699016890190194,5.367647058823529
1633,2025,1633,-0.10384497866139719,0.19651154087744566,0.22226237938799726,5.364360073484384
1634,2025,1634,0.012381805890825253,-0.10156825673702616,0.10232018321776273,5.361077111383109
1635,2025,1635,0.10847275827898123,-0.10647186946904753,0.1519953889987594,5.3577981651376145
1636,2025,1636,0.043237980156988085,-0.04520540111273258,0.06255438607978772,5.354523227383863
1637,2025,1637,-0.030570715977332467,-0.23983849367810745,0.24177897287636557,5.351252290775809
1638,2025,1638,0.017147689089209963,0.08739487799394906,0.0890612594828832,5.347985347985348
1639,2025,1639,-0.11912250441725827,0.1522378897699823,0.19330428381248305,5.344722391702257
1640,2025,1640,-0.08167259974372272,-0.047019620628957495,0.09424042801785984,5.341463414634147
1641,2025,1641,0.03404460288464716,0.002120184634394628,0.0341105580203146,5.338208409506398
1642,2025,1642,0.2626959678202282,-0.11129797370377802,0.28530056161804734,5.33495736906212
1643,2025,1643,0.12567074362237654,0.031756894213465545,0.1296211253333589,5.331710286062082
1644,2025,1644,-0.1506530406415287,0.0021361550491993423,0.15066818447479985,5.328467153284672
1645,2025,1645,0.04814346947745616,-0.1711692466414598,0.17781086763505669,5.325227963525836
1646,2025,1646,-0.06227531623194649,0.1651659565302472,0.17651631145120966,5.321992709599028
1647,2025,1647,-0.054552122465331254,-0.06206498125117603,0.08263168861388064,5.318761384335155
1648,2025,1648,0.13485768345682714,0.01729090048753132,0.13596164910375094,5.315533980582524
1649,2025,1649,-0.003315883025613408,0.19543923261055293,0.19546735973978205,5.312310491206792
1650,2025,1650,0.20209696329904023,-0.1696354891038606,0.2638548497530406,5.3090909090909095
1651,2025,1651,0.037202006034191167,0.0007817903927999996,0.037210219687422844,5.305875227135069
1652,2025,1652,-0.13275449517279228,-0.041423590046699404,0.13906714134165535,5.302663438256658
1653,2025,1653,0.19013175568081994,-0.023074616382780525,0.1915268191128425,5.2994555353902
1654,2025,1654,0.06778006306100333,0.024745825013996046,0.07215603096191545,5.296251511487304
1655,2025,1655,-0.05119385153153195,-0.1825205141550682,0.18956410135377158,5.293051359516617
1656,2025,1656,0.03690409642396185,0.030330286309701783,0.04776859429057503,5.2898550724637685
1657,2025,1657,-0.05023275565215089,0.19182942264262018,0.1982973956758124,5.286662643331321
1658,2025,1658,0.06600200520756215,0.052392293901048215,0.0842687198884193,5.283474065138721
1659,2025,1659,0.18433319429962228,-0.06537261940896413,0.19558196718790713,5.280289330922242
1660,2025,1660,0.03460427294573272,-0.03515767902393181,0.04933070139834406,5.27710843373494
1661,2025,1661,-0.10141049802275028,-0.005710108783401635,0.10157113001015848,5.273931366646599
1662,2025,1662,0.0620289888976936,0.01964900910181384,0.06506672745999571,5.270758122743683
1663,2025,1663,-0.1174136654101509,0.11831906660266034,0.16668944281738912,5.267588695129285
1664,2025,1664,-0.06821606637439842,0.05107083869249954,0.08521538755618986,5.264423076923077
1665,2025,1665,0.24814612619648177,-0.016227969740203803,0.24867618894499977,5.261261261261262
1666,2025,1666,0.0927882743254353,0.024442869948866873,0.09595372709608238,5.258103241296519
1667,2025,1667,-0.002769070523412277,-0.17943515385669626,0.1794565189430016,5.254949010197961
1668,2025,1668,-0.05957243371350369,-0.10479037152957665,0.12054002166855829,5.251798561151079
1669,2025,1669,-0.14312132483827056,-0.026920119224949073,0.14563106276666127,5.248651887357699
1670,2025,1670,-0.014438207069663433,0.16397299107535798,0.16460742275361068,5.245508982035928
1671,2025,1671,-0.07088283418147592,0.034705070522934485,0.0789228617169985,5.242369838420108
1672,2025,1672,0.09459392293898757,-0.15903785474358123,0.1850433719386554,5.239234449760765
1673,2025,1673,0.04017536694400602,0.1689051031148294,0.1736173780683163,5.236102809324566
1674,2025,1674,-0.02420902055918674,-0.026608037320843696,0.03597310559991363,5.232974910394265
1675,2025,1675,-0.05393548700872465,-0.24746375928648667,0.2532732692549068,5.2298507462686565
1676,2025,1676,0.025901126775935538,0.04030946621859215,0.047913687346006956,5.22673031026253
1677,2025,1677,0.06333749738450935,0.2926681208656504,0.29944326264914306,5.2236135957066185
1678,2025,1678,-0.0351736979384993,0.07864190874834925,0.08614951444002734,5.2205005959475566
1679,2025,1679,0.1229699594015936,-0.12775094205287726,0.17731867953102737,5.217391304347826
1680,2025,1680,0.12192708415012884,-0.21917128161602814,0.2508032386843617,5.214285714285714
1681,2025,1681,-0.14185659290949623,-0.02373331811903022,0.14382824250066334,5.211183819155265
1682,2025,1682,-0.04045570736038344,0.08297392674040778,0.09231108696549695,5.20808561236623
1683,2025,1683,0.14496223042887424,0.09796063677146548,0.17495809386131592,5.204991087344029
1684,2025,1684,-0.20803848406628794,-0.03465495834604568,0.21090513742098677,5.201900237529691
1685,2025,1685,-0.035937230822455694,-0.08114591534020567,0.08874764298608885,5.198813056379822
1686,2025,1686,0.274125917856317,0.019055813007580687,0.27478745031378005,5.195729537366548
1687,2025,1687,-0.0704335261588419,-0.09873068395002031,0.12127913901577246,5.192649673977475
1688,2025,1688,-0.29147963891542045,-0.129693048270265,0.31903082401532484,5.18957345971564
1689,2025,1689,0.11797219452978484,0.12923270989215718,0.17498151899056041,5.186500888099467
1690,2025,1690,0.07960518289810589,0.040368014915211164,0.0892555979893452,5.183431952662722
1691,2025,1691,-0.17648553644563775,0.01578928271432009,0.17719042305705254,5.1803666469544645
1692,2025,1692,0.05585292561680117,-0.1314786772240051,0.1428502427877882,5.177304964539007
1693,2025,1693,0.2826254351281386,-0.05041023090449027,0.28708592435229857,5.174246898995865
1694,2025,1694,-0.003971079928868345,0.10705027205762718,0.10712390127050758,5.1711924439197166
1695,2025,1695,-0.07667880846646337,-0.06428379078171427,0.10006020899990059,5.168141592920354
1696,2025,1696,-0.026951819909927052,-0.11487622692002133,0.11799554274563669,5.165094339622642
1697,2025,1697,0.14846860265672765,0.020339665154639964,0.14985535677260306,5.16205067766647
1698,2025,1698,0.05203413050615254,0.026855206646781964,0.05855555363560896,5.159010600706714
1699,2025,1699,-0.10366752525658554,-0.19624145476088778,0.22194067756834113,5.155974102413184
1700,2025,1700,0.1687229421700645,0.008482654944149272,0.16893604307377522,5.152941176470589
1701,2025,1701,-0.13568170554666092,0.05244432279081717,0.14546453936626005,5.149911816578483
1702,2025,1702,-0.1554141187418134,0.08228847272991825,0.17585488633676624,5.146886016451234
1703,2025,1703,-0.03411375647472149,0.1326263585052015,0.13694341660396397,5.143863769817968
1704,2025,1704,0.23700688810544301,-0.20059807527232326,0.3105025810076088,5.140845070422535
1705,2025,1705,0.21599950274911878,-0.13854582854286093,0.2566139742775019,5.13782991202346
1706,2025,1706,-0.20341652952420514,-0.024595060104956958,0.20489802699205834,5.1348182883939035
1707,2025,1707,-0.09084876605059063,0.25464352096082726,0.27036423776128793,5.131810193321617
1708,2025,1708,0.030853538075902662,-0.005309251145845546,0.03130701134779297,5.128805620608899
1709,2025,1709,0.07117629301909019,-0.27478503580718555,0.2838536252921488,5.125804564072557
1710,2025,1710,0.21379317651333135,0.12756359966811795,0.2489578162740594,5.12280701754386
1711,2025,1711,0.1811388077780095,-0.02844989842969325,0.1833593859171069,5.1198129748684975
1712,2025,1712,0.14689834196704832,-0.20544062101301955,0.2525568681205938,5.116822429906542
1713,2025,1713,-0.08839124187280491,-0.06783966401922915,0.11142365841264859,5.113835376532399
1714,2025,1714,-0.06461182159857894,-0.02632039093714084,0.06976711595996009,5.110851808634773
1715,2025,1715,-0.03081124195100579,-0.06298385944213958,0.07011632606455229,5.107871720116618
1716,2025,1716,0.03382829908328337,0.017642749504703095,0.03815259400032679,5.104895104895105
1717,2025,1717,0.2213886199052391,0.016397412413822126,0.22199503633508427,5.101921956901572
1718,2025,1718,0.13770842359419386,0.06262342340486148,0.15127889174548603,5.09895227008149
1719,2025,1719,-0.05850957648543927,-0.005001367937347835,0.05872294459366117,5.0959860383944156
1720,2025,1720,-0.052895853265913895,-0.08092670281889468,0.09668041436540696,5.093023255813954
1721,2025,1721,-0.03541581660403841,-0.016337096755962108,0.03900231783041298,5.090063916327717
1722,2025,1722,0.01734895656882902,0.06734527100977973,0.06954402793488305,5.087108013937282
1723,2025,1723,0.12545492215196113,0.33704178436902554,0.35963328809053724,5.084155542658154
1724,2025,1724,0.15477605715397857,0.054320751193321797,0.1640316185323379,5.081206496519721
1725,2025,1725,0.11874314339161138,-0.14359989892916236,0.1863353564812283,5.078260869565217
1726,2025,1726,-0.01788225088944804,-0.020129364374636898,0.026925196508104935,5.07531865585168
1727,2025,1727,0.02501110120745207,0.08452974828744386,0.08815233138804685,5.072379849449913
1728,2025,1728,0.0953941258825052,-0.04962651811182072,0.10753060286630091,5.069444444444445
1729,2025,1729,-0.004510217042063565,-0.06386325363575007,0.06402231816101839,5.066512434933488
1730,2025,1730,0.0297871754349613,0.04218780358686242,0.051643843697742366,5.063583815028902
1731,2025,1731,0.005022492569297662,0.07378238345055087,0.07395313069270816,5.0606585788561524
1732,2025,1732,0.03153184639787119,0.021265470622835132,0.03803258573998889,5.0577367205542725
1733,2025,1733,0.026914214465288824,0.026063857281689307,0.037465979190244456,5.054818234275822
1734,2025,1734,0.10753046526882162,-0.14337007357809128,0.17921433803888728,5.051903114186851
1735,2025,1735,0.06687333087323484,0.0727658464994834,0.09882768235098668,5.0489913544668585
1736,2025,1736,-0.08920014095167556,-0.10183250947208415,0.13537549679015362,5.046082949308755
1737,2025,1737,-0.12985708887197298,0.06015335822455495,0.14311285768929052,5.043177892918825
1738,2025,1738,-0.20550818817063435,0.08548308050201363,0.2225780143169819,5.0402761795166855
1739,2025,1739,0.19374026003065375,-0.008567681776836755,0.1939296097241844,5.03737780333525
1740,2025,1740,0.12447399811251975,0.20074977546368175,0.236208062002198,5.0344827586206895
1741,2025,1741,-0.03625568539326471,-0.08694851547404742,0.09420466584238836,5.031591039632395
1742,2025,1742,0.07106616357513497,-0.14010212779398093,0.15709553086478562,5.02870264064294
1743,2025,1743,-0.0793273256724287,0.08434727234860287,0.11578983958443397,5.025817555938038
1744,2025,1744,-0.22431078073913774,0.03347957707038865,0.22679552120051583,5.022935779816514
1745,2025,1745,-0.0026157856154240466,-0.03396603435233939,0.034066608636759824,5.020057306590258
1746,2025,1746,0.0031472973672378624,0.04007560509241781,0.04019900004031502,5.017182130584192
1747,2025,1747,-0.06829942962317088,0.15852968950434543,0.1726165534970347,5.014310246136233
1748,2025,1748,0.1690484549868772,-0.006545321412621178,0.16917512041031557,5.011441647597254
1749,2025,1749,0.05832443119415188,-0.25402371237429555,0.26063343170541303,5.008576329331047
1750,2025,1750,-0.18986807005831852,-0.27508735883963936,0.3342498152894614,5.005714285714285
1751,2025,1751,-0.17563183271066168,0.059831067904010715,0.1855432492650708,5.002855511136493
1752,2025,1752,-0.09788276857384921,0.15240008971263636,0.18112654065073217,5.0
1753,2025,1753,-0.06681436060632814,0.0679219416753698,0.09527617196437307,4.997147746719909
1754,2025,1754,0.13910943702297057,0.013810582533446168,0.1397933033401849,4.994298745724059
1755,2025,1755,0.2115510694931512,-0.11175722044904891,0.2392562043630079,4.9914529914529915
1756,2025,1756,-0.07638972880521909,-0.08420572410821482,0.1136925443444895,4.988610478359909
1757,2025,1757,-0.13100370151398816,-0.06662057386287563,0.14697030540957914,4.985771200910643
1758,2025,1758,0.005705661062368565,0.048813561218056946,0.049145888199803874,4.982935153583618
1759,2025,1759,-0.1437103359694644,-0.0674625674581501,0.15875723187465124,4.980102330869812
1760,2025,1760,0.09066992060857021,-0.08348815643659693,0.12325301930722066,4.9772727272727275
1761,2025,1761,0.043698680045646164,0.08483919195396693,0.09543198168923142,4.974446337308348
1762,2025,1762,-0.11690550538396695,-0.1164776125677914,0.16502706268540698,4.971623155505108
1763,2025,1763,0.15110797223876338,0.15741030749844168,0.2182008803393443,4.968803176403857
1764,2025,1764,0.008687046646431372,-0.1484543754920898,0.14870832653951718,4.965986394557823
1765,2025,1765,-0.05968903755039566,-0.23115693173891982,0.2387389961749948,4.963172804532578
1766,2025,1766,0.014544107109311094,-0.06806816235282133,0.06960463905299097,4.9603624009060026
1767,2025,1767,-0.19716923668347672,-0.0859060798429586,0.21507106371692505,4.957555178268251
1768,2025,1768,0.07010090920666984,0.09007044583988812,0.11413510715550226,4.95475113122172
1769,2025,1769,0.08103174847304032,0.1252511976872128,0.14917776906321978,4.951950254381006
1770,2025,1770,-0.05333445109397382,-0.29639597591576766,0.3011563351692204,4.9491525423728815
1771,2025,1771,0.015312625924659437,-0.10032975324374974,0.10149155579978199,4.946357989836251
1772,2025,1772,0.09026048458976862,-0.15413653388128062,0.17861978097432274,4.943566591422122
1773,2025,1773,0.12189415953635735,0.09050154142478621,0.15181803295174534,4.94077834179357
1774,2025,1774,-0.12671010922383236,-0.18339712677114348,0.22291244444271477,4.937993235625704
1775,2025,1775,-0.11759395080436134,-0.2582238796181713,0.2837391570982729,4.9352112676056334
1776,2025,1776,-0.002780034482641913,0.19040110965703688,0.19042140412872618,4.9324324324324325
1777,2025,1777,0.11589908420019956,0.09681323024424043,0.151014566412546,4.929656724817107
1778,2025,1778,0.07548297200286944,-0.14404807769453357,0.1626269588656086,4.926884139482564
1779,2025,1779,0.11017143180241472,-0.26821782602128486,0.2899630089873161,4.924114671163575
1780,2025,1780,0.13595340569367026,-0.05705970618264534,0.14744198380840345,4.921348314606742
1781,2025,1781,-0.14663463236098712,0.2386594160517455,0.28010717998259527,4.918585064570466
1782,2025,1782,-0.15482071309058135,-0.10601019594790485,0.18763692293040113,4.915824915824916
1783,2025,1783,0.23574776720075713,-0.1635576037801144,0.2869287359161422,4.913067863151991
1784,2025,1784,0.0036486320301638534,0.013613391807342272,0.014093862216998976,4.910313901345291
1785,2025,1785,0.11570309799592242,-0.09991396430495182,0.15287251927336454,4.907563025210084
1786,2025,1786,0.14278106889773112,0.11274311314643749,0.1819270271222202,4.90481522956327
1787,2025,1787,0.024213479561543877,0.10078529822204071,0.10365311828489766,4.902070509233352
1788,2025,1788,0.22725140827283738,-0.2167506899093425,0.3140446849385669,4.899328859060403
1789,2025,1789,-0.07691513789644024,-0.23136500748975353,0.24381489931577627,4.896590273896031
1790,2025,1790,0.0042861287566969275,-0.07488033577071375,0.0750029038428101,4.893854748603352
1791,2025,1791,0.1171361294171827,-0.014851630084988719,0.11807389097942152,4.891122278056951
1792,2025,1792,-0.07270051294209855,0.0676075883564553,0.09927814757246506,4.888392857142857
1793,2025,1793,0.012285800412855197,0.23880834950626878,0.23912417001569025,4.8856664807585055
1794,2025,1794,0.20416619671875183,0.0868035990910502,0.22185288075154633,4.882943143812709
1795,2025,1795,0.026036173695396757,-0.2830616409697377,0.2842565301434209,4.880222841225627
1796,2025,1796,0.2477509745158615,-0.10564681698231315,0.2693358411204373,4.877505567928731
1797,2025,1797,0.09153907427168774,0.30771783184154144,0.3210446482216714,4.874791318864775
1798,2025,1798,-0.10230433698684922,0.05227581446473987,0.11488663170391371,4.872080088987764
1799,2025,1799,-0.0013879120928444527,-0.04492705358056041,0.04494848655303101,4.869371873262923
1800,2025,1800,0.21103198765172299,0.23215468531219305,0.3137360319195746,4.866666666666666
1801,2025,1801,0.2775427114298091,0.15498341747292768,0.31788333765612514,4.863964464186563
1802,2025,1802,0.01586194918925173,-0.18775098617142252,0.18841983505041102,4.86126526082131
1803,2025,1803,0.2579138847761313,-0.10081318740831982,0.2769167216253662,4.858569051580699
1804,2025,1804,0.09924602636722042,0.11141122523736811,0.14920534460459042,4.855875831485587
1805,2025,1805,-0.24598969992095895,0.03540768842069932,0.24852492202292462,4.853185595567867
1806,2025,1806,0.08244157263129666,0.03644606348538279,0.09013838495059646,4.850498338870432
1807,2025,1807,0.35913869831421785,0.16303871995303798,0.3944137787029707,4.84781405644715
1808,2025,1808,0.1688373035636641,-0.0044300474418323245,0.1688954125930771,4.845132743362832
1809,2025,1809,-0.05090601306322236,-0.13976488018678165,0.14874691223557684,4.842454394693201
1810,2025,1810,0.1965929873879354,-0.0030012118774513943,0.19661589448171854,4.8397790055248615
1811,2025,1811,-0.006612360963928329,0.11595846773268338,0.11614684479756245,4.837106570955274
1812,2025,1812,-0.0963004512674636,0.1911209817767169,0.21401169731959346,4.8344370860927155
1813,2025,1813,0.1681203818061253,0.09839643798584963,0.19479815652859883,4.83177054605626
1814,2025,1814,0.2209903055328265,-0.12813201556620182,0.2554496595271746,4.829106945975744
1815,2025,1815,0.1500138999148396,0.03990054914413046,0.1552295847757852,4.8264462809917354
1816,2025,1816,-0.07131878598134372,0.16192856899819777,0.17693849409231674,4.823788546255507
1817,2025,1817,-0.06693267434599419,0.026565542785578444,0.07201188067672797,4.821133736929004
1818,2025,1818,0.09607171258074636,0.12651060277409715,0.15885435647933277,4.818481848184819
1819,2025,1819,0.19765858173448245,-0.010599349100569717,0.1979425702941205,4.815832875206158
1820,2025,1820,0.10106031382877297,-0.018291207574984904,0.10270226533879993,4.813186813186813
1821,2025,1821,-0.001624151993217876,0.12122847895047215,0.12123935820657473,4.810543657331137
1822,2025,1822,0.11986808363042696,-0.07979083496619602,0.14399630140331302,4.807903402854007
1823,2025,1823,0.03121505816886742,0.17526079166532907,0.1780188893113415,4.805266044980801
1824,2025,1824,-0.11799327087426227,-0.0683391236135862,0.13635485978827466,4.802631578947368
1825,2025,1825,0.3075329453845918,-0.36756324240240096,0.47924863031863585,4.8
1826,2025,1826,-0.23821967529562768,-0.10239720807308715,0.2592948166067293,4.7973713033953995
1827,2025,1827,-0.053502906901754035,0.30495054073353417,0.3096084516621157,4.794745484400657
1828,2025,1828,0.02875433300422269,0.05112660480806714,0.058657833114751215,4.792122538293216
1829,2025,1829,-0.2819400263494535,-0.2713299670830322,0.3912928947670911,4.789502460360853
1830,2025,1830,-0.12554074720896274,0.04059186404824011,0.131940056983069,4.786885245901639
1831,2025,1831,0.16814299451038273,0.3887634219921291,0.4235670724713488,4.7842708902239215
1832,2025,1832,0.04351552914946048,0.016412022201747964,0.04650758808956032,4.781659388646288
1833,2025,1833,-0.09528998287965226,-0.061095441594400404,0.11319378879081313,4.779050736497545
1834,2025,1834,-0.12212412166465306,-0.029340906479787397,0.12559932279044586,4.776444929116685
1835,2025,1835,0.11902541441515797,0.16785130947946203,0.2057695589018702,4.773841961852861
1836,2025,1836,-0.08358061084874006,0.2731797341730988,0.28567969068999893,4.771241830065359
1837,2025,1837,-0.014601474167014575,0.04471339654915526,0.04703712234833253,4.768644529123571
1838,2025,1838,0.2104756080262573,0.05361170667506812,0.2171962169712821,4.766050054406964
1839,2025,1839,-0.016786720401017374,-0.040555031405380554,0.043891964573408375,4.763458401305057
1840,2025,1840,-0.18987788597905808,-0.14580029955735993,0.2393978674401509,4.760869565217392
1841,2025,1841,-0.03204709033789586,0.19862305515878206,0.2011917842252358,4.758283541553504
1842,2025,1842,0.02402043879666873,0.11431618046118995,0.11681254468258045,4.755700325732899
1843,2025,1843,0.0005747312621387802,-0.030157196976869156,0.030162673050069116,4.753119913185024
1844,2025,1844,-0.04133315604008208,-0.011497093137403701,0.04290236518939147,4.750542299349241
1845,2025,1845,-0.09660230613627853,-0.09561500776831955,0.13591995902509346,4.747967479674797
1846,2025,1846,-0.04722313643069548,-0.05876614614884943,0.0753888887538476,4.745395449620802
1847,2025,1847,-0.07059508074068283,-0.013850730210449226,0.07194100466455955,4.7428262046561995
1848,2025,1848,-0.014582647061420477,0.006724833552772393,0.016058548553043287,4.740259740259741
1849,2025,1849,-0.22442236458129844,0.08144261248649853,0.23874316085049893,4.737696051919957
1850,2025,1850,-0.039697396667905276,-0.11288275021569882,0.11965951110742877,4.735135135135135
1851,2025,1851,0.26944514035886613,0.1115447935878175,0.2916212006002956,4.73257698541329
1852,2025,1852,-0.02050535319563348,0.012882206275752369,0.024216125788587856,4.730021598272138
1853,2025,1853,-0.08200521116607722,-0.2236475430296296,0.23820805645817889,4.727468969239072
1854,2025,1854,0.013838490505999041,-0.1418980444482835,0.14257124127162416,4.724919093851133
1855,2025,1855,-0.03402046515480392,0.08676162419281909,0.09319319439704382,4.722371967654986
1856,2025,1856,-0.056972872869219274,0.19392833583713232,0.20212399086583413,4.719827586206897
1857,2025,1857,0.1414764102170555,-0.15498775223778366,0.20984941742026633,4.717285945072698
1858,2025,1858,0.04209749489300376,-0.28324022602141974,0.28635157536310396,4.714747039827772
1859,2025,1859,-0.13042167690029122,-0.11474363737168194,0.1737121645791336,4.71221086605702
1860,2025,1860,0.0533902013268356,-0.009030001630967505,0.05414844898217597,4.709677419354839
1861,2025,1861,0.04567780596744287,0.05064357203704609,0.06819995122190951,4.707146695325094
1862,2025,1862,-0.175897150118011,-0.05559775362407154,0.18447470728444335,4.704618689581095
1863,2025,1863,-0.18957088996815236,-0.2491567070852679,0.31307536953406495,4.702093397745571
1864,2025,1864,0.20163457785252198,-0.09559614626961548,0.22314821569388912,4.6995708154506435
1865,2025,1865,0.045055353442579146,0.1540152415182818,0.1604701825691315,4.697050938337801
1866,2025,1866,-0.12535426490669296,-0.0611402259436555,0.1394697779403789,4.694533762057878
1867,2025,1867,0.07127897127410214,-0.10079221570981943,0.12344943294154513,4.692019282271023
1868,2025,1868,-0.09502894219641225,0.040134822376178096,0.10315669547894808,4.689507494646681
1869,2025,1869,0.0629455195212501,0.03347001412026485,0.0712908147871155,4.686998394863563
1870,2025,1870,0.060193031205124516,-0.24821391778473142,0.255408202663318,4.684491978609626
1871,2025,1871,0.07057616804242889,-0.06967214998672622,0.09917259691732407,4.681988241582042
1872,2025,1872,0.2744679801532637,0.2854296654652196,0.395983290123459,4.67948717948718
1873,2025,1873,-0.0588637609431975,-0.022004839505604747,0.06284230512994671,4.6769887880405765
1874,2025,1874,-0.2719653525500241,-0.4606139070318034,0.5349115107555283,4.674493062966915
1875,2025,1875,0.16681359865547185,0.17909317000381172,0.2447470944432294,4.672
1876,2025,1876,0.13187996773285351,0.2188459769206781,0.2555110320584699,4.669509594882729
1877,2025,1877,0.09043310773325355,-0.1106593614503528,0.14291130553911424,4.667021843367075
1878,2025,1878,0.08070626743900666,-0.05673787368207674,0.09865438618682781,4.664536741214057
1879,2025,1879,-0.03941633092350328,-0.18393512881296503,0.18811108089347942,4.6620542841937205
1880,2025,1880,0.0907446369921503,0.23771474499192605,0.2544462401557814,4.659574468085107
1881,2025,1881,0.03793194506889857,-0.005161909587379555,0.03828155910223902,4.657097288676236
1882,2025,1882,-0.038477189998566426,-0.18750319579928357,0.1914104035446617,4.654622741764081
1883,2025,1883,0.12990217314580252,0.17230260401571637,0.21578406321737206,4.652150823154541
1884,2025,1884,0.3793566560860246,0.054801953242124946,0.3832945689622048,4.649681528662421
1885,2025,1885,0.07258584546979048,-0.1350142365390407,0.15328910277897884,4.647214854111406
1886,2025,1886,-0.13317368803327004,-0.07131019194688547,0.15106414088023795,4.644750795334041
1887,2025,1887,0.08795923864478113,0.07903504855658644,0.11825128567297497,4.642289348171701
1888,2025,1888,0.21828910937920445,-0.12346753813562475,0.250787496193168,4.639830508474576
1889,2025,1889,0.21857258670196036,-0.08065762351944153,0.23297988730658695,4.637374272101641
1890,2025,1890,0.055092318968943156,-0.037794164721031934,0.06680989819133291,4.634920634920635
1891,2025,1891,0.037404890322765075,0.12765965776369947,0.1330267418243526,4.632469592808038
1892,2025,1892,0.07162169128162374,0.007432909220944953,0.07200635250814352,4.630021141649048
1893,2025,1893,0.21206245722547884,-0.1181432577475084,0.24275155018187267,4.627575277337559
1894,2025,1894,0.16936600028787352,-0.17419216685964173,0.24295627806000247,4.625131995776135
1895,2025,1895,-0.08629715248488755,0.023188770263941682,0.08935836610723027,4.62269129287599
1896,2025,1896,0.11514131531192211,0.3688473826594037,0.38640123471134513,4.620253164556962
1897,2025,1897,0.12806220453502304,0.062396318064718015,0.14245430403607864,4.617817606747496
1898,2025,1898,-0.01908909133297566,-0.23762402477819408,0.23838953534017907,4.615384615384615
1899,2025,1899,-0.03649447976763075,0.0767107819139608,0.08494934440807218,4.612954186413902
1900,2025,1900,0.14237312378132183,0.15157122384958413,0.20795177872408863,4.610526315789474
1901,2025,1901,0.16095102812942733,0.16937107435761264,0.23364886964197293,4.608100999473961
1902,2025,1902,0.05782819538973211,0.06620974631586139,0.08790808090979893,4.605678233438486
1903,2025,1903,0.08190918994137339,-0.016315960043770374,0.08351841682528408,4.6032580136626375
1904,2025,1904,-0.08067202922254768,0.13404513740064244,0.15644831465899753,4.600840336134453
1905,2025,1905,0.23317556728653577,0.048439222841788414,0.23815373918734556,4.5984251968503935
1906,2025,1906,0.14746837555524833,0.05449629999203026,0.1572156751145544,4.59601259181532
1907,2025,1907,-0.0743186699140341,0.10877098446720988,0.13173606856042566,4.593602517042475
1908,2025,1908,0.09045033242015925,0.13240523796246564,0.16035089545997072,4.591194968553459
1909,2025,1909,0.06053343468532151,-0.09119031011402905,0.10945304643313897,4.588789942378209
1910,2025,1910,-0.008937647478491179,0.08676534321547769,0.08722445944658769,4.5863874345549736
1911,2025,1911,0.09218501747775935,0.29021628689585627,0.304505452540661,4.583987441130298
1912,2025,1912,0.05452249688446357,-0.011863090423167076,0.05579816825761019,4.581589958158996
1913,2025,1913,0.04783170404579877,-0.19543481414039893,0.2012029783328695,4.57919498170413
1914,2025,1914,0.03769802828391624,0.07310320966080798,0.08225096108378915,4.576802507836991
1915,2025,1915,0.006052621920623757,0.267731962175393,0.2678003693096783,4.5744125326370755
1916,2025,1916,-0.06539128900268892,0.05212607580874117,0.08362504682600672,4.572025052192067
1917,2025,1917,0.24779968279248937,-0.2085912954867148,0.3239058680309517,4.569640062597809
1918,2025,1918,0.21112167413715274,0.12647380266795064,0.24610563596099505,4.56725755995829
1919,2025,1919,-0.3041193657148001,-0.11652809998176852,0.32567988376338713,4.564877540385617
1920,2025,1920,-0.03346167801588997,0.08960527231885204,0.0956493006925546,4.5625
1921,2025,1921,0.09751186018369831,0.21257715748323963,0.2338752033887714,4.560124934929724
1922,2025,1922,0.07240428198641144,-0.09345145561114676,0.11821824988473614,4.557752341311134
1923,2025,1923,-0.08685177088742507,0.07047090454979651,0.1118453329126804,4.555382215288612
1924,2025,1924,-0.011230996616460057,0.03337500082783593,0.035214002403262626,4.553014553014553
1925,2025,1925,0.15514132136882527,0.04728166163809621,0.1621862667531519,4.55064935064935
1926,2025,1926,-0.00348569564395655,-0.028867070484803095,0.02907675759944509,4.548286604361371
1927,2025,1927,-0.10225201885371206,0.1558017497683825,0.18635895629282098,4.545926310326933
1928,2025,1928,-0.1676690880333677,-0.06921361830410841,0.1813930760549807,4.54356846473029
1929,2025,1929,0.11376384130542196,0.04188259678013005,0.12122855893564104,4.541213063763608
1930,2025,1930,0.05207137941158471,0.36641160376995313,0.37009308549484454,4.538860103626943
1931,2025,1931,0.014515531318022723,-0.013744354033687442,0.01999019552800419,4.536509580528223
1932,2025,1932,-0.02463048914391415,-0.19791798614140707,0.19944470470217723,4.53416149068323
1933,2025,1933,-0.06345007192977704,-0.05857376438506824,0.08635275040281791,4.531815830315572
1934,2025,1934,0.059557981250123106,0.11807674056503667,0.13224700296435074,4.52947259565667
1935,2025,1935,-0.09426647852349568,0.24285442355639347,0.2605080421294683,4.5271317829457365
1936,2025,1936,-0.09812987231791438,0.028734812747609417,0.10225048315176978,4.524793388429752
1937,2025,1937,-0.0021849695349171958,-0.05121883364578804,0.051265417309365825,4.522457408363449
1938,2025,1938,-0.10222109951153328,-0.14969714526590636,0.1812688293284553,4.520123839009288
1939,2025,1939,0.1032447746939215,0.13435459051826787,0.16944214202768462,4.517792676637442
1940,2025,1940,-0.00595849434953748,0.22491081443067673,0.22498972888286206,4.515463917525773
1941,2025,1941,-0.060740065297253565,-0.009028691510775285,0.06140743279694546,4.513137557959815
1942,2025,1942,0.03376043345967311,-0.0489246928927935,0.05944234552942182,4.51081359423275
1943,2025,1943,-0.05687658669837183,-0.03720547509836853,0.06796464883858909,4.5084920226453935
1944,2025,1944,0.061128386876153705,-0.10939885523495697,0.12531875042785814,4.506172839506172
1945,2025,1945,-0.04312794575959932,-0.01936367873198245,0.04727548793485235,4.5038560411311055
1946,2025,1946,-0.03327579532829983,0.17110913444001885,0.17431469944770392,4.501541623843782
1947,2025,1947,0.11297200594921716,0.1502580571326645,0.18798978126875146,4.499229583975347
1948,2025,1948,0.007949058151576633,-0.15905596999734173,0.15925447911218202,4.496919917864476
1949,2025,1949,-0.03663920647926019,-0.1666493698100901,0.17062955168882682,4.494612621857363
1950,2025,1950,0.08260928326819424,-0.1269480190126846,0.1514598732778081,4.492307692307692
1951,2025,1951,-0.11251267868295167,0.07615229733954998,0.135861235289925,4.490005125576627
1952,2025,1952,-0.1511199635031452,0.0832799910984125,0.17254796517647955,4.487704918032787
1953,2025,1953,0.02157999835706865,0.012904337841297749,0.025143950847339697,4.485407066052227
1954,2025,1954,0.12068889969784985,0.08410695203055607,0.14710469023844183,4.483111566018423
1955,2025,1955,0.16316900132205595,0.06708435492351324,0.17642118259421397,4.4808184143222505
1956,2025,1956,-0.04912271330584332,-0.13058675084707871,0.13952039442076233,4.478527607361963
1957,2025,1957,-0.06396952588059589,-0.20349679502725965,0.21331442948791524,4.476239141543179
1958,2025,1958,0.08523300702643956,0.1326993630430047,0.15771425566126943,4.473953013278856
1959,2025,1959,-0.06944985975029003,0.15120183297297665,0.1663889338679796,4.47166921898928
1960,2025,1960,0.01751897067628719,0.19810608869825566,0.198879201307924,4.469387755102041
1961,2025,1961,0.059598639799326426,-0.02717068166411149,0.0654999527329779,4.4671086180520145
1962,2025,1962,0.2577533520827468,-0.1320376207336812,0.2896044264145558,4.464831804281346
1963,2025,1963,0.11600882888168404,-0.06623597229244214,0.13358612354591706,4.462557310239429
1964,2025,1964,-0.1584944360589575,0.020858410608307728,0.15986106328544086,4.460285132382892
1965,2025,1965,-0.06704953967216598,0.12857714744385018,0.1450093914718869,4.458015267175573
1966,2025,1966,0.10896955749141582,0.188232862268849,0.21749936758022645,4.455747711088504
1967,2025,1967,0.051245482339536935,-0.21431488157406747,0.22035645650699315,4.453482460599898
1968,2025,1968,0.17651181746863176,-0.2192294305470675,0.2814568615686444,4.451219512195122
1969,2025,1969,-0.12880139706172017,0.21861646945206945,0.25373797626831207,4.448958862366684
1970,2025,1970,-0.1025578726072741,0.07207163937954243,0.12534926579994266,4.446700507614213
1971,2025,1971,0.14471467009763217,0.02962352158321936,0.14771556712973072,4.444444444444445
1972,2025,1972,-0.0310836729809597,0.19849317623628737,0.20091225880557184,4.442190669371197
1973,2025,1973,-0.00902640122929778,-0.1379072504446306,0.1382023358860129,4.439939178915357
1974,2025,1974,0.10991582743282796,-0.11321340077266608,0.15779341949129413,4.437689969604863
1975,2025,1975,-0.028435306827519772,0.20056128043356616,0.20256701084709416,4.435443037974683
1976,2025,1976,0.09425035422229104,0.11368444625159922,0.14767289050655197,4.433198380566802
1977,2025,1977,-0.19454041263581184,-0.03448501695467554,0.19757324855069877,4.430955993930198
1978,2025,1978,0.09478625469994909,-0.08746819296558393,0.12897720287208994,4.4287158746208295
1979,2025,1979,0.28863113937813994,0.2661627835721909,0.39262012426468945,4.426478019201617
1980,2025,1980,-0.08648337848238578,-0.005569859641319178,0.08666255298657884,4.424242424242424
1981,2025,1981,0.1500771852568164,-0.22673283670068856,0.27190244716248857,4.42200908632004
1982,2025,1982,0.09114855166328652,-0.1048119728820408,0.13890143314502004,4.419778002018163
1983,2025,1983,-0.24615861923304364,0.07896091691814464,0.25851284730796786,4.417549167927382
1984,2025,1984,-0.11638194745114051,0.24330282241722098,0.2697054339250617,4.415322580645161
1985,2025,1985,0.3232100294077492,0.027676985221826815,0.32439287695744384,4.413098236775818
1986,2025,1986,0.05563388867285553,-0.05601407336484165,0.0789474887744097,4.410876132930514
1987,2025,1987,-0.023000837813787724,-0.023388381351037983,0.032803276091844066,4.408656265727227
1988,2025,1988,0.09427268306225212,-0.09536137735094681,0.13409373983160253,4.406438631790745
1989,2025,1989,-0.11638421639197946,0.09409169274830874,0.14966139271507944,4.40422322775264
1990,2025,1990,-0.08147404191958338,0.1940121427295575,0.2104251197771507,4.402010050251256
1991,2025,1991,0.0378880079334029,0.1837334997242915,0.18759930721113505,4.399799095931693
1992,2025,1992,0.24970747694669412,0.0014314097179127386,0.2497115795810525,4.397590361445783
1993,2025,1993,0.10964401078272817,-0.07472424851949959,0.13268580337521776,4.395383843452082
1994,2025,1994,-0.1459440088384616,0.25061577861272055,0.2900136586533488,4.393179538615848
1995,2025,1995,0.1400043456378396,0.15812464198868853,0.211198056812866,4.390977443609023
1996,2025,1996,0.13340800484412638,-0.09937801160790638,0.16635409507322513,4.38877755511022
1997,2025,1997,-0.09944910523039814,-0.09030179711720517,0.13432996349930154,4.386579869804707
1998,2025,1998,-0.09593001397486775,0.1508659871517204,0.17878230801866662,4.384384384384385
1999,2025,1999,0.11808881070702361,0.17448051916632115,0.21068559225240868,4.382191095547774
2000,2025,2000,0.143834520871454,0.07315480240271859,0.1613691250174628,4.38
2001,2025,2001,-0.045061420760047696,-0.14124731443578792,0.14826103829474688,4.377811094452774
2002,2025,2002,-0.04091542969804886,-0.040613316732552925,0.05764992526790162,4.375624375624375
2003,2025,2003,0.0513794430334954,0.17948273551573338,0.18669199102972492,4.373439840239641
2004,2025,2004,0.02059458821178471,0.06556504634641308,0.06872344844389196,4.37125748502994
2005,2025,2005,-0.11662209556744052,-0.04736249065032223,0.12587262885609043,4.369077306733167
2006,2025,2006,0.01731704620749563,0.010392176350197319,0.020195975308118674,4.366899302093719
2007,2025,2007,0.042054279480071545,0.10620935793192932,0.11423217644298231,4.364723467862481
2008,2025,2008,-0.04035278030903842,0.028938679033389078,0.04965676210615258,4.362549800796812
2009,2025,2009,0.11171358740273468,-0.04734499787083572,0.12133208328293832,4.360378297660527
2010,2025,2010,-0.02988853782815569,0.12844182180479935,0.1318735238099025,4.358208955223881
2011,2025,2011,-0.0025377667951562524,-0.034605626846271866,0.03469855428875978,4.35604177026355
2012,2025,2012,0.0946487570309557,-0.16616971644957615,0.19123483435932226,4.353876739562624
2013,2025,2013,-0.011360215981119479,0.09611551941152974,0.09678454204513152,4.351713859910581
2014,2025,2014,0.05393009091006667,0.2947777979257925,0.2996704938020215,4.349553128103277
2015,2025,2015,0.030844304734287092,-0.07644895838032137,0.08243672950801526,4.347394540942928
2016,2025,2016,0.06936934723424909,-0.253989348591877,0.2632920346949976,4.345238095238095
2017,2025,2017,0.10098209826713134,0.04134179805103097,0.10911704008322806,4.3430837878036685
2018,2025,2018,-0.07213630257896812,-0.07565190518069961,0.1045316072163535,4.340931615460852
2019,2025,2019,0.0044025140502698115,-0.017007475997565455,0.017568049686023435,4.338781575037147
2020,2025,2020,0.050104534963742266,0.2988965169049651,0.3030669764950529,4.336633663366337
2021,2025,2021,-0.024103300695564857,-0.09801558555788041,0.10093574251312065,4.334487877288471
2022,2025,2022,0.09915520627034177,-0.16673652066471603,0.1939918097598177,4.332344213649852
2023,2025,2023,0.03415604792572299,0.27385549389740527,0.27597729462348175,4.330202669303016
2024,2025,2024,0.021734321995199986,-0.021085048405248028,0.030281347705191166,4.32806324110672
2025,2025,2025,0.15622709108547395,-0.1000859235304844,0.18553731721133337,4.325925925925926
2026,2025,2026,0.08981477665121278,0.09279571224782909,0.12914231806998486,4.323790720631787
2027,2025,2027,-0.06382883657848341,-0.07012679387529501,0.09482556405416662,4.321657622101628
2028,2025,2028,-0.05982808101800612,0.08774799802703721,0.10620315643167123,4.319526627218935
2029,2025,2029,0.0008426176333371572,0.17086159080615063,0.1708636685117245,4.317397732873337
2030,2025,2030,0.14989027036401092,-0.013177366815701787,0.150468389191856,4.315270935960591
2031,2025,2031,0.00024219415555460033,-0.022748857755151054,0.022750146970362213,4.31314623338257
2032,2025,2032,0.06349084937698203,-0.023289903171932826,0.06762771284295091,4.311023622047244
2033,2025,2033,0.07226627335673638,0.1411591633239623,0.15858222994772023,4.308903098868667
2034,2025,2034,-0.2935998129813533,0.004247341034438005,0.29363053330426736,4.3067846607669615
2035,2025,2035,0.018543243893012092,-0.04703440381870656,0.0505577594109637,4.304668304668304
2036,2025,2036,0.07360586810108945,0.2258930349838999,0.2375825900043023,4.302554027504912
2037,2025,2037,0.003241463834007838,0.07426938333994869,0.07434008602015085,4.300441826215022
2038,2025,2038,0.18821369868577337,0.029067870866869502,0.1904451036118075,4.298331697742885
2039,2025,2039,0.07741565362851303,-0.061023591509652766,0.09857515989064826,4.296223639038744
2040,2025,2040,-0.08646597843369229,0.04940953842440916,0.09958748874135197,4.294117647058823
2041,2025,2041,-0.13501897386454312,-0.14026126826852825,0.19468781851911082,4.292013718765311
2042,2025,2042,0.18062764440078385,-0.23240190212195858,0.29434162130368247,4.289911851126346
2043,2025,2043,0.059366269077634516,0.23305065313229212,0.2404931617106525,4.2878120411160054
2044,2025,2044,-0.1318100473777476,0.3081741077737342,0.3351793091643057,4.285714285714286
2045,2025,2045,-0.02532537493195241,-0.07084818873092283,0.07523855701630928,4.28361858190709
2046,2025,2046,0.2883412849669392,-0.1276807798270317,0.31534596581155844,4.281524926686217
2047,2025,2047,0.05148044362193224,0.035450182731568795,0.06250561199774435,4.279433317049341
2048,2025,2048,-0.2211673312660786,-0.02731683645494006,0.22284792566516137,4.27734375
2049,2025,2049,0.11095786444050316,0.2573252972678839,0.28022840022953044,4.2752562225475845
2050,2025,2050,0.1565993361584246,0.11159648290879724,0.19229437610828026,4.273170731707317
2051,2025,2051,0.07361320860868194,-0.16679866388025122,0.18232031909225682,4.2710872745002435
2052,2025,2052,-0.12570073091904696,0.23088934041929784,0.26288887628205393,4.269005847953216
2053,2025,2053,-0.09327292283015604,0.14030195949546012,0.1684769360225487,4.26692644909888
2054,2025,2054,0.2967853706624606,-0.16585827008352472,0.33998606147069255,4.264849074975658
2055,2025,2055,0.06857832722535064,0.14130152884799665,0.1570640284081893,4.262773722627737
2056,2025,2056,-0.04173618266180028,0.053103652510117456,0.06754188961744009,4.260700389105058
2057,2025,2057,0.04756435151585161,0.037753928203572006,0.06072665502004836,4.258629071463296
2058,2025,2058,-0.11313860773683505,0.02359237634524744,0.11557224918744648,4.256559766763848
2059,2025,2059,0.024166487751470223,0.0944064439893567,0.097450478690243,4.254492472073823
2060,2025,2060,-0.07147603406057036,0.05383104662324668,0.08947963469741019,4.252427184466019
2061,2025,2061,0.058932530011326346,0.10508708169258806,0.12048376584503223,4.250363901018923
2062,2025,2062,0.16475051081199726,0.10695776299977636,0.19642477918717474,4.248302618816683
2063,2025,2063,-0.08538825507085987,-0.046635621247630904,0.09729355206383776,4.246243334949103
2064,2025,2064,-0.18289778307600177,0.2065244650532513,0.2758694505008625,4.244186046511628
2065,2025,2065,-0.07049328470464317,0.04141824789783207,0.08176046995569528,4.242130750605327
2066,2025,2066,0.11570959794198163,-0.09011365779456278,0.14666009128938454,4.240077444336883
2067,2025,2067,0.08060728546624694,0.29444886139752136,0.3052829285245635,4.238026124818577
2068,2025,2068,-0.011421080229153556,0.30035678389330894,0.3005738490027578,4.235976789168278
2069,2025,2069,-0.021002826155912313,-0.07289722504433593,0.07586253440071741,4.233929434509425
2070,2025,2070,-0.0006427598358105824,-0.19631471543275048,0.1963157676694573,4.231884057971015
2071,2025,2071,0.028382968422614285,0.12790755436627627,0.13101883589942723,4.229840656687591
2072,2025,2072,-0.10852640966808089,0.028305549898509055,0.1121569692462359,4.227799227799228
2073,2025,2073,-0.22903084737138119,0.004039970711464874,0.22906647596495303,4.225759768451519
2074,2025,2074,0.04438388509701164,0.28445388814411016,0.2878957167736378,4.223722275795564
2075,2025,2075,0.11405061451762426,0.11226473985296906,0.160034104134408,4.2216867469879515
2076,2025,2076,-0.02610505855279494,-0.15318998852749285,0.15539834834095967,4.219653179190751
2077,2025,2077,-0.07795832532358295,-0.12200092237841469,0.14478164783024663,4.217621569571497
2078,2025,2078,-0.05606554936422618,0.006618470702945126,0.05645484903848584,4.215591915303176
2079,2025,2079,-0.15111997186481113,0.049079966665795324,0.15889017913117504,4.213564213564213
2080,2025,2080,-0.2459978252744479,0.05279011079527867,0.2515983422789896,4.211538461538462
2081,2025,2081,0.0235031157172331,0.18178240675457877,0.18329549872788686,4.209514656415185
2082,2025,2082,0.0941796849723524,0.1600541135202247,0.18570711433931797,4.207492795389049
2083,2025,2083,0.06254966971873953,-0.02141459884630167,0.06611388829641943,4.205472875660106
2084,2025,2084,-0.0015954462787308003,-0.03285906812106532,0.032897778140979786,4.203454894433781
2085,2025,2085,-0.007741388448031424,-0.12328987280781681,0.12353267515953405,4.201438848920863
2086,2025,2086,0.08011084033261437,0.022159317991757365,0.08311908392575952,4.199424736337488
2087,2025,2087,-0.23686418387366567,0.1308158073370482,0.2705871708920832,4.197412553905127
2088,2025,2088,-0.011314722506637547,0.09782816223225865,0.09848031412999925,4.195402298850575
2089,2025,2089,0.15474942798592553,0.1578328917842237,0.22103983168411437,4.193393968405936
2090,2025,2090,0.05203296876090808,-0.018085104919935535,0.05508630372459848,4.1913875598086126
2091,2025,2091,0.17127285664896588,-0.17975647802534317,0.24828770170262743,4.189383070301291
2092,2025,2092,-0.0882744712973913,-0.0984517161786457,0.13223132269381022,4.187380497131931
2093,2025,2093,-0.24600471765300783,0.0075986407401946515,0.246122043808828,4.185379837553751
2094,2025,2094,-0.10587627572353381,0.26958383827101273,0.2896294729788688,4.1833810888252145
2095,2025,2095,-0.055643667048271866,-0.01821630414034374,0.0585495637824266,4.181384248210024
2096,2025,2096,0.016631744250394768,-0.07254871442579924,0.07443071195176565,4.179389312977099
2097,2025,2097,-0.13303127742870488,0.07161863480572431,0.15108457772303813,4.177396280400572
2098,2025,2098,-0.009403365084897919,0.1543173332989839,0.1546035660372346,4.175405147759771
2099,2025,2099,-0.10722221887302548,-0.07072253334035188,0.12844563418867985,4.173415912339209
2100,2025,2100,0.10228805224715955,-0.08808484400975998,0.1349880934628732,4.171428571428572
2101,2025,2101,-0.1717142096874064,0.2280779129628032,0.2854913382049245,4.169443122322703
2102,2025,2102,-0.06263723509494286,0.022146982109065596,0.06643727896955454,4.167459562321598
2103,2025,2103,0.10268905053995518,-0.047982778904022354,0.11334631962331093,4.165477888730385
2104,2025,2104,-0.094024137097422,-0.040394288802503946,0.10233394805622864,4.163498098859316
2105,2025,2105,-0.04922920268529973,0.013670441634527837,0.05109202845369671,4.161520190023753
2106,2025,2106,0.09298429468625695,0.06478473078062405,0.11332758005277714,4.15954415954416
2107,2025,2107,0.0012430048479595232,-0.01634869009328282,0.016395875359926797,4.157570004746084
2108,2025,2108,-0.0349660053043238,-0.06126601850280749,0.0705418071084683,4.1555977229601515
2109,2025,2109,-0.03165236556272322,-0.10782858378963266,0.11237827071010702,4.153627311522048
2110,2025,2110,-0.023351100276502067,-0.08396321478883959,0.08714984407215004,4.151658767772512
2111,2025,2111,-0.07791971410559698,0.01238202123002927,0.07889737825833545,4.149692089057319
2112,2025,2112,-0.04852901138333483,0.09009143303243392,0.10233050010471641,4.1477272727272725
2113,2025,2113,-0.030865872775510002,0.05907529761437857,0.06665277856489835,4.145764316138192
2114,2025,2114,0.045772027637994574,0.0429305137305431,0.06275434266456537,4.143803216650899
2115,2025,2115,0.10957962129613597,-0.03200537504854798,0.11415794950594896,4.141843971631205
2116,2025,2116,-0.045381647272500006,-0.1604454250182981,0.16674000215445578,4.1398865784499055
2117,2025,2117,-0.10191396529614827,-0.01580199203508252,0.10313175686790818,4.137931034482759
2118,2025,2118,0.05753884031324681,0.33205786246605773,0.3370061455969618,4.135977337110481
2119,2025,2119,0.0925316917254105,0.1325890556356787,0.1616847910223083,4.134025483718736
2120,2025,2120,0.13177045289891143,-0.18900830017735598,0.2304074430072035,4.132075471698113
2121,2025,2121,0.13638822198234402,-0.05749987285390919,0.14801345369161842,4.13012729844413
2122,2025,2122,-0.09825978807692125,-0.026151819630066013,0.10168039940364604,4.12818096135721
2123,2025,2123,0.0716295173403486,0.07925872405985691,0.10683039405528673,4.126236457842675
2124,2025,2124,0.03138726411400627,0.04285604085743966,0.05312062298709347,4.124293785310734
2125,2025,2125,-0.10875245080189323,-0.03627309636211982,0.1146421958753139,4.12235294117647
2126,2025,2126,0.030161856632345836,0.19352139594491696,0.19585777565360918,4.12041392285983
2127,2025,2127,0.047263131201067,0.018204090260677756,0.05064772920031239,4.118476727785613
2128,2025,2128,0.11761339500784132,-0.09462184887289216,0.15095100188271343,4.116541353383458
2129,2025,2129,-0.11482665114539878,0.09145381819539494,0.1467956425640198,4.114607797087834
2130,2025,2130,0.033942473085932144,0.015501189173381186,0.037314586222792,4.112676056338028
2131,2025,2131,-0.012363852339062655,0.18405549685711406,0.18447029779338805,4.110746128578132
2132,2025,2132,-0.16841583640964022,0.2248978114495093,0.28096782653595365,4.108818011257036
2133,2025,2133,0.1856644397762844,-0.2144455948755948,0.2836515421410384,4.106891701828411
2134,2025,2134,0.03562119081362218,-0.005173772679701997,0.03599496018502746,4.104967197750703
2135,2025,2135,-0.2502176959541465,0.16762803757638994,0.3011777786462894,4.1030444964871196
2136,2025,2136,0.10673800611396374,0.05665904544089676,0.12084390501576057,4.101123595505618
2137,2025,2137,-0.01708899373037231,0.13939837410107994,0.1404419467564493,4.099204492278895
2138,2025,2138,0.030510312399784207,-0.01753344048947008,0.03518949698603569,4.097287184284378
2139,2025,2139,0.04843113876680256,-0.011133960236785836,0.04969446923756821,4.095371669004208
2140,2025,2140,-0.11365895926192686,-0.04230970247475816,0.12127848096017242,4.093457943925234
2141,2025,2141,0.10428500131053389,0.03622103177430526,0.11039621660697112,4.091546006539001
2142,2025,2142,0.05851204427294709,0.007709502466253355,0.05901775794857415,4.089635854341736
2143,2025,2143,-0.07460243108434061,0.146822239598165,0.16468847186222466,4.087727484834344
2144,2025,2144,-0.041210588057891406,0.18938823908308713,0.19382006519209974,4.085820895522388
2145,2025,2145,0.20940380564191585,-0.23905849180602068,0.3178032666948006,4.083916083916084
2146,2025,2146,0.1049223265322124,-0.06131487824232958,0.12152451974315266,4.082013047530289
2147,2025,2147,-0.21275216441966485,0.1415859575095866,0.2555583432978829,4.08011178388449
2148,2025,2148,0.07406286361898817,0.10445805176830818,0.1280499603540563,4.078212290502793
2149,2025,2149,0.011029726937266828,0.15130362009631354,0.15170510977076626,4.076314564913914
2150,2025,2150,0.12044521335701455,-0.006192210188725313,0.12060428221103142,4.074418604651163
2151,2025,2151,0.15327432377489747,0.037343318926578585,0.15775785811522755,4.072524407252441
2152,2025,2152,-0.1337404163344209,-0.009828684257685334,0.13410108871870322,4.070631970260223
2153,2025,2153,0.06517285171072182,-0.13532844336467306,0.15020415501447773,4.068741291221551
2154,2025,2154,-0.02005987797748292,0.38843976705035244,0.3889573901221104,4.066852367688022
2155,2025,2155,-0.10776721534010393,0.11760504010175606,0.15951400615461947,4.064965197215777
2156,2025,2156,0.04447403803289477,-0.00142327052046953,0.04449680615421525,4.063079777365492
2157,2025,2157,0.11156929723561601,0.0975487943233241,0.14820079405854553,4.061196105702364
2158,2025,2158,0.04782163906324248,0.2106905528129582,0.21604957349489254,4.059314179796107
2159,2025,2159,-0.08459767362878286,0.0022177572525474477,0.08462673827244725,4.057433997220936
2160,2025,2160,0.09292364739772004,0.020270861465261747,0.09510894842358228,4.055555555555555
2161,2025,2161,-0.01845994410802122,0.17606000899742993,0.17702512902027887,4.053678852383156
2162,2025,2162,-0.07666728410107163,0.017009827998613794,0.0785315649912623,4.051803885291397
2163,2025,2163,0.03751540126790347,0.034475861432020416,0.0509508621494444,4.049930651872399
2164,2025,2164,0.02738875905519981,0.12363022249692951,0.12662770643593005,4.048059149722736
2165,2025,2165,0.11060103359231571,0.04023826164149469,0.11769327224449973,4.046189376443418
2166,2025,2166,-0.1595445312052525,-0.08100912343847377,0.17893276814986592,4.044321329639889
2167,2025,2167,-0.15567576322151158,-0.008434020164573995,0.15590406008419594,4.042455006922012
2168,2025,2168,0.14350982320427674,0.25018599935817726,0.288423479680439,4.040590405904059
2169,2025,2169,-0.05740086863141342,0.04342104991392706,0.07197393483246922,4.0387275242047025
2170,2025,2170,-0.147229494722929,-0.26589378843263034,0.3039342541462304,4.0368663594470044
2171,2025,2171,-0.06305922281699494,0.03360387694221443,0.07145408405284408,4.035006909258406
2172,2025,2172,0.03861629654191673,0.1797632798435585,0.18386423017739686,4.033149171270718
2173,2025,2173,-0.049581051954093444,0.018717163042527695,0.05299634803677587,4.03129314312011
2174,2025,2174,-0.02836094261288858,-0.05157192985996071,0.05885581547623197,4.029438822447102
2175,2025,2175,-0.09222344609672395,-0.009688563077189521,0.09273096712779409,4.027586206896552
2176,2025,2176,-0.10724581121246346,-0.015893939143852776,0.10841716342040982,4.025735294117647
2177,2025,2177,0.046026404098792724,0.058530223756704663,0.07445949883846438,4.023886081763895
2178,2025,2178,0.033926973983014516,0.028523107604729342,0.04432389007155298,4.022038567493113
2179,2025,2179,-0.06857417457652026,-0.0022402864488388426,0.06861075937652876,4.020192748967416
2180,2025,2180,0.013555905589283818,0.10228046654962408,0.10317488266993254,4.018348623853211
2181,2025,2181,0.13496282278753738,-0.028811584421838628,0.13800388013268666,4.016506189821183
2182,2025,2182,-0.10329162174365415,-0.024482432263458195,0.10615342016142931,4.014665444546288
2183,2025,2183,-0.21993781720202615,-0.11479815315624702,0.2480952627594429,4.012826385707742
2184,2025,2184,0.16125258030128825,0.13516572076775787,0.21040952146823327,4.010989010989011
2185,2025,2185,0.0017265973264161205,0.16122126881726265,0.16123051403929609,4.009153318077804
2186,2025,2186,-0.06431859142379796,-0.17942415571858278,0.19060406306809857,4.007319304666057
2187,2025,2187,-0.2598791263556201,-0.08239866657515164,0.27262923645259207,4.005486968449931
2188,2025,2188,0.07934570963951586,0.11896073829223898,0.14299440161500354,4.003656307129799
2189,2025,2189,0.07165122649640235,0.2590057815441641,0.2687338704587533,4.001827318410233
2190,2025,2190,-0.7646916786529682,-0.2337434200913239,0.7996182525662376,4.0
2191,2025,2191,-0.09681361584785685,0.15522203186221992,0.18293921227821117,3.998174349612049
2192,2025,2192,0.37178040942779556,0.412437809726758,0.5552707625352741,3.9963503649635035
2193,2025,2193,-0.10949598927024935,-0.029795442132326433,0.11347748692199425,3.9945280437756496
2194,2025,2194,-0.19692190401305504,-0.04391776375685746,0.20175977362578992,3.992707383773929
2195,2025,2195,-0.15075287119457065,0.04560828847265623,0.1575009338093328,3.990888382687927
2196,2025,2196,0.030072524775903133,-0.0113361892635716,0.03213823164732036,3.989071038251366
2197,2025,2197,0.05920037226090841,0.1382257935312466,0.15036972458966913,3.9872553482020936
2198,2025,2198,-0.10016271450728603,0.0961779993638816,0.13886243890666367,3.9854413102820745
2199,2025,2199,-0.0574281210389136,0.020203786884576424,0.060878420565398154,3.9836289222373806
2200,2025,2200,0.028807383560415054,-0.12830207338546928,0.13149633980688288,3.981818181818182
2201,2025,2201,-0.01408294438165969,-0.1472705563746518,0.14794237424536763,3.980009086778737
2202,2025,2202,-0.14066147555530262,0.014786629622551598,0.1414365409679886,3.9782016348773843
2203,2025,2203,-0.14261468185658716,-0.11859432638272344,0.18548197144527956,3.976395823876532
2204,2025,2204,-0.005690826374262367,0.05118778079364743,0.05150314949010886,3.97459165154265
2205,2025,2205,-0.0770885670098287,0.19180938955652557,0.20672079983803232,3.9727891156462585
2206,2025,2206,-0.060992990434339596,-0.04843021593587235,0.07788215904633529,3.970988213961922
2207,2025,2207,-0.03528367445092656,-0.25586625281593706,0.2582875858666614,3.9691889442682373
2208,2025,2208,-0.052238354461702906,-0.01731742892998283,0.055033980608452465,3.967391304347826
2209,2025,2209,-0.029230286618648404,0.20041496093868147,0.20253534561617031,3.9655952919873245
2210,2025,2210,-0.045507770149945906,-0.0390245678016026,0.05994892856525615,3.9638009049773757
2211,2025,2211,-0.08040769764450661,-0.007059533297531767,0.08071700471938582,3.962008141112619
2212,2025,2212,-0.07199937970360622,0.04112340270631806,0.08291589068357205,3.9602169981916817
2213,2025,2213,0.10898048020718887,-0.0034167437380243576,0.10903402773428492,3.958427474017171
2214,2025,2214,0.01126047316448651,0.16159421626624895,0.1619860765207657,3.956639566395664
2215,2025,2215,-0.002467397406302417,-0.18818020478266226,0.18819638020431032,3.9548532731376973
2216,2025,2216,0.09872374753780837,-0.14154891442064885,0.17257599341036137,3.953068592057762
2217,2025,2217,-0.10631151728473204,0.02094512558803261,0.10835514290185001,3.9512855209742894
2218,2025,2218,-0.12283654438382895,0.17359584728920385,0.21266013926501828,3.9495040577096483
2219,2025,2219,-0.09569288782379634,-0.03217493831423503,0.10095719605645999,3.9477242000901307
2220,2025,2220,-0.002124890693990098,-0.13856395939693725,0.13858025113347675,3.945945945945946
2221,2025,2221,0.2219191685513736,0.1065036111830413,0.24615266922290607,3.9441692931112113
2222,2025,2222,-0.0014176493342109848,0.07851187088325615,0.07852466873043065,3.942394239423942
2223,2025,2223,-0.2645027384308311,-0.008879638363478097,0.264651745913143,3.9406207827260458
2224,2025,2224,-0.14604602193576324,0.03591115973221709,0.15039631616690033,3.9388489208633093
2225,2025,2225,0.0354440830697743,-0.01308064322608494,0.03778076563365521,3.9370786516853933
2226,2025,2226,-0.04413709925771934,0.047756743116610594,0.06502914764927879,3.9353099730458223
2227,2025,2227,-0.16974235349171593,0.16292129805346253,0.2352781671305942,3.9335428828019756
2228,2025,2228,0.04873075387197049,0.06592125652918757,0.08197742637651856,3.931777378815081
2229,2025,2229,0.08476788928632646,0.10108350364799336,0.13192221103291435,3.930013458950202
2230,2025,2230,-0.10020074706671737,-0.013704663776406596,0.10113361222636429,3.928251121076233
2231,2025,2231,-0.10419755189508187,-0.26315715125074934,0.283035008568442,3.9264903630658896
2232,2025,2232,0.005303282179537367,-0.0032752668536642254,0.006233151276722727,3.924731182795699
2233,2025,2233,0.006666523031398541,0.21995363364732368,0.22005463749712081,3.922973578145992
2234,2025,2234,-0.007405855441428473,-0.07179058360906256,0.07217156358115803,3.921217547000895
2235,2025,2235,-0.15367426311419718,-0.11913829530055324,0.19444719733339777,3.9194630872483223
2236,2025,2236,0.017853813791983277,-0.0002432225452607506,0.01785547042576407,3.9177101967799643
2237,2025,2237,0.07324556007935165,-0.11039732986220817,0.13248578230151004,3.915958873491283
2238,2025,2238,-0.04393174933604514,-0.10223461152133154,0.11127405085033383,3.9142091152815013
2239,2025,2239,-0.07666405869842052,0.13091918586087714,0.15171424166039837,3.9124609200535954
2240,2025,2240,0.0370762436101852,-0.1097960537466612,0.11588710566142169,3.9107142857142856
2241,2025,2241,-0.011051307930248168,-0.003983204731526516,0.011747226349331202,3.9089692101740297
2242,2025,2242,-0.08831581687630949,0.16721962528763493,0.18910866345005684,3.9072256913470116
2243,2025,2243,0.1145712603087167,0.07162118000041681,0.13511538444374063,3.905483727151137
2244,2025,2244,0.07897145034923651,0.01055394865115951,0.07967355773651155,3.9037433155080214
2245,2025,2245,0.14409269006412392,-0.19443723033510005,0.24200937971554,3.9020044543429844
2246,2025,2246,0.08999070757268804,0.022839617497733847,0.09284382357957821,3.90026714158504
2247,2025,2247,-0.159646966403345,0.2272673877690407,0.2777366008021886,3.8985313751668893
2248,2025,2248,0.08947582830033413,-0.006965096621476155,0.08974651202680455,3.8967971530249113
2249,2025,2249,0.16057960407457034,-0.1870553616282051,0.24652691041467328,3.895064473099155
2250,2025,2250,-0.09468818516909852,0.06448859864403235,0.11456278525633261,3.8933333333333335
2251,2025,2251,0.05666560648428357,0.1909716485439241,0.19920130899624064,3.8916037316748113
2252,2025,2252,0.24844184747786024,-0.09385395344225711,0.2655784557432205,3.8898756660746003
2253,2025,2253,-0.11426412869721285,-0.12445670146655886,0.1689549100999121,3.88814913448735
2254,2025,2254,-0.2687813921865865,0.14759564635571498,0.306639709771779,3.8864241348713398
2255,2025,2255,-0.040246589499211095,-0.010854322802782018,0.04168458096017042,3.88470066518847
2256,2025,2256,0.0988125028654643,0.016873891844168536,0.10024289974110928,3.882978723404255
2257,2025,2257,-0.0909695458190601,0.2241556612178654,0.2419115927824554,3.8812583074878155
2258,2025,2258,-0.07260827177205613,-0.01684347293201068,0.07453632476944472,3.8795394154118688
2259,2025,2259,0.022965830245521245,-0.05905252759829783,0.06336111090103949,3.8778220451527226
2260,2025,2260,0.038282789521965774,0.18724897124234938,0.19112234093611694,3.8761061946902653
2261,2025,2261,-0.012979491880193745,0.04732851810118675,0.049076020978909625,3.874391862007961
2262,2025,2262,-0.09144646456972162,-0.08904178039838223,0.12763578862848413,3.872679045092838
2263,2025,2263,-0.06098973803251734,0.09448570961741859,0.11246020392646565,3.870967741935484
2264,2025,2264,0.07288908654330788,0.1337618285019715,0.15233202454280143,3.8692579505300353
2265,2025,2265,0.03854548110131919,-0.062725219381942,0.07362205688409491,3.8675496688741724
2266,2025,2266,-0.03838512410795253,-0.03640383944334478,0.05290233717899185,3.8658428949691084
2267,2025,2267,0.021527583603223356,0.1484261221832309,0.14997916722713578,3.8641376268195855
2268,2025,2268,0.046600991430170394,-0.01833240892452171,0.050077236537679454,3.8624338624338623
2269,2025,2269,-0.04400121611660516,-0.2086364596478364,0.21322588800172332,3.860731599823711
2270,2025,2270,-0.03224289907834653,-0.2149422579993943,0.2173471389617416,3.859030837004405
2271,2025,2271,-0.010263041002269619,0.2015197999291751,0.20178096980168628,3.857331571994716
2272,2025,2272,-0.11866881350954211,0.15016430294059457,0.19139384832694373,3.8556338028169015
2273,2025,2273,0.018619248628913634,0.03691786720747189,0.041347374023676886,3.8539375274967003
2274,2025,2274,-0.07291964200432575,-0.026451514400039764,0.07756904539888666,3.8522427440633247
2275,2025,2275,0.1724573156305618,-0.05383539761424805,0.18066481602897505,3.8505494505494506
2276,2025,2276,0.15566543725211468,0.046026424602042815,0.16232732399857883,3.8488576449912126
2277,2025,2277,-0.23084168868864005,-0.07527358084569483,0.2428044423192384,3.847167325428195
2278,2025,2278,-0.18663275789580103,0.07355681433127673,0.20060506288316504,3.845478489903424
2279,2025,2279,0.07455701967258548,0.18082689118403875,0.19559425798765792,3.843791136463361
2280,2025,2280,0.14578683743598567,0.05908231682698575,0.15730391645229572,3.8421052631578947
2281,2025,2281,-0.06001246885472013,0.018896676513010163,0.06291725360563749,3.8404208680403333
2282,2025,2282,-0.08920152970404366,-0.08067053703580307,0.12026906687584409,3.838737949167397
2283,2025,2283,0.12105123834915033,0.034663909413278335,0.12591659510038686,3.8370565045992118
2284,2025,2284,-0.1021048545316223,0.29957728929943683,0.31649953172622897,3.8353765323992994
2285,2025,2285,-0.09714820607905067,-0.05193828384786466,0.11016060672236268,3.833698030634573
2286,2025,2286,-0.08677554831538009,0.014373825018122639,0.08795795945272078,3.832020997375328
2287,2025,2287,-0.15851501595399303,0.16542809068969197,0.22911452043057334,3.830345430695234
2288,2025,2288,0.13253983125719512,0.1321955048222764,0.18719630969894213,3.8286713286713288
2289,2025,2289,0.05461801899317277,0.06741254207267827,0.08676162070546631,3.8269986893840104
2290,2025,2290,-0.10646803887826692,-0.0935124236368865,0.14170397551596314,3.8253275109170306
2291,2025,2291,-0.12078351192830804,0.06391872865672038,0.13665379843541553,3.8236577913574856
2292,2025,2292,-0.16478714547541448,0.16181307654309723,0.23095080656771402,3.8219895287958114
2293,2025,2293,-0.2457793177114322,0.07874942019744964,0.25808708645752043,3.820322721325774
2294,2025,2294,-0.04952710009902535,-0.06057184411009342,0.07824245614189483,3.8186573670444637
2295,2025,2295,0.18848400312658511,0.06625526538660584,0.1997898386456932,3.816993464052288
2296,2025,2296,0.008082408837585034,0.18066970064399981,0.1808503969125044,3.8153310104529616
2297,2025,2297,-0.27912160089945764,0.0035608877750202966,0.27914431394965294,3.813670004353505
2298,2025,2298,-0.15956837249543873,-0.15735631495123545,0.2241050542845375,3.8120104438642297
2299,2025,2299,-0.008993835851689018,-0.14457922933931383,0.14485869887472078,3.8103523270987387
2300,2025,2300,-0.0378247320996768,0.1496793916951152,0.15438468400923727,3.8086956521739133
2301,2025,2301,-0.10214987211464184,0.12611942072307217,0.16229819671382972,3.8070404172099086
2302,2025,2302,-0.08312785125721057,-0.03625371760664119,0.09068942438312756,3.8053866203301476
2303,2025,2303,-0.01587373897307876,0.14715599410401606,0.14800966924402825,3.8037342596613115
2304,2025,2304,0.16577108880039573,-0.14647293756799248,0.2212111555095396,3.8020833333333335
2305,2025,2305,-0.011672525679213886,-0.30850071087806086,0.3087214544990367,3.8004338394793926
2306,2025,2306,-0.26124229431398477,-0.060014326316565655,0.26804711470498216,3.7987857762359063
2307,2025,2307,-0.0768672765314687,0.12524572237806514,0.1469526086034836,3.7971391417425226
2308,2025,2308,0.04310377756487622,0.2000821620820095,0.2046724388474761,3.7954939341421143
2309,2025,2309,-0.038509820349901025,-0.07522733786082154,0.08451129288448879,3.793850151580771
2310,2025,2310,-0.05264557362819747,-0.25205580472887124,0.25749501960263393,3.792207792207792
2311,2025,2311,-0.1420312312646565,0.028743346576782403,0.14491049177677703,3.7905668541756814
2312,2025,2312,-0.04413932820788433,0.01378037150596463,0.04624044694297121,3.7889273356401385
2313,2025,2313,-0.05678336849618575,-0.01944610904674458,0.06002084716855888,3.7872892347600517
2314,2025,2314,-0.04037906261611033,0.030842580170379025,0.05081076115668822,3.7856525496974935
2315,2025,2315,-0.08538116619355413,0.06956818937050377,0.11013481063161448,3.7840172786177106
2316,2025,2316,-0.09168973629483781,0.1442895866453491,0.17095757531066766,3.7823834196891193
2317,2025,2317,-0.04283040546124326,-0.08765425637301279,0.09755876327773097,3.780750971083297
2318,2025,2318,0.0217313470426016,-0.05202405738046533,0.056380439787322864,3.7791199309749786
2319,2025,2319,-0.09231106013514782,0.07669035766370308,0.12001142771362058,3.777490297542044
2320,2025,2320,0.012715967325522588,-0.0009783043573518887,0.01275354477936906,3.7758620689655173
2321,2025,2321,0.044118597356226495,0.04544481991350686,0.06333784247708399,3.774235243429556
2322,2025,2322,-0.13742259611028465,-0.0215149447269139,0.1390965950995659,3.772609819121447
2323,2025,2323,-0.08550000848648442,-0.12467911043563656,0.15117913887243362,3.770985794231597
2324,2025,2324,-0.1521167634355104,-0.15191282201908293,0.2149814299233694,3.7693631669535286
2325,2025,2325,0.06672189198296714,0.0691571973740146,0.09609645580569112,3.767741935483871
2326,2025,2326,-0.08213727444811836,0.18993426148131742,0.20693369841139692,3.7661220980223558
2327,2025,2327,-0.09908565382993072,-0.2562933502604382,0.2747803635317206,3.764503652771809
2328,2025,2328,0.07784365681369007,-0.0751581189970301,0.10820525753076554,3.7628865979381443
2329,2025,2329,-0.11967397993320725,-0.019835529220768176,0.12130667620754285,3.7612709317303565
2330,2025,2330,-0.19738038905414243,-0.19307104732836508,0.27610767338057884,3.759656652360515
2331,2025,2331,-0.04910503868082728,-0.029619230009718472,0.05734634783675548,3.7580437580437582
2332,2025,2332,-0.07994405677830337,0.12769480100917605,0.1506552834086666,3.7564322469982847
2333,2025,2333,-0.044961096428818494,-0.006421296684599872,0.045417323161907816,3.7548221174453493
2334,2025,2334,0.20023212046371855,-0.10580439932429928,0.22646737730139607,3.7532133676092543
2335,2025,2335,0.031200370667804355,-0.24442078340036708,0.2464041040402078,3.7516059957173447
2336,2025,2336,-0.2511996900434884,-0.14921797119316516,0.2921768081230078,3.75
2337,2025,2337,-0.01970490001718846,0.04744452647519805,0.05137378881436683,3.748395378690629
2338,2025,2338,0.12710837646506853,-0.02495077166950965,0.12953408962311655,3.746792130025663
2339,2025,2339,0.14835254086506555,-0.03203249615152049,0.15177139780214888,3.745190252244549
2340,2025,2340,0.07838289629544472,0.003789760073389051,0.07847445898555971,3.7435897435897436
2341,2025,2341,0.0013050855647675447,-0.2843255057901389,0.284328501018012,3.7419906023067067
2342,2025,2342,0.03611311121425842,-0.017072794481271518,0.03994542668407902,3.740392826643894
2343,2025,2343,-0.1406921818791595,-0.07397604226015991,0.1589551662274475,3.738796414852753
2344,2025,2344,0.06888097771383063,-0.06611866449039755,0.09547914371634776,3.737201365187713
2345,2025,2345,0.1179600772253206,0.15979436111813533,0.19861726426511025,3.7356076759061834
2346,2025,2346,0.10365687154335686,-0.06185799692438121,0.1207110550101056,3.734015345268542
2347,2025,2347,-0.1321002479222865,-0.06470190492470373,0.14709456822743305,3.732424371538134
2348,2025,2348,-0.09657689989690492,-0.09874447773130894,0.13812157498423538,3.7308347529812607
2349,2025,2349,0.1649392999399997,0.09858093713708437,0.1921540367297106,3.7292464878671776
2350,2025,2350,0.0015439094437037207,0.007580969482081811,0.0077365854650881544,3.727659574468085
2351,2025,2351,-0.0755354378339669,0.032334154817909605,0.08216507735381028,3.726074011059124
2352,2025,2352,0.03450641441969305,0.09475207283686586,0.10083971411594905,3.7244897959183674
2353,2025,2353,0.1030424935550367,0.015608757570081599,0.10421798688768345,3.7229069273268167
2354,2025,2354,-0.053244667329219585,-0.037858533696504305,0.06533194603445251,3.721325403568394
2355,2025,2355,-0.05034992150613701,-0.15040104588814296,0.15860513610826557,3.7197452229299364
2356,2025,2356,0.10119568305146656,0.11847635008302143,0.155811462342305,3.7181663837011882
2357,2025,2357,-0.04640501356537344,0.17714141988411453,0.183118835520988,3.7165888841747985
2358,2025,2358,0.07964706323531429,-0.09241959548838115,0.12200424710741078,3.7150127226463106
2359,2025,2359,0.22524739311495193,-0.05132338799804876,0.23102051480481112,3.7134378974141584
2360,2025,2360,-0.1233966716309793,-0.07440519134865084,0.14409327211647696,3.711864406779661
2361,2025,2361,-0.2677622839427481,-0.10507148161129175,0.2876398041826424,3.710292249047014
2362,2025,2362,-0.030774279722150195,0.011069079450299491,0.032704446368868365,3.7087214225232854
2363,2025,2363,0.25463495332554115,0.19251894894743402,0.3192217178685141,3.7071519255184087
2364,2025,2364,0.07014179718302702,9.38504829816795e-05,0.07014185996947937,3.7055837563451774
2365,2025,2365,-0.19147844112377796,-0.16554769188268334,0.2531205872758594,3.704016913319239
2366,2025,2366,-0.08420065220355881,-0.005930135831361526,0.08440921953485336,3.702451394759087
2367,2025,2367,0.023232843497164715,0.04788340441992488,0.05322203900458747,3.700887198986058
2368,2025,2368,0.043719064696762476,-0.08215221274485518,0.09306096215296535,3.699324324324324
2369,2025,2369,0.05485480210550592,-0.01767045618000082,0.057630671830576,3.6977627691008865
2370,2025,2370,-0.030360647341955507,0.12186247328386743,0.12558754437397004,3.6962025316455698
2371,2025,2371,0.0020335508377247714,0.058096771707774476,0.058132350820131774,3.6946436102910165
2372,2025,2372,-0.006975098927861301,-0.08364895249897827,0.08393925934406245,3.6930860033726813
2373,2025,2373,-0.04691919476131511,-0.07813403693230707,0.09113911654382735,3.691529709228824
2374,2025,2374,0.06744697319821949,-0.0009659046378555157,0.06745388917898484,3.6899747262005054
2375,2025,2375,0.10578292093376811,0.034338082655741585,0.11121659175569253,3.688421052631579
2376,2025,2376,-0.10894255563926365,0.14221526238470267,0.1791470381679917,3.686868686868687
2377,2025,2377,-0.08235858479366322,0.04847056147457335,0.09556323466101076,3.6853176272612536
2378,2025,2378,0.15491748571972394,-0.07868670175218692,0.17375564570499138,3.6837678721614804
2379,2025,2379,0.13997573058816978,-0.07768884086222701,0.1600898533580699,3.682219419924338
2380,2025,2380,-0.2248915533828781,-0.03608310926336271,0.2277678677010339,3.680672268907563
2381,2025,2381,-0.2242737645858799,0.0829218054542437,0.23911241561515392,3.6791264174716507
2382,2025,2382,0.0694319698842911,0.2023882046753048,0.21396678208008404,3.677581863979849
2383,2025,2383,0.0708270180809645,0.1512423810395251,0.16700516253321682,3.6760386067981536
2384,2025,2384,-0.10613131988784939,-0.01970202435591153,0.10794455440112738,3.674496644295302
2385,2025,2385,-0.06174192486875685,-0.1863737965503807,0.19633455459266946,3.6729559748427674
2386,2025,2386,-0.06874625298416048,0.12543653926793322,0.14303975909822397,3.6714165968147525
2387,2025,2387,-0.16930230271735436,0.13791888230237737,0.218368696934647,3.669878508588186
2388,2025,2388,0.06618234891140773,-0.10671525025071232,0.12557168448142866,3.6683417085427137
2389,2025,2389,-0.11709274925670236,0.027919262590495063,0.12037523479557574,3.666806195060695
2390,2025,2390,-0.180807196387623,0.13512833409157396,0.22572308021094453,3.6652719665271967
2391,2025,2391,-0.002817587143255728,-0.0013741378131084747,0.00313481291933897,3.6637390213299876
2392,2025,2392,-0.04343424520455533,-0.17870295614244053,0.1839056284906377,3.6622073578595318
2393,2025,2393,0.02886569897498078,0.025243842510764992,0.03834684031341451,3.6606769745089847
2394,2025,2394,-0.14237861411882216,0.0491647681632325,0.15062816531758216,3.6591478696741855
2395,2025,2395,-0.20720564852090634,-0.07098251289115598,0.2190267059408795,3.6576200417536535
2396,2025,2396,-0.11695540224498265,0.1406148993558782,0.18289646260972203,3.656093489148581
2397,2025,2397,0.0229372105272891,-0.07733950395296295,0.08066916696274701,3.6545682102628287
2398,2025,2398,0.09058215999017975,-0.09325732508077121,0.1300079089505987,3.653044203502919
2399,2025,2399,-0.10657331149918509,0.024467397398749726,0.10934589274120304,3.6515214672780325
2400,2025,2400,-0.059601123127415376,-0.13905236384347167,0.15128732190275085,3.65
2401,2025,2401,-0.13222277505212454,0.014961188517056077,0.13306652247777281,3.6484798000832988
2402,2025,2402,-0.05909714144370396,0.017110510178792927,0.06152431783771136,3.646960865945046
2403,2025,2403,0.07152251049311709,-0.06604570057528117,0.0973524733723686,3.645443196004994
2404,2025,2404,-0.06629555652726608,-0.17043915043846933,0.1828786614601253,3.643926788685524
2405,2025,2405,-0.011798528817250886,-0.015849820268699626,0.019759101315636324,3.6424116424116426
2406,2025,2406,-0.11833414939915855,0.06083698925501789,0.1330567930458176,3.6408977556109727
2407,2025,2407,-0.10096391372621621,-0.07243425864358455,0.12425954168658652,3.6393851267137514
2408,2025,2408,0.06737238037017791,0.029758842159051706,0.07365206258748826,3.637873754152824
2409,2025,2409,-0.0016824846810851776,-0.03655916091600463,0.03659785515005499,3.6363636363636362
2410,2025,2410,0.007855645051701722,0.0410932715440928,0.04183740103513688,3.6348547717842323
2411,2025,2411,-0.043540549061405705,-0.019323812980549783,0.0476360069766132,3.633347158855247
2412,2025,2412,0.02859535999726232,-0.12528999729623963,0.12851178170060815,3.6318407960199006
2413,2025,2413,-0.029465311264796717,0.048037628018451,0.056354398883941836,3.630335681723995
2414,2025,2414,0.05618691937025233,0.022510972349990294,0.060528619548617366,3.628831814415907
2415,2025,2415,-0.09545600805663597,0.014471276952180557,0.09654671061582193,3.627329192546584
2416,2025,2416,-0.1811086641958068,-0.1601653575803166,0.2417711521576141,3.6258278145695364
2417,2025,2417,0.20857605494737436,0.03944787103229595,0.21227365645880503,3.6243276789408356
2418,2025,2418,-0.11940985286466206,0.17085973842105717,0.2084508651324631,3.6228287841191067
2419,2025,2419,-0.2524412410983939,-0.2522153454818378,0.35684613029122264,3.6213311285655228
2420,2025,2420,0.14645254197412028,0.022609273798583903,0.14818747015986472,3.6198347107438016
2421,2025,2421,-0.16112765655380915,0.19056672168124852,0.24955519854104566,3.618339529120198
2422,2025,2422,-0.10151991938958517,-0.00162034604917274,0.10153284963097875,3.616845582163501
2423,2025,2423,0.09909649830809902,-0.16293820267973239,0.19070651239385777,3.6153528683450267
2424,2025,2424,0.040618636750427026,-0.16038750911448083,0.16545097984421492,3.613861386138614
2425,2025,2425,-0.24954056992938173,0.17397631102203256,0.3042010072920793,3.6123711340206186
2426,2025,2426,-0.0795997289946829,-0.01521672643734395,0.08104113535418864,3.6108821104699094
2427,2025,2427,0.14602586568877457,-0.09722890171556407,0.1754337845996912,3.6093943139678615
2428,2025,2428,-0.060152521297402124,-0.004242179793855389,0.06030192291990207,3.6079077429983526
2429,2025,2429,0.06862111365338523,-0.10182717469207507,0.12279100433175545,3.606422396047756
2430,2025,2430,-0.06590708302963737,-0.1658602999221309,0.17847515985070508,3.6049382716049383
2431,2025,2431,-0.09427807065570715,-0.09677596861753332,0.13510715269157406,3.6034553681612507
2432,2025,2432,0.08348195512064525,0.06494597605923072,0.10576963948625144,3.601973684210526
2433,2025,2433,0.05947520638709402,-0.07123739263415514,0.09280121919511732,3.6004932182490754
2434,2025,2434,-0.09564526120068638,-0.17998937044563248,0.20382391779073095,3.5990139687756777
2435,2025,2435,-0.014766954523732593,0.05767918836996487,0.0595394971168205,3.597535934291581
2436,2025,2436,0.16131180957565414,-0.035146577920306246,0.16509628053981187,3.5960591133004924
2437,2025,2437,-0.005275008793972257,-0.11323432534878046,0.11335712661747363,3.5945835043085763
2438,2025,2438,-0.019807957382080712,0.07720603248500309,0.07970650304539573,3.593109105824446
2439,2025,2439,-0.03235968671475189,-0.03766898922042696,0.049659863805346184,3.591635916359164
2440,2025,2440,0.028061108081994864,-0.022341218082934797,0.03586859088699541,3.5901639344262297
2441,2025,2441,0.0520607242934579,0.0804270166459512,0.09580617944854887,3.5886931585415813
2442,2025,2442,-0.009151002507749254,-0.15287211164977463,0.15314575856731388,3.5872235872235874
2443,2025,2443,0.059684684997258895,-0.022939999661382646,0.06394142012566077,3.5857552189930413
2444,2025,2444,-0.007734334910236209,0.2368817717014422,0.23700800345329665,3.5842880523731586
2445,2025,2445,-0.11353326790327825,-0.02388908342513918,0.11601935712496778,3.5828220858895707
2446,2025,2446,0.08473891170444957,0.014930076747511078,0.0860441186167949,3.581357318070319
2447,2025,2447,0.06583634322268829,0.11013126879487893,0.12830947141698265,3.579893747445852
2448,2025,2448,-0.011882644895308603,-0.10978675344311493,0.11042793342849133,3.5784313725490198
2449,2025,2449,0.0355626229821909,0.02154901833818086,0.04158197139040797,3.576970191915067
2450,2025,2450,-0.0759415413610982,0.0015565020094624534,0.07595749076164146,3.5755102040816324
2451,2025,2451,-0.08362093636329682,0.024657571504237946,0.08718059893554955,3.574051407588739
2452,2025,2452,-0.14630744642721258,0.13164319341850791,0.19681412361279962,3.572593800978793
2453,2025,2453,0.1288720218471785,-0.14826784499608187,0.1964468169117581,3.5711373827965756
2454,2025,2454,0.021862464101774063,-0.12227057742302049,0.12420974776546406,3.569682151589242
2455,2025,2455,-0.22131499638812221,-0.057667660325013276,0.22870480247173572,3.5682281059063135
2456,2025,2456,-0.10349722696761506,0.04272847806649988,0.11197052660350128,3.566775244299674
2457,2025,2457,-0.03669036362322065,0.06856332171237926,0.0777631780924582,3.5653235653235655
2458,2025,2458,0.001363638751047668,-0.08385161816142311,0.08386270553072123,3.563873067534581
2459,2025,2459,-0.07796399054237624,-0.10657197566188102,0.13204533243461616,3.5624237494916633
2460,2025,2460,-0.10770417621958991,0.0008042891590191851,0.1077071792230759,3.5609756097560976
2461,2025,2461,0.08625042245850427,0.060196721239361206,0.10517975386090148,3.5595286468915077
2462,2025,2462,0.009040040482794071,0.026501065016763817,0.02800051390516429,3.5580828594638505
2463,2025,2463,0.07823410719100903,-0.1912248688335115,0.20660959800640427,3.556638246041413
2464,2025,2464,-0.07215042337430941,0.005947489534990332,0.07239513951130223,3.5551948051948052
2465,2025,2465,-0.11034482436596087,-0.0687905423887354,0.1300312231215686,3.5537525354969572
2466,2025,2466,0.27200653023805776,-0.043857750484179836,0.2755196086845363,3.5523114355231145
2467,2025,2467,0.16195749354280978,-0.11667425836157229,0.19960739535120484,3.550871503850831
2468,2025,2468,-0.08775100747981068,-0.07730302906174306,0.11694442105480057,3.5494327390599674
2469,2025,2469,-0.083598771644,-0.04073827504686106,0.09299656807742616,3.547995139732685
2470,2025,2470,0.0028656872914601156,-0.051714819151477256,0.05179415684729731,3.5465587044534415
2471,2025,2471,0.0037181192335453,-0.06915646412279768,0.06925634224100101,3.5451234318089844
2472,2025,2472,-0.059777778833451055,0.0033348786252883774,0.059870729557158345,3.5436893203883497
2473,2025,2473,0.10314743026882722,0.011625259350523512,0.1038004770028997,3.542256368782855
2474,2025,2474,0.08631753753178405,-0.010392211638904093,0.08694087271415396,3.5408245755860954
2475,2025,2475,-0.1358980322395118,0.0002237819288095582,0.1358982164891175,3.5393939393939395
2476,2025,2476,-0.10270448020869799,0.034914318311741896,0.10847681723811993,3.5379644588045234
2477,2025,2477,-0.0067956375910999635,-0.05491088634187401,0.055329794226255495,3.536536132418248
2478,2025,2478,0.0722668008533664,0.06666184635439791,0.09831730399557075,3.5351089588377724
2479,2025,2479,-0.002375189788764845,0.1283144124706269,0.12833639380243944,3.5336829366680114
2480,2025,2480,0.0614311220265242,-0.09680416452848177,0.1146509006658695,3.532258064516129
2481,2025,2481,0.10758315912574769,0.13647014149975753,0.17377639554450366,3.5308343409915355
2482,2025,2482,-0.07029563280289577,-0.002376786452543664,0.07033580244086614,3.5294117647058822
2483,2025,2483,0.00572149874529162,-0.3592296882107484,0.3592752488550859,3.5279903342730567
2484,2025,2484,-0.007535293278801989,-0.023384334344471194,0.024568429692016815,3.526570048309179
2485,2025,2485,-0.15041347526201462,0.17240029494282716,0.22879264681534345,3.5251509054325956
2486,2025,2486,-0.014456189719725454,-0.04832612007381327,0.05044199939139322,3.523732904263878
2487,2025,2487,0.07591659852138899,-0.03436806271130211,0.08333362865965789,3.522316043425814
2488,2025,2488,0.02739781429865118,-0.14071028071278935,0.14335279322920552,3.5209003215434085
2489,2025,2489,-0.19404256946111426,-0.12064594511361232,0.22849061870332468,3.519485737243873
2490,2025,2490,-0.17605493029751954,0.02458755387228756,0.17776356850459293,3.5180722891566263
2491,2025,2491,0.15612213261478342,-0.004197829503638932,0.15617855827459043,3.5166599759132877
2492,2025,2492,0.052159254319517796,-0.03896078640515686,0.06510399902061617,3.5152487961476724
2493,2025,2493,-0.07926029340117591,-0.0062944999440102305,0.07950984114929191,3.5138387484957883
2494,2025,2494,0.10718765182026124,-0.055458328982302164,0.1206847917355406,3.51242983159583
2495,2025,2495,-0.08619766401769603,-0.20102423348800338,0.2187253522835131,3.5110220440881763
2496,2025,2496,0.046647910434669475,0.017035206306790403,0.049661109550994294,3.5096153846153846
2497,2025,2497,0.2687880877189948,0.09779560663274117,0.2860262519005902,3.5082098518221865
2498,2025,2498,-0.07793957365038098,-0.2696900498886038,0.28072637950452883,3.5068054443554844
2499,2025,2499,0.004287293028973997,-0.0814998312017317,0.0816125196733139,3.5054021608643455
2500,2025,2500,0.14858509073304757,0.1181197324761343,0.1898151742837793,3.504
2501,2025,2501,-0.011569517971608637,-0.09652230266984782,0.09721321236737877,3.502598960415834
2502,2025,2502,0.12163968322906486,-0.039438182691317686,0.1278733075745716,3.501199040767386
2503,2025,2503,0.0669394871240029,-0.08058335105146844,0.10475958859745847,3.499800239712345
2504,2025,2504,0.0847204620550277,-0.05164433451942585,0.09922043125673134,3.498402555910543
2505,2025,2505,-0.0052185978126562576,0.2072851927152973,0.20735087383984713,3.497005988023952
2506,2025,2506,0.03604338804552061,-0.11781034865124336,0.12320066587128292,3.49561053471668
2507,2025,2507,0.033890042756873164,-0.2417718502671934,0.2441355414102684,3.494216194654966
2508,2025,2508,-0.1378587410386176,0.13370051450085424,0.19204390138337057,3.492822966507177
2509,2025,2509,0.005282131412638897,0.2482584274257303,0.2483146143507405,3.491430848943802
2510,2025,2510,0.09489603987547832,-0.06302668608153127,0.11391936421200856,3.49003984063745
2511,2025,2511,0.11655416357469216,0.012038939538094828,0.11717426812998662,3.4886499402628437
2512,2025,2512,0.012099026732826817,0.090345410353181,0.09115195894640071,3.4872611464968153
2513,2025,2513,-0.004200199756866647,-0.16034648211785002,0.16040148380101593,3.485873458018305
2514,2025,2514,-0.10531552053444601,0.07100721244920594,0.1270172550689393,3.484486873508353
2515,2025,2515,-0.07816458309921567,0.023354339378689633,0.08157896309030414,3.4831013916500995
2516,2025,2516,0.04798144087442415,-0.05000260175093493,0.06929991955441551,3.481717011128776
2517,2025,2517,0.04620169636049701,0.15616885266341207,0.1628597779956551,3.4803337306317044
2518,2025,2518,0.026306735793252496,-0.011421253758689328,0.028679075743760767,3.4789515488482925
2519,2025,2519,0.1008573423071842,-0.10911245951656552,0.14858577428213873,3.477570464470028
2520,2025,2520,-0.2679053870056592,-0.07113725680251563,0.2771891153924322,3.4761904761904763
2521,2025,2521,0.02241389010480883,0.03219048390388044,0.039225115979387916,3.474811582705276
2522,2025,2522,0.15924056802950878,0.0574937361775377,0.16930176669489577,3.4734337827121333
2523,2025,2523,-0.013230893985738453,-0.11281968461198194,0.11359285977388246,3.4720570749108206
2524,2025,2524,-0.02222221841982873,-0.05409598022535132,0.05848249368862597,3.4706814580031695
2525,2025,2525,-0.100984223214213,0.07085045909337147,0.1233596404498631,3.4693069306930693
2526,2025,2526,-0.13930390483990968,-2.1133000525747146e-05,0.13930390644289312,3.467933491686461
2527,2025,2527,0.078322941396508,-0.13706735374455958,0.1578668508951042,3.4665611396913336
2528,2025,2528,0.13104131433616478,0.016228163385577508,0.13204233923184844,3.4651898734177213
2529,2025,2529,-0.04296117607487852,-0.0868778597566848,0.09691968409791123,3.4638196915776986
2530,2025,2530,-0.007813297846522991,-0.08522861585332603,0.08558600693753797,3.4624505928853755
2531,2025,2531,-0.09441847195350353,0.10042749706527337,0.13784241006609693,3.4610825760568944
2532,2025,2532,-0.11726323592044094,-0.09624483614915587,0.15170278502358106,3.4597156398104265
2533,2025,2533,0.11798316693185214,-0.04457215908793079,0.12612178655977363,3.4583497828661667
2534,2025,2534,0.01829969720727648,0.11621211140973732,0.11764409783829873,3.45698500394633
2535,2025,2535,0.022028297000508842,-0.011669493989425364,0.02492835651846831,3.455621301775148
2536,2025,2536,0.06620358370059395,0.11321822650605981,0.13115365533594178,3.454258675078864
2537,2025,2537,0.020970852798817243,-0.243332805703911,0.24423478662722672,3.452897122585731
2538,2025,2538,-0.12771497808976362,-0.11896935484623994,0.1745417515123512,3.451536643026005
2539,2025,2539,-0.256010275808699,0.28960960346517806,0.3865423440438367,3.4501772351319415
2540,2025,2540,-0.014517439496180177,0.19032966710443466,0.1908825246836655,3.4488188976377954
2541,2025,2541,0.2588801229442258,-0.07876269910372095,0.27059652774143417,3.447461629279811
2542,2025,2542,0.12327084290857572,0.0675564361174275,0.14056874749487816,3.4461054287962236
2543,2025,2543,-0.22461498949132083,0.060549377682964395,0.23263301709340495,3.4447502949272515
2544,2025,2544,-0.16080300186089536,-0.1744819723240158,0.23727950622325927,3.443396226415094
2545,2025,2545,0.07758452157863123,-0.08648125732989835,0.11618246794566378,3.4420432220039294
2546,2025,2546,-0.10132017671588471,0.13097652613336008,0.16559175283721367,3.4406912804399057
2547,2025,2547,-0.1296335695186021,0.06506061547915828,0.1450439451775259,3.4393404004711425
2548,2025,2548,-0.025115107508305586,-0.04589724199757538,0.05231945573243041,3.437990580847724
2549,2025,2549,-0.01283117514131307,0.0399702548178819,0.04197928448310502,3.436641820321695
2550,2025,2550,-0.16986057914854014,-0.013091449998209086,0.17036432259053852,3.4352941176470586
2551,2025,2551,-0.2360572737121114,-0.11354174219229654,0.2619441995778044,3.4339474715797724
2552,2025,2552,0.021551191060223452,0.12058078632662858,0.12249155018719582,3.4326018808777428
2553,2025,2553,0.13112281764411418,-0.1725932386061025,0.21675243786281773,3.4312573443008225
2554,2025,2554,-0.03837959743325578,-0.17322773240790557,0.17742841027953699,3.4299138606108066
2555,2025,2555,-0.5189093429812417,0.6401889371500442,0.8240805673491683,3.4285714285714284
2556,2025,2556,0.23436289997661774,-0.05561000064611495,0.24087017469440056,3.427230046948357
2557,2025,2557,0.3277644020025442,-0.4543771563159922,0.5602571761270827,3.4258897145091907
2558,2025,2558,-0.3426409568606301,-0.10674271496917463,0.35888275594873414,3.424550430023456
2559,2025,2559,0.015516791710444497,0.081407804906165,0.08287340661892416,3.4232121922626026
2560,2025,2560,0.02243781596219334,0.060010784253739624,0.06406832143815025,3.421875
2561,2025,2561,-0.12447289466660169,-0.2807156786469825,0.3070745735890858,3.4205388520109334
2562,2025,2562,0.03464862036321004,-0.1888140272553104,0.19196682989892538,3.4192037470725993
2563,2025,2563,-0.14965591506338025,0.09893869493131542,0.1794038970261504,3.4178696839641045
2564,2025,2564,0.010261751127298947,-0.05972299428587571,0.060598181347870206,3.4165366614664587
2565,2025,2565,0.17625212738530835,-0.17995986935357441,0.2518935628109669,3.415204678362573
2566,2025,2566,-0.07704549777621557,-0.1165645526220321,0.13972581599532466,3.4138737334372564
2567,2025,2567,-0.08133726454061666,0.05242465556392643,0.09676825468068842,3.412543825477211
2568,2025,2568,-0.10803762429182144,-0.006743934401241551,0.1082479048934852,3.411214953271028
2569,2025,2569,0.006556762738499977,-0.17711185246398334,0.17723317810396783,3.4098871156091866
2570,2025,2570,0.1252506142924536,0.06048610614305015,0.13909092499866882,3.4085603112840466
2571,2025,2571,0.0917461203137154,0.130602180516358,0.15960664193023452,3.407234539089848
2572,2025,2572,0.018263945675264133,-0.15869665565286323,0.15974417118327808,3.405909797822706
2573,2025,2573,0.015019653225482963,-0.059827516998450105,0.06168404796390714,3.4045860862806063
2574,2025,2574,-0.001718826732664823,-0.0032527635312117535,0.0036789721291285134,3.403263403263403
2575,2025,2575,0.023443263748962866,-0.0402845166766935,0.04660932201907933,3.4019417475728155
2576,2025,2576,0.0795609400402198,0.05887893391644133,0.09897813919861352,3.400621118012422
2577,2025,2577,0.05087446754765226,-0.08880849221614646,0.10234822782033146,3.3993015133876603
2578,2025,2578,0.014669617138416451,-0.15162557454768347,0.15233355678872215,3.3979829325058186
2579,2025,2579,0.03627238639695753,0.13052658847879423,0.13547278809725105,3.3966653741760373
2580,2025,2580,-0.119447551895558,0.014488699392899334,0.1203230653862335,3.395348837209302
2581,2025,2581,0.05535605288253886,-0.25810157461241756,0.26397105032208323,3.3940333204184423
2582,2025,2582,-0.013543677864190622,-0.11460044448222116,0.11539797695632112,3.3927188226181255
2583,2025,2583,-0.01786800908162049,0.11469523074753256,0.11607868755620306,3.391405342624855
2584,2025,2584,-0.005115561666188526,0.00446252305146746,0.006788452190702677,3.390092879256966
2585,2025,2585,0.04901206546688691,-0.08926939979543752,0.10183912951890384,3.388781431334623
2586,2025,2586,0.12466205696924679,-0.15307513635723163,0.19741485713742213,3.3874709976798143
2587,2025,2587,0.03595475178281293,-0.13259250435513684,0.1373809171134429,3.386161577116351
2588,2025,2588,-0.09402167814006313,-0.022924910586947525,0.09677617209671585,3.384853168469861
2589,2025,2589,0.10717184688530439,-0.042088153952410355,0.11513999074139672,3.3835457705677867
2590,2025,2590,0.12551177058419208,-0.06914883550466255,0.1432995673644193,3.382239382239382
2591,2025,2591,-0.040440028101637694,-0.02979274220615635,0.050229506876175244,3.3809340023157084
2592,2025,2592,0.20517423753634786,0.029013660027817384,0.20721549222206206,3.3796296296296298
2593,2025,2593,0.19832407770567723,-0.07872695567552619,0.21337847442453928,3.3783262630158117
2594,2025,2594,0.028868343120560268,-0.219343071412374,0.2212346361019002,3.377023901310717
2595,2025,2595,-0.01797860897345736,-0.11460448436144924,0.11600611284054882,3.3757225433526012
2596,2025,2596,0.12349834565792996,0.07210838912267485,0.14300860520301792,3.37442218798151
2597,2025,2597,0.18648984935893234,0.03583984275432068,0.1899024966728234,3.3731228340392763
2598,2025,2598,-0.01721037211060879,-0.18473225540363303,0.18553221578663562,3.371824480369515
2599,2025,2599,0.038872020323051995,-0.00454793339329673,0.03913716471776706,3.370527125817622
2600,2025,2600,0.09989856283578943,0.257201486549609,0.2759208718817496,3.3692307692307693
2601,2025,2601,0.009137114718602868,-0.1888662105536199,0.18908710255928401,3.3679354094579006
2602,2025,2602,0.19150339858109558,-0.12717649976934658,0.22988565366654043,3.366641045349731
2603,2025,2603,-0.009874868137275993,0.29156590083428985,0.2917330758588054,3.36534767575874
2604,2025,2604,0.06150712725049481,0.053979864987919096,0.08183491019560378,3.3640552995391704
2605,2025,2605,0.13831688055792854,0.08035421146280824,0.15996361694799843,3.362763915547025
2606,2025,2606,0.1334156160761044,-0.012238760865157268,0.1339757958755274,3.3614735226400616
2607,2025,2607,0.05187342589314673,-0.011557412854661617,0.05314533004681487,3.3601841196777906
2608,2025,2608,0.026425405259050194,0.12124583293575958,0.12409211919937205,3.3588957055214723
2609,2025,2609,0.22640634284018288,0.04669688789676032,0.23117186554057356,3.3576082790341126
2610,2025,2610,0.09039218973324147,0.09587755651620632,0.13176969988691883,3.3563218390804597
2611,2025,2611,-0.015911520845595405,-0.0030282723162175537,0.016197127178638398,3.355036384527001
2612,2025,2612,0.09293703813486492,-0.07683282698339297,0.12058431224475817,3.3537519142419603
2613,2025,2613,-0.018118913467216384,-0.10562344270922212,0.10716625716605392,3.352468427095293
2614,2025,2614,-0.2060448738196993,0.10478017144456396,0.23115660136653685,3.351185921958684
2615,2025,2615,-0.01179181903469128,0.17812524364243168,0.17851512378177528,3.349904397705545
2616,2025,2616,0.1874108795440846,0.026320784894695956,0.18925015584923635,3.3486238532110093
2617,2025,2617,0.07096557310410244,-0.05750988825644936,0.09134276004841872,3.34734428735193
2618,2025,2618,-0.27883447590122606,0.0010577485067693672,0.2788364821593742,3.3460656990068753
2619,2025,2619,-0.04538441906215696,0.024816126263167062,0.05172606322076837,3.3447880870561284
2620,2025,2620,0.10485636506423604,0.0456688975663686,0.11437003759469438,3.3435114503816794
2621,2025,2621,-0.10027994342628291,0.16820076628175548,0.19582534266878798,3.342235787867226
2622,2025,2622,0.07961224569382822,0.13454011701529092,0.1563302681853474,3.3409610983981692
2623,2025,2623,0.026486844484926525,0.022445726853792234,0.034718346515404966,3.339687380861609
2624,2025,2624,0.048564757049680676,-0.025540337826622246,0.054871162586485264,3.3384146341463414
2625,2025,2625,0.1952442283878446,-0.12180025599532379,0.23012086189498604,3.337142857142857
2626,2025,2626,-0.031103136117183218,-0.11306088116972218,0.11726111003737798,3.3358720487433358
2627,2025,2627,-0.07673411029612266,-0.059084203394219575,0.09684558210712053,3.3346022078416446
2628,2025,2628,0.005446888364608094,0.1772819340381637,0.17736559060079363,3.3333333333333335
2629,2025,2629,-0.08115301295037076,0.09463705759246337,0.12466749448305389,3.3320654241156333
2630,2025,2630,0.08747500818353167,-0.06574886334252271,0.10942938402249489,3.3307984790874525
2631,2025,2631,0.06184650814844493,-0.1331483520797787,0.14681101536232347,3.3295324971493727
2632,2025,2632,0.03059455490650409,-0.03457898391721912,0.046170693287781506,3.3282674772036476
2633,2025,2633,-0.05140617687390278,0.035798668800121565,0.06264295418202892,3.3270034181541965
2634,2025,2634,-0.1797726201709652,0.052721334687123325,0.1873438925994808,3.3257403189066057
2635,2025,2635,-0.09635936636284745,0.12485847752542734,0.15771736396420372,3.3244781783681217
2636,2025,2636,0.06332297554209586,-0.028725854337305484,0.06953397686680204,3.323216995447648
2637,2025,2637,-0.04245542228254617,0.12531924940733075,0.13231544563355438,3.321956769055745
2638,2025,2638,-0.036111566553418184,0.10166234387096154,0.10788548280598083,3.3206974981046247
2639,2025,2639,0.08339535378420163,-0.00831311782008609,0.08380866876811005,3.319439181508147
2640,2025,2640,-0.02844682298597019,-0.005142637600529445,0.02890793073683243,3.3181818181818183
2641,2025,2641,-0.019768893224927427,-0.011885492645707613,0.023066730907732706,3.316925407042787
2642,2025,2642,-0.12752843919155182,0.13522710953806438,0.18587596390241798,3.315669947009841
2643,2025,2643,-0.1877263263223737,-0.027551674102876324,0.1897373667477375,3.3144154370034054
2644,2025,2644,0.02464044791282826,-0.10770661844118265,0.11048921815896477,3.313161875945537
2645,2025,2645,-0.009995296338148878,0.1263337332197706,0.1267285212496839,3.3119092627599245
2646,2025,2646,-0.05837705320912229,0.06049526628944149,0.08406876699946973,3.310657596371882
2647,2025,2647,-0.023733472894970062,-0.07865854295876157,0.08216108638553667,3.309406875708349
2648,2025,2648,-0.10118894771988766,-0.15773284529711637,0.187400249802881,3.308157099697885
2649,2025,2649,-0.019099596858626052,-0.045431744347185866,0.04928324253323936,3.3069082672706682
2650,2025,2650,-0.08861099083081124,-0.025894319264399057,0.0923169727958231,3.3056603773584907
2651,2025,2651,-0.08819632383645104,-0.05433660692862203,0.10359082194277501,3.304413428894757
2652,2025,2652,-0.08836421252038679,0.0197634751381515,0.0905473854061199,3.3031674208144794
2653,2025,2653,-0.06701011998472625,-0.007544462758005076,0.06743348647870978,3.301922352054278
2654,2025,2654,0.06454158957975882,-0.06289960734039866,0.09012201389815014,3.300678221552374
2655,2025,2655,-0.01867980494304137,-0.0673762479394093,0.06991776526107531,3.2994350282485874
2656,2025,2656,0.015231272039450681,-0.22846918471063746,0.2289763306769569,3.2981927710843375
2657,2025,2657,0.03727988447226251,-0.027048914373739723,0.04605902251528079,3.2969514490026346
2658,2025,2658,-0.03178739151478872,0.13496411876466963,0.13865695659878846,3.295711060948081
2659,2025,2659,0.024838715881674255,-0.027007750551515292,0.03669305651623222,3.294471605866867
2660,2025,2660,0.08574212984264432,-0.21581209274049948,0.23222095556384834,3.293233082706767
2661,2025,2661,0.08630164615534777,-0.14475194740084837,0.16852626028444598,3.2919954904171362
2662,2025,2662,0.02921708495997089,0.08017279943389788,0.08533062652193626,3.2907588279489106
2663,2025,2663,0.0339605569199177,-0.08386515604250112,0.0904802952268837,3.2895230942546
2664,2025,2664,0.021759301095274068,-0.1343076110172648,0.1360588165512243,3.2882882882882885
2665,2025,2665,0.09979487147941922,-0.08779907488222992,0.13291987783536824,3.2870544090056284
2666,2025,2666,0.015787718720351344,-0.017035259598933917,0.02322610884319632,3.285821455363841
2667,2025,2667,-0.17298835323075143,-0.06420518408437723,0.1845190397135103,3.28458942632171
2668,2025,2668,0.12214404532258553,-0.10375275089091057,0.1602616645526845,3.28335832083958
2669,2025,2669,0.026752069843257585,-0.01913613689093001,0.03289171591764322,3.2821281378793556
2670,2025,2670,-0.11936760981295642,-0.10714751058050964,0.16040328954251104,3.2808988764044944
2671,2025,2671,0.10644163946873438,0.13760404153298195,0.17396751092949123,3.2796705353800073
2672,2025,2672,-0.04514823065546353,0.02602862158722536,0.05211383571615038,3.2784431137724552
2673,2025,2673,0.027120014229490026,-0.23244989107369107,0.23402659471089732,3.277216610549944
2674,2025,2674,0.030204661939705633,0.09660573417957179,0.10121753543366874,3.275991024682124
2675,2025,2675,-0.0681991923155671,0.07696913078391114,0.10283665166722672,3.274766355140187
2676,2025,2676,0.0937248175129116,-0.014363405376974801,0.09481903201283955,3.273542600896861
2677,2025,2677,0.054473739634383095,-0.12098929602579032,0.13268684208530582,3.2723197609264103
2678,2025,2678,-0.04604615056881044,0.03967738288518823,0.06078274997746803,3.2710978342046304
2679,2025,2679,-0.09698482641793255,0.03671712775786964,0.1037024783990442,3.2698768197088466
2680,2025,2680,0.14522175915622926,-0.11979452938038548,0.1882553813358277,3.2686567164179103
2681,2025,2681,0.15047194980412976,-0.08885421188764234,0.17474804333105015,3.267437523312197
2682,2025,2682,-0.09930898412181642,-0.05568302972785997,0.11385461838230772,3.266219239373602
2683,2025,2683,-0.04406029465241547,-0.006993222728108291,0.04461182274893732,3.2650018635855385
2684,2025,2684,0.09820273956392016,-0.0713244159336803,0.12137112657522693,3.263785394932936
2685,2025,2685,0.007750093709109693,-0.014230274722058298,0.01620384741859886,3.2625698324022347
2686,2025,2686,-0.05332897687621705,-0.04152480033304649,0.06758911759568599,3.261355174981385
2687,2025,2687,0.169951650544938,-0.09967349901198845,0.19702378010849753,3.260141421659844
2688,2025,2688,0.14011193060434055,-0.09465891710163149,0.16909069662322965,3.2589285714285716
2689,2025,2689,-0.03201047353011978,-0.012832956252542623,0.034487029182029755,3.2577166232800296
2690,2025,2690,-0.002600374152153513,0.035922252151847356,0.03601624835254347,3.2565055762081783
2691,2025,2691,0.061884405430512,-0.1045680984463678,0.12150788800805178,3.2552954292084726
2692,2025,2692,0.0984585193287539,-0.010179480644390865,0.0989833412984232,3.2540861812778603
2693,2025,2693,0.0761619206009773,0.03203951975381868,0.0826266844045246,3.252877831414779
2694,2025,2694,0.18074558013622216,-0.04825325308324813,0.1870757631867247,3.2516703786191536
2695,2025,2695,0.13781129724506164,0.0042937637993521495,0.1378781710639192,3.250463821892393
2696,2025,2696,0.04051719928456261,-0.07539168743569662,0.08558942675510063,3.249258160237389
2697,2025,2697,0.009296134822070217,-0.013625138123639347,0.016494317552368052,3.2480533926585093
2698,2025,2698,-0.010129385944795321,0.1253073562160913,0.12571610072494696,3.2468495181616013
2699,2025,2699,0.12985000799746813,0.048736280855515596,0.13869480757609576,3.2456465357539828
2700,2025,2700,0.19699789542539534,-0.020387718303330728,0.19805006907257308,3.2444444444444445
2701,2025,2701,0.033732235878860484,-0.01859668181111046,0.03851883061271161,3.2432432432432434
2702,2025,2702,-0.033748225062572676,0.013984447896381582,0.03653091126485445,3.242042931162102
2703,2025,2703,-0.061018832297215574,0.08344429474722845,0.10337431122275037,3.2408435072142066
2704,2025,2704,0.01538579073051224,0.03665462398122807,0.03975278626220225,3.239644970414201
2705,2025,2705,0.10733666362764814,-0.01524758147851292,0.10841424306639222,3.2384473197781887
2706,2025,2706,0.030301391324844103,0.04763688437993659,0.05645748019216572,3.237250554323725
2707,2025,2707,-0.0011290499012164168,0.016508016418994253,0.016546581513086644,3.236054673069819
2708,2025,2708,-0.1266806002239484,0.0635559468019224,0.1417297881427494,3.234859675036928
2709,2025,2709,0.0058711919096785595,0.022566452722984243,0.023317711786085656,3.2336655592469548
2710,2025,2710,-0.03799456250050911,0.11589936118724646,0.12196822825316805,3.2324723247232474
2711,2025,2711,-0.14905524922471758,-0.09322593650303976,0.17580825509148162,3.231279970490594
2712,2025,2712,0.19802703581422526,0.11007539189730234,0.2265641163439461,3.230088495575221
2713,2025,2713,0.05397150376033323,0.14470238026650728,0.15443996268111612,3.228897899004792
2714,2025,2714,-0.11685408920261707,-0.14680865288538403,0.18763703985459365,3.227708179808401
2715,2025,2715,-0.05590808359110399,-0.024339298724369168,0.0609763501139905,3.226519337016575
2716,2025,2716,-0.08405907133886821,0.09246406069871535,0.12496211423967127,3.2253313696612667
2717,2025,2717,0.07242282812877256,0.08389352292895545,0.11082955031759763,3.224144276775856
2718,2025,2718,0.11519331880135457,0.01833218282527964,0.11664291501677239,3.2229580573951435
2719,2025,2719,0.05973655438906065,-0.044459846050768956,0.07446565544689228,3.221772710555351
2720,2025,2720,0.0026902591494368812,-0.051486428213176526,0.051556665761487215,3.2205882352941178
2721,2025,2721,-0.02680954880516824,-0.06963597958360657,0.07461850681771358,3.219404630650496
2722,2025,2722,-0.024687888947443875,-0.04811414063295104,0.054078298692994325,3.218221895664952
2723,2025,2723,-0.10141219355480342,-0.017015807393318937,0.10282981427019812,3.217040029379361
2724,2025,2724,0.08306545963413024,-0.023532571847407795,0.08633453840719096,3.2158590308370045
2725,2025,2725,0.18957017347770394,0.03367797569616872,0.19253845517028148,3.214678899082569
2726,2025,2726,-0.026701004428278354,-0.03159401499411343,0.04136575178728418,3.2134996331621424
2727,2025,2727,-0.1615825790627986,-0.03095401132299095,0.1645207606157029,3.2123212321232124
2728,2025,2728,0.06089576686991819,0.013745313520358671,0.06242778280900564,3.2111436950146626
2729,2025,2729,0.09341522327889193,0.030305856410822573,0.09820819147626449,3.2099670208867717
2730,2025,2730,0.036597086751356395,0.07140098023618051,0.0802337007583082,3.208791208791209
2731,2025,2731,0.06832820193972698,0.01934926775972381,0.0710150501172364,3.2076162577810328
2732,2025,2732,0.050349858263097055,-0.0671710496573155,0.08394675776454685,3.206442166910688
2733,2025,2733,-0.10386864982351222,0.12228557104739887,0.16044456146142144,3.2052689352360044
2734,2025,2734,-0.05704279487856415,0.046337060891729655,0.0734915210050915,3.2040965618141914
2735,2025,2735,0.04597878455280972,0.03963083863180208,0.060701334413780644,3.202925045703839
2736,2025,2736,0.12597932745942156,0.09304177284279587,0.15661277866399853,3.2017543859649122
2737,2025,2737,0.047057529311102624,0.027027037817287432,0.054266673364435816,3.2005845816587506
2738,2025,2738,-0.07408762949013482,0.010182502940766032,0.07478409061830066,3.199415631848064
2739,2025,2739,-0.06879667835744967,-0.04940320535235049,0.08469745953749082,3.1982475355969333
2740,2025,2740,-0.17519667006886483,-0.03903275598602918,0.17949214256641868,3.197080291970803
2741,2025,2741,0.04449014177551834,0.15563308109824847,0.16186731803344276,3.195913900036483
2742,2025,2742,0.02297922704456282,0.10924363868863192,0.11163430238729458,3.1947483588621446
2743,2025,2743,-0.1403571175562411,-0.14323766949177724,0.20054214123254022,3.193583667517317
2744,2025,2744,0.03271711780864844,0.027420288886131034,0.04268819556158191,3.192419825072886
2745,2025,2745,-0.016679475907120288,0.07321102636894046,0.07508701151683893,3.191256830601093
2746,2025,2746,-0.06653542221897477,-0.014711514732939308,0.06814243226943643,3.190094683175528
2747,2025,2747,-0.06233684151919273,-0.00963492679634749,0.06307704515083062,3.188933381871132
2748,2025,2748,-0.019007564593103342,-0.07267103663979325,0.07511569129058968,3.1877729257641922
2749,2025,2749,0.07391065796487627,0.09921912476473388,0.12372235076929615,3.186613313932339
2750,2025,2750,0.016401441316052683,-0.001645230605435142,0.01648375142341635,3.1854545454545455
2751,2025,2751,0.06881008708080197,-0.08062624007497902,0.10599725785460538,3.184296619411123
2752,2025,2752,-0.042546540819834555,0.056459614132601914,0.07069580018456648,3.183139534883721
2753,2025,2753,-0.06192225513827448,-0.09783474162751171,0.11578429233160918,3.1819832909553214
2754,2025,2754,0.045018693490327326,-0.06687831329422336,0.08061880396443706,3.1808278867102397
2755,2025,2755,0.07835666879764554,-0.04055336924100002,0.08822892553953496,3.17967332123412
2756,2025,2756,0.053705689896606144,-0.01105849625437095,0.05483239431830749,3.178519593613933
2757,2025,2757,-0.023877018580089802,0.07994039255890512,0.08343008077873236,3.177366702937976
2758,2025,2758,0.008312216666295965,-0.00903896417125508,0.012279894917982051,3.1762146482958666
2759,2025,2759,0.0012623266042020313,-0.06793536550732762,0.0679470923224083,3.175063428778543
2760,2025,2760,0.08378858676105416,0.04631375801905792,0.09573657322707217,3.1739130434782608
2761,2025,2761,0.12581632746068794,0.0572774819467696,0.13824058085040578,3.172763491488591
2762,2025,2762,-0.09810391842197053,-0.13047078603176965,0.1632391032121056,3.171614771904417
2763,2025,2763,0.07906485508288616,0.015664527445583963,0.08060166703841332,3.1704668838219328
2764,2025,2764,-0.019592866307150344,0.1628362148809554,0.16401071089074198,3.1693198263386395
2765,2025,2765,-0.1016412051899598,0.036600966732596996,0.10803039090102462,3.1681735985533455
2766,2025,2766,0.15527803316140146,0.05555692537036466,0.16491767503539928,3.1670281995661607
2767,2025,2767,0.029238817948493454,-0.0389031360340701,0.04866582443882469,3.1658836284784964
2768,2025,2768,-0.03977144634838929,0.08771228978524247,0.0963079110146885,3.1647398843930636
2769,2025,2769,0.021139176423342475,0.09762075165130868,0.09988331158318532,3.1635969664138677
2770,2025,2770,0.12325267293516207,-0.0377668042093719,0.12890908767752204,3.1624548736462095
2771,2025,2771,-0.08701572691810985,0.04424238783533915,0.0976172403444168,3.1613136051966797
2772,2025,2772,-0.22405818795326496,-0.009623653753913532,0.22426476829960568,3.16017316017316
2773,2025,2773,0.06343913716565457,0.014646517742191388,0.0651079457999948,3.159033537684818
2774,2025,2774,0.08900810035796315,0.23624098847576222,0.2524524639716128,3.1578947368421053
2775,2025,2775,0.04529334860760584,-0.071804580702008,0.08489632052027514,3.156756756756757
2776,2025,2776,0.04755309343644907,-0.14295505855481644,0.15065671396186317,3.155619596541787
2777,2025,2777,-0.22194898852164538,0.019123970147854125,0.22277136202842027,3.1544832553114874
2778,2025,2778,-0.13043822529135893,-0.02198355127696823,0.13227776511532996,3.1533477321814254
2779,2025,2779,0.046922730304766326,-0.132779950249029,0.1408270492745923,3.152213026268442
2780,2025,2780,-0.04137801753673582,0.015183127151226414,0.04407570402569567,3.1510791366906474
2781,2025,2781,-0.03265138229124196,0.2563121982736381,0.2583835438827202,3.149946062567422
2782,2025,2782,0.07931000842856066,0.0029979821959392385,0.07936665127234191,3.1488138030194106
2783,2025,2783,0.15278889464831602,-0.14014263480124756,0.20732680583294108,3.1476823571685233
2784,2025,2784,-0.061615940326977904,-0.10994545335071708,0.12603383202486707,3.146551724137931
2785,2025,2785,-0.06149401014597248,-0.15216796604620722,0.16412374348177852,3.1454219030520645
2786,2025,2786,0.06666578260314898,0.09630857141885556,0.117130984367208,3.1442928930366114
2787,2025,2787,0.12550028291818524,0.10038268058304442,0.16070782051157953,3.1431646932185147
2788,2025,2788,-0.03905888136311688,-0.10270365543058253,0.1098801030766802,3.1420373027259685
2789,2025,2789,0.017859151236052008,-0.057368365696309535,0.06008393017719199,3.1409107206884186
2790,2025,2790,0.23509361908597715,0.05689021297961702,0.2418791145754604,3.139784946236559
2791,2025,2791,-0.027772671318198324,-0.2043755158015467,0.20625390355408293,3.138659978502329
2792,2025,2792,-0.04066892993586301,-0.13830308727988672,0.14415861338565966,3.1375358166189113
2793,2025,2793,-0.03786558373349968,0.19270985777793007,0.1963947344412999,3.1364124597207304
2794,2025,2794,0.042392553888825416,0.024855569880386483,0.04914191672386968,3.1352899069434503
2795,2025,2795,0.09192383874334056,0.03310048768719465,0.09770176259639232,3.1341681574239715
2796,2025,2796,-0.11160497392590916,-0.05687079412461254,0.1252595602314128,3.133047210300429
2797,2025,2797,0.0037060030150861453,-0.03849360795615596,0.03867159567214755,3.1319270647121917
2798,2025,2798,0.0029220295788073883,0.09598398469761736,0.0960284519051092,3.130807719799857
2799,2025,2799,0.030808676239384773,0.02479256439589905,0.03954549002033017,3.129689174705252
2800,2025,2800,0.22185051856557356,0.026738503328665283,0.22345603627575367,3.1285714285714286
2801,2025,2801,-0.1438030356773882,-0.03805476889330465,0.14875307897840304,3.127454480542663
2802,2025,2802,-0.14719389114716447,-0.026748635683827546,0.14960458248994057,3.126338329764454
2803,2025,2803,0.039431043683137885,0.0020415634387828474,0.039483859831785734,3.1252229753835175
2804,2025,2804,0.011950940358421838,0.008789876828367606,0.014835326424060566,3.124108416547789
2805,2025,2805,0.02109481274954942,0.10269910707633062,0.10484320540318373,3.122994652406417
2806,2025,2806,0.04377353699814768,0.035852073387659306,0.05658174358856673,3.121881682109765
2807,2025,2807,-0.056713319510737235,-0.038616064914766934,0.06861196017771583,3.120769504809405
2808,2025,2808,-0.02411108217636307,-0.05262444146068248,0.057885025030349,3.1196581196581197
2809,2025,2809,0.05604195139839627,-0.13601337241083486,0.14710655250908664,3.118547525809897
2810,2025,2810,-0.08788666573969572,0.021445559883094635,0.0904653417256598,3.117437722419929
2811,2025,2811,0.0944235527627203,0.10056945614635977,0.13794934876942627,3.1163287086446103
2812,2025,2812,0.0609160312732719,-0.06266907389766342,0.08739665719738392,3.1152204836415365
2813,2025,2813,-0.008606874916493184,-0.06366332500827304,0.06424248786385194,3.1141130465694986
2814,2025,2814,0.03576701097990029,-0.03575592597545144,0.05057435433891639,3.113006396588486
2815,2025,2815,-0.05900979408185699,-0.16452457084811623,0.17478698524300937,3.1119005328596803
2816,2025,2816,0.0032235374282167696,-0.04583590390392865,0.0459491162074016,3.1107954545454546
2817,2025,2817,0.049285278913274846,0.16713654771020917,0.17425172681510595,3.109691160809372
2818,2025,2818,0.010846568473688799,-0.07804870053630816,0.07879877983230915,3.108587650816182
2819,2025,2819,0.06723734368326605,0.0007880853055905767,0.06724196207748942,3.10748492373182
2820,2025,2820,-0.007478871404348128,0.022571072411939747,0.023777864229316385,3.106382978723404
2821,2025,2821,0.08437435824950093,-0.12104060863043638,0.14754613267599254,3.1052818149592345
2822,2025,2822,-0.016766636026941138,-0.004695509297908984,0.01741171706715539,3.104181431608788
2823,2025,2823,0.02305435949907013,-0.024092038800188436,0.03334561178719248,3.1030818278427206
2824,2025,2824,0.201275689701989,0.08701717394065873,0.21928039544298122,3.101983002832861
2825,2025,2825,0.11423790694490761,0.09494612082656508,0.1485431426999108,3.1008849557522122
2826,2025,2826,0.007017959917300725,-0.15731714597905494,0.15747360471011046,3.099787685774947
2827,2025,2827,0.05371222797809309,-0.1087062733037424,0.12125204035379604,3.098691192076406
2828,2025,2828,0.01720664885690932,-0.01989281921616397,0.0263019585060117,3.0975954738330977
2829,2025,2829,-0.008297894247304987,0.026348177691664972,0.02762393014418855,3.0965005302226936
2830,2025,2830,0.08254600953725427,0.09533673941052401,0.12610684982170728,3.095406360424028
2831,2025,2831,0.036747037075510705,-0.030282052112837764,0.04761667159717887,3.0943129636170963
2832,2025,2832,-0.13157774079563989,-0.09935679435496553,0.16487714959138366,3.093220338983051
2833,2025,2833,-0.0061249549405142725,0.03516911725955925,0.035698485707939466,3.0921284857042006
2834,2025,2834,0.10513364151956768,0.02937746505093438,0.10916097302600337,3.0910374029640084
2835,2025,2835,-0.018931761604924498,0.09941603737337561,0.10120256955478013,3.0899470899470898
2836,2025,2836,-0.10407745838919508,0.01358161927678676,0.1049598862753491,3.0888575458392102
2837,2025,2837,0.0363700869264976,0.021199815950837014,0.042097689002964934,3.0877687698272824
2838,2025,2838,0.01694707792494687,0.1906468874608935,0.19139863935963813,3.0866807610993656
2839,2025,2839,-0.024902328900947117,-0.042882904151434705,0.04958900536562597,3.0855935188446635
2840,2025,2840,0.09114045304279947,-0.022856949847919826,0.0939628774420891,3.084507042253521
2841,2025,2841,0.018827692661972463,0.020927910246338027,0.028150656089201045,3.0834213305174236
2842,2025,2842,0.0002834748344467408,0.02736121854759206,0.02736268697315489,3.0823363828289936
2843,2025,2843,0.029233106216559886,0.046065024413923926,0.05455786811564469,3.081252198381991
2844,2025,2844,0.03040910779165157,0.014154686300593885,0.03354204795406065,3.080168776371308
2845,2025,2845,-0.04028444692309983,-0.1526264312643564,0.15785329956764715,3.07908611599297
2846,2025,2846,0.013671313620064627,-0.011933831916040865,0.01814720805794875,3.078004216444132
2847,2025,2847,-0.030097423724463834,0.10001656044520342,0.10444695916176282,3.076923076923077
2848,2025,2848,0.09414173738743163,-0.05870248432138796,0.1109443481382758,3.0758426966292136
2849,2025,2849,0.17616412899661044,0.002372707901221945,0.17618010695852956,3.0747630747630748
2850,2025,2850,-0.07928928489119692,-0.02039279448003384,0.08186975488702948,3.0736842105263156
2851,2025,2851,-0.12617248652950494,-0.0956510194890733,0.15833071049653377,3.0726061031217116
2852,2025,2852,-0.0044043498765638225,0.07761070326216635,0.07773557460187211,3.0715287517531555
2853,2025,2853,0.06381257509639301,0.00960075685521463,0.06453076221946978,3.070452155625657
2854,2025,2854,0.11012551584228411,0.10948572522976632,0.15528925677141048,3.06937631394534
2855,2025,2855,0.04632545607220821,0.17458309626657062,0.18062476403395178,3.0683012259194395
2856,2025,2856,0.0880278307527054,-0.03057357535161569,0.09318606385510587,3.0672268907563027
2857,2025,2857,0.014374685606663608,-0.06117715143454281,0.06284326092697136,3.0661533076653833
2858,2025,2858,0.0412758996160326,-0.04044164370241132,0.057786040134842134,3.065080475857243
2859,2025,2859,0.04672311186307762,0.008758404399268073,0.04753692070160606,3.0640083945435466
2860,2025,2860,-0.16352234848156105,0.12976548338981642,0.20875497391036654,3.062937062937063
2861,2025,2861,0.11932011965629064,-0.030579376853192047,0.12317625275807448,3.0618664802516604
2862,2025,2862,0.06625641213557373,0.08272270195415951,0.10598564793251823,3.060796645702306
2863,2025,2863,-0.17484788223498698,0.15302137102506885,0.23235172027005022,3.0597275585050645
2864,2025,2864,0.1683184273004908,0.027486593801837052,0.17054795750092638,3.058659217877095
2865,2025,2865,0.07209836529383659,-0.15267351356223896,0.16884127463829057,3.0575916230366493
2866,2025,2866,-0.08700650448199798,-0.13416621436618972,0.15990842660576182,3.0565247732030705
2867,2025,2867,-0.16822042051766725,0.09990885062121695,0.19565246819703921,3.055458667596791
2868,2025,2868,-0.20649467693286697,0.1579294984288386,0.2599649554759134,3.0543933054393304
2869,2025,2869,0.07382217521398009,0.22111619634619403,0.23311389027668902,3.0533286859532938
2870,2025,2870,0.02396198506795456,0.004534550079590487,0.024387268662586867,3.052264808362369
2871,2025,2871,-0.003645931546384817,-0.10990883834988417,0.10996929373357771,3.051201671891327
2872,2025,2872,-0.028571403135091496,0.1241565527067316,0.12740162737236654,3.050139275766017
2873,2025,2873,-0.028113456620476245,-0.0020742764413285257,0.028189875237511253,3.049077619213366
2874,2025,2874,0.0626934482613524,-0.09446875786239171,0.11337907508425911,3.048016701461378
2875,2025,2875,-0.3024723458926442,0.06446798208434487,0.3092662942252628,3.0469565217391303
2876,2025,2876,-0.1598451458709198,0.13515721499757627,0.20932735947409425,3.0458970792767732
2877,2025,2877,0.15233585075334066,0.09134004460056203,0.17762098742090346,3.0448383733055264
2878,2025,2878,0.14071544751604792,-0.13450918553662397,0.1946626778901584,3.043780403057679
2879,2025,2879,0.06310119493473981,0.02618414023734876,0.06831815280114927,3.0427231677665856
2880,2025,2880,-0.22015477241379336,-0.0436640092491854,0.22444302065397823,3.0416666666666665
2881,2025,2881,-0.08655884546681086,-0.10720549200605313,0.13778770353267075,3.040610898993405
2882,2025,2882,0.011828155560567485,0.028938718606621686,0.03126267260741179,3.039555863983345
2883,2025,2883,-0.05705435316022702,-0.051429034138189555,0.07681239982528194,3.0385015608740895
2884,2025,2884,0.01081814496468343,0.030358004365345782,0.03222794888793357,3.0374479889042996
2885,2025,2885,-0.014181589611102307,0.08099769296707203,0.08222982275236762,3.0363951473136916
2886,2025,2886,0.07000327625098632,-0.06749499034085132,0.09724213287965006,3.0353430353430353
2887,2025,2887,-0.038648293592191574,-0.06298336721329616,0.0738958398227745,3.034291652234153
2888,2025,2888,-0.030513814292780446,-0.05257356644156904,0.060787110073438816,3.033240997229917
2889,2025,2889,-0.0019689629596618204,0.0295520809032479,0.029617601200107844,3.0321910695742473
2890,2025,2890,-0.030457740091343107,-0.08538255260008333,0.0906523812151551,3.0311418685121105
2891,2025,2891,0.035307342827146176,0.026075419176903192,0.04389232213912635,3.030093393289519
2892,2025,2892,-0.12116941143232375,0.18172560852855074,0.21841754293537832,3.029045643153527
2893,2025,2893,0.0149514642662378,0.13192400937075358,0.13276856002894383,3.0279986173522295
2894,2025,2894,-0.0014167246081861961,-0.06724001967263728,0.06725494297218672,3.0269523151347615
2895,2025,2895,0.09429279199437718,-0.13659865395769977,0.16598289937565944,3.0259067357512954
2896,2025,2896,0.025089927033709263,0.10613125011623194,0.10905662148531393,3.0248618784530388
2897,2025,2897,-0.1929849881339779,-0.05275051761695389,0.20006454646920369,3.0238177424922332
2898,2025,2898,0.05789655015733084,0.011883906568652895,0.05910361880166727,3.022774327122153
2899,2025,2899,-0.04469401357737298,0.17526418630629406,0.1808731319219683,3.0217316315971026
2900,2025,2900,-0.11939555344301257,0.00954882285098414,0.11977678489508202,3.0206896551724136
2901,2025,2901,0.08209505671983215,-0.012438102510558076,0.08303195006680025,3.0196483971044468
2902,2025,2902,0.021368976489049406,-0.19444408852511158,0.19561476610560607,3.018607856650586
2903,2025,2903,-0.00892761479066694,-0.008979995874633393,0.012662647107100784,3.0175680330692387
2904,2025,2904,-0.1379711396802656,0.1510140582817871,0.20455141452311287,3.0165289256198347
2905,2025,2905,-0.03991923163358104,-0.02732261214194588,0.048374271968420424,3.0154905335628226
2906,2025,2906,-0.041774938461945285,-0.11201048369555597,0.11954703652208082,3.0144528561596697
2907,2025,2907,0.009056039070493896,-0.01661031660286986,0.01891862736283703,3.0134158926728585
2908,2025,2908,0.13395718396818893,0.07199405463928352,0.15207784532959215,3.0123796423658873
2909,2025,2909,-0.03470168128381454,-0.1353164517359176,0.13969519961087554,3.011344104503266
2910,2025,2910,-0.1454152827630387,-0.21515874109832625,0.2596899850438424,3.0103092783505154
2911,2025,2911,-0.030152389552988924,0.01222213234779488,0.032535321035487105,3.0092751631741668
2912,2025,2912,-0.0014088066171995266,0.10318144086119307,0.10319105811201157,3.008241758241758
2913,2025,2913,0.003991065250393293,0.030408359144825592,0.030669152380096765,3.007209062821833
2914,2025,2914,0.12135757366253429,-0.07488188449252535,0.1426006918300516,3.0061770761839397
2915,2025,2915,0.09168574641750532,-0.21446972341020548,0.233245660958109,3.0051457975986278
2916,2025,2916,-0.0063879110054444,0.10985376801805546,0.11003933730615713,3.0041152263374484
2917,2025,2917,-0.009372121551931647,0.05187115674652037,0.05271103835636581,3.0030853616729516
2918,2025,2918,0.024190203044617567,-0.2253524221530198,0.22664703857225374,3.002056202878684
2919,2025,2919,-0.06906200444036409,-0.0032610381476203885,0.0691389530374962,3.001027749229188
2920,2025,2920,0.40778602939497693,0.16205000574774198,0.43880479729894045,3.0
2921,2025,2921,0.09396714167443358,-0.18447615066577366,0.20702964492778395,2.998972954467648
2922,2025,2922,-0.28703413483704854,-0.17801983333268365,0.33775679951919463,2.9979466119096507
2923,2025,2923,0.14481705072447237,0.25794458405569926,0.29581647456523125,2.9969209716045158
2924,2025,2924,0.028193528536815626,0.07182227139315815,0.07715771976561192,2.9958960328317374
2925,2025,2925,-0.08362615942267988,-0.1503962120147074,0.172082407956654,2.994871794871795
2926,2025,2926,0.10332285512609236,0.05391168436686315,0.11654219022602823,2.9938482570061518
2927,2025,2927,-0.013633164301108247,0.05271993886752723,0.054454156159624956,2.992825418517253
2928,2025,2928,0.08183338574564385,0.12960608906121993,0.15327896575962474,2.9918032786885247
2929,2025,2929,0.008597516383934321,0.05440292900576285,0.05507808976696715,2.99078183680437
2930,2025,2930,-0.026330721410151702,-0.1138539023391544,0.11685896614223801,2.9897610921501707
2931,2025,2931,-0.06348357297463122,0.1380778948876187,0.15197259323385123,2.9887410440122824
2932,2025,2932,0.18802999279872185,-0.01552551960002051,0.18866987027805476,2.9877216916780354
2933,2025,2933,0.11332987973518079,0.025710530763954034,0.11620969422967589,2.9867030344357315
2934,2025,2934,-0.17888082702774447,-0.03268563350555705,0.18184251679898578,2.985685071574642
2935,2025,2935,0.043948411952042396,-0.06817227218596897,0.08111055176796828,2.9846678023850086
2936,2025,2936,0.17878917633877728,0.11486873954923878,0.2125097571913564,2.983651226158038
2937,2025,2937,-0.13618219250555563,-0.008475487306595433,0.13644567945048489,2.982635342185904
2938,2025,2938,0.008413520812598047,-0.0814008873381349,0.08183453911338263,2.9816201497617425
2939,2025,2939,0.11549031863885284,-0.09001439097306374,0.14642610519151064,2.980605648179653
2940,2025,2940,0.022221712329830196,-0.1389489087913432,0.14071461812183814,2.979591836734694
2941,2025,2941,-0.10872431326952543,0.01073239966087574,0.10925273771586079,2.9785787147228833
2942,2025,2942,0.005965366247119293,0.062104147466128586,0.06238998899628782,2.9775662814411965
2943,2025,2943,0.006353760658956617,0.07309935863090736,0.07337497193703936,2.976554536187564
2944,2025,2944,0.11762324170758137,-0.06422709511757926,0.13401621818661608,2.9755434782608696
2945,2025,2945,0.13929958383301566,-0.12165301478066322,0.18494277509888193,2.974533106960951
2946,2025,2946,-0.059635067110393146,-0.07325571113679627,0.09446025853986867,2.973523421588595
2947,2025,2947,0.039541938139736534,0.07517077561838285,0.0849365079274867,2.972514421445538
2948,2025,2948,0.12097794023077023,0.02944948819817737,0.12451078016627477,2.971506105834464
2949,2025,2949,-0.05522885352290903,-0.17349319886730472,0.1820717339804976,2.9704984740590032
2950,2025,2950,-0.01683112520394957,0.042663278647790626,0.045863298187222144,2.9694915254237286
2951,2025,2951,0.049066346820999654,0.060071161887207125,0.07756320571532399,2.968485259234158
2952,2025,2952,0.1563881889224173,-0.06960909837710232,0.17118029153879483,2.967479674796748
2953,2025,2953,0.09465199511040234,0.06891936879732881,0.11708492462226659,2.966474771418896
2954,2025,2954,0.02962426330892533,-0.06814500753857236,0.07430571330004594,2.965470548408937
2955,2025,2955,-0.06109205413081786,-0.06463486734783964,0.0889376475683701,2.964467005076142
2956,2025,2956,-0.08584259903377087,0.04863359223417316,0.09866193846906003,2.9634641407307174
2957,2025,2957,0.0693588159074067,0.0648935042143317,0.09498322079869169,2.962461954683801
2958,2025,2958,0.019597365401467788,0.05872938954662988,0.06191282522384555,2.9614604462474645
2959,2025,2959,0.07188525178526345,0.017521448442700035,0.07398980051169834,2.9604596147347078
2960,2025,2960,0.043598860600740044,0.15915403950135032,0.1650177836940011,2.9594594594594597
2961,2025,2961,0.022166612370939996,-0.11056954021436845,0.11276959664386652,2.9584599797365754
2962,2025,2962,-0.0594997243124159,-0.07996206036445631,0.09967019760681953,2.9574611748818365
2963,2025,2963,-0.2300634959851769,0.13503849437972273,0.2667669528807193,2.9564630442119473
2964,2025,2964,0.10652493486243787,0.1145743181730593,0.15644435474720095,2.9554655870445345
2965,2025,2965,0.12126970977746346,0.07860872752097059,0.14451876885711565,2.954468802698145
2966,2025,2966,-0.10762740014177322,0.1560898678265334,0.18959879772662597,2.9534726904922453
2967,2025,2967,0.07546114080783681,0.09185772931074299,0.11887904023058861,2.9524772497472194
2968,2025,2968,0.17162213805079457,-0.09026991076176344,0.19391445293753307,2.9514824797843664
2969,2025,2969,-0.14611342014844564,-0.21964265462449112,0.2638030084702782,2.950488379925901
2970,2025,2970,-0.004723017670421352,-0.022517634519700177,0.0230076239598509,2.9494949494949494
2971,2025,2971,-0.08477048795216835,0.14260346074105465,0.1658969036569828,2.94850218781555
2972,2025,2972,-0.07549293116570457,0.09926251970832439,0.12470858220200924,2.9475100942126513
2973,2025,2973,0.11502969777942314,-0.039354865266340196,0.12157564226175084,2.946518668012109
2974,2025,2974,-0.024798417834348826,-0.16123880394270915,0.16313464814061526,2.945527908540686
2975,2025,2975,-0.06029988035286406,0.03850700248956015,0.07154624246807594,2.9445378151260506
2976,2025,2976,0.07188353744199952,-0.02399443149833361,0.0757824234113925,2.943548387096774
2977,2025,2977,0.0061155786502727835,-0.13109359286342237,0.13123616266893975,2.9425596237823313
2978,2025,2978,-0.14155466786444384,0.10539623083457403,0.17648254720608444,2.9415715245130962
2979,2025,2979,-0.0784349746586326,0.07359594563061161,0.10755653612386501,2.9405840886203425
2980,2025,2980,0.0029778173698149155,-0.00866377243747242,0.009161241680922853,2.9395973154362416
2981,2025,2981,0.04574497481983491,0.04998935161153439,0.06776088839300254,2.9386112042938612
2982,2025,2982,0.0449799144052421,0.004027897984568221,0.04515990104148806,2.937625754527163
2983,2025,2983,0.11365567094649506,0.1301453099310261,0.17278719059971084,2.9366409654710024
2984,2025,2984,0.1678995151535903,-0.01818177836576269,0.16888109501466533,2.935656836461126
2985,2025,2985,-0.014004826030368088,-0.19694486741465753,0.19744218382381692,2.9346733668341707
2986,2025,2986,-0.1580615761769912,0.0760026455116155,0.17538490239561408,2.9336905559276625
2987,2025,2987,-0.029594921958750013,0.024038170254213988,0.038127326616418857,2.9327084030800132
2988,2025,2988,0.08436361283941853,0.15355509690278396,0.17520384401074846,2.931726907630522
2989,2025,2989,0.06574664975354791,-0.01270877474445045,0.06696368351069767,2.930746068919371
2990,2025,2990,0.03558970255716735,-0.16648606607898342,0.1702475759785239,2.9297658862876252
2991,2025,2991,-0.0983033023116837,0.14549930401381186,0.17559495070726244,2.9287863590772316
2992,2025,2992,-0.1252530492285185,-0.02480313315655288,0.12768524486182173,2.927807486631016
2993,2025,2993,-0.021097634368080532,-0.09937171215240134,0.10158664947732512,2.926829268292683
2994,2025,2994,-0.12850273136973134,0.1320401745290498,0.18424863543359898,2.9258517034068134
2995,2025,2995,-0.02424565723424436,0.06305593305083218,0.06755666205217288,2.9248747913188646
2996,2025,2996,-0.03985872498740119,0.14139280966065526,0.14690352133749404,2.923898531375167
2997,2025,2997,0.05454623434854778,-0.02762057054841732,0.06114071964760304,2.9229229229229228
2998,2025,2998,-0.012265936574970096,-0.07742582788485286,0.07839140274109176,2.9219479653102067
2999,2025,2999,-0.27328025068895184,0.062464797339567536,0.28032828313120606,2.920973657885962
3000,2025,3000,0.003994662637239539,-0.015099779210795583,0.015619240115963775,2.92
3001,2025,3001,0.06930031516150896,0.053925956688128586,0.08780969471655387,2.919026991002999
3002,2025,3002,-0.061671724802884416,0.11155021017110281,0.12746313596244177,2.9180546302465022
3003,2025,3003,0.02444366020117921,-0.0897924466461007,0.0930600666168016,2.917082917082917
3004,2025,3004,-0.0593332561842324,-0.10882812904670397,0.12395159120087892,2.9161118508655126
3005,2025,3005,-0.1366874103659722,-0.00685884227093977,0.13685938721860957,2.9151414309484194
3006,2025,3006,-0.018427896247416607,0.010823806194409388,0.021371526399386782,2.914171656686627
3007,2025,3007,0.12416317129975492,0.0018857555896203396,0.12417749063882741,2.9132025274359825
3008,2025,3008,0.05545728896783409,0.018208850954621714,0.05837013922160441,2.9122340425531914
3009,2025,3009,-0.0858523957005156,-0.10241545449329607,0.13363966165246868,2.9112662013958124
3010,2025,3010,-0.0622297340529563,-0.13189251385434556,0.14583612382095323,2.910299003322259
3011,2025,3011,-0.1277491972378844,0.042581372081686296,0.13465894193585104,2.9093324476917966
3012,2025,3012,-0.08070450557375487,-0.0190696862834685,0.08292689645015143,2.908366533864542
3013,2025,3013,0.07504680198562601,0.014066570360606696,0.07635372217501685,2.90740126120146
3014,2025,3014,0.06790748819518794,-0.05558356301007477,0.08775511056271619,2.906436629064366
3015,2025,3015,-0.014559984757502023,-0.04936233886005227,0.05146487786707861,2.9054726368159205
3016,2025,3016,-0.0998422530186228,0.054315161263983266,0.11366007316101465,2.9045092838196287
3017,2025,3017,0.021312773079828973,-0.02450643682859104,0.03247768068052283,2.903546569439841
3018,2025,3018,0.09746007118504288,-0.01211870585961707,0.09821063337086032,2.9025844930417497
3019,2025,3019,-0.07335969071935909,-0.06746930430779265,0.09966820579411244,2.901623053991388
3020,2025,3020,0.13659653598713056,0.00746583946174163,0.1368004108274239,2.9006622516556293
3021,2025,3021,0.022416134980349268,0.10999258222637745,0.11225351331821931,2.899702085402185
3022,2025,3022,0.0033574341496292906,-0.09547192350676192,0.09553094023482704,2.898742554599603
3023,2025,3023,0.06531716862480684,-0.10377579465918353,0.12262034119307642,2.897783658617268
3024,2025,3024,-0.02039320492763454,-0.13065527219801676,0.13223722229523105,2.8968253968253967
3025,2025,3025,-0.071253753160002,0.039986934769481695,0.08170711285833859,2.8958677685950414
3026,2025,3026,-0.08320912128751191,0.022206015988325188,0.08612122277065987,2.894910773298083
3027,2025,3027,0.08909218617590164,-0.12464293419776702,0.1532099170518358,2.8939544103072348
3028,2025,3028,-0.01425954483744967,-0.002654713347873843,0.014504555213125877,2.892998678996037
3029,2025,3029,-0.13796534972701224,-0.0232407453813631,0.13990914899025778,2.892043578738858
3030,2025,3030,-0.1069160902466177,-0.07254976061658948,0.12920726805852426,2.891089108910891
3031,2025,3031,-0.025793123990110644,-0.011960350522063984,0.0284312368668663,2.8901352688881556
3032,2025,3032,0.004407861146772278,0.09995098128966046,0.10004812792179212,2.8891820580474934
3033,2025,3033,-0.004142360836268761,-0.02591382132458096,0.02624281404385132,2.888229475766568
3034,2025,3034,0.05052891327394074,-0.10428626413686397,0.11588268189970917,2.887277521423863
3035,2025,3035,-0.14558847884782425,0.06669272353693867,0.16013720537713247,2.886326194398682
3036,2025,3036,-0.02341364708056715,-0.05661083271089507,0.06126161318341444,2.8853754940711465
3037,2025,3037,0.1961563026388666,-0.006991748231806348,0.196280869185684,2.884425419822193
3038,2025,3038,-0.05735011534079827,-0.09772209430046437,0.11330773779434357,2.8834759710335747
3039,2025,3039,0.06334938471161243,-0.1209730288927909,0.13655628239973397,2.882527147087858
3040,2025,3040,0.010076168952265527,0.03790668818752539,0.03922303137317253,2.8815789473684212
3041,2025,3041,0.030206898695769705,-0.04280059760571602,0.05238652387993421,2.880631371259454
3042,2025,3042,0.05642301106393495,-0.11194120744876211,0.12535705047027756,2.8796844181459567
3043,2025,3043,-0.020210319625057996,-0.18439821952196764,0.18550245384419792,2.8787380874137365
3044,2025,3044,0.032616971859943146,-0.04102928874759403,0.05241440058271934,2.8777923784494086
3045,2025,3045,0.02329509213540901,0.028204753660266813,0.036580998436804985,2.876847290640394
3046,2025,3046,0.03247767900450425,0.03998770320703522,0.05151520204069427,2.875902823374918
3047,2025,3047,0.06928460429796207,0.0357217317076085,0.07795125726321255,2.8749589760420085
3048,2025,3048,0.10999829816920713,-0.1280984500141805,0.16884560549850652,2.874015748031496
3049,2025,3049,0.04691349195232795,-0.10455893402287263,0.11460124960558053,2.873073138734011
3050,2025,3050,0.07450893207957128,0.038319838033372994,0.08378538623496407,2.8721311475409834
3051,2025,3051,0.012609444729960844,0.042079662611505954,0.04392830638547438,2.871189773844641
3052,2025,3052,-0.003909038930230335,-0.06094986657884179,0.06107509166048523,2.8702490170380077
3053,2025,3053,0.07150743107200568,0.08063993925601944,0.10777807059755777,2.8693088765149035
3054,2025,3054,0.005446298465967303,0.09902174149533473,0.09917140442561703,2.868369351669941
3055,2025,3055,0.16330575218718,-0.036291435279399674,0.16728967981336895,2.867430441898527
3056,2025,3056,0.05932955086792706,-0.07287231535341264,0.09397004815981082,2.8664921465968587
3057,2025,3057,0.03788172501908949,-0.07603066857616439,0.08494520383494562,2.8655544651619236
3058,2025,3058,0.08257972250971508,0.06844835373858259,0.10725944107305276,2.864617396991498
3059,2025,3059,-0.04420131860597106,-0.007372299874587031,0.04481191104993626,2.8636809414841453
3060,2025,3060,-0.10687023565831888,-0.01976520570763977,0.10868261418612422,2.8627450980392157
3061,2025,3061,-0.01218717566055472,0.01876321672071078,0.022373769291059966,2.861809866056844
3062,2025,3062,0.19069360012765152,0.027587171628185643,0.1926787512106294,2.860875244937949
3063,2025,3063,0.038593794133915726,0.027440715357200506,0.047354765388141956,2.859941234084231
3064,2025,3064,-0.017767814587148743,-0.001549000008418521,0.017835207770849664,2.8590078328981723
3065,2025,3065,-0.016096481929348507,0.01299524276112103,0.020687509877274055,2.858075040783034
3066,2025,3066,-0.0368442891918578,0.07987892959304409,0.08796672688570233,2.857142857142857
3067,2025,3067,-0.006637980636804066,-0.01027141647962977,0.01222966816526907,2.8562112813824583
3068,2025,3068,0.060962574311559915,-0.0920855211501071,0.11043631047884245,2.8552803129074316
3069,2025,3069,0.012422408135008644,0.02874006851661529,0.031309866850762404,2.854349951124145
3070,2025,3070,-0.03788077437487101,0.18166051011565626,0.18556803065916375,2.8534201954397393
3071,2025,3071,0.09356725719116522,0.03726223029377384,0.10071397829866467,2.8524910452621297
3072,2025,3072,0.06284954755996172,-0.04463641023483135,0.077087448700447,2.8515625
3073,2025,3073,0.01819145170286837,-0.04224981214605858,0.045999734145264703,2.8506345590628053
3074,2025,3074,0.024088392457053572,-0.07207850471541956,0.07599711503192601,2.8497072218607675
3075,2025,3075,0.03464799534280806,0.09408076976148327,0.10025804117470316,2.848780487804878
3076,2025,3076,-0.07240968415204325,0.16700889558249254,0.18203058414091453,2.847854356306892
3077,2025,3077,0.13645458468400806,0.01340402590798438,0.13711134742182007,2.8469288267793305
3078,2025,3078,0.18045916477521617,0.009938821558514218,0.18073264875318076,2.8460038986354776
3079,2025,3079,-0.009744414357968878,0.050919573467306,0.05184357793663708,2.8450795712893795
3080,2025,3080,0.02611309546519244,-0.13202601763431607,0.13458366575164682,2.844155844155844
3081,2025,3081,0.05595855200844719,0.008843702081345245,0.056653072373752854,2.843232716650438
3082,2025,3082,0.006055427028216063,0.09192301253484235,0.09212224720432537,2.8423101881894874
3083,2025,3083,0.09564627557452936,0.08369419102876059,0.12709416840767118,2.8413882581900745
3084,2025,3084,-0.07774772386733153,0.025108946370176934,0.0817016998254703,2.840466926070039
3085,2025,3085,-0.04074564797289736,-0.038671909976187586,0.056175835106722104,2.8395461912479742
3086,2025,3086,0.07510144046889197,0.1447571942214049,0.16307934154685585,2.8386260531432277
3087,2025,3087,-0.007071157351940187,-0.0037713642804997065,0.008014016148731347,2.837706511175899
3088,2025,3088,-0.033578066952731564,0.004705335202737485,0.033906146340335466,2.8367875647668392
3089,2025,3089,-0.08589745323648451,0.13369388424332426,0.15891012288895076,2.8358692133376495
3090,2025,3090,-0.02283478104539038,0.058652651485560856,0.06294093065468276,2.8349514563106797
3091,2025,3091,-0.034242317556330476,0.06893736469294086,0.07697334968959131,2.8340342931090263
3092,2025,3092,-0.001162987525934959,0.018587185050317652,0.018623533179293137,2.833117723156533
3093,2025,3093,-0.0015834361065841514,-0.03646043977884307,0.03649480701100194,2.8322017458777884
3094,2025,3094,-0.11636193858277792,0.09372557464940119,0.14941413619233843,2.8312863606981256
3095,2025,3095,-0.003815859053761266,0.1522833961408065,0.1523311968064847,2.8303715670436187
3096,2025,3096,0.04890480893424415,-0.025635550212095355,0.05521649908833218,2.8294573643410854
3097,2025,3097,-0.11131763046148593,-0.07633367640035786,0.13497572005495836,2.828543752018082
3098,2025,3098,-0.028451620751825852,-0.011047231053185735,0.030521075298032975,2.8276307295029053
3099,2025,3099,-0.06438295624675112,-0.03315592645988755,0.07241878564629858,2.8267182962245885
3100,2025,3100,-0.10017370239203764,0.08728559131244976,0.13286664405219442,2.825806451612903
3101,2025,3101,-0.0055940638502414404,0.10065141320618659,0.10080674843859953,2.8248951950983554
3102,2025,3102,0.02403563440275353,-0.016100164401840845,0.02892969088858594,2.8239845261121856
3103,2025,3103,0.04817546053177116,-0.045318880856067716,0.06614133321528,2.823074444086368
3104,2025,3104,-0.11093684759657178,-0.08841493229445863,0.1418597349754281,2.8221649484536084
3105,2025,3105,-0.1252089002167291,-0.033765743599550244,0.129681895938922,2.821256038647343
3106,2025,3106,0.07215325067289512,-0.0027601842508291124,0.0722060260626782,2.8203477141017386
3107,2025,3107,0.027747592251104517,0.07358845908255192,0.07864598009992611,2.8194399742516896
3108,2025,3108,-0.12671574748503375,0.09736856268012087,0.1598046233970828,2.8185328185328187
3109,2025,3109,0.025560834188138513,-0.05162929986931165,0.05761024951680746,2.817626246381473
3110,2025,3110,0.05237326007991478,-0.1339017359389471,0.14377980824462772,2.8167202572347265
3111,2025,3111,0.01607330297129364,-0.050851695916161926,0.053331473315077246,2.815814850530376
3112,2025,3112,-0.0072777925480259804,-0.05999278986950263,0.060432616199353806,2.814910025706941
3113,2025,3113,-0.039969596969682435,-0.05050359887829493,0.06440638308101582,2.814005782203662
3114,2025,3114,-0.05244391158001854,0.027436951049285393,0.05918741542501823,2.813102119460501
3115,2025,3115,-0.04780834728913369,-0.05395561094849943,0.07208915329884412,2.812199036918138
3116,2025,3116,0.03848606934282288,-0.026650174627096762,0.0468124912936208,2.8112965340179716
3117,2025,3117,0.06685841914587048,-0.029056868794445682,0.07289958734329387,2.8103946102021173
3118,2025,3118,-0.017538822193612896,-0.028275074492303758,0.033272963821765186,2.809493264913406
3119,2025,3119,-0.10598360740743307,0.025242218338953615,0.10894812814254455,2.808592497595383
3120,2025,3120,0.03418743804484695,0.020698040832729955,0.03996485724212718,2.8076923076923075
3121,2025,3121,0.0011220832715081283,-0.060692318236161315,0.060702689921845125,2.806792694649151
3122,2025,3122,-0.05931422091078524,-0.20434269450005274,0.21277714538407388,2.805893657911595
3123,2025,3123,-0.027642370518435065,0.04694082962708859,0.054475151527625935,2.8049951969260327
3124,2025,3124,-0.13974418146054404,0.13330733763126085,0.19313022165992674,2.804097311139565
3125,2025,3125,0.08992485324356554,-0.08081170421436254,0.12090083030693553,2.8032
3126,2025,3126,0.08806332582932087,-0.026268122802978466,0.09189757141357703,2.802303262955854
3127,2025,3127,-0.09014602314814628,0.05376296464891524,0.1049607634178917,2.801407099456348
3128,2025,3128,-0.011142758755386542,-0.09906540650559856,0.0996900990008548,2.8005115089514065
3129,2025,3129,-0.04027577537924718,-0.1319632639388391,0.1379726100057228,2.7996164908916588
3130,2025,3130,0.09139324536723964,0.014327314449319234,0.092509444048087,2.7987220447284344
3131,2025,3131,0.005485812281299364,0.024499675329918175,0.025106338396051628,2.7978281699137657
3132,2025,3132,-0.08242396007091017,-0.0347512080957956,0.08945029713694798,2.796934865900383
3133,2025,3133,0.17477602882878243,-0.006182780051457956,0.17488535393887075,2.796042132141717
3134,2025,3134,0.0019434518993070933,-0.17677874746571012,0.17678943000312614,2.7951499680918954
3135,2025,3135,-0.04416267583200898,-0.16184364310920055,0.16776086179887545,2.7942583732057416
3136,2025,3136,0.08793493635284046,0.06900983065521267,0.1117806323047031,2.7933673469387754
3137,2025,3137,0.052898801126566954,-0.07842188749449605,0.09459532545970481,2.7924768887472107
3138,2025,3138,0.026028479208072035,-0.13287857773266118,0.13540383358730992,2.791586998087954
3139,2025,3139,0.03438674701398244,-0.028311796448389194,0.04454218436873806,2.7906976744186047
3140,2025,3140,-0.06912406919336092,-0.05438682039608763,0.08795489284084679,2.789808917197452
3141,2025,3141,0.03645270202450246,-0.1377595478214131,0.14250085087762587,2.7889207258834765
3142,2025,3142,0.15497813755130616,0.06971669097164175,0.16993716520792904,2.7880330999363463
3143,2025,3143,0.04982915775101384,0.020228892032490047,0.05377874147874383,2.7871460388164175
3144,2025,3144,-0.0033900658838768947,-0.06559163374355167,0.06567918211918639,2.786259541984733
3145,2025,3145,0.05028404661887716,0.026251671107588085,0.05672420629951896,2.7853736089030208
3146,2025,3146,0.18329376563156527,-0.03031159713602447,0.18578320010252763,2.7844882390336934
3147,2025,3147,0.03122519348714743,-0.030508544741045834,0.04365528616933108,2.7836034318398473
3148,2025,3148,-0.08410474739029009,-0.10172845166783928,0.13199350897798126,2.7827191867852603
3149,2025,3149,0.14366119204178676,-0.004445632655953785,0.14372996120704554,2.781835503334392
3150,2025,3150,0.1265840169089573,0.08184911133930971,0.15074080523813685,2.780952380952381
3151,2025,3151,0.05188194995861959,0.012083377910099103,0.05327048669973814,2.780069819105046
3152,2025,3152,0.0058735503775773044,-0.16054318274035292,0.1606505901590165,2.779187817258883
3153,2025,3153,-0.010325920314731417,-0.08205725810007701,0.08270440276822533,2.7783063748810655
3154,2025,3154,-0.005235452593821341,0.06940788082581484,0.06960505645851217,2.777425491439442
3155,2025,3155,0.03864297102847716,-0.07064724919656618,0.08052523225020494,2.776545166402536
3156,2025,3156,-0.017732144689801065,0.03995587826239084,0.04371385550393647,2.7756653992395437
3157,2025,3157,0.0037322335390843247,0.08853566952691995,0.08861430102286114,2.7747861894203356
3158,2025,3158,0.041139248257973285,0.02580700603605855,0.048563765378894584,2.773907536415453
3159,2025,3159,-0.03160397761053231,0.025900400400998926,0.04086125477440815,2.7730294396961064
3160,2025,3160,0.06925287004506721,-0.0753161203105457,0.10231558037812014,2.7721518987341773
3161,2025,3161,0.17345565544387784,0.16020817002111234,0.23612183750551094,2.7712749130022143
3162,2025,3162,0.041988316211697,0.05626164696714078,0.07020250435524818,2.7703984819734346
3163,2025,3163,-0.027048198083436024,-0.16292903936801098,0.1651589443201417,2.76952260512172
3164,2025,3164,-0.10236961434073746,0.06569149630988967,0.12163433161613366,2.768647281921618
3165,2025,3165,0.07000098099157975,-0.0007113244306246551,0.0700045950079644,2.7677725118483414
3166,2025,3166,0.17284126477588346,0.05720233422784609,0.18206100584815316,2.766898294377764
3167,2025,3167,0.026208975274030183,-0.0060819696209694785,0.026905403535073046,2.7660246289864223
3168,2025,3168,0.07122925488999188,-0.03859483873877995,0.08101338364403662,2.765151515151515
3169,2025,3169,-0.05378115040320787,0.0056112651363333125,0.05407308420205653,2.7642789523508995
3170,2025,3170,0.07571276388410272,-0.044648099147388765,0.08789695883501857,2.7634069400630916
3171,2025,3171,-0.00527098943277277,-0.008724570637256419,0.010193206679199587,2.762535477767266
3172,2025,3172,-0.03778542616999319,0.014944921095643578,0.04063359567406038,2.7616645649432536
3173,2025,3173,0.11460543662160295,0.024567764047354074,0.1172091341727031,2.760794201071541
3174,2025,3174,0.04242450766932846,0.0029939856683644274,0.04253002235089092,2.7599243856332705
3175,2025,3175,0.041956249302812415,0.09766968013567678,0.10630001539682468,2.7590551181102363
3176,2025,3176,0.03455564552563934,-0.08234723596239273,0.08930375080778873,2.7581863979848866
3177,2025,3177,-0.04648541214300867,-0.05767036113923977,0.07407269467243455,2.757318224740321
3178,2025,3178,0.04309678572341784,0.060994211831273445,0.07468351100884618,2.7564505978602893
3179,2025,3179,0.12339139921776453,0.017160105295392306,0.12457891721582225,2.7555835168291916
3180,2025,3180,-0.0662677374091877,0.06872474448830561,0.0954699090096767,2.7547169811320753
3181,2025,3181,0.0571972169764507,0.0634890448468694,0.08545396682085024,2.753850990254637
3182,2025,3182,0.140709747361514,0.027512282250010317,0.14337419111243602,2.7529855436832182
3183,2025,3183,-0.15113177544651935,-0.005223577708430965,0.1512220199365594,2.7521206409048067
3184,2025,3184,0.07931838034407161,0.040520118091994586,0.08906899253160998,2.751256281407035
3185,2025,3185,0.17114531391713605,0.10315943288673965,0.1998313966055104,2.7503924646781788
3186,2025,3186,-0.04227089422843468,-0.11347313575830935,0.12109079666801774,2.749529190207156
3187,2025,3187,-0.026588337014525513,-0.04503394833570446,0.05229719082226966,2.7486664574835267
3188,2025,3188,-0.1862785215755435,0.07956763656912301,0.20256035246209034,2.7478042659974906
3189,2025,3189,-0.10971074849036534,0.0797463235009105,0.1356315761400275,2.7469426152398873
3190,2025,3190,0.15396274336101573,0.06055025780884889,0.16544140976178867,2.7460815047021945
3191,2025,3191,0.06033159165974203,0.0010204023898840525,0.060340220195447866,2.745220933876528
3192,2025,3192,-0.09701186887793072,-0.048572010632611747,0.10849213298706671,2.744360902255639
3193,2025,3193,-0.05372887236794455,-0.04943004349951775,0.07300767717367189,2.7435014093329158
3194,2025,3194,-0.08653939312055138,0.02603212837043127,0.09037000757534519,2.7426424546023793
3195,2025,3195,-0.01539074690370578,-0.011921252333772846,0.019467700107085418,2.7417840375586855
3196,2025,3196,-0.15360801364157675,0.115559126615875,0.1922220944614189,2.7409261576971216
3197,2025,3197,-0.06820432194332472,0.040353623590235116,0.07924799346741258,2.7400688145136063
3198,2025,3198,0.24817053322340693,-0.02677066338032827,0.24961026016214352,2.7392120075046904
3199,2025,3199,0.007375132111132011,-0.030217201752423095,0.031104209609043143,2.7383557361675526
3200,2025,3200,0.0031534167341720197,-0.003938526607471313,0.005045396806705654,2.7375
3201,2025,3201,-0.054216213197584774,0.025557433069458783,0.059938136095359446,2.7366447985004685
3202,2025,3202,-0.06323265066744004,-0.14696571884598875,0.15999153298330732,2.73579013116802
3203,2025,3203,0.20493844580172588,0.06847838536273419,0.21607650457537964,2.7349359975023417
3204,2025,3204,-0.1133918345441352,0.02539976720185085,0.11620179135965483,2.7340823970037453
3205,2025,3205,-0.023400925476008482,-0.11878986284586843,0.12107284926057509,2.733229329173167
3206,2025,3206,0.14304940334106056,0.17240604885317792,0.22402450195770507,2.732376793512165
3207,2025,3207,-0.053967994174162405,-0.07477991747725742,0.09222028222190527,2.7315247895229184
3208,2025,3208,0.04966708827411159,-0.12405325629985957,0.13362645717157604,2.7306733167082293
3209,2025,3209,0.07385200291554922,0.004256238425768928,0.07397454900285153,2.7298223745715178
3210,2025,3210,-0.035700817647881106,-0.07076266139080623,0.07925845461423757,2.7289719626168223
3211,2025,3211,0.03741592323266613,0.0735276955070071,0.08250014132062997,2.728122080348801
3212,2025,3212,-0.011943130409232066,0.06103458907603131,0.06219211708610606,2.727272727272727
3213,2025,3213,-0.05280999557208902,-0.10933838526638198,0.12142396025901905,2.726423902894491
3214,2025,3214,0.08788947899486657,0.02962440139794025,0.09274786076333716,2.7255756067205974
3215,2025,3215,0.1374266821176978,0.0855997745341852,0.16190557235062078,2.724727838258165
3216,2025,3216,0.012729052747415577,-0.04734131695542122,0.049022740385663274,2.7238805970149254
3217,2025,3217,0.014182291242225812,-0.100306374292165,0.10130402809621745,2.723033882499223
3218,2025,3218,-0.004869871105095687,0.0520288694974542,0.052256281017341505,2.7221876942200125
3219,2025,3219,-0.08451003297111427,0.08786442046370549,0.1219102212950237,2.7213420316868593
3220,2025,3220,0.02036128095446584,-0.02870042648821688,0.03518943367990219,2.720496894409938
3221,2025,3221,0.10070531061789376,0.0269010355864433,0.10423639144881001,2.719652281900031
3222,2025,3222,0.02135754814520368,0.003977895070920253,0.021724836293282965,2.718808193668529
3223,2025,3223,-0.01053009482581992,-0.06439883210390891,0.0652540609723886,2.7179646292274278
3224,2025,3224,0.02312154358966968,-0.005601564632993655,0.023790403617984297,2.7171215880893302
3225,2025,3225,0.011948880893463215,0.09279448782451433,0.09356063662256744,2.7162790697674417
3226,2025,3226,-0.12872803458715354,-0.02587778239372534,0.13130333777283956,2.7154370737755733
3227,2025,3227,-0.027179731002808842,-0.026084977749749723,0.03767179105896063,2.7145955996281375
3228,2025,3228,0.11853755114265702,0.02608440409220078,0.12137358513178742,2.7137546468401488
3229,2025,3229,0.08946151722332107,-0.05195150131487074,0.10345202536812699,2.712914214927222
3230,2025,3230,-0.1282036200060543,0.12392525698691835,0.17830770455011336,2.7120743034055725
3231,2025,3231,-0.08457262629895936,-0.06393565163048663,0.10602026536713809,2.711234911792015
3232,2025,3232,0.1453728040593671,-0.11696534980363643,0.18658549036506072,2.7103960396039604
3233,2025,3233,-0.020915299872628947,0.1190156990163598,0.12083950670668406,2.7095576863594184
3234,2025,3234,0.047130588490813315,-0.12774951487441943,0.13616618861574958,2.7087198515769946
3235,2025,3235,0.04973967510330126,0.07794880776772457,0.09246649075092904,2.7078825347758886
3236,2025,3236,-0.01950455572143281,0.09739184232178183,0.09932571995571586,2.707045735475896
3237,2025,3237,0.19489702423471503,-0.10442819844530284,0.22111105509693232,2.706209453197405
3238,2025,3238,-0.13146233676595012,0.033185224889130054,0.13558615393507634,2.705373687461396
3239,2025,3239,-0.030624194063384378,-0.043456290155774194,0.053162866891606445,2.704538437789441
3240,2025,3240,0.20703397520128003,0.09393905454782527,0.2273490990898876,2.7037037037037037
3241,2025,3241,0.054732761197013376,0.054331973197087984,0.07712093399161074,2.702869484726936
3242,2025,3242,-0.008333378925632007,-0.07329734137110015,0.07376954287773348,2.70203578038248
3243,2025,3243,-0.05329349640812011,0.018498785087346307,0.056412780547586354,2.7012025901942645
3244,2025,3244,0.07305251667514748,0.04293979244714467,0.08473780719358133,2.7003699136868065
3245,2025,3245,0.04387121000140208,0.025510683441808506,0.050749167841998004,2.699537750385208
3246,2025,3246,-0.018399552984708252,-0.03344216691594397,0.038169648650085104,2.698706099815157
3247,2025,3247,-0.004944287297895327,0.021327890871116292,0.021893490034582762,2.697874961502926
3248,2025,3248,0.01220765994453617,0.04625672535698928,0.047840480788484636,2.6970443349753697
3249,2025,3249,0.1465099027576944,0.03888345234677493,0.15158190681104716,2.696214219759926
3250,2025,3250,-0.1088284398595266,0.05682485901665322,0.12277090015358327,2.6953846153846155
3251,2025,3251,-0.14978414639836923,-0.08632683950962869,0.17288034512925204,2.6945555213780374
3252,2025,3252,0.15347880896220492,0.005111710180237121,0.15356390976210438,2.6937269372693726
3253,2025,3253,-0.0067697026852124335,0.11022900649475231,0.11043669112784175,2.69289886258838
3254,2025,3254,-0.06081585950696341,0.08507073935952789,0.10457341661601881,2.6920712968653966
3255,2025,3255,0.08290958308298525,0.026560291112525492,0.08706002544782844,2.6912442396313363
3256,2025,3256,0.10416962702612916,-0.1351701247314982,0.17065249431136845,2.6904176904176906
3257,2025,3257,-0.05411565313788112,-0.015673401006396,0.056339678856439694,2.6895916487565246
3258,2025,3258,-0.07524713963370239,-0.014199615745108751,0.07657519905532499,2.6887661141804786
3259,2025,3259,-0.04518408967747893,0.06963995384623103,0.08301400563572178,2.6879410862227675
3260,2025,3260,0.06099586781531104,0.027413997020043695,0.06687318687753606,2.687116564417178
3261,2025,3261,0.1446574794567192,0.00897681032325413,0.14493574261151326,2.686292548298068
3262,2025,3262,-0.11616734014906593,-0.007920895472165908,0.11643707099712601,2.685469037400368
3263,2025,3263,0.04147296329093089,-0.19993493447806115,0.20419104953174982,2.684646031259577
3264,2025,3264,0.048646367530194586,-0.030761455616790556,0.05755637432592975,2.6838235294117645
3265,2025,3265,-0.11635544519082903,-0.012046877664975418,0.11697742041535582,2.6830015313935682
3266,2025,3266,0.03490469912765525,-0.06021818062984968,0.06960292594109345,2.682180036742192
3267,2025,3267,-0.034189686735674484,0.06476902356161032,0.0732390680730441,2.681359044995409
3268,2025,3268,0.04920864625882951,0.046082923348637145,0.06741755476864303,2.6805385556915544
3269,2025,3269,0.054061318165527235,-0.0544555001873515,0.07673348436275394,2.679718568369532
3270,2025,3270,-0.007311954571950459,-0.09067483875177153,0.09096917644082546,2.6788990825688073
3271,2025,3271,-0.011162978352046984,-0.0031731891177375414,0.011605223602550601,2.67808009782941
3272,2025,3272,0.032885029910736156,0.0071360486282014066,0.03365038457810054,2.6772616136919316
3273,2025,3273,0.15730100067903896,-0.01824499973584931,0.15835556456906766,2.676443629697525
3274,2025,3274,-0.045384377679117446,0.047785441835508785,0.06590288452515236,2.6756261453879047
3275,2025,3275,-0.145788770653256,0.018929359540060316,0.14701253790471255,2.6748091603053434
3276,2025,3276,0.06339104282661509,-0.07712193698802308,0.09983094447830468,2.673992673992674
3277,2025,3277,0.14385014311229175,-0.013479288202614913,0.14448029237192167,2.6731766859932864
3278,2025,3278,0.02960021989128421,0.07895379387699893,0.08432007225556683,2.6723611958511286
3279,2025,3279,0.09142848434758777,0.017415466845486907,0.09307237095692446,2.6715462031107045
3280,2025,3280,-0.03439293749709529,-0.01441878537625519,0.03729310286642309,2.6707317073170733
3281,2025,3281,0.04507197102742514,-0.10834807548240125,0.11734900098866274,2.669917708015849
3282,2025,3282,0.033205384260570805,-0.1478430506321803,0.15152612040213265,2.669104204753199
3283,2025,3283,-0.22086372958577508,0.03820676912376485,0.22414402569199796,2.6682911970758454
3284,2025,3284,0.05152400308877001,0.2075442190782062,0.21384416234041562,2.66747868453106
3285,2025,3285,0.2699658484190372,-0.10888930385218222,0.29109867709425175,2.6666666666666665
3286,2025,3286,-0.04505755814174515,-0.07673972049590022,0.0889897086605279,2.665855143031041
3287,2025,3287,-0.047071597851905476,0.10558728113823337,0.11560453824351294,2.665044113173106
3288,2025,3288,0.06263887567046204,-0.1568473344261364,0.16889261399434813,2.664233576642336
3289,2025,3289,0.09863586224441585,-0.006776540511942273,0.09886837119124282,2.6634235329887503
3290,2025,3290,-0.028499067129336853,0.12984525581593898,0.1329360270398852,2.662613981762918
3291,2025,3291,0.07513551385146464,-0.07816273242351558,0.10841936257714176,2.6618049225159526
3292,2025,3292,0.10702129214270024,0.09930880170407615,0.14599929817568547,2.660996354799514
3293,2025,3293,0.07446221944129344,-0.0861711828754166,0.11388632438652074,2.660188278165806
3294,2025,3294,0.09181997471908442,-0.1359813929707047,0.16407878288086647,2.6593806921675776
3295,2025,3295,-0.045361142616388704,0.007963191744926436,0.046054811716375745,2.6585735963581185
3296,2025,3296,0.0910603373768041,0.01532022216615806,0.09234010098758733,2.657766990291262
3297,2025,3297,0.1040074905189625,-0.07254519248149738,0.12680837131762862,2.656960873521383
3298,2025,3298,0.03664214925331972,-0.02927904126264198,0.04690319135370269,2.656155245603396
3299,2025,3299,-0.0661706151260015,0.05783843476002225,0.08788535055197065,2.6553501060927553
3300,2025,3300,-0.0012720590613591143,-0.03466921322873791,0.03469254214028256,2.6545454545454548
3301,2025,3301,0.13221008161300965,-0.07151675386211608,0.1503135115786108,2.653741290518025
3302,2025,3302,0.04930435225457687,0.04900118111657133,0.06951283983597868,2.6529376135675347
3303,2025,3303,0.04584368575230802,0.10501656357435542,0.1145867450812833,2.6521344232515895
3304,2025,3304,0.09332272723328874,0.09123694419300225,0.1305117289899104,2.651331719128329
3305,2025,3305,0.014304818407857734,-0.1021997720691808,0.10319603306655878,2.65052950075643
3306,2025,3306,0.016461161620846838,-0.01988165563091788,0.02581182040333555,2.6497277676951
3307,2025,3307,0.034183124204031225,-0.02757495062224773,0.0439188328871297,2.6489265195040823
3308,2025,3308,0.07036470340290332,0.1651299749233527,0.17949679691617243,2.648125755743652
3309,2025,3309,0.0718034842063004,0.07441630149685803,0.10340950765106516,2.6473254759746148
3310,2025,3310,0.16555619779395916,-0.023376969150522918,0.16719849674759946,2.6465256797583083
3311,2025,3311,0.025993101851796596,0.07122180277624955,0.07581679586065913,2.645726366656599
3312,2025,3312,-0.06277534278432456,-0.07647018996732323,0.09893651305422053,2.6449275362318843
3313,2025,3313,0.077271690983172,0.0010395167177396343,0.07727868284595232,2.644129188047087
3314,2025,3314,-0.03837371246254918,0.11022365849776285,0.11671245306645667,2.6433313216656606
3315,2025,3315,0.10848185618497143,0.12543068527262272,0.16583476694980626,2.6425339366515836
3316,2025,3316,0.03909256000757727,0.062148216714680675,0.07342090362261243,2.6417370325693605
3317,2025,3317,-0.00023730692916144807,-0.05315688023029195,0.05315740992934316,2.6409406089840215
3318,2025,3318,0.01640084753017222,0.12249592756726316,0.12358899655823789,2.640144665461121
3319,2025,3319,-0.07288621969431036,-0.04882735733412391,0.0877297660179343,2.639349201566737
3320,2025,3320,0.039287418385449545,0.05222645223640479,0.06535368051299659,2.63855421686747
3321,2025,3321,0.06169724837936666,0.1556825256997358,0.16746223235653512,2.6377597109304425
3322,2025,3322,0.013772110146529829,0.08625999526231028,0.08735249166762182,2.6369656833232993
3323,2025,3323,0.005676319809127553,0.026469029362456275,0.027070835265393386,2.636172133614204
3324,2025,3324,-0.10867164724562384,0.031500944660761046,0.11314520064765289,2.6353790613718413
3325,2025,3325,0.06635232102472312,0.12783158196118005,0.14402619154884924,2.6345864661654135
3326,2025,3326,0.008347487195028522,0.03393434976643511,0.034945967385979174,2.6337943475646424
3327,2025,3327,0.051830452897088375,0.027515948041855906,0.05868154091500504,2.6330027051397655
3328,2025,3328,0.031677858735919856,0.22791534019149964,0.2301062559529834,2.6322115384615383
3329,2025,3329,0.021371447498412178,0.016918510451014602,0.02725756342849592,2.6314208471012317
3330,2025,3330,-0.038188630128355924,-0.10436509996725382,0.11113255851574397,2.630630630630631
3331,2025,3331,0.10802824296283489,0.03136219985266892,0.11248861656734886,2.6298408886220352
3332,2025,3332,0.02574308658866216,0.09102677230126371,0.09459693326264582,2.6290516206482595
3333,2025,3333,-0.16372091675559966,-0.03809697253893827,0.16809496690837178,2.6282628262826284
3334,2025,3334,0.012824110480199241,0.1126477865301228,0.11337540129915516,2.6274745050989803
3335,2025,3335,0.04308253853426651,0.15871712197793994,0.1644604205744252,2.626686656671664
3336,2025,3336,-0.05164657638993256,-0.0335843032809801,0.061605797451782005,2.6258992805755397
3337,2025,3337,0.008833416430061707,0.04103093593935513,0.04197102512312927,2.6251123763859754
3338,2025,3338,-0.043558756134007635,0.008544708473765903,0.04438893194078446,2.6243259436788495
3339,2025,3339,-0.03724774413722804,-0.03682199671626336,0.052376081234518826,2.623539982030548
3340,2025,3340,0.021166354557949147,0.12523323468554529,0.12700936042307148,2.622754491017964
3341,2025,3341,-0.10181384566192124,0.05653311769000951,0.11645622595731833,2.6219694702184975
3342,2025,3342,-0.07997808052883873,0.0893803229818905,0.1199388823585766,2.621184919210054
3343,2025,3343,0.08910661300556011,0.15636414295441312,0.17997148019392073,2.620400837571044
3344,2025,3344,0.058914520817581036,0.023274678366857066,0.06334533460520857,2.6196172248803826
3345,2025,3345,0.06657569338666525,-0.07307855762883882,0.0988574657526015,2.618834080717489
3346,2025,3346,-0.030920028928515125,-0.07638564303055326,0.0824063993275481,2.618051404662283
3347,2025,3347,-0.11110569437902282,0.03335376410701207,0.11600409002940813,2.6172691962951897
3348,2025,3348,-0.09506449450873775,0.07287661373348343,0.11978421826543417,2.6164874551971327
3349,2025,3349,-0.0688351582242589,0.056298158726148476,0.08892559633600083,2.615706180949537
3350,2025,3350,0.029037348279126036,0.020447672756254687,0.03551443250609735,2.6149253731343283
3351,2025,3351,0.09703999447466621,0.015121838075347904,0.09821115269876579,2.6141450313339303
3352,2025,3352,0.018388169701763792,-0.10544711439336531,0.10703839833848568,2.613365155131265
3353,2025,3353,-0.08516820879627343,-0.039484649529440384,0.09387577609814134,2.6125857441097526
3354,2025,3354,-0.2270572065611292,-0.00496354597067964,0.2271114524632044,2.6118067978533093
3355,2025,3355,-0.14597368437562333,0.018483556381549186,0.1471392482878175,2.6110283159463488
3356,2025,3356,0.038887382306084246,0.10043889672970209,0.10770422683859401,2.6102502979737783
3357,2025,3357,0.010604920273457406,0.001648787702079833,0.010732326629995828,2.609472743521001
3358,2025,3358,0.025798172438719947,0.04411890005827524,0.051107954796978605,2.608695652173913
3359,2025,3359,0.010424196053734994,0.013068329537723952,0.016716611506918874,2.6079190235189045
3360,2025,3360,-0.0013344033128658455,-0.0638254713263684,0.06383941903114769,2.607142857142857
3361,2025,3361,-0.07397617363659297,-0.00514456073260527,0.07415484320691951,2.606367152633145
3362,2025,3362,-0.15702289107731868,-0.15231364007999554,0.21875930443457237,2.6055919095776323
3363,2025,3363,0.06643111310090051,0.03178042924575662,0.07364162186473881,2.6048171275646745
3364,2025,3364,0.07924360014547266,0.18533362766277253,0.20156413794784717,2.604042806183115
3365,2025,3365,0.03562924990244622,-0.11923156412970976,0.12444118825143086,2.6032689450222883
3366,2025,3366,0.02037232511451193,-0.026804589888350196,0.03366775415221543,2.6024955436720143
3367,2025,3367,0.018283926804647174,0.003459221791481897,0.018608282962174632,2.6017226017226016
3368,2025,3368,0.02501271546872617,-0.12695145240577915,0.1293920677748689,2.6009501187648456
3369,2025,3369,0.00895677029426602,-0.10348604832565932,0.10387293166251226,2.6001780943900266
3370,2025,3370,-0.02100637337747371,-0.0770710614482892,0.079882515203515,2.599406528189911
3371,2025,3371,0.05491949237538042,0.00552221169786722,0.0551964261959552,2.5986354197567487
3372,2025,3372,-0.08021476790371378,0.01823802300080803,0.08226198680329008,2.597864768683274
3373,2025,3373,-0.06912675952693098,-0.02148034518015324,0.07238725103050037,2.597094574562704
3374,2025,3374,0.0853971922614938,-0.002470146970817627,0.08543290977254593,2.5963248369887375
3375,2025,3375,0.14965525632925403,-0.002042252994373109,0.1496691903641753,2.5955555555555554
3376,2025,3376,0.03718671193468891,-0.024709369927467834,0.04464755879917721,2.59478672985782
3377,2025,3377,-0.07197942884136581,-0.10618197699211147,0.1282795791008161,2.594018359490672
3378,2025,3378,0.027615752305291542,0.0603961410062547,0.06641026745793617,2.5932504440497337
3379,2025,3379,-0.06141356108969102,0.13804555996808812,0.1510900463717588,2.592482983131104
3380,2025,3380,0.04430975114558593,-0.07525552745639533,0.08733125705796307,2.591715976331361
3381,2025,3381,0.2065477217074717,0.025381304484989424,0.20810135021163828,2.59094942324756
3382,2025,3382,0.058383240879322916,-0.05124548095701379,0.07768334528126801,2.5901833234772322
3383,2025,3383,0.11193878442440143,-0.10193323754878182,0.15139576075831515,2.589417676618386
3384,2025,3384,-0.008922199071226926,0.056054846667708255,0.05676047455057864,2.5886524822695036
3385,2025,3385,-0.058550848057436586,-0.17961979696126537,0.18892187080550316,2.587887740029542
3386,2025,3386,0.005356514464581426,-0.022277490201320475,0.0229124162165233,2.5871234494979327
3387,2025,3387,-0.0462837247694532,0.02955898040386681,0.05491736065262676,2.586359610274579
3388,2025,3388,0.16673310077524836,-0.009401295113448529,0.1669979378433736,2.5855962219598583
3389,2025,3389,-0.00015584271989146805,-0.012186334671789964,0.012187331114161681,2.5848332841546178
3390,2025,3390,0.08470777021127171,-0.007990347107422028,0.08508379388028427,2.584070796460177
3391,2025,3391,0.05279037801182598,0.06550786732570912,0.08413147266150871,2.583308758478325
3392,2025,3392,-0.04722844760340922,-0.10871434437067701,0.11852989047060712,2.582547169811321
3393,2025,3393,0.05341235621333923,-0.022511352011224537,0.05796240821113199,2.5817860300618922
3394,2025,3394,0.025938509270038646,-0.014370856496458624,0.029653461511157306,2.581025338833235
3395,2025,3395,0.14606927503849235,0.09151181932413516,0.172367764347873,2.5802650957290134
3396,2025,3396,0.07445913725429831,0.15713494408573034,0.17388373636852883,2.579505300353357
3397,2025,3397,0.052681510240656794,0.00019201161430718193,0.05268186015789928,2.5787459523108627
3398,2025,3398,0.1177258628238421,-0.026949432526901386,0.12077106727664577,2.577987051206592
3399,2025,3399,0.08995818815376021,-0.06481792224872852,0.11087758412118087,2.5772285966460724
3400,2025,3400,0.1495145615409148,0.06426172715005009,0.16273958857352283,2.5764705882352943
3401,2025,3401,-0.008400018238816214,0.0043002463472195385,0.009436759245589559,2.5757130255807117
3402,2025,3402,0.08424012427019652,-0.08252857618298245,0.11792948920371228,2.5749559082892417
3403,2025,3403,-0.08230686491988319,0.21995547306711558,0.23485065498124227,2.5741992359682633
3404,2025,3404,0.004685987283225831,0.03739516769257857,0.03768762454141447,2.573443008225617
3405,2025,3405,0.2054182688604024,-0.04055973927439857,0.20938423443901347,2.5726872246696035
3406,2025,3406,0.05381496551408668,-0.005134084514490251,0.054059313139220216,2.571931884908984
3407,2025,3407,-0.005651797951553448,0.03006573012637865,0.030592334793497152,2.5711769885529794
3408,2025,3408,-0.05397333949365768,0.20878735731946685,0.2156508334149079,2.5704225352112675
3409,2025,3409,0.036671613698120505,0.08178730850030524,0.0896324220522255,2.5696685244939865
3410,2025,3410,0.07046775561519547,-0.01644598936968052,0.07236142029970498,2.56891495601173
3411,2025,3411,0.004218097583215213,0.05698348557178227,0.057139390748686174,2.5681618293755495
3412,2025,3412,0.049896612253364045,0.09024703525829375,0.10312225408355984,2.5674091441969518
3413,2025,3413,-0.001198554171286804,0.07461485558771126,0.07462448128112192,2.5666569000878994
3414,2025,3414,0.07382150045943221,0.07391423976727496,0.10446496432036992,2.5659050966608086
3415,2025,3415,0.05290716368964217,0.08850867510023469,0.10311621374779766,2.5651537335285504
3416,2025,3416,-0.048743966984837225,0.0438653047616666,0.06557544722876689,2.5644028103044496
3417,2025,3417,-0.006828649388603166,0.06907713941622573,0.06941384330521655,2.563652326602283
3418,2025,3418,0.0438271673994417,0.026440076834202256,0.0511849417822977,2.5629022820362786
3419,2025,3419,0.054776671477845096,0.09265540284645114,0.10763599497765566,2.562152676221117
3420,2025,3420,0.07729105573999788,0.0849537165063714,0.11485225833934821,2.56140350877193
3421,2025,3421,-0.05465577093238315,0.020284920121246837,0.058298638753735095,2.560654779304297
3422,2025,3422,-0.08621192337830925,0.004543360158926271,0.08633155769544057,2.5599064874342488
3423,2025,3423,0.03253159148579399,0.02321660739706319,0.03996642720619337,2.5591586327782645
3424,2025,3424,-0.053780087769544654,0.09186824301458259,0.10645220483900898,2.558411214953271
3425,2025,3425,0.06305114121994312,0.11460114015432905,0.13080087053918785,2.5576642335766424
3426,2025,3426,0.009664734260471196,0.10230770776376963,0.1027631945601265,2.5569176882661995
3427,2025,3427,-0.08813319397289536,-0.03926404489682655,0.0964838074576455,2.55617157864021
3428,2025,3428,-0.00939867630536616,0.15851028045031823,0.15878867757095147,2.5554259043173864
3429,2025,3429,0.05648947360646319,0.12924111340882596,0.14104724748639483,2.5546806649168854
3430,2025,3430,-0.03815488739583001,-0.10797906367460643,0.11452193512263568,2.553935860058309
3431,2025,3431,-0.0032656792491946997,0.10539590137455412,0.10544648257534892,2.5531914893617023
3432,2025,3432,0.06805007884352177,0.2595214719047583,0.2682950010906312,2.5524475524475525
3433,2025,3433,0.018052780803259144,0.0053394500860019295,0.01882584983344518,2.55170404893679
3434,2025,3434,-0.046028831187105934,-0.05177474198844503,0.06927681580746296,2.550960978450786
3435,2025,3435,-0.015259402000426933,-0.03307395680317545,0.03642438699592553,2.550218340611354
3436,2025,3436,-0.0868690123610675,0.06911975226929477,0.11101245633871895,2.549476135040745
3437,2025,3437,-0.12721650602215456,0.1146851843062817,0.17127968619731498,2.5487343613616527
3438,2025,3438,0.09450445298048435,0.07951045077305033,0.12350305022660062,2.5479930191972078
3439,2025,3439,0.07120460654630383,0.08682855434123647,0.11229111203654094,2.54725210817098
3440,2025,3440,-0.059301774002308974,-0.015224334181397483,0.06122483769752106,2.546511627906977
3441,2025,3441,-0.04827502517079324,-0.0378665216074685,0.06135431129015792,2.5457715780296426
3442,2025,3442,-0.05094725922836947,-0.08491149208541092,0.09902315239909038,2.5450319581638583
3443,2025,3443,-0.11894590182200455,0.06850165535578537,0.1372610809615484,2.5442927679349405
3444,2025,3444,-0.016600982519838423,0.1620137406248044,0.16286204214569266,2.543554006968641
3445,2025,3445,0.012725686127638705,0.010918339205700933,0.016767624114045563,2.5428156748911466
3446,2025,3446,-0.019328090293526896,0.08142261436156258,0.08368522691530725,2.542077771329077
3447,2025,3447,-0.09185983804610814,0.0066829177608195645,0.09210261253436351,2.5413402959094866
3448,2025,3448,0.012627203392289758,-0.2128718542417539,0.21324603769784978,2.5406032482598606
3449,2025,3449,-0.046918612826755905,0.08195090602685146,0.09443149489555304,2.5398666280081184
3450,2025,3450,-0.12928190451267732,0.13332305868137523,0.18571173579120528,2.5391304347826087
3451,2025,3451,0.10067904442021476,0.0006290170403642154,0.10068100937021165,2.5383946682121126
3452,2025,3452,-0.08339724880938067,0.03849815310707921,0.09185428080187584,2.53765932792584
3453,2025,3453,-0.1595427916427579,0.05428857575367147,0.16852641283349795,2.536924413553432
3454,2025,3454,0.04311754093689822,0.05220614514287514,0.06770970334541453,2.5361899247249564
3455,2025,3455,-0.006146290679769146,-0.09650079016984477,0.09669632564128083,2.5354558610709117
3456,2025,3456,0.06150324109560301,-0.005452428675354911,0.061744454356028634,2.5347222222222223
3457,2025,3457,-0.07591213153221775,0.11114491609773146,0.13459511167994362,2.53398900781024
3458,2025,3458,-0.1032942235663087,-0.021799612631890578,0.1055695019078287,2.533256217466744
3459,2025,3459,0.03481939830431566,-0.022523834880222086,0.04146943013818841,2.5325238508239374
3460,2025,3460,-0.022026531787978493,0.006018148655212005,0.02283388306537145,2.531791907514451
3461,2025,3461,-0.05419559418299922,-0.014686132916413325,0.05615019972259135,2.5310603871713377
3462,2025,3462,0.07320094151166101,0.11865372301724038,0.1394169423852267,2.5303292894280762
3463,2025,3463,0.13589278782508946,-0.06657543030095259,0.1513246103666941,2.5295986139185676
3464,2025,3464,-0.017725260182987243,-0.0677751911999047,0.07005470284526395,2.5288683602771362
3465,2025,3465,-0.14037271619075292,-0.01917283384119352,0.14167602834732376,2.5281385281385282
3466,2025,3466,0.056256077287946495,-0.09084738794203295,0.106855014518354,2.527409117137911
3467,2025,3467,-0.019377792696467784,0.07457203329498308,0.07704860154172394,2.526680126910874
3468,2025,3468,-0.07564730231732786,-0.015735085439960005,0.0772664691939009,2.5259515570934257
3469,2025,3469,0.11378992155574298,0.03152661443646833,0.11807655849273332,2.525223407321995
3470,2025,3470,0.03829107200627788,0.08972595458012377,0.09755487235758341,2.5244956772334293
3471,2025,3471,-0.04603862035842049,-0.1242529170002032,0.1325078939066128,2.5237683664649957
3472,2025,3472,-0.08365645822233553,-0.09985195891124832,0.13026441072188133,2.5230414746543777
3473,2025,3473,0.019655115512319635,0.07485808593890862,0.07739545591467019,2.5223150014396776
3474,2025,3474,0.08736987047845396,0.07223279070146,0.11336256136812871,2.5215889464594126
3475,2025,3475,-0.021960086495509224,-0.049873330457334955,0.054493985813085656,2.520863309352518
3476,2025,3476,-0.05102012260336648,-0.04930152796062797,0.07094852760780261,2.5201380897583427
3477,2025,3477,-0.061117125717592195,0.1656177488634106,0.17653481751361036,2.5194132873166524
3478,2025,3478,0.02312580546376376,0.026480286319042295,0.03515691172282207,2.518688901667625
3479,2025,3479,0.10171603988837331,-0.15326494787648845,0.1839464514965045,2.517964932451854
3480,2025,3480,-0.014186980882500165,0.006379832541785152,0.015555471378960071,2.5172413793103448
3481,2025,3481,0.07003453493443594,0.06454038494732706,0.09523810882536407,2.516518241884516
3482,2025,3482,-0.010612189402484982,-0.003790291191804625,0.011268756419094623,2.5157955198161974
3483,2025,3483,-0.10023959063227404,-0.07345422416030564,0.12427187363646816,2.515073212747631
3484,2025,3484,-0.038271030280096464,0.08489616899430522,0.09312374170215504,2.51435132032147
3485,2025,3485,0.07784537310888613,0.053108409915232,0.09423590249043091,2.513629842180775
3486,2025,3486,0.06348261477179665,0.03197632061943476,0.07108113293006255,2.512908777969019
3487,2025,3487,-0.054963238787186404,0.00521893341169175,0.055210459914158884,2.512188127330083
3488,2025,3488,0.11268535315567087,0.05268788369117061,0.12439454129371025,2.511467889908257
3489,2025,3489,0.022525839141547113,0.0841048895047694,0.08706920160217575,2.5107480653482375
3490,2025,3490,-0.11699909287162713,-0.05579200842924628,0.1296207388397116,2.510028653295129
3491,2025,3491,0.012503867903715124,0.01321354146745598,0.018191877051743067,2.509309653394443
3492,2025,3492,0.1462340543585998,0.004439798406382983,0.1463014369855718,2.508591065292096
3493,2025,3493,0.12416075110002309,0.13147500692235733,0.18083575298860508,2.5078728886344117
3494,2025,3494,-0.03906033385870776,0.020941151281688837,0.044319764193374155,2.5071551230681166
3495,2025,3495,0.06981345475215871,-0.24877577155398045,0.2583859573907026,2.5064377682403434
3496,2025,3496,-0.023204927508939873,0.081015490702759,0.0842732365256253,2.505720823798627
3497,2025,3497,-0.058881068536014915,0.11128744025075053,0.1259042278460388,2.5050042893909064
3498,2025,3498,0.10555298656079719,-0.10620973344474155,0.14973957543116945,2.5042881646655233
3499,2025,3499,-0.015028917751026893,-0.03967662334105745,0.04242761846386474,2.5035724492712204
3500,2025,3500,0.029292741005153458,0.017158137406664966,0.033947994857737834,2.5028571428571427
3501,2025,3501,-0.0755770385813901,0.02526336502610637,0.07968768018442514,2.5021422450728363
3502,2025,3502,-0.1650788254035543,0.004039209340453445,0.1651282344383091,2.5014277555682467
3503,2025,3503,0.13467449243005988,0.08315326529620366,0.15827723917454173,2.5007136739937197
3504,2025,3504,0.06045035048024203,0.05261882828370882,0.08014353350791649,2.5
3505,2025,3505,-0.02237119382941475,-0.01597821137721359,0.027491335947315516,2.499286733238231
3506,2025,3506,0.01291272949090705,0.024370407985727455,0.027579981296152998,2.4985738733599545
3507,2025,3507,0.014454332851618866,0.029856503983620022,0.0331713516201753,2.4978614200171085
3508,2025,3508,-0.027528624665631257,0.0899143580476975,0.09403412656642665,2.4971493728620295
3509,2025,3509,-0.04986123440310245,0.06976214557514741,0.08574905044051034,2.4964377315474495
3510,2025,3510,0.10378054006187383,-0.006976805741132651,0.10401478891909409,2.4957264957264957
3511,2025,3511,0.1451475462267543,0.06259140695323841,0.1580680056179418,2.4950156650526916
3512,2025,3512,0.06239548582965089,-0.02367020084221975,0.06673436191220522,2.4943052391799543
3513,2025,3513,-0.028791543220054047,-0.023831254784761054,0.0373748801417267,2.493595217762596
3514,2025,3514,-0.14443753133783646,-0.021946082731505886,0.14609528057478993,2.4928856004553217
3515,2025,3515,-0.04967195942677577,-0.051792469178216026,0.07176185210034448,2.492176386913229
3516,2025,3516,0.10618204871197794,0.09890845651288513,0.14511206096818466,2.491467576791809
3517,2025,3517,-0.12424442914717058,0.0820766741185948,0.1489068789830621,2.4907591697469433
3518,2025,3518,0.03572140402853268,0.012663432786760057,0.037899620522037686,2.490051165434906
3519,2025,3519,0.030153109753591773,0.11397750594562865,0.11789860851340853,2.4893435635123615
3520,2025,3520,-0.11333396687974795,0.026023746445258525,0.11628337554331192,2.4886363636363638
3521,2025,3521,0.02309425001422648,0.10613113999311555,0.10861474697276557,2.4879295654643565
3522,2025,3522,-0.04320373287979615,0.02140584892241046,0.04821589885958614,2.487223168654174
3523,2025,3523,0.11770496252341271,0.013659685586071056,0.11849491640128833,2.4865171728640365
3524,2025,3524,0.15643408745966497,0.12726618527414343,0.2016638431488667,2.485811577752554
3525,2025,3525,-0.16258636604457635,0.025951751993087937,0.1646445257367876,2.4851063829787234
3526,2025,3526,0.03164966859392065,-0.031839971553818056,0.04489415675400252,2.4844015882019286
3527,2025,3527,0.145221191668484,0.0674645049996005,0.16012699317871326,2.483697193081939
3528,2025,3528,-0.036042276323104964,0.0497028763150577,0.061395615450461745,2.4829931972789114
3529,2025,3529,0.04316743567826811,-0.0382780127966423,0.0576943131226755,2.4822896004533863
3530,2025,3530,0.005764309382546822,-0.16928290580763206,0.16938101859811017,2.481586402266289
3531,2025,3531,-0.051416005745034285,-0.016129298377261285,0.053886546678332634,2.4808836023789294
3532,2025,3532,-0.1661136938924269,0.2164119926441299,0.2728147903959568,2.4801812004530013
3533,2025,3533,-0.11998769037266564,0.022904513658026607,0.12215425734241687,2.47947919615058
3534,2025,3534,0.11532794497515904,0.040145659296574945,0.12211555532588789,2.4787775891341255
3535,2025,3535,0.09891940146250291,0.006389072147906728,0.09912551754523646,2.478076379066478
3536,2025,3536,-0.023180107890301144,0.03762571317719466,0.04419289189336359,2.47737556561086
3537,2025,3537,-0.05898157800585842,0.02387320655961641,0.06362983997700508,2.4766751484308736
3538,2025,3538,-0.035639492244509,-0.014309334915048127,0.038404823566284385,2.475975127190503
3539,2025,3539,-0.10067927020379831,0.12567987646378334,0.1610333716864963,2.4752755015541115
3540,2025,3540,-0.014091003590219526,0.032690548505643235,0.03559815084775321,2.4745762711864407
3541,2025,3541,0.11669118972086585,0.023809868295066986,0.11909552294985544,2.473877435752612
3542,2025,3542,0.012683867857830777,0.17812674615996696,0.17857776513713072,2.4731789949181255
3543,2025,3543,0.04138023591128559,-0.09486718553380728,0.10349930828357967,2.472480948348857
3544,2025,3544,0.052973083861811085,-0.08004190490512879,0.09598361399047313,2.471783295711061
3545,2025,3545,-0.1509190832703767,0.05273574422046722,0.1598675339575157,2.4710860366713683
3546,2025,3546,-0.0671288178524179,-0.08441178738979051,0.10785002566806508,2.470389170896785
3547,2025,3547,-0.08120837573752315,0.05367519151053822,0.09734385688691245,2.4696926980546943
3548,2025,3548,0.05017262168245103,0.1285936522909014,0.13803484841156455,2.468996617812852
3549,2025,3549,0.07585096950580006,0.07363470099682416,0.10571394783027219,2.4683009298393914
3550,2025,3550,-0.0739316501637681,-0.05294928794734919,0.09093687915289973,2.4676056338028167
3551,2025,3551,-0.08933914137916171,0.03794200228413738,0.09706223632131773,2.466910729372008
3552,2025,3552,-0.052518202959440076,0.044728391278655834,0.06898398820353514,2.4662162162162162
3553,2025,3553,0.018028052583167958,0.03199548511899936,0.03672494721495973,2.465522094005066
3554,2025,3554,-0.0010378648120861745,0.0796277318232908,0.07963449528119133,2.4648283624085536
3555,2025,3555,-0.07915262051519419,-0.057590314579710894,0.09788657552398286,2.4641350210970465
3556,2025,3556,0.04576695503084743,0.19372189709720494,0.1990547351552725,2.463442069741282
3557,2025,3557,-0.05804855768172806,0.20823755337532457,0.21617704245518315,2.46274950801237
3558,2025,3558,-0.019725763138659022,-0.14798189553609153,0.14929081397680563,2.4620573355817874
3559,2025,3559,0.07118864319712875,-0.05785135110961389,0.0917311383634583,2.461365552121382
3560,2025,3560,-0.0477460609919758,0.05177967615905868,0.07043309735760925,2.460674157303371
3561,2025,3561,-0.018964487595853438,0.1937239921658521,0.19465003706767794,2.459983150800337
3562,2025,3562,-0.07033286587959556,0.03750557210813323,0.07970809219894526,2.459292532285233
3563,2025,3563,0.002475114953705166,-0.11639375542989501,0.1164200691337549,2.458602301431378
3564,2025,3564,-0.07559815778423785,0.1277710586470252,0.14846051625988668,2.457912457912458
3565,2025,3565,0.024880319521211065,-0.023731397173642338,0.03438327371398361,2.4572230014025247
3566,2025,3566,0.03788729105964729,-0.014375449753061056,0.04052283775158414,2.4565339315759953
3567,2025,3567,-0.16300988665124513,0.07866619488106982,0.18099887669021109,2.4558452481076536
3568,2025,3568,0.17146409700864432,0.02859179930697416,0.17383160688033714,2.4551569506726456
3569,2025,3569,-0.10656360250110297,0.045628188855604865,0.11592123617463637,2.454469038946484
3570,2025,3570,-0.21111924679073968,-0.028731293852041328,0.21306530363224696,2.453781512605042
3571,2025,3571,0.13664180871849205,0.056455909492894855,0.14784537059553438,2.4530943713245588
3572,2025,3572,-0.10019719127838954,0.05341991096496849,0.11354806923758476,2.452407614781635
3573,2025,3573,0.034606698339073226,0.050433097401956554,0.061164702921594004,2.4517212426532327
3574,2025,3574,0.03355448278059961,0.024826937317470748,0.04174062926261626,2.451035254616676
3575,2025,3575,-0.12207804550758607,-0.0542287938092085,0.13358072942215093,2.4503496503496502
3576,2025,3576,-0.0016305948351215244,0.06335965807838796,0.06338063672231889,2.4496644295302015
3577,2025,3577,-0.022516943475417446,-0.03895915164964589,0.044998091523255186,2.4489795918367347
3578,2025,3578,-0.12749532199226488,-0.09668917997719706,0.160012045342137,2.4482951369480155
3579,2025,3579,-0.027449590491246866,0.017872552530375726,0.03275527670602387,2.4476110645431683
3580,2025,3580,0.020304052578500185,0.13817978469257367,0.13966355089570262,2.446927374301676
3581,2025,3581,-0.07458019038568407,0.12331896308518024,0.14411721428881746,2.446244065903379
3582,2025,3582,-0.0786309548806017,-0.08966089293536314,0.11925561952126983,2.4455611390284755
3583,2025,3583,0.011209009989908425,-0.06975264481404306,0.07064752906866535,2.4448785933575214
3584,2025,3584,-0.005128095486560713,0.03400346656933511,0.03438797903412143,2.4441964285714284
3585,2025,3585,-0.1574872588797895,0.040595684629038654,0.16263531695167013,2.4435146443514646
3586,2025,3586,-0.008344346572715683,0.09349114180075295,0.0938627813083231,2.4428332403792528
3587,2025,3587,0.009002220641118847,0.051570224925625054,0.05235005325069828,2.4421522163367717
3588,2025,3588,-0.10390722577158226,0.024505656176462928,0.10675785100958891,2.4414715719063547
3589,2025,3589,-0.024581242012431753,-0.031826419431715,0.04021390844865973,2.4407913067706883
3590,2025,3590,0.08546175574926684,-0.07214657811520828,0.11184292748976662,2.4401114206128134
3591,2025,3591,-0.026619979211351355,0.03748800377633707,0.04597796994591476,2.4394319131161235
3592,2025,3592,-0.05049380884889143,0.13051781163545143,0.13994471724997543,2.4387527839643655
3593,2025,3593,-0.054168917810582765,-0.0820041560583168,0.09827997388891822,2.4380740328416364
3594,2025,3594,-0.10467591307528869,-0.1052205168444269,0.148419688529365,2.4373956594323873
3595,2025,3595,-0.011473404660286676,0.07967298468843362,0.08049486631867939,2.4367176634214185
3596,2025,3596,-0.07661884622247797,0.03281407214536364,0.08334993057720479,2.436040044493882
3597,2025,3597,-0.10594445916996674,-0.038402517289056304,0.11268975890893111,2.4353628023352796
3598,2025,3598,0.08217388986610924,0.02786390066735091,0.08676949427147451,2.4346859366314617
3599,2025,3599,-0.015921137130579487,-0.011251880807698325,0.01949583107336968,2.43400944706863
3600,2025,3600,-0.07914158426057265,0.00488387330771659,0.07929213440032463,2.433333333333333
3601,2025,3601,-0.0748480635367489,-0.033983627252369746,0.08220170032565755,2.432657595112469
3602,2025,3602,-0.08551952877625203,-0.14779856542822858,0.17075715430035301,2.4319822320932816
3603,2025,3603,0.09885181314686639,0.1763937863915523,0.20220397829907197,2.431307243963364
3604,2025,3604,-0.02408341003269538,0.09625038513142564,0.09921767623135856,2.430632630410655
3605,2025,3605,0.045427823173555766,-0.13087664610055266,0.13853657860946744,2.4299583911234395
3606,2025,3606,0.060961238884955436,-0.0402374215747552,0.07304329360983922,2.4292845257903495
3607,2025,3607,-0.0695387756667,0.009040371022491568,0.07012395902577044,2.4286110341003604
3608,2025,3608,-0.01755434579510648,-0.1221972720847029,0.12345172482082656,2.4279379157427936
3609,2025,3609,0.044413436744371676,-0.14618552970709311,0.15278338410700854,2.427265170407315
3610,2025,3610,-0.06776485001354429,0.06233611336263898,0.09207532745810862,2.4265927977839334
3611,2025,3611,-0.09179530230359721,0.14849894729898636,0.17458039659112912,2.425920797563002
3612,2025,3612,-0.04543649676532745,-0.01707425036209388,0.04853869862010182,2.425249169435216
3613,2025,3613,0.040885759995609006,-0.07661739727154848,0.08684394587468275,2.4245779130916136
3614,2025,3614,0.06234761509115812,-0.047705646503914304,0.07850511967962114,2.423907028223575
3615,2025,3615,-0.03979235362044715,0.12035794526724877,0.12676539904725093,2.4232365145228214
3616,2025,3616,-0.0021983576188861886,0.038450116699298424,0.03851291017840878,2.422566371681416
3617,2025,3617,0.13088772565208068,-0.07627791690064985,0.15149230123368243,2.421896599391761
3618,2025,3618,-0.10100109724342077,0.04337256693714012,0.10991997637868942,2.4212271973466004
3619,2025,3619,-0.06953715583411714,-0.019345523556996393,0.0721780113552084,2.4205581652390165
3620,2025,3620,0.09347517875898945,-0.05424873995120379,0.10807652303029722,2.4198895027624308
3621,2025,3621,-0.10637061382628277,0.04159099408800901,0.11421260120936297,2.4192212096106047
3622,2025,3622,0.08669986822205918,0.05217587611544124,0.10118887882636263,2.418553285477637
3623,2025,3623,0.12142936694713774,-0.0326064292375127,0.12573094442023233,2.417885730057963
3624,2025,3624,-0.033311973634051466,-0.12354145873628285,0.12795381828645996,2.4172185430463577
3625,2025,3625,-0.1345146684022774,-0.0038887847975335355,0.13457086855102102,2.416551724137931
3626,2025,3626,-0.15365483428775864,0.018423811343975274,0.15475543584778195,2.41588527302813
3627,2025,3627,0.0761265339397917,0.03313699009425771,0.08302595547293141,2.415219189412738
3628,2025,3628,0.0519384471736515,0.004774803324795201,0.05215746391074496,2.414553472987872
3629,2025,3629,-0.1245492941572999,0.03707262106511415,0.12994962834775314,2.4138881234499863
3630,2025,3630,0.013459093704437685,0.02139189958441304,0.025273713046848594,2.4132231404958677
3631,2025,3631,-0.010788581973126002,0.09234847239477338,0.09297652313696765,2.4125585238226384
3632,2025,3632,-0.016759079810868584,-0.014253733842609077,0.022000810997847384,2.4118942731277535
3633,2025,3633,0.062234475613914694,-0.11719016644573015,0.13269010915104743,2.4112303881090007
3634,2025,3634,0.042703278732074794,0.0963869779806391,0.10542305031969752,2.410566868464502
3635,2025,3635,0.02289096405797857,0.17125905015575593,0.17278211277720676,2.4099037138927097
3636,2025,3636,-0.03379555235365572,-0.12145382244272128,0.12606811787615754,2.4092409240924093
3637,2025,3637,-0.022570682936888818,-0.0401524490997775,0.04606142525962247,2.4085784987627163
3638,2025,3638,-0.0023826554135109408,0.09000396457773538,0.09003549681392212,2.407916437603079
3639,2025,3639,0.09133339014934512,-0.027646562431511854,0.09542599525523418,2.407254740313273
3640,2025,3640,0.051732704195071116,0.023142244104075515,0.05667306366791323,2.4065934065934065
3641,2025,3641,-0.012404398985673649,-0.013049902575970744,0.018004695816317178,2.4059324361439165
3642,2025,3642,-0.046697667466481026,-0.008304887951679876,0.047430404918153486,2.4052718286655685
3643,2025,3643,-0.12604414504590478,-0.0017794768194242198,0.12605670564513397,2.4046115838594564
3644,2025,3644,0.049565591577381836,0.017082944280020475,0.052426852410669376,2.4039517014270033
3645,2025,3645,0.024032687547804868,0.1265614762546768,0.12882304662805308,2.403292181069959
3646,2025,3646,0.008685319915673177,0.040395375810334484,0.04131853299544583,2.4026330224904004
3647,2025,3647,0.0005995052905079902,-0.0311142394049437,0.03112001446563768,2.401974225390732
3648,2025,3648,0.10300368775503459,0.019134099242028975,0.10476580284110114,2.401315789473684
3649,2025,3649,-0.043358619418374426,0.06740324792207338,0.08014466737289466,2.400657714442313
3650,2025,3650,-0.315651582514946,0.015347414235927353,0.31602446846394494,2.4
3651,2025,3651,0.14039491662921913,0.12290681956989749,0.18659265503259426,2.399342645850452
3652,2025,3652,0.24613314375945766,0.012767356917482356,0.24646405388934964,2.3986856516976998
3653,2025,3653,-0.12598592312823503,-0.04599006823803629,0.1341176319616954,2.398029017246099
3654,2025,3654,-0.0350336115377096,-0.02040878326361356,0.04054469597464374,2.3973727422003286
3655,2025,3655,-0.0220602453803815,0.09547271854749732,0.0979882360954226,2.39671682626539
3656,2025,3656,-0.22113920353195993,0.06120050190181327,0.22945162621298512,2.396061269146608
3657,2025,3657,0.1316999162135734,-0.029144463498007596,0.1348861285798097,2.395406070549631
3658,2025,3658,0.016274743109533165,0.00877081310974603,0.018487683085973483,2.3947512301804266
3659,2025,3659,-0.0845415896449332,-0.030873479956584463,0.0900025118778465,2.3940967477452855
3660,2025,3660,0.03339824179336068,-0.0016676381051704788,0.033439850055548996,2.3934426229508197
3661,2025,3661,-0.20388624599635707,0.034147150134727314,0.20672597603787154,2.3927888555039605
3662,2025,3662,-0.159102193643393,0.03961583134790067,0.16396012355303052,2.3921354451119607
3663,2025,3663,0.010685842515831993,0.11868665641727177,0.11916673043171355,2.3914823914823913
3664,2025,3664,0.05145008103161477,0.036197427011673125,0.06290758746308055,2.390829694323144
3665,2025,3665,0.14032172943132235,0.06419484734683369,0.15430867174750912,2.390177353342428
3666,2025,3666,-0.04727608909007036,-0.02754920999635131,0.05471734250742933,2.3895253682487727
3667,2025,3667,-0.14642702269192387,-0.023013590835691624,0.1482244862955302,2.388873738751023
3668,2025,3668,-0.04492961686107569,0.11055182022563227,0.11933304415158263,2.3882224645583423
3669,2025,3669,0.0022046796031549723,-0.02280958713767605,0.022915887011935723,2.3875715453802124
3670,2025,3670,-0.011366800674268193,0.04975833039293524,0.0510401371575454,2.3869209809264307
3671,2025,3671,0.04391262707634712,0.10925826813561539,0.11775265590525065,2.38627077090711
3672,2025,3672,0.03383013731799666,-0.042116809369296966,0.054021327477249304,2.3856209150326797
3673,2025,3673,-0.04952342907977512,-0.06695000811797848,0.08327588855615352,2.384971413013885
3674,2025,3674,-0.08666818459255675,-0.05561349175754242,0.10297686480970242,2.3843222645617854
3675,2025,3675,-0.09418698408767917,0.038081769369970216,0.1015943361112239,2.3836734693877553
3676,2025,3676,-0.09186597387997213,0.027036462153887636,0.09576182664670888,2.383025027203482
3677,2025,3677,0.03430652177687241,0.02027514719885931,0.039849956466255186,2.3823769377209683
3678,2025,3678,0.05194153791626572,0.0782883428337296,0.09395205151968981,2.3817292006525284
3679,2025,3679,-0.186177514940389,0.0683854410180381,0.1983396975207191,2.381081815710791
3680,2025,3680,-0.060807204162344586,-0.051651489438129715,0.07978340954871685,2.380434782608696
3681,2025,3681,0.0064232394451547836,0.025224218385386646,0.026029198952781277,2.3797881010594946
3682,2025,3682,-0.02784800997733455,-0.05292160439859451,0.059801403594055065,2.379141770776752
3683,2025,3683,-0.09230630694488004,0.06040277448089716,0.11031296146325023,2.3784957914743416
3684,2025,3684,-0.170682536278557,0.036208034700913765,0.17448080114265724,2.3778501628664497
3685,2025,3685,0.05113145118281685,0.08172912118678681,0.09640578068780559,2.377204884667571
3686,2025,3686,-0.07358821403819471,0.1726839944683032,0.18770984841201094,2.376559956592512
3687,2025,3687,-0.031851308794929444,-0.06377717419825121,0.07128838489308079,2.375915378356387
3688,2025,3688,0.12322314947494528,-0.10472928153543862,0.1617163163612561,2.3752711496746204
3689,2025,3689,-0.001436357047908274,0.04574776687300704,0.045770310195978305,2.374627270262944
3690,2025,3690,-0.07519767697931617,-0.05214697725725954,0.0915095506499443,2.3739837398373984
3691,2025,3691,-0.1479852167141139,-0.05486956664059127,0.15782995187621882,2.3733405581143323
3692,2025,3692,-0.1038913090944928,0.024644848620390066,0.10677440081259826,2.372697724810401
3693,2025,3693,0.019333880982629264,0.08125091922875707,0.08351952364189154,2.372055239642567
3694,2025,3694,0.024161226503075558,-0.04970288938096437,0.05526429298334777,2.3714131023280998
3695,2025,3695,-0.033072094884082116,-0.050588184004612236,0.06043945582900491,2.3707713125845737
3696,2025,3696,-0.00967452864844934,-0.006114613263471386,0.0114448678424649,2.3701298701298703
3697,2025,3697,0.002761425600389127,-0.1825560539330143,0.18257693802597336,2.369488774682175
3698,2025,3698,-0.15324336704631558,-0.03251526859900287,0.15665494641331024,2.3688480259599785
3699,2025,3699,-0.20422157695156554,0.10087275532382912,0.22777569066782632,2.368207623682076
3700,2025,3700,0.06450403310896777,-0.00994234004632535,0.06526576754256073,2.3675675675675674
3701,2025,3701,0.0762588999649195,0.00930175019588525,0.07682410025874856,2.366927857335855
3702,2025,3702,0.0143893337005806,0.011767648655370198,0.018588450156559598,2.366288492706645
3703,2025,3703,-0.027988060078841324,0.026556994123073364,0.0385824499459247,2.365649473399946
3704,2025,3704,-0.14967201768437635,-0.07888393501893975,0.16918743476329612,2.365010799136069
3705,2025,3705,0.04931201188534667,-0.1106571319690411,0.12114732919794124,2.3643724696356276
3706,2025,3706,-0.0027254690386850017,0.049229245680998124,0.04930463276205293,2.363734484619536
3707,2025,3707,-0.1455638225002381,-0.006355089008084409,0.14570248308516057,2.36309684380901
3708,2025,3708,0.0508436662581491,-0.11442797616367044,0.12521517530828113,2.3624595469255665
3709,2025,3709,0.08478157235055821,0.1495623159714043,0.1719209160310726,2.3618225936910218
3710,2025,3710,-0.1040004084141482,0.0936560930280535,0.13995552404813838,2.361185983827493
3711,2025,3711,-0.08131042413827967,-0.16747038047301346,0.1861658223448193,2.360549717057397
3712,2025,3712,0.10701720270761825,-0.1373533940908911,0.1741224756992936,2.3599137931034484
3713,2025,3713,-0.017985763719645928,-0.03240740000319322,0.03706382699541292,2.3592782116886615
3714,2025,3714,-0.12920470602113998,-0.03651456472761507,0.13426529520042174,2.358642972536349
3715,2025,3715,-0.11841535310798358,-0.011083754526111456,0.11893294525102593,2.358008075370121
3716,2025,3716,-0.04173175810224895,0.06981596916981335,0.08133762466057728,2.357373519913886
3717,2025,3717,0.0002638980339934299,0.03611290946935427,0.036113873684695236,2.3567393058918484
3718,2025,3718,0.010901924056823059,0.003393755616066364,0.011417947509176915,2.35610543302851
3719,2025,3719,0.006308908841809757,-0.13136050847489217,0.13151192157959096,2.355471901048669
3720,2025,3720,0.034505980817248115,-0.0547556045388345,0.06472124025830722,2.3548387096774195
3721,2025,3721,-0.10059973503813116,0.09404462510126502,0.13771237489848065,2.3542058586401504
3722,2025,3722,-0.11439692950697795,-0.07114837462379493,0.13471729173432914,2.353573347662547
3723,2025,3723,0.025936855380343415,0.004933405419129057,0.026401874101100117,2.3529411764705883
3724,2025,3724,-0.017310012385451275,0.14853589392014732,0.14954112581976148,2.3523093447905477
3725,2025,3725,0.07285991980857055,-0.0747162968470409,0.10436039923767283,2.351677852348993
3726,2025,3726,0.07210234067196973,-0.11334852750290039,0.13433776913977896,2.3510466988727856
3727,2025,3727,-0.09593089479647311,-0.020065593705319684,0.09800696213636537,2.3504158840890796
3728,2025,3728,0.03102154881833064,-0.07502601100317312,0.08118644479305843,2.3497854077253217
3729,2025,3729,-0.02213951244834507,-0.014036861177233177,0.026214337358768814,2.349155269509252
3730,2025,3730,-0.17509088380349067,-0.14973091489401977,0.2303826479275027,2.3485254691689006
3731,2025,3731,0.07186381435675135,-0.10592105905522882,0.12799874438947786,2.3478960064325918
3732,2025,3732,0.004156432639339752,0.057363830889391086,0.057514215865227855,2.347266881028939
3733,2025,3733,-0.08080612967908592,-0.02878887508328235,0.08578129121360954,2.346638092686847
3734,2025,3734,0.0224986522699182,-0.038702880614942994,0.0447672014074727,2.3460096411355114
3735,2025,3735,-0.08384210251891355,-0.04428091854682764,0.09481718147120169,2.3453815261044175
3736,2025,3736,-0.05968471828879001,-0.10171220691994605,0.11793065179900493,2.3447537473233404
3737,2025,3737,-0.007240134872107515,-0.013234769759852463,0.015085711238208576,2.344126304522344
3738,2025,3738,-0.04219947763697385,0.006827220115922728,0.042748179462343376,2.3434991974317816
3739,2025,3739,-0.015719538592272462,0.06385719174491244,0.06576355245195059,2.3428724257822946
3740,2025,3740,0.05490500317497567,0.06808008346625391,0.08746117503450423,2.342245989304813
3741,2025,3741,0.1270798738985733,0.1097804046706233,0.16793162775285395,2.341619887730553
3742,2025,3742,0.007336329453095434,-0.11920954137946016,0.11943507225997554,2.340994120791021
3743,2025,3743,0.09286289426889476,-0.22074153706454552,0.23947931709776954,2.340368688218007
3744,2025,3744,0.01687349334028076,0.02526113274955119,0.03037827521922446,2.33974358974359
3745,2025,3745,-0.09982852575045212,0.026868489183837694,0.10338109239377714,2.3391188251001336
3746,2025,3746,0.02985994910711025,0.07832202920362995,0.08382098078198248,2.3384943940202882
3747,2025,3747,-0.010096482727148082,0.0025070507101292877,0.01040308928745492,2.3378702962369897
3748,2025,3748,0.03261279537978434,-0.11407034792304435,0.11864079693666961,2.3372465314834576
3749,2025,3749,0.052009197129068804,-0.012344286746626914,0.05345407375769678,2.336623099493198
3750,2025,3750,-0.08848631534787849,-0.0256467185288073,0.09212807484768182,2.336
3751,2025,3751,-0.06620689080850903,-0.10102411545793896,0.12078586131906673,2.3353772327379367
3752,2025,3752,-0.029085234069803484,0.0770170497454964,0.08232603957676772,2.3347547974413647
3753,2025,3753,-0.06579896611941505,0.08441214384916573,0.10702763181345357,2.334132693844924
3754,2025,3754,-0.07549254899473339,-0.012177537949327733,0.07646840775267612,2.3335109216835375
3755,2025,3755,0.11867182144004607,-0.06336625868548398,0.1345298626465286,2.33288948069241
3756,2025,3756,0.07495477921090123,-0.012527992150798343,0.07599453607915121,2.3322683706070286
3757,2025,3757,-0.060878249435543416,-0.040452507016390984,0.0730928627038742,2.3316475911631622
3758,2025,3758,-0.044597764206683245,-0.02751072025857484,0.05240038455374615,2.3310271420968602
3759,2025,3759,-0.09347583616755464,0.07137141344242567,0.11760786795105664,2.330407023144453
3760,2025,3760,0.0035809284296098873,-0.03012897895785668,0.03034103527338774,2.3297872340425534
3761,2025,3761,0.04627897230933821,-0.02777816820445229,0.053975641791490885,2.329167774528051
3762,2025,3762,-0.0057447243505154184,-0.020900669346948418,0.02167578919010503,2.328548644338118
3763,2025,3763,0.11914519346648789,-0.04866980871338811,0.12870247630237974,2.3279298432102045
3764,2025,3764,-0.061644283204150274,-0.05505351821353374,0.08264930440990641,2.3273113708820405
3765,2025,3765,-0.08460818588625577,-0.05947541426650795,0.10342083939485285,2.3266932270916336
3766,2025,3766,-0.014432740639511544,0.05553271131999409,0.0573775742683255,2.3260754115772704
3767,2025,3767,-0.10557132652695135,-0.02554666744476267,0.10861830970049884,2.325457924077515
3768,2025,3768,0.10246325275171199,0.02604963026742526,0.10572275725467423,2.3248407643312103
3769,2025,3769,0.06942357320057581,0.033013414513895945,0.07687338976396203,2.3242239320774742
3770,2025,3770,-0.032450485680520856,-0.0032490798450230253,0.032612735867158155,2.323607427055703
3771,2025,3771,-0.021136105401687567,0.028802360023974443,0.035725493621528694,2.3229912490055686
3772,2025,3772,-0.037103931641691644,-0.008357390400572663,0.03803350782637476,2.3223753976670203
3773,2025,3773,0.0676939416381624,0.09916732010243903,0.12006925964130263,2.321759872780281
3774,2025,3774,0.03374724174681744,0.07211717284878408,0.07962262834910398,2.3211446740858506
3775,2025,3775,-0.01377279761514421,0.037105424619167986,0.03957906631435966,2.3205298013245033
3776,2025,3776,0.11550649262235815,0.035846853829292265,0.12094108800311631,2.319915254237288
3777,2025,3777,0.05776294349723609,0.04762910772203842,0.07486714595777262,2.3193010325655283
3778,2025,3778,-0.08337256854102947,0.040880318766036955,0.09285572490450682,2.3186871360508206
3779,2025,3779,-0.07663137594574991,0.03403764283304331,0.08385063451738861,2.3180735644350356
3780,2025,3780,0.051083582000903995,-0.018109117919878653,0.05419845479235688,2.3174603174603177
3781,2025,3781,0.09114245327740955,0.023271304062041098,0.0940664678946369,2.3168473948690824
3782,2025,3782,0.020077387665509736,0.023499360668106317,0.030908274738019666,2.316234796404019
3783,2025,3783,-0.14502611106305793,0.013727936927952432,0.14567439425778386,2.315622521808089
3784,2025,3784,-0.0195908206349187,0.02339283151398237,0.030512699313419045,2.315010570824524
3785,2025,3785,-0.030296240807459303,-0.019019877554289043,0.035771747919883794,2.3143989431968297
3786,2025,3786,-0.12429700630258056,0.04847782784257963,0.13341606188206329,2.3137876386687797
3787,2025,3787,0.014514233273235096,0.00022233342014069704,0.014515936058676899,2.3131766569844205
3788,2025,3788,0.04458708150106917,-0.04929873126838226,0.06647084128740327,2.3125659978880675
3789,2025,3789,-0.08400772800731728,0.10927234316809019,0.1378323015348589,2.311955661124307
3790,2025,3790,-0.1751387546467625,0.012562621387437776,0.17558873208535616,2.311345646437995
3791,2025,3791,-0.06178363238844555,-0.04222523036111279,0.0748343992436608,2.310735953574255
3792,2025,3792,0.018592634962357586,0.1326086844938879,0.13390574774087552,2.310126582278481
3793,2025,3793,0.13355904281712708,0.032623207115340974,0.13748560492181577,2.3095175322963355
3794,2025,3794,0.06821036737788791,-0.13053908545947632,0.1472858005729775,2.308908803373748
3795,2025,3795,-0.16447997366743114,-0.0416115529008852,0.16966196707707362,2.308300395256917
3796,2025,3796,-0.10436002300184848,0.04732860320351765,0.11459062388407859,2.3076923076923075
3797,2025,3797,0.03802466343098552,-0.02082860194168819,0.04335557274313216,2.3070845404266525
3798,2025,3798,-0.14481913988043763,-0.009469016480236042,0.14512837609789736,2.306477093206951
3799,2025,3799,0.01783978648205471,0.07872744641827982,0.08072340925201575,2.3058699657804684
3800,2025,3800,0.053356308654214354,0.05554838872112197,0.0770228483160462,2.305263157894737
3801,2025,3801,-0.03407414027515583,-0.16711505186541523,0.1705534742990345,2.3046566692975534
3802,2025,3802,-0.03510278893776111,0.008488634647727304,0.036114577519217914,2.3040504997369804
3803,2025,3803,-0.19659697351127528,0.0504043183186815,0.2029555746929954,2.3034446489613463
3804,2025,3804,-0.14832236383004055,-0.08839052656035115,0.1726627023932704,2.302839116719243
3805,2025,3805,0.027407516639381447,0.09792121796768193,0.10168449683512353,2.302233902759527
3806,2025,3806,0.0625025371300256,0.09810603253837452,0.11632437735965247,2.3016290068313188
3807,2025,3807,-0.008146678864505371,-0.07146193583937582,0.0719247985776286,2.3010244286840034
3808,2025,3808,-0.06586753142260807,-0.02965688934246487,0.07223615978981349,2.3004201680672267
3809,2025,3809,-0.05726220963283324,-0.013438356136143631,0.058817940015580016,2.2998162247309004
3810,2025,3810,-0.13426553631959218,0.015422342099070055,0.135148373571451,2.2992125984251968
3811,2025,3811,-0.010969899749306025,-0.0006284583306317059,0.010987886984455419,2.298609288900551
3812,2025,3812,0.07948983680157717,-0.022697869676163517,0.08266696705805456,2.29800629590766
3813,2025,3813,-0.09032185014722785,-0.031471741909185676,0.09564782879300855,2.2974036191974823
3814,2025,3814,-0.16419895861199804,0.015365555657020804,0.16491633730444552,2.2968012585212376
3815,2025,3815,-0.056741148209126985,0.03405640168878583,0.06617700806230249,2.2961992136304064
3816,2025,3816,0.05451429453838079,-0.1622814963515458,0.17119314345824163,2.2955974842767297
3817,2025,3817,-0.06319257735877856,0.00856798073769811,0.06377077800346158,2.2949960702122087
3818,2025,3818,-0.14880540465950387,0.03563575606385908,0.153012926140642,2.2943949711891043
3819,2025,3819,0.0723775179852104,-0.1497950301019317,0.16636422738358772,2.293794186959937
3820,2025,3820,-0.07117576189354524,0.021203288115308624,0.07426687355764637,2.2931937172774868
3821,2025,3821,-0.2587472730000823,-0.060505017173723634,0.2657273196119882,2.292593561894792
3822,2025,3822,0.009121629730783024,-0.0456620430907501,0.0465642170359067,2.291993720565149
3823,2025,3823,0.06404393226089325,0.050882720072934325,0.08179655531535834,2.2913941930421133
3824,2025,3824,0.06457311366660934,-0.0967539602741856,0.11632289472558502,2.290794979079498
3825,2025,3825,0.013621816395418712,-0.21567452180573018,0.2161042647382066,2.2901960784313724
3826,2025,3826,-0.08902745743156708,-0.1642134059749733,0.1867938191660283,2.289597490852065
3827,2025,3827,-0.05984212042639816,-0.0036658964650706956,0.059954300713294606,2.2889992160961588
3828,2025,3828,-0.2061670742795771,-0.020158667477595767,0.20715027007337675,2.2884012539184955
3829,2025,3829,-0.032687305420622564,-0.12502424532331077,0.12922662981879723,2.287803604074171
3830,2025,3830,0.22963037573819564,0.06446720181723153,0.238508133135557,2.2872062663185377
3831,2025,3831,0.058666639414653395,-0.16359738185120026,0.1737983829866561,2.2866092404072043
3832,2025,3832,0.013858495406948638,-0.13719781270051337,0.1378959669633219,2.2860125260960333
3833,2025,3833,-0.14179315557973057,-0.01989419391342648,0.14318197484572803,2.2854161231411427
3834,2025,3834,-0.13117473184284634,-0.08118213082357052,0.1542638928560341,2.2848200312989047
3835,2025,3835,0.015718709088045617,-0.015974866599653196,0.022411474254750024,2.2842242503259453
3836,2025,3836,0.059399254914708446,-0.024139128323386685,0.06411683866688567,2.283628779979145
3837,2025,3837,0.10171381091426666,0.07421000437303422,0.12590799847408007,2.283033620015637
3838,2025,3838,0.030267194575670234,-0.0934751216900285,0.09825325156170212,2.2824387701928086
3839,2025,3839,0.028082664427401358,-0.15432582751600699,0.15686011946904277,2.281844230268299
3840,2025,3840,-0.08890946409700017,-0.03417446928752839,0.09525117929506166,2.28125
3841,2025,3841,-0.0012194154261711586,-0.0671048205932933,0.06711589916584344,2.2806560791460555
3842,2025,3842,0.12548798911737455,-0.0060056904373804905,0.12563161915040322,2.280062467464862
3843,2025,3843,-0.028886976776220652,-0.0940634436662178,0.09839913039055599,2.279469164715066
3844,2025,3844,-0.07852746601221057,-0.008186911460577722,0.07895307744199859,2.278876170655567
3845,2025,3845,0.04136400498225011,0.0693383941421906,0.0807390476187909,2.2782834850455136
3846,2025,3846,0.09988846595229094,-0.13854065380448982,0.1707958383183779,2.277691107644306
3847,2025,3847,0.03228273799835013,-0.08599841832727737,0.0918580596761303,2.2770990382115937
3848,2025,3848,-0.08153596110028258,-0.015607371552519579,0.08301628153154772,2.2765072765072767
3849,2025,3849,0.047597908525694954,-0.0007642569116398266,0.04760404378461365,2.275915822291504
3850,2025,3850,0.0986681585312657,-0.07701658982134806,0.12516772992932623,2.275324675324675
3851,2025,3851,-0.01937259598855938,-0.03391408151621629,0.03905716836157622,2.274733835367437
3852,2025,3852,-0.08013200879025653,0.09286357033623004,0.12265717071722179,2.2741433021806854
3853,2025,3853,0.1585506379007735,-0.020991161358161408,0.15993415405693234,2.2735530755255646
3854,2025,3854,0.12752721903923508,-0.15192674814181814,0.1983555605392208,2.2729631551634664
3855,2025,3855,0.041353705924922074,-0.13821173165287878,0.14426576780446673,2.272373540856031
3856,2025,3856,0.030841518126439538,-0.0619644134654009,0.06921551687630928,2.271784232365145
3857,2025,3857,-0.055655672905954044,0.033078067166222656,0.06474343560599549,2.2711952294529425
3858,2025,3858,-0.009782285152771094,-0.05423875781286376,0.05511384537384972,2.270606531881804
3859,2025,3859,0.031389024663728955,-0.11140942520110433,0.11574683966735613,2.270018139414356
3860,2025,3860,-0.02183173875481215,-0.039110831804206395,0.044791539172876045,2.2694300518134716
3861,2025,3861,0.08820878379018639,0.014043412625905133,0.0893196897437809,2.2688422688422687
3862,2025,3862,0.09334642748462856,-0.03482396704904259,0.09963063888772279,2.2682547902641117
3863,2025,3863,-0.008708750181256697,-0.027353562028982786,0.028706439789582885,2.2676676158426092
3864,2025,3864,-0.06251050269363231,0.05765644825513775,0.08504016093827663,2.267080745341615
3865,2025,3865,0.005315579161001774,-0.05145660724256039,0.051730434086058034,2.2664941785252264
3866,2025,3866,0.10702229024889932,0.011234947532964295,0.10761038358907617,2.265907915157786
3867,2025,3867,0.05232716641282283,0.06177375376076316,0.08095757530021915,2.265321955003879
3868,2025,3868,-0.0035355769216139656,-0.013231715053720729,0.013695933244270325,2.264736297828335
3869,2025,3869,0.07601178614238996,0.14597718934102763,0.16458168622438726,2.2641509433962264
3870,2025,3870,0.0740278497152833,0.05975693242054107,0.09513681467119699,2.2635658914728682
3871,2025,3871,0.13914719288570931,-0.08344877693123517,0.16225177860132023,2.262981141823818
3872,2025,3872,-0.00686626049100387,-0.06643194856393325,0.06678584672766674,2.262396694214876
3873,2025,3873,-0.042484133645869136,-0.06357980600381634,0.07646759668724387,2.2618125484120837
3874,2025,3874,0.0490511023975577,0.09125094323979999,0.10359896374273678,2.2612287041817245
3875,2025,3875,-0.07672177593322929,0.06745104511055501,0.1021561275149698,2.2606451612903227
3876,2025,3876,0.08311419659521739,0.009051185691360715,0.08360558377338166,2.260061919504644
3877,2025,3877,0.03685599276717358,0.0458704696520019,0.05884270718576074,2.2594789785916944
3878,2025,3878,-0.10626036731167549,-0.06175873608112809,0.12290405666026906,2.258896338318721
3879,2025,3879,-0.08070498243397034,-0.05086477143925692,0.09539664125762137,2.2583139984532097
3880,2025,3880,0.02372934531347308,0.03694786042452042,0.04391157272241441,2.2577319587628866
3881,2025,3881,-0.016196300155044918,0.12556800536546436,0.1266082308152736,2.2571502190157178
3882,2025,3882,-0.14253072147417567,0.20682990094107306,0.2511844232575801,2.2565687789799074
3883,2025,3883,0.04738145397657118,-0.0034396633350552586,0.047506141337646614,2.2559876384238993
3884,2025,3884,0.17532439150541346,-0.041323361796927,0.18012846106860297,2.255406797116375
3885,2025,3885,-0.0440049211677951,0.041794875505107985,0.06068974135281297,2.2548262548262548
3886,2025,3886,0.012974382739531668,-0.062038321278207534,0.06338050105900044,2.2542460113226968
3887,2025,3887,-0.009890911724390819,0.04210818510881366,0.04325424127062927,2.2536660663750965
3888,2025,3888,-0.05904355412865381,0.06955068489645104,0.09123288362048355,2.253086419753086
3889,2025,3889,-0.021234657026283136,-0.07154358347352875,0.07462837928869723,2.2525070712265363
3890,2025,3890,0.04842026264955427,-0.07217051004643879,0.08690859770710227,2.2519280205655527
3891,2025,3891,0.009646588522544547,-0.11516379034280687,0.11556710291534207,2.251349267540478
3892,2025,3892,-0.12186637477500228,-0.08308095179691079,0.1474918908017723,2.250770811921891
3893,2025,3893,-0.10924777475734576,0.09861011145667666,0.14717007294599654,2.2501926534806063
3894,2025,3894,-0.014854208185273214,-0.0025061640572772246,0.015064141498718936,2.2496147919876734
3895,2025,3895,-0.0461130328132683,-0.0030050697969900542,0.04621084547725069,2.2490372272143775
3896,2025,3896,-0.0820688834470139,0.03225341287418252,0.08817927348460086,2.248459958932238
3897,2025,3897,0.02924757784035043,-0.08270059887377089,0.08772006534201689,2.24788298691301
3898,2025,3898,-0.020377907273579,0.047697090104200354,0.05186782730420459,2.2473063109286815
3899,2025,3899,-0.048592080080239415,0.038257614172468896,0.061845252757943295,2.2467299307514748
3900,2025,3900,-0.014374268584405648,0.008428543824157904,0.01666313140836324,2.246153846153846
3901,2025,3901,-0.037480415563919546,0.12345109736147616,0.12901532851020756,2.245578056908485
3902,2025,3902,0.05106362680166707,-0.0054477905522130774,0.05135340693703499,2.2450025627883137
3903,2025,3903,5.4539995898198687e-05,-0.12230181519273828,0.12230182735368209,2.2444273635664875
3904,2025,3904,-0.021074386636272677,-0.0410949457619422,0.04618359383235652,2.2438524590163933
3905,2025,3905,-0.01697229845288915,0.04906344825419818,0.051916094511878744,2.2432778489116516
3906,2025,3906,-0.06426486056919103,0.015953466751307946,0.06621544687882619,2.2427035330261136
3907,2025,3907,-0.005455066958353083,0.05615978050809889,0.05642409682252752,2.242129511133862
3908,2025,3908,-0.1395622680018513,-0.1004320791684049,0.17194251706866837,2.2415557830092117
3909,2025,3909,0.02114070596197008,-0.10892084367331813,0.11095350213074792,2.2409823484267077
3910,2025,3910,-0.045680836483559285,0.07284488987689582,0.08598323559284542,2.2404092071611252
3911,2025,3911,-0.13156759721822758,-0.03615618613730433,0.13644523602446942,2.2398363589874712
3912,2025,3912,0.006265573098524806,0.1279508172342235,0.12810413356780734,2.2392638036809815
3913,2025,3913,-0.13622028757748983,-0.06063759163768848,0.14910695579788724,2.2386915410171224
3914,2025,3914,-0.008430671381288782,-0.0948930469868092,0.09526681786634872,2.2381195707715893
3915,2025,3915,-0.021883039818145752,0.038696338249457264,0.044455303683575954,2.2375478927203063
3916,2025,3916,-0.044985540670332384,-0.1202194039971948,0.12836044549175912,2.236976506639428
3917,2025,3917,-0.06447065307323913,0.10565092760760239,0.12376826577130666,2.2364054123053356
3918,2025,3918,-0.08651803091740153,0.038547371139206685,0.09471678571176384,2.23583460949464
3919,2025,3919,0.07865434613537524,-0.10644587113467885,0.13235267147890922,2.23526409798418
3920,2025,3920,-0.0163995417189745,-0.0160791283709791,0.02296700541565683,2.2346938775510203
3921,2025,3921,0.06667161219152729,-0.1374511411355245,0.15276753605290389,2.234123947972456
3922,2025,3922,-0.019773665132930242,-0.14738677342650003,0.14870729240310884,2.2335543090260073
3923,2025,3923,-0.14099422378941734,-0.07021157381729302,0.15750884495761336,2.2329849604894214
3924,2025,3924,0.006356596805736155,0.016347798197713422,0.01754014905477879,2.232415902140673
3925,2025,3925,-0.036786048032312696,-0.034266133710770634,0.05027306683821894,2.2318471337579617
3926,2025,3926,0.09966659153175182,-0.061532231710117694,0.11713088835480023,2.2312786551197146
3927,2025,3927,0.08991978660575249,-0.06345893157344387,0.1100572760868953,2.2307104660045836
3928,2025,3928,-0.076605067344629,-0.15649417877828914,0.17423766623312614,2.230142566191446
3929,2025,3929,-0.037732055040192114,-0.12017709713755731,0.1259612744218078,2.2295749554594044
3930,2025,3930,0.0697074999900526,-0.04526603072191922,0.08311527592555365,2.2290076335877864
3931,2025,3931,-0.08071246433830241,0.06131380373514635,0.10136017180349383,2.2284406003561434
3932,2025,3932,-0.10450150392050152,0.0499396188246805,0.11582111141756919,2.227873855544252
3933,2025,3933,0.20668987579832648,-0.1490509451028534,0.25482717475493355,2.227307398932113
3934,2025,3934,0.0383660272023359,-0.024321248062305935,0.045425490097505815,2.226741230299949
3935,2025,3935,0.004196724830467415,0.004074912539329417,0.005849565069801846,2.2261753494282086
3936,2025,3936,0.1325526294884581,-0.09916674001047929,0.16554226623013968,2.225609756097561
3937,2025,3937,-0.07900553802154087,-0.06130111580652528,0.09999850917487801,2.2250444500889004
3938,2025,3938,-0.09021763523651194,0.009901316728701794,0.09075933990852066,2.224479431183342
3939,2025,3939,-0.010838294313402956,0.04895635443856694,0.05014173175647742,2.223914699162224
3940,2025,3940,0.11702510714984846,-0.03225152233002249,0.12138795820029864,2.2233502538071064
3941,2025,3941,0.11963584827589323,-0.04558733771096032,0.1280271125670875,2.2227860948997717
3942,2025,3942,-0.10089088344650389,-0.0564582940031738,0.1156136208427227,2.2222222222222223
3943,2025,3943,-0.05329291108609958,0.003338752773194434,0.05339739358912033,2.2216586355566825
3944,2025,3944,-0.013723178350154998,-0.003141827776876002,0.014078235180934876,2.2210953346855984
3945,2025,3945,-0.009730496522648097,-0.0904318270328677,0.09095382291624562,2.220532319391635
3946,2025,3946,0.001350937077285357,-0.020164352977405077,0.02020955620453278,2.2199695894576785
3947,2025,3947,0.05164340163031498,-0.004148643119952055,0.051809769075790574,2.2194071446668358
3948,2025,3948,0.028930531754353877,0.03657940400392049,0.046637200439903256,2.2188449848024314
3949,2025,3949,0.01902423350169957,-0.0637978764040918,0.06657394756208289,2.218283109648012
3950,2025,3950,0.034505443697690735,-0.002147715133948906,0.03457221897812026,2.2177215189873416
3951,2025,3951,0.025748717308909364,-0.0426923091953082,0.04985608997386303,2.217160212604404
3952,2025,3952,0.028445567657381682,-0.1097442288195463,0.1133708343382354,2.216599190283401
3953,2025,3953,0.05039405398387596,-0.034733233000069155,0.06120423311803602,2.216038451808753
3954,2025,3954,0.11897311526694448,-0.05423953963139419,0.13075369905187095,2.215477996965099
3955,2025,3955,-0.05157355210399894,-0.03817887668042036,0.06416742087073969,2.2149178255372948
3956,2025,3956,-0.05303988220967762,-0.03920047465174837,0.06595381958415178,2.2143579373104147
3957,2025,3957,0.12707205682479397,-0.014682317597577491,0.12791746587436684,2.2137983320697496
3958,2025,3958,-0.03946930311821066,-0.039795101453381485,0.0560488714277292,2.2132390096008083
3959,2025,3959,0.09844915551250806,-0.07752532894567513,0.12530926880826146,2.2126799696893156
3960,2025,3960,0.15772303080529101,0.018726404909354493,0.15883083040529591,2.212121212121212
3961,2025,3961,-0.08376069331886556,-0.09296303946801789,0.12513185226947332,2.211562736682656
3962,2025,3962,-0.035640240801349844,0.04316010779850617,0.05597340144708802,2.21100454316002
3963,2025,3963,-0.05239465953160185,0.0665095138374248,0.08466826901692912,2.210446631339894
3964,2025,3964,0.1601484245458246,-0.05899909020018229,0.17067047351243542,2.2098890010090817
3965,2025,3965,0.149719499749713,0.04323654550033141,0.15583750341976907,2.209331651954603
3966,2025,3966,0.001433923563339474,-0.04312168626054343,0.043145520772592844,2.208774583963691
3967,2025,3967,0.02130399154370743,0.016078917747826642,0.026690666002101415,2.208217796823796
3968,2025,3968,0.011129319411534798,0.01864235157839256,0.021711725471190928,2.2076612903225805
3969,2025,3969,0.012567534325083425,-0.04431900281393601,0.046066440381625086,2.2071050642479215
3970,2025,3970,-0.0018442061850833626,0.04256856875607818,0.042608498476173214,2.206549118387909
3971,2025,3971,0.038765592550624,0.021448144918771367,0.04430343199186281,2.2059934525308487
3972,2025,3972,0.08528298410551177,0.011526828089159991,0.08605844028181095,2.205438066465257
3973,2025,3973,-0.05984055841414851,-0.0798802923767435,0.09980858450810304,2.204882959979864
3974,2025,3974,-0.04645608323408624,-0.01665916883704125,0.0493527666478121,2.2043281328636133
3975,2025,3975,-0.14429622478560725,0.20114499473583766,0.24754940798688785,2.2037735849056603
3976,2025,3976,-0.0009683892673812782,-0.009241230941448356,0.009291831201994671,2.2032193158953723
3977,2025,3977,0.20338841727415213,0.012766992181843942,0.2037887248369151,2.2026653256223283
3978,2025,3978,0.0023072470240023983,-0.000732797660014435,0.002420822430557548,2.20211161387632
3979,2025,3979,-0.04404214538324847,-0.0889480494265594,0.09925455186916542,2.2015581804473485
3980,2025,3980,0.030887350141431673,0.006325862227214428,0.0315284781059457,2.201005025125628
3981,2025,3981,-0.019132529380198184,-0.0217440814859638,0.028963058542777906,2.2004521477015824
3982,2025,3982,-0.11222271123652314,-0.024832475651170742,0.11493732537449289,2.1998995479658463
3983,2025,3983,-0.0048451827737888056,-0.03359957230075971,0.03394712145242066,2.1993472257092646
3984,2025,3984,0.15460039406047862,-0.05909562599526372,0.165510044575631,2.1987951807228914
3985,2025,3985,0.018029476685211248,0.03453559084070865,0.03895855572604579,2.1982434127979924
3986,2025,3986,-0.10494475855886742,-0.001493219787037126,0.10495538125466163,2.197691921726041
3987,2025,3987,0.004178464889765771,-0.15598190440678175,0.15603786101841247,2.197140707298721
3988,2025,3988,0.018611048223232843,0.03186702355552822,0.03690363540704478,2.196589769307924
3989,2025,3989,-0.10127270844521974,0.0022159313761626167,0.10129694875806645,2.196039107545751
3990,2025,3990,0.08316135980749037,-0.14602322202857076,0.1680434263416339,2.1954887218045114
3991,2025,3991,0.11169238655041198,0.16424976589410295,0.19862823265989726,2.1949386118767227
3992,2025,3992,-0.05571685507950894,0.0723776459131027,0.09133943052085157,2.19438877755511
3993,2025,3993,-0.002510835177086647,-0.14717288953542293,0.1471943059615157,2.1938392186326072
3994,2025,3994,0.1077025567050062,0.06474274749800973,0.1256640922236186,2.1932899349023534
3995,2025,3995,0.09588635775930636,-0.035170427119755356,0.10213301399709947,2.1927409261576973
3996,2025,3996,0.07461911484643842,-0.0993396214613271,0.12424319978391464,2.1921921921921923
3997,2025,3997,-0.11962902730319173,-0.12143001588891007,0.17045924126397122,2.1916437327995997
3998,2025,3998,0.04245399014616922,0.08527565796075313,0.09525901070224481,2.191095547773887
3999,2025,3999,0.017873754952093153,0.14651649476778744,0.1476026908803717,2.190547636909227
4000,2025,4000,0.04347241939779403,-0.11394209952229971,0.12195348823156864,2.19
4001,2025,4001,0.09482533220817413,-0.08043192076363001,0.12434282249537945,2.1894526368407896
4002,2025,4002,0.01890393597649914,0.0038037548170968705,0.0192828251589897,2.188905547226387
4003,2025,4003,-0.027509131077931306,-0.022172555437344144,0.03533234364268673,2.1883587309517862
4004,2025,4004,-0.092734311596454,-0.021946026972880898,0.09529575356311863,2.1878121878121877
4005,2025,4005,-0.022737967458190556,0.0926540444634107,0.09540328673351574,2.1872659176029963
4006,2025,4006,-0.050816137145928024,0.1302058115662493,0.1397706448438276,2.1867199201198204
4007,2025,4007,0.08966354598262427,-0.05006103541345626,0.10269205784697032,2.1861741951584728
4008,2025,4008,0.17986101066526938,0.013334991141780767,0.1803546648863941,2.18562874251497
4009,2025,4009,-0.015869826379960986,-0.09389108143113754,0.09522282584358967,2.1850835619855324
4010,2025,4010,-0.06811895356446362,-0.08262973798896435,0.10708811995194635,2.1845386533665834
4011,2025,4011,-0.026751269465796763,0.014592287792611194,0.030472369140814436,2.1839940164547493
4012,2025,4012,-0.08510814289043782,0.07237412898749969,0.1117202333194772,2.1834496510468595
4013,2025,4013,-0.021504417926160622,-0.038197478702059626,0.04383477351985837,2.182905556939945
4014,2025,4014,0.1595884072620752,-0.04779951566510279,0.16659307737797627,2.1823617339312404
4015,2025,4015,0.10834188077349424,0.07561060837597998,0.13211709665491386,2.1818181818181817
4016,2025,4016,0.02839974788800281,-0.0736721679144619,0.07895653237901719,2.181274900398406
4017,2025,4017,-0.18286810023915318,-0.16427757139727667,0.24582079356568742,2.1807318894697536
4018,2025,4018,-0.009039635187798042,0.002414886090001716,0.009356638240103136,2.1801891488302636
4019,2025,4019,0.06988544797480523,0.050768662408487354,0.08637958625384914,2.1796466782781785
4020,2025,4020,-0.028857717686540798,-0.044418877847426305,0.05296984594371282,2.1791044776119404
4021,2025,4021,0.04211657814070182,-0.03649086124185854,0.055726018236138285,2.1785625466301917
4022,2025,4022,0.07166753084676593,0.0019543673308005656,0.07169417360801257,2.178020885131775
4023,2025,4023,0.01894719617577001,0.1564921930641559,0.15763503015812239,2.1774794929157344
4024,2025,4024,0.013880871222765436,-0.0628727522300222,0.06438681199500997,2.176938369781312
4025,2025,4025,0.058712443291591206,-0.20452350603781827,0.21278396443169725,2.1763975155279502
4026,2025,4026,0.011839069896908016,0.08013696549706295,0.08100677018065423,2.1758569299552906
4027,2025,4027,0.00332769850743747,-0.0064698086224697264,0.007275438197647286,2.1753166128631736
4028,2025,4028,0.04166213915383544,0.06469883033778745,0.07695240402970757,2.1747765640516383
4029,2025,4029,-0.06093150312787718,0.20115949249932152,0.21018513148176562,2.1742367833209233
4030,2025,4030,0.1783807343076391,-0.06583017426480209,0.19014020673141896,2.173697270471464
4031,2025,4031,0.14045248043648884,-0.06750249104842738,0.15583159358264068,2.173158025303895
4032,2025,4032,0.02753461545459465,-0.014320724186957946,0.031036078835305934,2.1726190476190474
4033,2025,4033,0.033211753441397034,-0.09690222415089715,0.10243564619820028,2.172080337217952
4034,2025,4034,-0.13643239857063844,-0.08703471805728959,0.16182966825353573,2.1715418939018343
4035,2025,4035,-0.019603845639354064,0.11301978288277514,0.11470737590373714,2.171003717472119
4036,2025,4036,0.022502965018445096,0.2674401332541804,0.2683851864571425,2.170465807730426
4037,2025,4037,-0.03198184871142813,-0.08335929422343347,0.0892838763743467,2.169928164478573
4038,2025,4038,0.13936505534909893,-0.0514434734774338,0.14855655359451783,2.1693907875185734
4039,2025,4039,0.0629959216103001,-0.0429174903056546,0.07622596089041471,2.168853676652637
4040,2025,4040,-0.11713759545682266,-0.02470628916698221,0.11971473173260165,2.1683168316831685
4041,2025,4041,-0.2187959561152236,0.06838152119405777,0.22923285727222487,2.167780252412769
4042,2025,4042,0.03438294886574861,0.10234420851141203,0.10796538421425668,2.1672439386442357
4043,2025,4043,-0.00968846335973911,0.0688402344392934,0.069518660803628,2.166707890180559
4044,2025,4044,-0.02605662090363103,-0.007022311146683383,0.026986299241585077,2.166172106824926
4045,2025,4045,0.13998390612978706,-0.012406474899086905,0.14053261043179519,2.165636588380717
4046,2025,4046,-0.05810263290159621,-0.04896406436445085,0.07598286352319013,2.165101334651508
4047,2025,4047,-0.08789974360559524,-0.0564482497087659,0.10446420353935874,2.1645663454410675
4048,2025,4048,0.05382385960811978,0.07804505057103282,0.09480526241591053,2.16403162055336
4049,2025,4049,-0.07395114588804659,0.014325220127981786,0.07532585153763803,2.1634971597925414
4050,2025,4050,-0.010314503446212637,-0.08757149742661212,0.0881768458433452,2.162962962962963
4051,2025,4051,0.08742487106020078,-0.13017789598609977,0.15681005287691394,2.162429029869168
4052,2025,4052,0.019388511654099872,-7.965209942903737e-05,0.019388675267230353,2.1618953603158935
4053,2025,4053,-0.1212858545124656,0.0790882845430007,0.14479369895397248,2.161361954108068
4054,2025,4054,0.02839943003337039,-0.15846825182408414,0.16099290190067897,2.160828811050814
4055,2025,4055,0.10598702198228863,-0.07245597919897254,0.12838659490132168,2.160295930949445
4056,2025,4056,-0.0708625959560918,0.04391107631622147,0.08336480149850622,2.1597633136094676
4057,2025,4057,-0.12448879470991615,-0.11711089314013808,0.17091641612322817,2.1592309588365786
4058,2025,4058,0.012062755363212784,-0.0628749843538295,0.06402166605491476,2.1586988664366684
4059,2025,4059,0.08292641332030462,0.10448147261204754,0.1333910347262965,2.1581670362158167
4060,2025,4060,0.03163683581579457,0.14713769913971722,0.15050047138984476,2.1576354679802954
4061,2025,4061,0.01255791448915725,-0.11707945153037616,0.11775100503592606,2.157104161536567
4062,2025,4062,-0.045383651106481356,-0.1592257074696144,0.16556721205285196,2.156573116691285
4063,2025,4063,0.02600976985657141,-0.020768262625007427,0.033284063160213644,2.156042333251292
4064,2025,4064,0.015374117434336025,0.06145422615936799,0.06334812862059545,2.155511811023622
4065,2025,4065,-0.10618962416867761,-0.05828482149120919,0.12113363157004384,2.1549815498154983
4066,2025,4066,0.005613098155265938,0.03641073445862392,0.03684085306717358,2.1544515494343335
4067,2025,4067,0.03902714483575308,0.14970932843600465,0.15471264025537912,2.1539218096877306
4068,2025,4068,-0.03329146705020446,-0.0727042503477495,0.07996392809875638,2.1533923303834808
4069,2025,4069,0.12875454897788222,-0.16623345649968735,0.21026482335933255,2.152863111329565
4070,2025,4070,0.03813470805668734,-0.02628289182389656,0.04631464521288512,2.152334152334152
4071,2025,4071,-0.14385122203856557,-0.03800526206869033,0.1487870089318907,2.1518054532056006
4072,2025,4072,0.0023719421680295214,0.027718863383258033,0.027820163495353503,2.151277013752456
4073,2025,4073,-0.0653224139745128,0.02266518908267863,0.06914281281240443,2.150748833783452
4074,2025,4074,-0.01699108383121521,-0.07580608255982904,0.07768692993565263,2.150220913107511
4075,2025,4075,0.12056298066208755,-0.05032759364919062,0.1306457002302217,2.1496932515337424
4076,2025,4076,0.024803067062622534,-0.07771745034482284,0.08157937376453044,2.1491658488714425
4077,2025,4077,-0.03392058608100134,-0.07542701691328839,0.08270333149587213,2.1486387049300957
4078,2025,4078,-0.09628215909824142,-0.05933055014274352,0.11309451065750131,2.148111819519372
4079,2025,4079,0.009252565522186826,-0.14091843252508446,0.14122186301727202,2.14758519244913
4080,2025,4080,-0.10809348589366882,0.030984562379155204,0.11244663088982497,2.1470588235294117
4081,2025,4081,-0.05717006764466744,-0.012252083177904936,0.0584681979942443,2.1465327125704485
4082,2025,4082,0.09692281018948767,-0.0837678495486761,0.1281057522246253,2.1460068593826556
4083,2025,4083,0.12822429808119234,0.01080762692251931,0.12867896260893164,2.145481263776635
4084,2025,4084,0.04531258838366146,-0.038477832377555345,0.05944555702912016,2.144955925563173
4085,2025,4085,0.005469858553088516,-0.1883258100016308,0.18840522833870915,2.1444308445532436
4086,2025,4086,0.02176870644049571,-0.07883706033980206,0.08178727690242578,2.1439060205580027
4087,2025,4087,-0.03431484735738373,-0.01700069946657644,0.038295333025231644,2.143381453388794
4088,2025,4088,0.09591806839052398,-0.07047538852936487,0.11902544363342726,2.142857142857143
4089,2025,4089,0.2731007882889626,-0.011130456765305979,0.27332750983363735,2.1423330887747616
4090,2025,4090,0.04648593904413096,-0.05773748012819018,0.07412529352635182,2.141809290953545
4091,2025,4091,0.014292934195856177,-0.02099706514833925,0.025400092770906914,2.141285749205573
4092,2025,4092,0.011436053454413233,-0.08223205839177566,0.08302345900985215,2.1407624633431084
4093,2025,4093,0.05678942802701132,-0.19039681699740718,0.198685648848575,2.1402394331785977
4094,2025,4094,0.12425200457925674,0.1350763694150487,0.18353252086841268,2.1397166585246703
4095,2025,4095,-0.1479067381018839,0.09378668933107427,0.17513522281832036,2.139194139194139
4096,2025,4096,0.0881276048993292,-0.08098279185479317,0.1196857857971824,2.138671875
4097,2025,4097,0.19700746910204583,0.1866531821454837,0.2713878281851061,2.1381498657554308
4098,2025,4098,-0.027815669417157945,-0.03413324870034582,0.04403169462971276,2.1376281112737923
4099,2025,4099,0.020363386951013147,-0.055332197152877356,0.05896032199608124,2.1371066113686266
4100,2025,4100,0.017544688506420252,0.13989567416773616,0.1409915449437757,2.1365853658536587
4101,2025,4101,0.16583254731952052,0.040170693521748756,0.1706285977452176,2.1360643745427943
4102,2025,4102,0.07034864335227631,0.07876742829720464,0.1056088982144073,2.1355436372501218
4103,2025,4103,-0.020175886745945282,0.02284531032872494,0.030479084795986853,2.13502315378991
4104,2025,4104,0.134914351176448,-0.018486510670662495,0.13617500956540615,2.134502923976608
4105,2025,4105,0.06302811678944122,-0.015364119946143008,0.06487372108753213,2.1339829476248475
4106,2025,4106,0.10614300749456476,-0.05044649677135038,0.11752100695830127,2.13346322454944
4107,2025,4107,-0.025726008230548852,0.03527177776809017,0.043656910179258074,2.132943754565376
4108,2025,4108,-0.03942109980902378,-0.13183698489738854,0.1376045555095734,2.132424537487829
4109,2025,4109,0.20668218985776254,0.05878498131930074,0.21487950491638505,2.131905573132149
4110,2025,4110,-0.08380744533646088,0.0753404463918071,0.11269370326837537,2.1313868613138687
4111,2025,4111,-0.14532073127659836,-0.12177908520490204,0.18960026511613348,2.1308684018486987
4112,2025,4112,0.07851993159968547,0.046009328724037554,0.09100680187796863,2.130350194552529
4113,2025,4113,0.12089081340164079,0.06325979008153822,0.13644189168312865,2.1298322392414297
4114,2025,4114,0.019252629333597743,-0.018887385740774736,0.026970299894100717,2.129314535731648
4115,2025,4115,0.029881038902742914,0.07169285863077834,0.07767073106750061,2.1287970838396113
4116,2025,4116,-0.0009947942893798545,0.07102387154322282,0.07103083798369832,2.128279883381924
4117,2025,4117,-0.01235454839698979,-0.04886703139977793,0.050404579394341203,2.1277629341753705
4118,2025,4118,0.1089525713055279,0.08092598373242127,0.13571911301340817,2.1272462360369113
4119,2025,4119,0.003142842555660647,0.0879674432205808,0.08802356801502526,2.1267297887836856
4120,2025,4120,0.1278502061864991,-0.04554969035673155,0.13572195663754796,2.1262135922330097
4121,2025,4121,0.07948522769405197,0.12851659911565505,0.1511106140210848,2.125697646202378
4122,2025,4122,-0.01237900617285478,-0.028158336291236093,0.030759253835519487,2.1251819505094613
4123,2025,4123,0.02398805495725768,-0.007490878224110493,0.025130460345979887,2.1246665049721076
4124,2025,4124,-0.008869800823209468,0.07563643663722992,0.07615473664730976,2.1241513094083415
4125,2025,4125,0.07147299346275461,0.059610985731792236,0.09306910558527412,2.1236363636363635
4126,2025,4126,0.022156631196142265,0.14264122255085507,0.14435177406864255,2.1231216674745514
4127,2025,4127,0.028897088816782594,0.09538163780805145,0.09966292476659176,2.122607220741459
4128,2025,4128,0.03994233361101031,-0.04958576346954522,0.06367211283718273,2.122093023255814
4129,2025,4129,-0.030798563028535328,0.05806146788165086,0.0657243146574739,2.121579074836522
4130,2025,4130,-0.050173421056620045,0.09707815691351049,0.10927735689633533,2.1210653753026634
4131,2025,4131,-0.00371981405605818,0.0816596101172297,0.08174428996027559,2.120551924473493
4132,2025,4132,-0.017132860509132226,0.138900843927954,0.13995348996407062,2.1200387221684416
4133,2025,4133,0.04784251194874855,0.078984477940898,0.09234421316553815,2.1195257682071134
4134,2025,4134,0.0707156065317087,0.10856289410141357,0.12956310810883698,2.1190130624092887
4135,2025,4135,-0.08917769552953113,0.0874908128458858,0.12492919479605866,2.1185006045949213
4136,2025,4136,-0.0022223410636978873,-0.0395515990981783,0.039613984791061055,2.117988394584139
4137,2025,4137,-0.0009577834450690105,0.013868244091900534,0.013901278477902035,2.1174764321972446
4138,2025,4138,0.03219020485595463,-0.02541491637351947,0.041013744805142006,2.1169647172547124
4139,2025,4139,0.02125286007704166,0.07382123605160215,0.07681965213173433,2.1164532495771926
4140,2025,4140,-0.12574907564437424,0.05394646266690299,0.13683219964498894,2.1159420289855073
4141,2025,4141,0.012318986382273862,-0.12146295455004916,0.12208606289627803,2.115431055300652
4142,2025,4142,-0.03362455304410328,-0.02935414855376809,0.04463492583988911,2.1149203283437954
4143,2025,4143,-0.06204679853758342,-0.07108423856736266,0.09435451330734103,2.114409847936278
4144,2025,4144,0.024633209586721338,0.036721291327052256,0.04421818914507449,2.113899613899614
4145,2025,4145,-0.10561500535381944,0.006228389469656954,0.10579849805773729,2.1133896260554885
4146,2025,4146,-0.06189446077950991,-0.024559634212457573,0.06658903744488283,2.1128798842257597
4147,2025,4147,-0.12590405956547462,0.04883293721610918,0.13504254134241936,2.112370388232457
4148,2025,4148,-0.02543150215377568,-0.06943494906990885,0.07394574669403463,2.111861137897782
4149,2025,4149,0.051760239763158265,-0.027607832802513707,0.05866272114717473,2.111352133044107
4150,2025,4150,-0.12532625711570658,0.032655942067995256,0.12951093110228362,2.1108433734939758
4151,2025,4151,-0.02413509278412593,0.07938361853927645,0.08297145048803066,2.1103348590701034
4152,2025,4152,0.03628194681713761,0.024542491436879133,0.043803122614385466,2.1098265895953756
4153,2025,4153,0.020028407644759383,-0.09604617573060734,0.09811220609719956,2.1093185648928485
4154,2025,4154,0.12035056979360084,-0.04444058239786952,0.12829351119018537,2.1088107847857485
4155,2025,4155,-0.08120459875726199,-0.05139731755979605,0.09610343964536563,2.108303249097473
4156,2025,4156,-0.13394026676178925,-0.06994858172161374,0.1511052584958066,2.107795957651588
4157,2025,4157,0.1254839846832033,0.04596057929224585,0.13363609265783408,2.107288910271831
4158,2025,4158,0.023530680319699834,-0.004795295289060134,0.024014324333971826,2.1067821067821066
4159,2025,4159,-0.03926733568266914,-0.035292378297936626,0.05279654929576448,2.1062755470064918
4160,2025,4160,0.003463939191710852,0.016692318066891986,0.01704794290142242,2.105769230769231
4161,2025,4161,0.047301345500734115,-0.14325770271551372,0.15086479600458924,2.1052631578947367
4162,2025,4162,0.031346221579203755,-0.15178767229025364,0.15499059025175035,2.1047573282075924
4163,2025,4163,-0.150683160845622,0.08809468884602999,0.17454537852749477,2.104251741532549
4164,2025,4164,-0.11633875092877598,0.08352319462709243,0.14321602217762835,2.1037463976945245
4165,2025,4165,0.08973714185421369,0.09235437478440175,0.12877144547601,2.1032412965186076
4166,2025,4166,0.055818250588772975,0.009410666679257586,0.056605986840078525,2.102736437830053
4167,2025,4167,0.05499477018712776,-0.13737935500417256,0.14797807921884062,2.1022318214542834
4168,2025,4168,-0.022184167123991426,-0.09319574257588083,0.0957997061856404,2.1017274472168905
4169,2025,4169,-0.06281085766678658,-0.031706006658527394,0.07035960985585343,2.1012233149436317
4170,2025,4170,-0.021454934231267805,0.16069113427874088,0.16211710223988202,2.1007194244604315
4171,2025,4171,-0.14161947692262786,-0.033193960502125794,0.14545760639325608,2.100215775593383
4172,2025,4172,0.06646115903471253,-0.181087478108739,0.19289831618762351,2.099712368168744
4173,2025,4173,0.12219715554650695,0.010340687314399069,0.122633904927599,2.0992092020129403
4174,2025,4174,-0.008485283626347262,-0.04709926870037126,0.04785750881867263,2.0987062769525635
4175,2025,4175,-0.05866931261507952,-0.16920607449088595,0.17908875980178426,2.098203592814371
4176,2025,4176,-0.05336178067809469,-0.0978861455950979,0.11148621949192547,2.0977011494252875
4177,2025,4177,0.005029311861529133,0.05063704354546638,0.050886188271730234,2.097198946612401
4178,2025,4178,0.020093783848349783,0.003801266850715376,0.020450177970241488,2.096696984202968
4179,2025,4179,0.05973422833706182,-0.1667524854428638,0.17712868044559227,2.0961952620244078
4180,2025,4180,0.08135121297322669,-0.146746648505854,0.16778736156193633,2.0956937799043063
4181,2025,4181,-0.08646654726275134,-0.04146935814305571,0.09589667074689627,2.095192537670414
4182,2025,4182,-0.01617893310069603,0.061052120590985345,0.0631594751793665,2.0946915351506457
4183,2025,4183,0.18771776606579044,0.09516337976502377,0.21046146570104696,2.0941907721730817
4184,2025,4184,0.09329600342088465,-0.08185290934224063,0.12411302519114899,2.0936902485659656
4185,2025,4185,0.05834924423964973,-0.1656943538009279,0.17566801981250135,2.0931899641577063
4186,2025,4186,0.024530159143528265,-0.04821826398677623,0.054099257753736925,2.0926899187768755
4187,2025,4187,0.029532892915957287,-0.04589642526915923,0.0545772261705642,2.0921901122522093
4188,2025,4188,0.017190778719669144,0.041920530238764644,0.04530842889008413,2.0916905444126073
4189,2025,4189,0.031934083504042914,0.052145529486572334,0.06114688818474879,2.091191215087133
4190,2025,4190,0.11260880402242208,0.05452893279709664,0.1251165347000569,2.090692124105012
4191,2025,4191,0.08929471748713601,-0.06495317396912881,0.11041947916817642,2.0901932712956337
4192,2025,4192,0.16667802839288565,-0.22983169156872713,0.28390873815062845,2.0896946564885495
4193,2025,4193,0.05911741152839581,-0.018811984864533605,0.062038368131029586,2.089196279513475
4194,2025,4194,-0.20762150487665,0.11412058431210444,0.23691812309526034,2.088698140200286
4195,2025,4195,-0.007793746447675435,0.06096071534838891,0.06145690603567635,2.088200238379023
4196,2025,4196,0.11798061127076069,0.09086323041767849,0.14891457711640751,2.0877025738798856
4197,2025,4197,0.17471673593924064,-0.0039225732765904645,0.17476076332624713,2.087205146533238
4198,2025,4198,0.11940064976182609,-0.05192712477880468,0.13020346174867936,2.0867079561696045
4199,2025,4199,-0.025860205541900733,-0.051359011848017014,0.05750215933922921,2.086211002619671
4200,2025,4200,-0.028372863414687425,-0.020589708654921695,0.03505646132802148,2.085714285714286
4201,2025,4201,-0.06834239784589016,0.06937166827307051,0.09738126977152674,2.085217805284456
4202,2025,4202,0.018923103963398923,0.12735880678927936,0.1287569397368491,2.0847215611613517
4203,2025,4203,0.04908493806178143,0.06446306968831446,0.08102356754777837,2.0842255531763025
4204,2025,4204,0.07523706047473305,-0.07660328488626678,0.10737168399650433,2.083729781160799
4205,2025,4205,0.05280705068827623,-0.061805074702447574,0.08129238501464513,2.0832342449464925
4206,2025,4206,-0.0374571096631636,0.006157136739157473,0.037959786579259726,2.0827389443651927
4207,2025,4207,-0.0258218967981874,0.035753212157896556,0.04410286310279417,2.082243879248871
4208,2025,4208,-0.03180893394383882,0.09501623860663772,0.10019927084363944,2.081749049429658
4209,2025,4209,0.02314278879210375,-0.011721260198075083,0.025941792800554517,2.081254454739843
4210,2025,4210,0.1170748771360554,-0.09542291666501146,0.15103661768352797,2.0807600950118763
4211,2025,4211,0.02220782641914067,-0.011914096312150037,0.025201850035222996,2.0802659700783663
4212,2025,4212,-0.03217004546352391,0.04342555948667036,0.054043418117801736,2.07977207977208
4213,2025,4213,0.09857744180488809,0.06423518912454709,0.11765913289950097,2.0792784239259436
4214,2025,4214,0.07913877613305957,0.07891314975256004,0.11175970244998189,2.078785002373042
4215,2025,4215,-0.009411015578546034,-0.11927851905629905,0.11964920527309628,2.078291814946619
4216,2025,4216,0.06955243122963434,-0.13167144474757864,0.14891242410177757,2.0777988614800758
4217,2025,4217,0.12329235591855839,0.07252809294476598,0.1430431029240945,2.0773061418069716
4218,2025,4218,0.03918420215991827,0.02093672199824136,0.044426884056176924,2.076813655761024
4219,2025,4219,-0.10269202043720305,0.0360591185704898,0.10883892269567708,2.076321403176108
4220,2025,4220,-0.047385049297017506,0.07976413874941998,0.09277747963443231,2.075829383886256
4221,2025,4221,0.16055771417550485,0.07142375139479819,0.17572743623170814,2.0753375977256576
4222,2025,4222,0.15075447589029042,0.0012276933974371533,0.15075947476704166,2.0748460445286594
4223,2025,4223,-0.04844282774605927,-0.017801289544163965,0.05161001326748068,2.0743547241297655
4224,2025,4224,-0.12463149016075632,-0.02438002050386403,0.12699367598215092,2.0738636363636362
4225,2025,4225,0.00782102562849365,0.1619424495253307,0.16213119810864854,2.0733727810650886
4226,2025,4226,0.010166578770317208,0.1713917386282322,0.17169300333415258,2.072882158069096
4227,2025,4227,0.05547912386628361,0.07380137318211216,0.09232862973387954,2.072391767210788
4228,2025,4228,0.04327050660287975,0.0352887273199267,0.055835750353425015,2.0719016083254496
4229,2025,4229,0.03696829294270471,-0.015605519937947473,0.040127134655134636,2.071411681248522
4230,2025,4230,0.0627850631169284,0.05444398435144466,0.08310301789139209,2.0709219858156027
4231,2025,4231,-0.04475812423469777,0.08666653501152917,0.09754167302191023,2.0704325218624438
4232,2025,4232,-0.10569284426999039,-0.006020619030295743,0.10586418272195935,2.0699432892249527
4233,2025,4233,-0.056310559523551434,0.08914018755973101,0.10543648397039541,2.069454287739192
4234,2025,4234,0.07496156733250346,0.07521747043306123,0.10619277016489348,2.0689655172413794
4235,2025,4235,0.005322671172300069,0.029858670075302067,0.030329375316253602,2.0684769775678866
4236,2025,4236,-0.056607687057653594,-0.15692969532386472,0.16682733441633074,2.0679886685552407
4237,2025,4237,0.0012201509233076848,0.02770805461961979,0.027734906869854133,2.067500590040123
4238,2025,4238,-0.13114908626061225,0.20004613656370093,0.2392039706632321,2.067012741859368
4239,2025,4239,-0.18389487391754775,-0.063209657913204,0.19445509894743068,2.0665251238499645
4240,2025,4240,-0.028529836591642415,-0.0520698655592344,0.05937358398566288,2.0660377358490565
4241,2025,4241,0.09039515500701685,0.07178268955532802,0.11542979930910043,2.0655505776939402
4242,2025,4242,-0.008101084044576696,0.0832700583982858,0.08366319494467817,2.065063649222065
4243,2025,4243,-0.04542281168591349,0.04774515940011473,0.06590016743223286,2.0645769502710345
4244,2025,4244,0.03871407044986888,0.006709525632350603,0.03929118202610581,2.064090480678605
4245,2025,4245,-0.0332966565437805,-0.12531053904080816,0.12965877730293612,2.0636042402826855
4246,2025,4246,-0.005950857676235152,0.027322247525093345,0.02796279522696678,2.0631182289213377
4247,2025,4247,-0.008318269644536674,0.07686414381418476,0.07731293691334522,2.062632446432776
4248,2025,4248,0.11075574877366826,-0.08773985126412326,0.1412979737514533,2.062146892655367
4249,2025,4249,0.04727004132066131,-0.021948355210800796,0.05211705193999862,2.06166156742763
4250,2025,4250,0.05566505465434491,-0.013230334441904527,0.05721573261888596,2.061176470588235
4251,2025,4251,-0.024756951529364243,-0.03638175410312063,0.044006120945241534,2.0606916019760058
4252,2025,4252,-0.10244243223795349,-0.07273274788408354,0.12563639814001892,2.060206961429915
4253,2025,4253,0.008508178652412466,-0.0351915182728173,0.03620541482054033,2.05972254878909
4254,2025,4254,-0.07402222248350994,0.0860960026997008,0.11354211158096864,2.0592383638928067
4255,2025,4255,0.0006346996402213078,0.034141696797782714,0.03414759587240401,2.0587544065804937
4256,2025,4256,-0.011972475149029585,0.10393582013006625,0.104623108667749,2.058270676691729
4257,2025,4257,-0.0363843040592457,0.06778006145161113,0.07692824131786599,2.057787174066244
4258,2025,4258,-0.0142683002418693,0.023882064438737367,0.027819730294309675,2.057303898543917
4259,2025,4259,-0.13235783519761468,0.010807902782263595,0.13279837085126378,2.0568208499647804
4260,2025,4260,0.059188435828664385,0.04378259705381759,0.07362191752882342,2.056338028169014
4261,2025,4261,0.0821488123323815,0.1332501147902511,0.15653760078407974,2.055855432996949
4262,2025,4262,-0.015514249312243886,0.03985453625526541,0.04276769799562194,2.055373064289066
4263,2025,4263,-0.044482693436483124,0.07142746841252619,0.08414626111234275,2.054890921885996
4264,2025,4264,-0.10841095347753352,-0.084464659996181,0.13743075937423324,2.054409005628518
4265,2025,4265,0.044158119392076846,-0.057170136888444315,0.0722382451343357,2.0539273153575617
4266,2025,4266,0.08208938268075852,0.10009609298266457,0.1294522868832461,2.0534458509142053
4267,2025,4267,-0.06040037073598796,-0.05047710698015611,0.07871558368030383,2.0529646121396765
4268,2025,4268,-0.05912454965923314,-0.030667436503008138,0.06660483491514081,2.0524835988753516
4269,2025,4269,-0.04277588222630176,-0.05326157069792048,0.06831230499293682,2.0520028109627546
4270,2025,4270,-0.052055402242293346,-0.033153439669942476,0.0617164116305823,2.0515222482435598
4271,2025,4271,-0.09374768123931747,0.009768203723233018,0.09425521493120294,2.051041910559588
4272,2025,4272,0.028139062976007056,-0.011061168966783807,0.030235018175609425,2.050561797752809
4273,2025,4273,0.02815654989420032,0.0521616502372312,0.0592758724728353,2.0500819096653404
4274,2025,4274,0.08041435270908981,-0.05619396877867601,0.09810316125752887,2.0496022461394476
4275,2025,4275,-0.05195804161843786,-0.0206953615535267,0.05592795435785679,2.049122807017544
4276,2025,4276,-0.10020426096420192,-0.10975466320482627,0.14861689005825254,2.048643592142189
4277,2025,4277,0.07413426655215913,-0.021221843502037385,0.0771119713069997,2.0481646013560906
4278,2025,4278,-0.07478628155458862,0.04894372266418007,0.08937827418892343,2.047685834502104
4279,2025,4279,0.07915290882815341,-0.014410293822912796,0.08045395915690318,2.0472072914232298
4280,2025,4280,0.25027978010388297,0.011085458927230474,0.2505251598711701,2.046728971962617
4281,2025,4281,-0.034110309501300964,-0.06773788370436429,0.07584150646592223,2.04625087596356
4282,2025,4282,0.04663712737386537,-0.08253450920467717,0.0947996142362567,2.0457730032695003
4283,2025,4283,0.0015192952902207874,-0.024378458270653595,0.02442575456015404,2.045295353724025
4284,2025,4284,-0.10173770977071932,-0.1327339995940487,0.1672389794205407,2.044817927170868
4285,2025,4285,0.1153898936640736,0.0292470205336163,0.11903871542443653,2.044340723453909
4286,2025,4286,0.14115940418003803,0.07733287214546554,0.16095449823701807,2.043863742417172
4287,2025,4287,-0.04052584411277071,0.017653214741944544,0.04420384634596633,2.0433869839048286
4288,2025,4288,-0.07498978678827375,-0.0009106751080191354,0.07499531619843418,2.042910447761194
4289,2025,4289,-0.04239530565255636,-0.12688421769767635,0.13377954493167107,2.0424341338307297
4290,2025,4290,0.04770874506512776,0.023201541518638038,0.05305125714373258,2.041958041958042
4291,2025,4291,0.00908749797945154,0.14131476744438784,0.14160665986240883,2.0414821719878815
4292,2025,4292,-0.017586572880822608,-0.031298631808686514,0.03590114063352596,2.0410065237651445
4293,2025,4293,0.039421088553734426,0.03545820972454255,0.05302175836042233,2.040531097134871
4294,2025,4294,-0.058164283561308566,0.16276766402608278,0.1728478994223189,2.040055891942245
4295,2025,4295,0.04110631068032286,-0.10901296971379087,0.11650560648984715,2.039580908032596
4296,2025,4296,0.03273362960286498,-0.014502929192873522,0.03580259015980634,2.0391061452513966
4297,2025,4297,0.0022830026827614907,0.013510273721150465,0.013701809999773934,2.0386316034442635
4298,2025,4298,0.1259656724212134,-0.003051969628288137,0.12600263944513398,2.038157282456957
4299,2025,4299,-0.10893946222922445,0.09072076575087695,0.14176764006365525,2.0376831821353805
4300,2025,4300,-0.020209475419282728,-0.15738917201153887,0.15868136110835565,2.0372093023255813
4301,2025,4301,0.08439964159680817,-0.03396892518218441,0.09097904912507337,2.0367356428737504
4302,2025,4302,-0.14775692446455718,0.02361113884307343,0.14963152944714475,2.0362622036262206
4303,2025,4303,0.0462713761958063,-0.053758719122644114,0.07092982543867686,2.035788984429468
4304,2025,4304,0.09687633228903406,0.02619800243822231,0.10035616119366286,2.0353159851301115
4305,2025,4305,-0.07924225779844966,-0.07021742808223733,0.10587644982469013,2.034843205574913
4306,2025,4306,-0.025711999028807647,-0.000896615720044729,0.02572762744224264,2.0343706456107755
4307,2025,4307,-0.0040041460078724085,0.003317946223703104,0.005200187726971617,2.0338983050847457
4308,2025,4308,0.024739868767456704,-0.030616835981883878,0.039363075999882924,2.033426183844011
4309,2025,4309,0.005228751028482129,-0.059839332404113064,0.060067341708184396,2.0329542817359014
4310,2025,4310,0.03703294335323361,-0.02450468871283754,0.044406290796652634,2.0324825986078885
4311,2025,4311,0.10152606708072602,0.12219949198473842,0.1588718292782211,2.0320111343075853
4312,2025,4312,-0.029689721261833474,-0.049090106525319505,0.05737001052180994,2.031539888682746
4313,2025,4313,0.08349420387819119,-0.09860355092192939,0.12920503990040977,2.0310688615812658
4314,2025,4314,0.09219850282425289,-0.06860410581563182,0.11492209212242951,2.030598052851182
4315,2025,4315,0.04146389604525447,-0.09679096582225859,0.10529836532471575,2.030127462340672
4316,2025,4316,-0.026122225140214585,0.012930526480457187,0.029147369715599784,2.0296570898980537
4317,2025,4317,0.03813077382682876,0.03201383618110381,0.049787966615069956,2.029186935371786
4318,2025,4318,0.018448037884556602,0.060463279057602064,0.0632150157493257,2.028716998610468
4319,2025,4319,-0.023058910936503144,-0.07237740639227049,0.0759618478556799,2.0282472794628386
4320,2025,4320,0.0846186113789564,0.017340930798079728,0.08637718027723897,2.0277777777777777
4321,2025,4321,0.007967810605392147,-0.0038394820775627335,0.008844638402293506,2.0273084934043046
4322,2025,4322,0.005558698829292498,-0.015722143670927502,0.016675878815944407,2.026839426191578
4323,2025,4323,0.018202955463662324,0.14827710833248076,0.14939025551572735,2.0263705759888966
4324,2025,4324,-0.0037574192117209703,-0.007496738630099959,0.008385659736755532,2.0259019426456986
4325,2025,4325,0.08238294275740535,0.0870075288412713,0.11982178154423587,2.0254335260115606
4326,2025,4326,-0.09968112548528452,0.060732197679597116,0.11672500423219825,2.0249653259361997
4327,2025,4327,0.11784726776142476,-0.1624550306233061,0.20069782134754793,2.0244973422694708
4328,2025,4328,0.10967004460006886,0.14468792946364312,0.18155471796419187,2.024029574861368
4329,2025,4329,-0.19981814221201608,0.011861637724190851,0.2001698988523535,2.0235620235620235
4330,2025,4330,0.03885054346029758,-0.0773282674534335,0.08653915688582951,2.023094688221709
4331,2025,4331,0.11904599363286913,0.1937691600344172,0.22741687707925437,2.0226275686908335
4332,2025,4332,-0.07861072698264657,-0.009073762049584558,0.07913267058852923,2.0221606648199444
4333,2025,4333,-0.013404457235031163,-0.2043130587610435,0.20475230268316738,2.0216939764597277
4334,2025,4334,-0.0008345099881297738,-0.02251862026264432,0.022534077870049702,2.021227503461006
4335,2025,4335,0.036557426231872,0.12625744704469316,0.13144347966689812,2.0207612456747404
4336,2025,4336,-0.04228939200615115,0.06649633909321309,0.07880454167780879,2.0202952029520294
4337,2025,4337,0.01434601907146854,-0.05215944699498545,0.05409636008107788,2.0198293751441088
4338,2025,4338,0.01600918431864902,-0.00683626599039905,0.01740771424512605,2.0193637621023512
4339,2025,4339,0.010785716063309221,-0.08870762517897889,0.08936092230887356,2.0188983636782667
4340,2025,4340,0.07316403974238844,-0.006943340235775405,0.07349276620903267,2.0184331797235022
4341,2025,4341,-0.0038606180327238815,0.06211250312336536,0.06223236630439714,2.017968210089841
4342,2025,4342,0.0716897517623726,-0.001312860661309545,0.0717017720204084,2.017503454629203
4343,2025,4343,-0.04286106577947709,0.012579658896874997,0.044668991232334636,2.017038913193645
4344,2025,4344,0.04846541782980608,-0.1035626046722404,0.11434207367332655,2.016574585635359
4345,2025,4345,0.1214568984719335,-0.001034774577418318,0.12146130636893229,2.0161104718066745
4346,2025,4346,-0.1376446542172308,-0.07820460324504769,0.1583098569366303,2.015646571560055
4347,2025,4347,0.085913385074577,0.016789509408965574,0.08753854785845087,2.015182884748102
4348,2025,4348,0.046352257401055565,0.2250945508934213,0.2298175115348801,2.014719411223551
4349,2025,4349,-0.07248084637691973,0.04994285146301326,0.08802136958586389,2.0142561508392736
4350,2025,4350,0.12564316809446766,-0.027427776059894604,0.12860205514845546,2.013793103448276
4351,2025,4351,0.14957059091491598,-0.0701084709541561,0.16518643820291937,2.0133302689037005
4352,2025,4352,-0.03841824902590124,0.02201388685554596,0.044278358965807896,2.0128676470588234
4353,2025,4353,-0.09523082897456127,0.09141151120813093,0.13200369376853205,2.0124052377670574
4354,2025,4354,0.04311737861130563,0.047500281472138625,0.06415126716007309,2.0119430408819476
4355,2025,4355,0.03180436285395227,0.187719088152666,0.1903942581944483,2.0114810562571757
4356,2025,4356,0.05968339926465205,0.09054050384391109,0.10844210890651816,2.0110192837465566
4357,2025,4357,0.06985693536166787,-0.09298084742442413,0.11629887964158675,2.0105577232040397
4358,2025,4358,-0.06770732879853808,-0.0710058393970246,0.09811274943405364,2.010096374483708
4359,2025,4359,0.053060340098868605,0.12619030862968802,0.13689190510568375,2.0096352374397797
4360,2025,4360,-0.10544482304387542,0.026383538174778755,0.10869545433629783,2.0091743119266057
4361,2025,4361,-0.09299080242181416,-0.013540871295298988,0.09397150914233915,2.00871359779867
4362,2025,4362,-0.0649497669513339,0.21324974697540777,0.22292134669454164,2.0082530949105917
4363,2025,4363,-0.022463270842474334,-0.06893660726790166,0.07250416787020778,2.007792803117121
4364,2025,4364,-0.008070965221577665,-0.10502731459714217,0.10533697020085107,2.007332722273144
4365,2025,4365,-0.04249020505753302,0.13303668695700324,0.13965735785244857,2.006872852233677
4366,2025,4366,-0.07585923292516245,0.07209114851362051,0.1046506422054205,2.006413192853871
4367,2025,4367,-0.06733971275913865,0.008990779055504983,0.06793725798490993,2.0059537439890085
4368,2025,4368,0.07389525617600678,0.013193223001510403,0.07506377300992305,2.0054945054945055
4369,2025,4369,0.01261589304289567,-0.016191752965656163,0.020526412774048427,2.00503547722591
4370,2025,4370,-0.1760260451013852,-0.08238318723539834,0.19435060610427124,2.004576659038902
4371,2025,4371,0.012679695160924646,-0.019098888419086253,0.022924707374766703,2.0041180507892933
4372,2025,4372,0.09530700195215447,0.0896411091806122,0.1308394171350454,2.0036596523330283
4373,2025,4373,-0.016797687340510323,0.05105404609754829,0.053746422419730655,2.0032014635261834
4374,2025,4374,-0.0709232489890256,-0.09310618281090378,0.11704216558478725,2.0027434842249656
4375,2025,4375,0.057417163372669236,-0.11332905275943057,0.1270441059203991,2.0022857142857142
4376,2025,4376,0.0018165464008845658,-0.014075247466712031,0.014191984782818438,2.0018281535648996
4377,2025,4377,-0.09818123069197156,-0.029987518333828768,0.10265868358795496,2.0013708019191228
4378,2025,4378,-0.054707795019022266,0.00032621847554147986,0.05470876761851926,2.0009136592051164
4379,2025,4379,0.02922765208428639,0.14078586093583867,0.14378774038771663,2.000456725279744
4380,2025,4380,0.018188010559360774,0.0,0.018188010559360774,2.0
