DateTime,year,n,a_n,b_n,amplitude,period_hours
0,2024,0,151.1697321,0,151.1697321,inf
1,2024,1,-29.66135313,41.73266086,51.19971535,8760
2,2024,2,-15.00989898,-21.95431392,26.59490491,4380
3,2024,3,17.28526683,8.528649614,19.27481034,2920
4,2024,4,-9.810262429,2.53950994,10.1336252,2190
5,2024,5,10.93535099,3.388880547,11.44842403,1752
6,2024,6,-1.809045301,15.10302225,15.21098044,1460
7,2024,7,-5.006995145,-2.186210277,5.463471036,1251.428571
8,2024,8,4.767060424,-0.638227494,4.809594518,1095
9,2024,9,-0.366800766,5.411400169,5.423817345,973.3333333
10,2024,10,-2.811912635,-1.311002208,3.102511798,876
11,2024,11,1.50899896,0.771769203,1.694905769,796.3636364
12,2024,12,-3.190691519,4.237667476,5.304558229,730
13,2024,13,-0.584642807,-0.306345305,0.660041406,673.8461538
14,2024,14,-1.470533576,-0.122148598,1.475597939,625.7142857
15,2024,15,0.361549281,-1.995364732,2.02785559,584
16,2024,16,-0.563745299,1.678793233,1.770919388,547.5
17,2024,17,-2.115265584,-2.924606126,3.609386303,515.2941176
18,2024,18,5.037345115,1.980694526,5.412762383,486.6666667
19,2024,19,-3.515404971,3.632045607,5.054683709,461.0526316
20,2024,20,0.842579861,-0.578082896,1.021822224,438
21,2024,21,-2.448521565,2.533909466,3.523628108,417.1428571
22,2024,22,-0.750563261,-7.245177943,7.283951443,398.1818182
23,2024,23,7.383982799,-0.410195968,7.395367652,380.8695652
24,2024,24,0.008924303,4.635448702,4.635457293,365
25,2024,25,-1.770072687,-1.556764473,2.357259625,350.4
26,2024,26,-1.04937299,-2.330770518,2.556105413,336.9230769
27,2024,27,3.826719521,-3.879412533,5.449185618,324.4444444
28,2024,28,3.637875292,0.91429909,3.751010459,312.8571429
29,2024,29,-2.700707403,2.390101399,3.606439404,302.0689655
30,2024,30,0.069759779,-1.817688453,1.819026591,292
31,2024,31,1.956768418,-0.27874431,1.976522459,282.5806452
32,2024,32,-3.602490011,0.084046486,3.603470284,273.75
33,2024,33,3.069881873,-1.532942699,3.431339102,265.4545455
34,2024,34,0.41621265,4.501688715,4.520888658,257.6470588
35,2024,35,-2.481945687,-1.038974192,2.69063594,250.2857143
36,2024,36,-0.461994481,0.297849983,0.549684921,243.3333333
37,2024,37,-0.509887805,-0.593329244,0.782320373,236.7567568
38,2024,38,-1.131363021,1.594471468,1.955075842,230.5263158
39,2024,39,-3.366937004,-4.834610067,5.891495506,224.6153846
40,2024,40,6.707560915,-1.890365557,6.968848926,219
41,2024,41,-4.596523804,5.664190916,7.29459319,213.6585366
42,2024,42,-4.413961517,-5.333049171,6.922750157,208.5714286
43,2024,43,3.999087979,-1.55612775,4.29118145,203.7209302
44,2024,44,1.255164869,-0.245882258,1.279021866,199.0909091
45,2024,45,-1.166448288,5.830779704,5.946309239,194.6666667
46,2024,46,-6.180495838,-1.575498535,6.378144278,190.4347826
47,2024,47,2.945704849,-3.481714714,4.560648464,186.3829787
48,2024,48,-0.272161381,4.186339292,4.195176813,182.5
49,2024,49,-1.712239868,2.320773447,2.884051795,178.7755102
50,2024,50,-5.940717374,1.119159219,6.045216314,175.2
51,2024,51,2.489148764,-7.79325992,8.181122279,171.7647059
52,2024,52,7.53742448,7.202418291,10.42533439,168.4615385
53,2024,53,-5.150817926,0.949504455,5.237602888,165.2830189
54,2024,54,0.27241873,-4.845470164,4.853121993,162.2222222
55,2024,55,0.563175531,-0.513313889,0.762009073,159.2727273
56,2024,56,2.925546203,-1.268867803,3.18886282,156.4285714
57,2024,57,-0.845581819,2.25981707,2.412836878,153.6842105
58,2024,58,-3.151028645,-2.979624352,4.336720281,151.0344828
59,2024,59,3.415146017,-3.140088106,4.639329222,148.4745763
60,2024,60,2.620465671,2.561044821,3.66412212,146
61,2024,61,-2.353339677,0.595744784,2.427574815,143.6065574
62,2024,62,0.650259156,-3.27564286,3.339561815,141.2903226
63,2024,63,1.762231879,3.575445871,3.986135268,139.047619
64,2024,64,-1.964277419,1.279388574,2.344188752,136.875
65,2024,65,-0.186100691,0.712542223,0.736444082,134.7692308
66,2024,66,-0.733379013,-0.099327446,0.740074806,132.7272727
67,2024,67,1.050882368,-0.581452093,1.201016356,130.7462687
68,2024,68,0.830762541,0.263660691,0.871598164,128.8235294
69,2024,69,1.254116051,0.269886975,1.282827366,126.9565217
70,2024,70,-1.131847545,0.888098399,1.438679127,125.1428571
71,2024,71,1.063464892,-1.081576613,1.516827461,123.3802817
72,2024,72,-0.032284732,1.61933825,1.619660048,121.6666667
73,2024,73,-1.535577789,-0.772043419,1.718735055,120
74,2024,74,-0.030440188,-0.019828934,0.036328937,118.3783784
75,2024,75,-1.244045933,-1.125276593,1.677467643,116.8
76,2024,76,1.794149414,-0.142640666,1.799810678,115.2631579
77,2024,77,0.995568131,1.748534788,2.012095875,113.7662338
78,2024,78,-1.388104148,0.995167138,1.707978559,112.3076923
79,2024,79,-1.927340012,0.675685415,2.042349211,110.8860759
80,2024,80,-0.188611482,-1.039929486,1.056895277,109.5
81,2024,81,0.797795452,0.491373044,0.936976548,108.1481481
82,2024,82,-0.05256833,1.040668979,1.041995851,106.8292683
83,2024,83,0.022696363,0.088198229,0.091071688,105.5421687
84,2024,84,-0.614427512,-1.159619293,1.312340685,104.2857143
85,2024,85,0.40916403,-1.205313466,1.272869104,103.0588235
86,2024,86,1.701863817,-0.241001167,1.71884322,101.8604651
87,2024,87,1.861873523,1.199416386,2.214762444,100.6896552
88,2024,88,-1.345300033,1.235471715,1.826532929,99.54545455
89,2024,89,-1.728169629,-0.961368636,1.977574251,98.42696629
90,2024,90,1.121346393,-2.029288337,2.318497118,97.33333333
91,2024,91,1.683453806,-0.772063702,1.852052666,96.26373626
92,2024,92,1.066633733,1.877419124,2.159261468,95.2173913
93,2024,93,-2.11226557,-0.173156496,2.119351083,94.19354839
94,2024,94,1.57054495,-1.139634025,1.940457975,93.19148936
95,2024,95,0.792003728,1.429708301,1.63442214,92.21052632
96,2024,96,1.356360341,0.571147864,1.4717076,91.25
97,2024,97,-1.620820817,2.446315365,2.934538974,90.30927835
98,2024,98,-1.442050095,-2.878632737,3.219632729,89.3877551
99,2024,99,3.066987563,-0.286239494,3.080315854,88.48484848
100,2024,100,-1.515868515,1.203802921,1.935716619,87.6
101,2024,101,-0.793112084,-0.493930773,0.934341687,86.73267327
102,2024,102,-0.912212515,0.690382598,1.144010404,85.88235294
103,2024,103,-0.832215921,-1.59709414,1.800914499,85.04854369
104,2024,104,1.939656676,-0.060902918,1.94061258,84.23076923
105,2024,105,-2.384754044,2.069493609,3.157507823,83.42857143
106,2024,106,-2.666417432,-1.471489782,3.04549899,82.64150943
107,2024,107,0.359953067,-0.547922527,0.655580129,81.86915888
108,2024,108,-2.120903913,0.008696213,2.120921741,81.11111111
109,2024,109,0.554305491,-1.879454063,1.959490279,80.36697248
110,2024,110,0.390758993,1.301158417,1.35856756,79.63636364
111,2024,111,-1.887556643,-0.601013426,1.980930897,78.91891892
112,2024,112,0.411176517,-1.534453238,1.588588326,78.21428571
113,2024,113,0.348382324,-1.147373433,1.19909801,77.52212389
114,2024,114,1.271388937,0.257019541,1.297107888,76.84210526
115,2024,115,-1.050199007,-0.043151888,1.051085172,76.17391304
116,2024,116,0.46215596,-1.213440877,1.298470983,75.51724138
117,2024,117,-0.218569473,0.056397802,0.225728436,74.87179487
118,2024,118,0.294272477,-1.689064711,1.714507477,74.23728814
119,2024,119,1.28225961,0.223588687,1.301607318,73.61344538
120,2024,120,0.301191441,0.871833475,0.922393567,73
121,2024,121,0.036118533,0.751642022,0.752509321,72.39669421
122,2024,122,-0.180594066,-0.294132758,0.345149672,71.80327869
123,2024,123,1.251518394,0.071791835,1.253575828,71.2195122
124,2024,124,0.359658815,2.029881411,2.061497758,70.64516129
125,2024,125,0.065020386,0.387203165,0.392624429,70.08
126,2024,126,-0.139447677,1.368108331,1.375196735,69.52380952
127,2024,127,-0.997323492,-0.299809972,1.041412582,68.97637795
128,2024,128,1.47441667,-0.873147615,1.713560992,68.4375
129,2024,129,1.677003094,1.906346297,2.538994994,67.90697674
130,2024,130,-1.318781165,1.079251063,1.704102878,67.38461538
131,2024,131,0.566476838,-0.833044618,1.007402275,66.87022901
132,2024,132,0.312900589,1.328590815,1.364939681,66.36363636
133,2024,133,-1.424301078,-0.336045119,1.463406944,65.86466165
134,2024,134,0.359290378,-1.256306024,1.306673028,65.37313433
135,2024,135,0.942665687,0.161729987,0.956438804,64.88888889
136,2024,136,0.309052359,0.225032764,0.382299758,64.41176471
137,2024,137,0.084001514,0.099548987,0.130254578,63.94160584
138,2024,138,0.047455824,-0.06016961,0.076631829,63.47826087
139,2024,139,0.292309261,-0.491255347,0.5716437,63.02158273
140,2024,140,0.200880901,0.690576576,0.71920035,62.57142857
141,2024,141,-0.579550556,0.33313895,0.668476183,62.12765957
142,2024,142,-0.689002436,-0.736154688,1.008289681,61.69014085
143,2024,143,0.473458724,-0.815250503,0.942760068,61.25874126
144,2024,144,-0.05855737,0.282394601,0.288401935,60.83333333
145,2024,145,0.35807299,-0.525298468,0.635731662,60.4137931
146,2024,146,0.969299402,0.011922321,0.969372721,60
147,2024,147,-0.273655611,1.09558628,1.129246071,59.59183673
148,2024,148,-0.094664983,1.009320109,1.013749743,59.18918919
149,2024,149,-0.489155993,-0.348057039,0.600347639,58.79194631
150,2024,150,-0.291537099,0.117733549,0.31441226,58.4
151,2024,151,0.334028511,0.075743389,0.34250855,58.01324503
152,2024,152,0.408521836,-1.331378347,1.392644389,57.63157895
153,2024,153,2.105866489,-0.843338158,2.268456065,57.25490196
154,2024,154,0.399032418,2.449813967,2.482098979,56.88311688
155,2024,155,-2.089126183,0.125332048,2.092882302,56.51612903
156,2024,156,-0.040086334,-3.4443279,3.444561162,56.15384615
157,2024,157,1.448559607,1.243483659,1.909077407,55.79617834
158,2024,158,-0.806910105,0.649612852,1.035905775,55.44303797
159,2024,159,-0.508242016,-0.448663977,0.677944917,55.09433962
160,2024,160,-2.43849534,-0.57008744,2.504248233,54.75
161,2024,161,0.052221494,-2.588192918,2.588719696,54.40993789
162,2024,162,1.381185881,0.468655208,1.458530816,54.07407407
163,2024,163,-1.068139636,1.807515765,2.099532215,53.74233129
164,2024,164,-1.847637915,0.363646941,1.883083897,53.41463415
165,2024,165,-0.445339476,-0.487087762,0.659986164,53.09090909
166,2024,166,-0.799760876,0.290315986,0.850823619,52.77108434
167,2024,167,0.437536897,-0.015096731,0.437797267,52.45508982
168,2024,168,-0.116301024,0.5749525,0.586597226,52.14285714
169,2024,169,-0.938244859,0.257439695,0.972922716,51.83431953
170,2024,170,0.455509736,0.680384948,0.818787394,51.52941176
171,2024,171,-0.379350684,-0.657289391,0.758904661,51.22807018
172,2024,172,0.722986393,0.894458499,1.150115355,50.93023256
173,2024,173,0.107620557,0.210488676,0.236405726,50.63583815
174,2024,174,-0.237179632,-0.063680826,0.245579774,50.34482759
175,2024,175,-0.862226274,-0.262581352,0.90132298,50.05714286
176,2024,176,1.258941694,-1.086149784,1.662725336,49.77272727
177,2024,177,-0.134917864,1.206757779,1.214276397,49.49152542
178,2024,178,-0.698082629,0.095937755,0.704644172,49.21348315
179,2024,179,-0.089759751,0.09952984,0.134026124,48.93854749
180,2024,180,0.029191005,-1.468065998,1.468356186,48.66666667
181,2024,181,1.218460128,1.045467357,1.605505241,48.39779006
182,2024,182,-0.574391551,1.236043036,1.362984974,48.13186813
183,2024,183,-0.645681019,0.052946155,0.647848187,47.86885246
184,2024,184,-0.710670015,-0.715339751,1.008346582,47.60869565
185,2024,185,1.412952084,-0.045432731,1.413682328,47.35135135
186,2024,186,0.095404649,0.546276601,0.554545014,47.09677419
187,2024,187,0.175855456,-0.58219077,0.608170399,46.84491979
188,2024,188,0.493992327,1.103575842,1.2090939,46.59574468
189,2024,189,-0.943921256,-0.210352603,0.967075776,46.34920635
190,2024,190,1.05302063,-0.721159143,1.276292661,46.10526316
191,2024,191,0.659381074,1.386803965,1.53558088,45.86387435
192,2024,192,-0.469225638,0.142248669,0.490313556,45.625
193,2024,193,-0.122298623,-0.140394768,0.186192492,45.38860104
194,2024,194,0.486694276,0.027008977,0.487443129,45.15463918
195,2024,195,0.592049841,-0.72441364,0.935573693,44.92307692
196,2024,196,0.701540192,-0.094579702,0.707886969,44.69387755
197,2024,197,0.947195114,0.463631648,1.054577113,44.46700508
198,2024,198,0.058149354,-1.035036932,1.036669088,44.24242424
199,2024,199,0.790964132,-0.537085861,0.956078177,44.0201005
200,2024,200,0.646934635,0.45217278,0.789293763,43.8
201,2024,201,0.040362266,-0.321004585,0.323532156,43.58208955
202,2024,202,-1.282631704,0.350120118,1.329559395,43.36633663
203,2024,203,-0.811184327,-1.81015106,1.983599474,43.15270936
204,2024,204,1.713901846,-1.139480226,2.058124079,42.94117647
205,2024,205,0.164116526,1.779691609,1.787242697,42.73170732
206,2024,206,-0.813825117,0.277125323,0.859714933,42.52427184
207,2024,207,-0.548087729,0.629866857,0.834944559,42.31884058
208,2024,208,-2.333571322,0.090677914,2.335332439,42.11538462
209,2024,209,1.381074814,-0.827588598,1.610052959,41.9138756
210,2024,210,0.734606454,2.254164737,2.37084485,41.71428571
211,2024,211,-2.951372704,0.592048671,3.01016984,41.51658768
212,2024,212,0.397182983,-1.667328643,1.713983409,41.32075472
213,2024,213,1.174876961,0.135110937,1.182620327,41.12676056
214,2024,214,-0.253515326,0.014548878,0.253932452,40.93457944
215,2024,215,-0.381522392,0.162633145,0.414739527,40.74418605
216,2024,216,1.43522219,0.095183154,1.438374974,40.55555556
217,2024,217,-0.890116027,0.993660689,1.334042019,40.36866359
218,2024,218,-1.716196236,-1.229580578,2.111207692,40.18348624
219,2024,219,1.395306109,-1.089892728,1.770521193,40
220,2024,220,-0.003092164,-0.524502603,0.524511718,39.81818182
221,2024,221,0.282027689,-0.376200613,0.470177114,39.63800905
222,2024,222,-0.051314538,0.445492134,0.448437758,39.45945946
223,2024,223,-0.417422694,0.040379902,0.419371246,39.28251121
224,2024,224,-0.885005473,-0.559171839,1.046856166,39.10714286
225,2024,225,0.856241841,0.157660178,0.870635872,38.93333333
226,2024,226,-1.230806973,1.36345252,1.836814792,38.76106195
227,2024,227,-0.484889927,-1.440811494,1.520215775,38.59030837
228,2024,228,0.76651244,1.211957354,1.434009047,38.42105263
229,2024,229,-1.007381265,-0.310792009,1.054233696,38.25327511
230,2024,230,0.988150821,0.315256977,1.037221774,38.08695652
231,2024,231,-0.575414646,1.133648325,1.271322358,37.92207792
232,2024,232,0.643687538,-0.044651885,0.645234405,37.75862069
233,2024,233,-0.486741551,1.588372075,1.661277576,37.59656652
234,2024,234,-0.299144476,-0.320459406,0.438385274,37.43589744
235,2024,235,0.099801221,0.840187433,0.846094089,37.27659574
236,2024,236,-0.70578019,-0.220252655,0.739348977,37.11864407
237,2024,237,0.151987022,-0.263485477,0.304178651,36.96202532
238,2024,238,0.425486819,0.508670701,0.663162812,36.80672269
239,2024,239,-0.294274427,0.309794359,0.427282088,36.65271967
240,2024,240,0.450748351,0.000439953,0.450748566,36.5
241,2024,241,-0.620686243,-0.227269395,0.660986226,36.34854772
242,2024,242,-0.400365767,-0.844348968,0.934461304,36.19834711
243,2024,243,1.685993592,-0.592846629,1.787188159,36.04938272
244,2024,244,-0.322199431,0.372926564,0.492835363,35.90163934
245,2024,245,-0.582920462,-0.744520946,0.945572685,35.75510204
246,2024,246,0.215275828,-0.867117873,0.893441149,35.6097561
247,2024,247,1.088029278,-0.856963873,1.384989094,35.46558704
248,2024,248,0.981270414,0.757901971,1.239881858,35.32258065
249,2024,249,-0.182494652,-0.297474874,0.348992262,35.18072289
250,2024,250,0.696580403,0.743037312,1.01849335,35.04
251,2024,251,-0.219425866,-0.068049788,0.229735683,34.90039841
252,2024,252,0.770616313,-1.066574706,1.315838555,34.76190476
253,2024,253,1.859989773,0.90729154,2.06947817,34.62450593
254,2024,254,0.025268346,1.115460509,1.115746672,34.48818898
255,2024,255,-0.859447221,-0.806140031,1.178351083,34.35294118
256,2024,256,1.567380122,-1.32859669,2.054713998,34.21875
257,2024,257,0.4053711,1.259535966,1.323161584,34.08560311
258,2024,258,0.004079482,-1.414462619,1.414468501,33.95348837
259,2024,259,2.45078025,1.109565089,2.690252501,33.82239382
260,2024,260,-1.915139026,2.840635462,3.42592576,33.69230769
261,2024,261,-1.346377066,-3.344363984,3.605204802,33.56321839
262,2024,262,2.072869564,0.141269806,2.077677883,33.4351145
263,2024,263,-1.019332033,1.108465537,1.505899612,33.30798479
264,2024,264,-0.802704748,-0.484640821,0.937662859,33.18181818
265,2024,265,0.053674349,1.257293125,1.258438293,33.05660377
266,2024,266,-1.190784272,-0.538762785,1.306993696,32.93233083
267,2024,267,0.708949589,-0.692907029,0.991327227,32.80898876
268,2024,268,-0.442422138,2.110399595,2.156275446,32.68656716
269,2024,269,-1.739679964,-1.025312722,2.019344586,32.56505576
270,2024,270,-0.140453324,-1.127301736,1.136017755,32.44444444
271,2024,271,-0.509848528,0.044147406,0.511756304,32.32472325
272,2024,272,-0.405180633,-0.263006443,0.483056658,32.20588235
273,2024,273,-0.470973282,-0.338379622,0.5799281,32.08791209
274,2024,274,-0.28712114,-1.472009128,1.499749787,31.97080292
275,2024,275,1.488848935,-0.714324373,1.651342019,31.85454545
276,2024,276,0.20403497,1.520264026,1.533894709,31.73913043
277,2024,277,-1.717653504,0.414492232,1.766957094,31.62454874
278,2024,278,-0.296017586,-1.600823211,1.627962335,31.51079137
279,2024,279,0.876605448,-0.458659394,0.989346022,31.39784946
280,2024,280,0.486958621,0.084366795,0.494212965,31.28571429
281,2024,281,1.258541361,0.70003248,1.440129102,31.17437722
282,2024,282,-0.030501485,0.693429044,0.694099546,31.06382979
283,2024,283,0.149470132,-0.148522119,0.210713408,30.9540636
284,2024,284,0.591443307,0.258500136,0.64546689,30.84507042
285,2024,285,0.083813598,0.438422307,0.44636178,30.73684211
286,2024,286,-0.285815006,0.321105196,0.429882268,30.62937063
287,2024,287,0.206744096,-0.158768783,0.26067345,30.52264808
288,2024,288,-0.5484147,0.306477601,0.628241358,30.41666667
289,2024,289,-0.761740205,-1.420394533,1.611759526,30.31141869
290,2024,290,0.718512851,0.664497876,0.97868184,30.20689655
291,2024,291,-0.377438688,0.5965194,0.705900388,30.10309278
292,2024,292,0.453096251,0.29836448,0.542510438,30
293,2024,293,-0.79055957,2.08561977,2.230424681,29.89761092
294,2024,294,-0.891962939,-0.007889144,0.891997827,29.79591837
295,2024,295,-1.022960357,0.13907177,1.0323705,29.69491525
296,2024,296,0.687547387,-0.767470814,1.030404222,29.59459459
297,2024,297,1.333619559,0.943382821,1.633558164,29.49494949
298,2024,298,-1.003608718,0.288932943,1.044371919,29.39597315
299,2024,299,0.838572091,0.070892176,0.841563339,29.29765886
300,2024,300,-0.58416127,0.363016428,0.687768359,29.2
301,2024,301,-0.369708093,-0.788352304,0.870737291,29.10299003
302,2024,302,-0.414379284,-0.472064093,0.628135893,29.00662252
303,2024,303,0.244782163,-0.16231969,0.293710724,28.91089109
304,2024,304,0.421850188,-0.667792797,0.789876447,28.81578947
305,2024,305,-1.095649155,-1.017705115,1.495383152,28.72131148
306,2024,306,1.039498602,-1.610882185,1.917159032,28.62745098
307,2024,307,1.436798097,1.543222888,2.108536377,28.53420195
308,2024,308,-1.549358819,1.618019193,2.240200629,28.44155844
309,2024,309,0.141716187,-1.729702321,1.735498083,28.34951456
310,2024,310,1.869465097,0.306068879,1.894354219,28.25806452
311,2024,311,2.227727069,2.475658687,3.330413462,28.16720257
312,2024,312,-0.659397402,1.241770844,1.405987113,28.07692308
313,2024,313,-0.814698539,-3.149324191,3.252995016,27.98722045
314,2024,314,3.898726721,-0.827993428,3.985679762,27.89808917
315,2024,315,0.86189963,2.418378098,2.567376793,27.80952381
316,2024,316,-0.327955084,0.588154015,0.673409001,27.72151899
317,2024,317,-1.332883926,-1.26182045,1.835421044,27.6340694
318,2024,318,1.943559301,-2.428792962,3.110700565,27.54716981
319,2024,319,1.89603972,0.64916801,2.004092245,27.46081505
320,2024,320,-2.816092295,-0.234144948,2.82580956,27.375
321,2024,321,-0.118795963,-1.652155849,1.656421272,27.28971963
322,2024,322,1.170174192,-1.897024391,2.228903134,27.20496894
323,2024,323,-0.008616132,1.945864983,1.945884058,27.12074303
324,2024,324,-2.7310313,0.89999542,2.875504081,27.03703704
325,2024,325,1.512810271,-1.523640509,2.147108595,26.95384615
326,2024,326,0.179573743,1.905415619,1.913858775,26.87116564
327,2024,327,-1.549148199,0.209831534,1.56329441,26.78899083
328,2024,328,0.279454186,0.757972675,0.807847274,26.70731707
329,2024,329,-1.234981468,0.547738946,1.350998586,26.62613982
330,2024,330,-0.578514699,0.73804961,0.937761421,26.54545455
331,2024,331,-1.879238252,-1.016463049,2.136523704,26.4652568
332,2024,332,-0.033084841,-1.806429672,1.806732622,26.38554217
333,2024,333,-0.863785495,0.838827223,1.204058343,26.30630631
334,2024,334,-0.013565153,-1.183926443,1.184004154,26.22754491
335,2024,335,0.688770628,-0.163193811,0.707839811,26.14925373
336,2024,336,-2.261851426,2.370266226,3.276298804,26.07142857
337,2024,337,-2.509117392,-1.934703468,3.16839827,25.99406528
338,2024,338,2.990222956,-2.424350559,3.849533602,25.91715976
339,2024,339,1.674935429,3.44456535,3.830200927,25.84070796
340,2024,340,-1.731641258,2.864196981,3.346969643,25.76470588
341,2024,341,-2.654615137,-0.899165655,2.802762994,25.68914956
342,2024,342,2.046660524,-1.955518373,2.830701576,25.61403509
343,2024,343,3.463610486,2.464547576,4.250951935,25.5393586
344,2024,344,0.683424971,1.108096582,1.301901581,25.46511628
345,2024,345,0.38371402,2.676335842,2.703703014,25.39130435
346,2024,346,-3.252309505,0.460927116,3.284809115,25.31791908
347,2024,347,1.035680981,-3.427393024,3.580455004,25.24495677
348,2024,348,2.453741765,1.548748429,2.901632358,25.17241379
349,2024,349,-0.170182742,1.481212237,1.490956692,25.10028653
350,2024,350,-0.624922935,-0.266313103,0.679302101,25.02857143
351,2024,351,0.51835344,0.040057743,0.519898944,24.95726496
352,2024,352,0.534694966,1.190350144,1.304926118,24.88636364
353,2024,353,-1.710579734,0.67734651,1.839804697,24.81586402
354,2024,354,-0.074381571,1.04983957,1.052471254,24.74576271
355,2024,355,-0.69368184,0.592131512,0.912038499,24.67605634
356,2024,356,0.675507805,-1.348647349,1.508363506,24.60674157
357,2024,357,2.23045345,0.276938309,2.247580348,24.53781513
358,2024,358,-0.382608173,1.345384865,1.398731371,24.46927374
359,2024,359,-2.955291158,-2.429770592,3.825902633,24.40111421
360,2024,360,0.846544364,-3.537624078,3.637502093,24.33333333
361,2024,361,0.09943705,0.559233475,0.568005112,24.26592798
362,2024,362,1.927031143,-6.973205809,7.234573124,24.19889503
363,2024,363,3.775410596,9.21727442,9.960515694,24.1322314
364,2024,364,-17.81033509,0.05088865,17.81040779,24.06593407
365,2024,365,8.176758929,-30.95802465,32.01966078,24
366,2024,366,12.51740717,13.48206103,18.39705009,23.93442623
367,2024,367,-12.65165059,5.088473715,13.63659882,23.86920981
368,2024,368,3.51758916,-7.022557852,7.854282417,23.80434783
369,2024,369,-2.114487791,3.178941543,3.817948134,23.7398374
370,2024,370,0.706528828,-3.228374926,3.304782542,23.67567568
371,2024,371,4.235650482,1.989407796,4.679581005,23.61185984
372,2024,372,-2.103618159,2.059841184,2.944173069,23.5483871
373,2024,373,-1.007371861,-0.11390747,1.013791388,23.48525469
374,2024,374,0.55794297,-0.448738127,0.716007168,23.42245989
375,2024,375,1.692493334,0.389735214,1.736786464,23.36
376,2024,376,-0.160905117,2.731727226,2.736461967,23.29787234
377,2024,377,0.144914959,-0.173309324,0.225912521,23.23607427
378,2024,378,1.769381832,-0.400901654,1.814231023,23.17460317
379,2024,379,-0.749084456,1.324211406,1.521401778,23.11345646
380,2024,380,-0.867007582,0.23643648,0.898668101,23.05263158
381,2024,381,-1.160925577,0.667896884,1.339341048,22.99212598
382,2024,382,-1.927583544,-0.739325453,2.06450489,22.93193717
383,2024,383,2.025083756,-0.972090215,2.246313336,22.87206266
384,2024,384,0.833002129,3.154578031,3.262706714,22.8125
385,2024,385,-1.584032164,0.951818405,1.848003294,22.75324675
386,2024,386,-0.001411145,0.936943968,0.93694503,22.69430052
387,2024,387,-2.094511228,0.407847735,2.13385029,22.63565891
388,2024,388,0.064607236,-1.464233439,1.465658098,22.57731959
389,2024,389,2.864596252,0.517580844,2.910979495,22.51928021
390,2024,390,-0.303652787,2.096327216,2.118205092,22.46153846
391,2024,391,-1.628234858,0.018600929,1.628341103,22.40409207
392,2024,392,0.629823948,-2.454393107,2.533914705,22.34693878
393,2024,393,0.498345531,-0.741816202,0.893666351,22.29007634
394,2024,394,0.717861424,-0.09270962,0.72382325,22.23350254
395,2024,395,0.9505262,-0.339541181,1.00935042,22.17721519
396,2024,396,-0.413361996,-0.951663506,1.037560393,22.12121212
397,2024,397,-1.229086775,1.032422277,1.605163562,22.06549118
398,2024,398,-0.025183957,-2.058954705,2.059108718,22.01005025
399,2024,399,2.91658177,-0.411706789,2.945496851,21.95488722
400,2024,400,-0.467482172,1.322572577,1.402760779,21.9
401,2024,401,0.066397364,0.634760248,0.638223458,21.84538653
402,2024,402,0.370239989,-0.030051619,0.371457601,21.79104478
403,2024,403,1.406995985,1.106307568,1.789847518,21.7369727
404,2024,404,-1.633804618,0.981971269,1.906196502,21.68316832
405,2024,405,0.603635069,-2.685002441,2.752019877,21.62962963
406,2024,406,1.457204785,2.424516851,2.828732534,21.57635468
407,2024,407,-2.11452138,0.621243832,2.203893047,21.52334152
408,2024,408,-0.180503002,-1.910912579,1.919418719,21.47058824
409,2024,409,-0.968831966,-1.582583118,1.855587428,21.41809291
410,2024,410,1.929697979,0.593394631,2.018873814,21.36585366
411,2024,411,-2.733737078,2.128638279,3.464739433,21.31386861
412,2024,412,-2.477306974,-2.618692408,3.604802321,21.26213592
413,2024,413,1.326305121,2.182652445,2.554027598,21.21065375
414,2024,414,-2.810218777,0.776884697,2.91562676,21.15942029
415,2024,415,1.057174975,1.092086458,1.519957815,21.10843373
416,2024,416,-3.155055953,1.579281791,3.52824447,21.05769231
417,2024,417,1.082055816,-3.863187422,4.011865133,21.00719424
418,2024,418,2.241974085,2.721247288,3.525852323,20.9569378
419,2024,419,-2.449516603,1.128780825,2.697086899,20.90692124
420,2024,420,1.076913491,-0.246727077,1.104815332,20.85714286
421,2024,421,0.468759005,-0.138327044,0.488742648,20.80760095
422,2024,422,1.068712674,0.146066477,1.078648319,20.75829384
423,2024,423,-0.446271545,0.646230619,0.785348524,20.70921986
424,2024,424,-0.92610482,-2.278077383,2.459127224,20.66037736
425,2024,425,1.2009629,-2.020867164,2.350790501,20.61176471
426,2024,426,0.982665792,0.136902246,0.992156381,20.56338028
427,2024,427,-1.392877353,-0.218862552,1.409967424,20.51522248
428,2024,428,0.581709137,-0.830228376,1.013737973,20.46728972
429,2024,429,0.628945408,-0.04418394,0.630495477,20.41958042
430,2024,430,0.454551695,0.354165532,0.576238204,20.37209302
431,2024,431,-0.533941807,0.373930077,0.651857006,20.32482599
432,2024,432,0.028449563,-0.087957522,0.092444055,20.27777778
433,2024,433,-0.742216297,-0.252947652,0.784134904,20.23094688
434,2024,434,1.245312818,-1.735940549,2.136420746,20.1843318
435,2024,435,1.827479707,1.789133881,2.557475733,20.13793103
436,2024,436,-1.148226881,-0.105007599,1.153018459,20.09174312
437,2024,437,0.623370115,-0.486679276,0.790852083,20.04576659
438,2024,438,0.531907752,0.208696848,0.571384486,20
439,2024,439,0.101533413,-0.009242085,0.101953176,19.95444191
440,2024,440,-1.228715753,0.202511817,1.245292511,19.90909091
441,2024,441,-0.617790317,-1.517958041,1.638859814,19.86394558
442,2024,442,1.418832439,-1.534255714,2.089743067,19.81900452
443,2024,443,0.116099241,1.425892911,1.430611627,19.77426637
444,2024,444,-0.759938061,1.269109317,1.479237748,19.72972973
445,2024,445,-0.617195729,0.644908424,0.892657517,19.68539326
446,2024,446,-0.669590649,-0.48458435,0.826543181,19.64125561
447,2024,447,1.026640299,0.667685564,1.224660898,19.59731544
448,2024,448,-0.769992198,1.48412813,1.671982144,19.55357143
449,2024,449,-0.750327615,-0.081664756,0.754758678,19.51002227
450,2024,450,-0.377753213,0.72416258,0.816767367,19.46666667
451,2024,451,-0.391607734,-0.156234962,0.421623031,19.42350333
452,2024,452,0.847674239,-0.683257271,1.088757142,19.38053097
453,2024,453,0.16296751,0.923553994,0.937822152,19.33774834
454,2024,454,-0.92632371,0.83676994,1.248302667,19.29515419
455,2024,455,-0.843497142,-1.118818984,1.40115786,19.25274725
456,2024,456,-0.301419174,-0.046981604,0.305058665,19.21052632
457,2024,457,-0.453556725,-0.780979069,0.90312901,19.16849015
458,2024,458,0.433333848,0.22409483,0.487849071,19.12663755
459,2024,459,0.026120076,0.442042875,0.442813914,19.08496732
460,2024,460,1.122781879,-0.042078251,1.123570081,19.04347826
461,2024,461,-0.026586491,0.195677485,0.197475365,19.0021692
462,2024,462,0.880905723,0.355052254,0.949766811,18.96103896
463,2024,463,0.980413456,1.037837805,1.427696696,18.92008639
464,2024,464,-0.705079745,0.321911511,0.775089974,18.87931034
465,2024,465,0.388087199,-0.437585569,0.584887002,18.83870968
466,2024,466,1.222989649,1.072623801,1.626722318,18.79828326
467,2024,467,-0.032980487,-0.156444975,0.159883528,18.75802998
468,2024,468,0.408904944,-0.059257804,0.413176404,18.71794872
469,2024,469,-0.422064089,-0.213688794,0.4730761,18.67803838
470,2024,470,0.682671632,-0.673212727,0.958778355,18.63829787
471,2024,471,0.19496258,1.385024561,1.398679178,18.59872611
472,2024,472,-1.259075644,0.270919463,1.287893176,18.55932203
473,2024,473,-0.544189228,-0.841829157,1.002406228,18.52008457
474,2024,474,0.548386599,-0.202285551,0.584506035,18.48101266
475,2024,475,-0.533889339,0.897086375,1.043935721,18.44210526
476,2024,476,-1.236188947,-0.00845329,1.236217849,18.40336134
477,2024,477,-0.092486196,-1.013335932,1.017547742,18.36477987
478,2024,478,0.077831706,0.44105914,0.447873799,18.32635983
479,2024,479,-0.151332538,0.190228451,0.243081058,18.28810021
480,2024,480,-0.814966748,0.009176628,0.815018411,18.25
481,2024,481,-0.410554099,-1.061453489,1.138085312,18.21205821
482,2024,482,0.22146836,-0.120318317,0.252041132,18.17427386
483,2024,483,-0.958302827,-0.543399336,1.101647469,18.13664596
484,2024,484,-0.197974622,-1.252136623,1.267690843,18.09917355
485,2024,485,-0.242252204,-1.208745455,1.2327821,18.06185567
486,2024,486,1.156450995,-0.83617798,1.427085323,18.02469136
487,2024,487,-0.494202814,0.194229793,0.531000597,17.98767967
488,2024,488,-0.487700892,-1.286626474,1.375957792,17.95081967
489,2024,489,1.329429473,-0.192318497,1.343268078,17.91411043
490,2024,490,-0.354480067,0.23207883,0.423694113,17.87755102
491,2024,491,0.611937869,0.300834898,0.681886787,17.84114053
492,2024,492,-0.582688403,0.737672501,0.940046006,17.80487805
493,2024,493,-0.077528575,-0.897835142,0.901176244,17.76876268
494,2024,494,1.244656621,0.179652705,1.257555247,17.73279352
495,2024,495,-0.020702072,0.564567509,0.564946943,17.6969697
496,2024,496,0.049030237,-0.168799578,0.17577617,17.66129032
497,2024,497,0.804410219,0.695085563,1.063117934,17.62575453
498,2024,498,-0.177553896,1.013828884,1.029259147,17.59036145
499,2024,499,-1.198185207,0.126580952,1.204852907,17.55511022
500,2024,500,-0.080564924,-1.161576863,1.164367432,17.52
501,2024,501,1.0035166,0.181766176,1.019845336,17.48502994
502,2024,502,-0.157712877,0.495851244,0.520328558,17.4501992
503,2024,503,0.12792006,0.137291534,0.187649959,17.41550696
504,2024,504,-1.075636074,0.171341263,1.089197316,17.38095238
505,2024,505,0.87197305,-1.01069548,1.334856679,17.34653465
506,2024,506,0.532597634,1.335665868,1.437937256,17.31225296
507,2024,507,-1.001147712,-0.172815457,1.015953702,17.27810651
508,2024,508,-0.164333804,-0.166700156,0.234082338,17.24409449
509,2024,509,-0.718738788,0.021433315,0.719058295,17.21021611
510,2024,510,0.309877548,-0.933088817,0.983198268,17.17647059
511,2024,511,0.30095465,0.048489636,0.304835933,17.14285714
512,2024,512,0.387221835,0.403811886,0.559468309,17.109375
513,2024,513,0.743563137,0.638524058,0.980101582,17.07602339
514,2024,514,-0.403949444,0.225735123,0.462743449,17.04280156
515,2024,515,0.396977624,0.987775525,1.064561751,17.00970874
516,2024,516,-0.079362615,0.292716745,0.303284549,16.97674419
517,2024,517,0.030072338,-0.821630794,0.822180945,16.94390716
518,2024,518,0.572971075,-0.012501525,0.573107443,16.91119691
519,2024,519,1.218001579,0.642372341,1.377014913,16.87861272
520,2024,520,0.869023453,0.795680864,1.17826559,16.84615385
521,2024,521,-0.546780657,0.491572898,0.735263899,16.81381958
522,2024,522,0.791185013,-0.521295332,0.947482216,16.7816092
523,2024,523,1.100765514,0.537538242,1.22500289,16.74952199
524,2024,524,-0.808243022,-0.039739459,0.809219381,16.71755725
525,2024,525,0.032261968,-0.104665734,0.109525113,16.68571429
526,2024,526,-0.416529054,0.221252704,0.471645218,16.6539924
527,2024,527,-0.979863635,-1.023281125,1.416769919,16.62239089
528,2024,528,0.913606984,-0.78198254,1.202569921,16.59090909
529,2024,529,0.612586367,0.8625867,1.0579782,16.55954631
530,2024,530,-0.980768208,0.013973712,0.98086775,16.52830189
531,2024,531,-0.258751377,0.23723016,0.351041912,16.49717514
532,2024,532,-0.739746798,-0.480579211,0.882146079,16.46616541
533,2024,533,-0.091845284,-0.314300701,0.327445396,16.43527205
534,2024,534,-0.255768117,0.989763616,1.02227655,16.40449438
535,2024,535,0.114042439,-0.679467991,0.688972008,16.37383178
536,2024,536,0.055927848,0.064341469,0.085251093,16.34328358
537,2024,537,0.651054268,0.777056867,1.013749986,16.31284916
538,2024,538,-0.806477525,0.011815589,0.806564075,16.28252788
539,2024,539,-0.14918101,-0.970754145,0.98214998,16.25231911
540,2024,540,1.137847058,0.752900552,1.364388204,16.22222222
541,2024,541,-1.119975383,0.211703141,1.139808352,16.1922366
542,2024,542,-0.509653876,-0.899533751,1.033880091,16.16236162
543,2024,543,0.458415624,-0.226129365,0.511154941,16.13259669
544,2024,544,0.216006576,0.230443559,0.315852932,16.10294118
545,2024,545,-1.212879746,-0.308818986,1.251577582,16.0733945
546,2024,546,0.462878009,-0.713783806,0.850731082,16.04395604
547,2024,547,0.32070885,0.697917315,0.768077304,16.01462523
548,2024,548,-0.760941142,-0.555062113,0.941873331,15.98540146
549,2024,549,0.125786926,0.363756576,0.38489115,15.95628415
550,2024,550,-0.599125194,0.015261236,0.599319534,15.92727273
551,2024,551,-0.025381156,-1.198100224,1.198369038,15.89836661
552,2024,552,0.071199932,0.250354563,0.260282227,15.86956522
553,2024,553,-0.258610977,-0.196860896,0.325013615,15.84086799
554,2024,554,0.730246947,-0.061396874,0.73282343,15.81227437
555,2024,555,-0.632858078,0.612867128,0.880974155,15.78378378
556,2024,556,-0.058855639,-0.301073639,0.306772427,15.75539568
557,2024,557,0.322039626,0.30215267,0.441594561,15.72710952
558,2024,558,-0.576696516,0.507635731,0.768292202,15.69892473
559,2024,559,0.434348176,-0.23222411,0.492530583,15.67084079
560,2024,560,-0.08739793,0.691312748,0.696815409,15.64285714
561,2024,561,-0.773565172,0.103807559,0.780499253,15.61497326
562,2024,562,1.513814573,-0.855555133,1.738852825,15.58718861
563,2024,563,0.190908097,0.980372201,0.998787041,15.55950266
564,2024,564,-0.086218511,-0.163001728,0.184399553,15.53191489
565,2024,565,0.965597491,-0.235236939,0.993838484,15.50442478
566,2024,566,0.0509576,0.310338107,0.314493907,15.4770318
567,2024,567,0.032615316,0.031680117,0.045468546,15.44973545
568,2024,568,0.001692141,-0.275481962,0.275487159,15.42253521
569,2024,569,-0.20297485,-0.426114654,0.471987805,15.39543058
570,2024,570,0.269915324,-0.772709789,0.818495388,15.36842105
571,2024,571,0.504966886,0.102382542,0.51524144,15.34150613
572,2024,572,-0.23906854,0.103946574,0.260688813,15.31468531
573,2024,573,0.090969153,0.77354684,0.778877462,15.28795812
574,2024,574,-0.729481042,0.337875435,0.80392935,15.26132404
575,2024,575,-0.278067082,-0.537770304,0.605407468,15.23478261
576,2024,576,0.186158724,1.008367436,1.025407215,15.20833333
577,2024,577,-0.32276626,0.706918019,0.777117202,15.18197574
578,2024,578,-0.728639238,-0.024535815,0.729052224,15.15570934
579,2024,579,0.075670338,-0.264272854,0.274892964,15.12953368
580,2024,580,1.012754628,0.86374327,1.331061371,15.10344828
581,2024,581,0.336303591,-0.00517229,0.336343363,15.07745267
582,2024,582,0.55793155,0.460489595,0.723421234,15.05154639
583,2024,583,0.044944251,0.354824671,0.357659801,15.02572899
584,2024,584,0.421677137,-0.217716019,0.47456493,15
585,2024,585,-0.380158548,-0.155053829,0.410563285,14.97435897
586,2024,586,0.077585497,-0.836032862,0.839625187,14.94880546
587,2024,587,0.864474568,-0.609496606,1.057734557,14.92333901
588,2024,588,0.824692445,-0.180698771,0.844256877,14.89795918
589,2024,589,-0.585785536,1.044130935,1.197227674,14.87266553
590,2024,590,-0.98584785,-1.215558671,1.565081105,14.84745763
591,2024,591,1.360428018,-0.802962103,1.57971913,14.82233503
592,2024,592,-0.234577139,1.476912242,1.495425092,14.7972973
593,2024,593,-1.183512408,-0.552687806,1.306202676,14.77234401
594,2024,594,-0.225779407,-0.729179658,0.76333434,14.74747475
595,2024,595,0.107990636,-0.627533371,0.636757496,14.72268908
596,2024,596,0.569534735,0.424020511,0.710044512,14.69798658
597,2024,597,-0.403333007,0.360636464,0.54105099,14.67336683
598,2024,598,-0.119393148,-0.281338682,0.305624243,14.64882943
599,2024,599,0.099754269,0.207349044,0.230096806,14.62437396
600,2024,600,-0.160032966,0.475068472,0.501298917,14.6
601,2024,601,-0.85689337,-0.370866419,0.933706671,14.57570715
602,2024,602,0.11886262,0.279364042,0.303599391,14.55149502
603,2024,603,-0.150228265,-0.008802589,0.150485937,14.52736318
604,2024,604,0.192059901,0.377771507,0.423790417,14.50331126
605,2024,605,-0.566976278,0.169628806,0.591807428,14.47933884
606,2024,606,-0.196562143,-0.536805352,0.571661318,14.45544554
607,2024,607,0.445894762,0.664504915,0.800243039,14.43163097
608,2024,608,-0.646838732,0.097691692,0.654174298,14.40789474
609,2024,609,-0.837128649,0.307000997,0.891646784,14.38423645
610,2024,610,-0.716287405,-0.560100535,0.909274577,14.36065574
611,2024,611,0.398284094,-0.43722118,0.59143265,14.33715221
612,2024,612,-0.255499145,0.328723501,0.416339949,14.31372549
613,2024,613,-0.276081439,-0.459534954,0.53609079,14.2903752
614,2024,614,-0.589649937,-0.089508626,0.596404931,14.26710098
615,2024,615,0.620229706,-0.342928906,0.708720766,14.24390244
616,2024,616,-0.477415133,0.652734792,0.808695194,14.22077922
617,2024,617,-1.094430094,-0.628139193,1.261877996,14.19773096
618,2024,618,0.982485665,-0.619084422,1.161268101,14.17475728
619,2024,619,-0.187696089,0.353951422,0.400638779,14.15185784
620,2024,620,0.091321796,-0.272362499,0.287264688,14.12903226
621,2024,621,-0.089298618,0.397346304,0.407257079,14.10628019
622,2024,622,-0.208620922,-0.571606281,0.608487,14.08360129
623,2024,623,0.913044691,-0.436165843,1.011875116,14.06099518
624,2024,624,0.508724267,-0.170634482,0.536578518,14.03846154
625,2024,625,1.840239461,-0.180490521,1.849069524,14.016
626,2024,626,-0.287387367,1.60931939,1.634778394,13.99361022
627,2024,627,-0.905620513,-1.06683634,1.399388542,13.97129187
628,2024,628,1.80307036,-0.709034648,1.937470737,13.94904459
629,2024,629,0.359368189,1.371196521,1.417506753,13.92686804
630,2024,630,0.229531396,-1.171185629,1.193465726,13.9047619
631,2024,631,1.856815046,0.425812612,1.905014041,13.88272583
632,2024,632,-1.06137307,1.788158392,2.079428582,13.86075949
633,2024,633,-0.793013717,-1.07199683,1.333434648,13.83886256
634,2024,634,1.029438849,-0.660623729,1.223179486,13.8170347
635,2024,635,0.415712221,1.251193209,1.318446471,13.79527559
636,2024,636,-0.816616172,0.849138135,1.178090635,13.77358491
637,2024,637,-0.47719004,0.075084799,0.483061136,13.75196232
638,2024,638,-1.008868834,-0.452424537,1.105669158,13.73040752
639,2024,639,-0.097473258,-1.204828779,1.208765247,13.70892019
640,2024,640,0.523620293,0.074053059,0.528830849,13.6875
641,2024,641,-0.488665973,0.49403489,0.694884815,13.66614665
642,2024,642,-0.511580023,0.224640771,0.558728554,13.64485981
643,2024,643,-0.154008008,-0.609134222,0.628301653,13.62363919
644,2024,644,-0.194176488,0.23900559,0.307941846,13.60248447
645,2024,645,-0.52518391,-0.642830742,0.830090057,13.58139535
646,2024,646,0.911613602,-0.449286028,1.016315549,13.56037152
647,2024,647,-0.215038974,0.353846746,0.414064343,13.53941267
648,2024,648,0.547966837,-0.626253425,0.832142419,13.51851852
649,2024,649,0.557317632,0.88489492,1.04577338,13.49768875
650,2024,650,-0.364623308,-0.421254312,0.557140334,13.47692308
651,2024,651,0.793889217,0.106522043,0.801003767,13.4562212
652,2024,652,-0.350237997,-0.054363334,0.354431977,13.43558282
653,2024,653,0.692077245,-0.293512385,0.751744925,13.41500766
654,2024,654,-1.225033752,0.704857711,1.413340754,13.39449541
655,2024,655,-0.0502268,-0.959641914,0.960955428,13.3740458
656,2024,656,0.291518563,0.036919762,0.29384714,13.35365854
657,2024,657,-0.599719069,-0.55597435,0.817783859,13.33333333
658,2024,658,1.793970707,0.031740439,1.794251474,13.31306991
659,2024,659,-0.23934799,1.658097075,1.675283072,13.29286798
660,2024,660,-1.239738718,0.801725369,1.476386012,13.27272727
661,2024,661,-1.28497435,-0.699153088,1.462865038,13.2526475
662,2024,662,0.246526679,-1.734976504,1.752403741,13.2326284
663,2024,663,1.372784758,1.150137926,1.790909054,13.21266968
664,2024,664,-0.533942269,1.037290415,1.166647227,13.19277108
665,2024,665,-0.699508179,-0.287942962,0.756454124,13.17293233
666,2024,666,0.364832883,-0.174492231,0.404413861,13.15315315
667,2024,667,-0.030620343,0.7159009,0.716555444,13.13343328
668,2024,668,-0.073223339,0.378603307,0.385619141,13.11377246
669,2024,669,-1.019220708,-0.532175526,1.149792,13.0941704
670,2024,670,-0.556475746,0.130413441,0.571553078,13.07462687
671,2024,671,-0.795609794,-0.30652047,0.852613478,13.05514158
672,2024,672,0.437239782,-0.479251434,0.648737669,13.03571429
673,2024,673,-0.021959035,1.378555692,1.378730573,13.01634473
674,2024,674,-1.121566612,-0.955006969,1.473075007,12.99703264
675,2024,675,1.103870842,-0.045904327,1.104824892,12.97777778
676,2024,676,0.31061837,1.056170456,1.100899543,12.95857988
677,2024,677,-1.035040533,-0.068668996,1.037315928,12.9394387
678,2024,678,-0.166382816,-0.096148861,0.192166191,12.92035398
679,2024,679,-0.008880895,-0.142144268,0.142421428,12.90132548
680,2024,680,1.395247811,-0.348354185,1.438077568,12.88235294
681,2024,681,0.825176057,0.949662621,1.258083709,12.86343612
682,2024,682,0.006337023,-0.496656027,0.496696454,12.84457478
683,2024,683,1.617284173,-0.493043448,1.690769038,12.82576867
684,2024,684,-0.692988404,0.335250917,0.769822126,12.80701754
685,2024,685,-0.433631342,-0.497908216,0.660264138,12.78832117
686,2024,686,0.807401362,-0.800010102,1.136623562,12.7696793
687,2024,687,-0.143226375,-0.983912805,0.994282757,12.7510917
688,2024,688,1.440401661,0.510689045,1.528253986,12.73255814
689,2024,689,-0.230690024,0.215472255,0.315667831,12.71407837
690,2024,690,0.420103274,-1.679275833,1.731026887,12.69565217
691,2024,691,0.71516287,1.046744897,1.26772742,12.67727931
692,2024,692,-0.815008997,-0.121521437,0.824018886,12.65895954
693,2024,693,1.398933142,-0.850405283,1.637132579,12.64069264
694,2024,694,0.423189143,1.704491757,1.756240644,12.62247839
695,2024,695,-0.314376845,0.197035057,0.371019695,12.60431655
696,2024,696,-0.446993578,-0.350997355,0.568333003,12.5862069
697,2024,697,-0.629988332,-0.61976956,0.883741821,12.56814921
698,2024,698,0.401960405,0.633935364,0.750630544,12.55014327
699,2024,699,-0.537974501,-0.760529468,0.931569448,12.53218884
700,2024,700,-0.275074943,-0.553945889,0.618483849,12.51428571
701,2024,701,0.246282426,1.212807155,1.237560596,12.49643367
702,2024,702,-1.716850782,0.945459471,1.959966893,12.47863248
703,2024,703,-2.171201755,-2.577168185,3.369853545,12.46088193
704,2024,704,1.852132318,-1.03121477,2.11985802,12.44318182
705,2024,705,0.446595725,1.609720342,1.670523068,12.42553191
706,2024,706,-1.478403941,0.807844456,1.68472279,12.40793201
707,2024,707,-0.736655744,-0.229716437,0.771641967,12.3903819
708,2024,708,-0.203311551,-1.072219299,1.091324797,12.37288136
709,2024,709,0.3357957,-1.178659604,1.225559959,12.35543018
710,2024,710,1.985548643,0.647037865,2.088315448,12.33802817
711,2024,711,-0.311335087,2.298054406,2.319047992,12.32067511
712,2024,712,-1.485045557,-0.141019167,1.491726085,12.30337079
713,2024,713,0.007743814,-1.198110513,1.198135538,12.28611501
714,2024,714,1.265503489,-0.763443851,1.477953177,12.26890756
715,2024,715,0.683829764,1.260445481,1.433996498,12.25174825
716,2024,716,-1.019991561,0.112025437,1.026124984,12.23463687
717,2024,717,0.594399028,-0.75068266,0.957514836,12.21757322
718,2024,718,0.600646895,1.718755597,1.820685996,12.2005571
719,2024,719,0.210502282,1.213616712,1.231737283,12.18358832
720,2024,720,-0.356596777,1.138788242,1.193314678,12.16666667
721,2024,721,-0.366942139,-1.193444203,1.248581435,12.14979196
722,2024,722,2.255196255,0.296263912,2.274573027,12.13296399
723,2024,723,0.546174978,2.576621166,2.633872385,12.11618257
724,2024,724,-1.214836332,1.148222563,1.671598746,12.09944751
725,2024,725,-0.201273322,0.670813784,0.700358539,12.08275862
726,2024,726,0.579671375,-0.638744068,0.862561817,12.0661157
727,2024,727,0.873924304,-2.220986858,2.386739683,12.04951857
728,2024,728,4.283494856,3.686699522,5.651555675,12.03296703
729,2024,729,-4.494818661,5.082042905,6.784582145,12.01646091
730,2024,730,-9.298355929,-9.329905021,13.17218853,12
731,2024,731,5.096622173,-2.007337165,5.477678347,11.98358413
732,2024,732,0.736315087,3.120243047,3.205943945,11.96721311
733,2024,733,-2.089165414,-2.657798066,3.380606852,11.95088677
734,2024,734,-0.253999535,0.282114008,0.379610428,11.9346049
735,2024,735,-1.26892014,-1.200005329,1.746473908,11.91836735
736,2024,736,-1.026056828,-2.075142702,2.314953531,11.90217391
737,2024,737,-0.179327574,-0.478989376,0.511457917,11.88602442
738,2024,738,0.091484146,0.442495056,0.451853099,11.8699187
739,2024,739,-0.720269256,-0.135725128,0.732945504,11.85385656
740,2024,740,-0.456611079,-0.96759617,1.069923374,11.83783784
741,2024,741,1.88689953,-0.255364502,1.904101065,11.82186235
742,2024,742,0.476212176,0.326602492,0.577448893,11.80592992
743,2024,743,-1.147997966,-1.323565319,1.752062922,11.79004038
744,2024,744,1.562711624,-0.204522286,1.576038383,11.77419355
745,2024,745,1.352525999,1.383126617,1.934519531,11.75838926
746,2024,746,-0.886221633,1.17855313,1.474576638,11.74262735
747,2024,747,-1.02069649,0.011082609,1.020756655,11.72690763
748,2024,748,0.319856033,-1.97595835,2.001679115,11.71122995
749,2024,749,2.093958693,0.075821163,2.095330966,11.69559413
750,2024,750,0.407165703,2.101984485,2.141056441,11.68
751,2024,751,-0.27026537,0.981430235,1.017963004,11.6644474
752,2024,752,-1.356060475,1.362606448,1.92239339,11.64893617
753,2024,753,-0.233114301,-0.403018034,0.465581156,11.63346614
754,2024,754,1.279715274,-0.232443119,1.30065406,11.61803714
755,2024,755,0.953485269,1.622492402,1.881918105,11.60264901
756,2024,756,-0.563961546,1.956800203,2.036447804,11.58730159
757,2024,757,-1.51160779,-0.807329567,1.71369167,11.57199472
758,2024,758,0.753137571,-0.071199214,0.756495558,11.55672823
759,2024,759,0.083227363,0.834698951,0.838837965,11.54150198
760,2024,760,-0.3399487,-1.329678626,1.372446854,11.52631579
761,2024,761,-0.012170903,0.305101813,0.305344473,11.51116951
762,2024,762,-0.446484816,0.701494611,0.831530745,11.49606299
763,2024,763,-0.717660316,-1.311792298,1.495271,11.48099607
764,2024,764,0.301596976,-1.53494632,1.56429567,11.46596859
765,2024,765,0.379921425,0.013385675,0.380157159,11.45098039
766,2024,766,0.886894093,-0.803749649,1.196910452,11.43603133
767,2024,767,0.632051771,-0.042185379,0.633458008,11.42112125
768,2024,768,0.734247797,0.057584855,0.736502439,11.40625
769,2024,769,0.26200294,0.202575444,0.331183259,11.39141743
770,2024,770,0.13105553,-0.96227064,0.971154126,11.37662338
771,2024,771,1.805574438,0.759261335,1.958718159,11.3618677
772,2024,772,0.230880369,0.241819189,0.334338548,11.34715026
773,2024,773,0.001058738,-0.657245673,0.657246526,11.33247089
774,2024,774,-0.587679703,-0.166518612,0.610815751,11.31782946
775,2024,775,0.761089698,-0.695736266,1.031167533,11.30322581
776,2024,776,-0.448629494,0.397795326,0.599591147,11.28865979
777,2024,777,-1.37852265,-0.040985513,1.379131795,11.27413127
778,2024,778,0.78456446,-0.983866045,1.258385388,11.2596401
779,2024,779,-0.081563124,1.462254171,1.464527161,11.24518614
780,2024,780,-1.785870087,0.162826837,1.793277599,11.23076923
781,2024,781,-0.04775322,-0.269839924,0.274032761,11.21638924
782,2024,782,-0.957120197,0.609136245,1.134515772,11.20204604
783,2024,783,-0.821812511,0.027745021,0.822280724,11.18773946
784,2024,784,0.467846287,1.346458566,1.425423032,11.17346939
785,2024,785,-0.212034613,0.870817124,0.896259528,11.15923567
786,2024,786,-0.552827975,-0.515022664,0.755557486,11.14503817
787,2024,787,1.353397499,0.668354543,1.509431212,11.13087675
788,2024,788,-0.108078688,2.00360956,2.006522432,11.11675127
789,2024,789,-1.838614577,-0.379448438,1.877361095,11.1026616
790,2024,790,0.706207488,-0.756258365,1.034724955,11.08860759
791,2024,791,0.179451876,0.517113286,0.547365624,11.07458913
792,2024,792,-0.414690892,-0.301527024,0.512725153,11.06060606
793,2024,793,0.613042268,-0.689632709,0.922721028,11.04665826
794,2024,794,0.023363599,-0.134263057,0.136280689,11.03274559
795,2024,795,-0.061836525,-0.449325739,0.453560774,11.01886792
796,2024,796,0.253886953,-0.048479005,0.258473981,11.00502513
797,2024,797,0.148241788,-0.010557611,0.148617263,10.99121706
798,2024,798,0.317857158,0.351903723,0.474203968,10.97744361
799,2024,799,-0.786982187,0.388618522,0.877704573,10.96370463
800,2024,800,0.06270041,-1.115482338,1.117243119,10.95
801,2024,801,1.138327466,-0.172872944,1.151379379,10.93632959
802,2024,802,0.444880898,1.261440765,1.337591797,10.92269327
803,2024,803,-0.321164237,-0.457693309,0.559132929,10.90909091
804,2024,804,0.367073046,-0.31704501,0.485036246,10.89552239
805,2024,805,0.241362578,0.897327962,0.929221914,10.88198758
806,2024,806,-0.344214258,-0.482170933,0.592429122,10.86848635
807,2024,807,-0.634565249,-1.160380367,1.322556483,10.85501859
808,2024,808,0.71608646,-0.383517538,0.81232107,10.84158416
809,2024,809,0.742360381,-0.382089409,0.834919908,10.82818294
810,2024,810,0.589264573,0.079761813,0.59463828,10.81481481
811,2024,811,-0.470983419,0.436969489,0.642470011,10.80147965
812,2024,812,0.196626297,-0.766373062,0.791195027,10.78817734
813,2024,813,0.607547426,0.527046292,0.804295759,10.77490775
814,2024,814,-0.57066965,0.490527239,0.752516326,10.76167076
815,2024,815,0.281734242,0.137157695,0.313347118,10.74846626
816,2024,816,0.231761096,0.353177947,0.422430903,10.73529412
817,2024,817,-0.623032901,-0.228835291,0.663728549,10.72215422
818,2024,818,0.120049013,0.066303427,0.137141934,10.70904645
819,2024,819,0.339184954,0.095000058,0.352237766,10.6959707
820,2024,820,-1.109511781,0.387418785,1.17520624,10.68292683
821,2024,821,-0.243305728,-0.401363371,0.469350863,10.66991474
822,2024,822,-0.047909747,0.646909327,0.648680986,10.65693431
823,2024,823,-1.537947644,-0.160308386,1.546279967,10.64398542
824,2024,824,0.408366989,-1.573980451,1.626092881,10.63106796
825,2024,825,0.369660935,-0.191832752,0.416472102,10.61818182
826,2024,826,-0.471204185,-0.122061946,0.486757129,10.60532688
827,2024,827,0.073872194,0.319185485,0.327622458,10.59250302
828,2024,828,-0.406313967,-0.498217688,0.642893385,10.57971014
829,2024,829,0.505266716,-0.182922821,0.537359481,10.56694813
830,2024,830,0.329807121,0.630538934,0.711584208,10.55421687
831,2024,831,0.585325238,-0.1712164,0.609853007,10.54151625
832,2024,832,-0.403339969,0.245378197,0.472116077,10.52884615
833,2024,833,0.406948632,-0.453693413,0.609462797,10.51620648
834,2024,834,0.451744764,0.30032294,0.542464008,10.50359712
835,2024,835,-0.186875368,-0.023631732,0.188363643,10.49101796
836,2024,836,1.271700143,0.069244668,1.27358395,10.4784689
837,2024,837,0.097612281,0.734280111,0.740739791,10.46594982
838,2024,838,-0.566760143,-0.351797241,0.667066982,10.45346062
839,2024,839,0.841511694,-0.602111975,1.03473705,10.44100119
840,2024,840,0.149603517,1.054583663,1.065142204,10.42857143
841,2024,841,-0.17406323,-0.236350605,0.293529584,10.41617122
842,2024,842,0.082777294,0.689406705,0.69435847,10.40380048
843,2024,843,-0.381127984,0.333312223,0.50631569,10.39145907
844,2024,844,0.171630753,0.191777547,0.257363057,10.37914692
845,2024,845,-0.37526716,0.63280723,0.735710834,10.36686391
846,2024,846,-0.030333469,0.316722024,0.318171274,10.35460993
847,2024,847,-0.387010756,0.926308956,1.003905179,10.34238489
848,2024,848,-1.125045901,0.274493644,1.158047943,10.33018868
849,2024,849,-0.032159729,-0.266789977,0.268721306,10.3180212
850,2024,850,-0.277170974,0.652567501,0.708990897,10.30588235
851,2024,851,-0.922815337,-0.478518188,1.039503633,10.29377203
852,2024,852,-0.088010918,-0.41463816,0.423875837,10.28169014
853,2024,853,-0.263525051,0.298211456,0.397964225,10.26963658
854,2024,854,-0.491878572,-0.947817585,1.06784957,10.25761124
855,2024,855,0.219626866,-0.540183562,0.58312455,10.24561404
856,2024,856,0.557467747,0.228953864,0.602652604,10.23364486
857,2024,857,-0.370614209,0.285241469,0.467672522,10.22170362
858,2024,858,-0.225011983,-0.806245688,0.837055853,10.20979021
859,2024,859,0.39520474,-0.211357942,0.44817292,10.19790454
860,2024,860,-0.105912763,-0.229580203,0.252833113,10.18604651
861,2024,861,0.398109674,-0.278037307,0.485588361,10.17421603
862,2024,862,0.298198149,-0.191077104,0.354164645,10.16241299
863,2024,863,0.780152912,-0.091414804,0.785490441,10.15063731
864,2024,864,0.417765412,0.795456708,0.898487236,10.13888889
865,2024,865,-0.694294659,0.346919041,0.77614296,10.12716763
866,2024,866,0.15218828,-0.972227461,0.984066821,10.11547344
867,2024,867,0.7998381,0.335925769,0.867517786,10.10380623
868,2024,868,-0.366929004,-0.115921476,0.384804733,10.0921659
869,2024,869,0.801835083,0.072191289,0.805078309,10.08055236
870,2024,870,-0.609933598,0.201108903,0.642233435,10.06896552
871,2024,871,0.332799882,-0.680286576,0.757327926,10.05740528
872,2024,872,0.02523541,0.239382286,0.240708755,10.04587156
873,2024,873,0.213040529,-0.192156568,0.286897915,10.03436426
874,2024,874,-0.103506844,0.990161741,0.9955571,10.0228833
875,2024,875,-1.576135722,-0.169906465,1.585267177,10.01142857
876,2024,876,-0.320490146,-0.789879328,0.852422012,10
877,2024,877,-0.114081434,-0.301120705,0.322006604,9.988597491
878,2024,878,0.465874773,-0.703754663,0.843984555,9.977220957
879,2024,879,-0.121918457,1.055612145,1.062629338,9.965870307
880,2024,880,-0.410184943,0.042796732,0.412411503,9.954545455
881,2024,881,-0.200870095,-0.099758188,0.22427771,9.943246311
882,2024,882,-0.913583761,-0.194536171,0.93406617,9.931972789
883,2024,883,0.439262022,-0.258091696,0.509472715,9.920724802
884,2024,884,0.317758819,-0.139529932,0.347043613,9.909502262
885,2024,885,0.372750797,-0.578724931,0.68837904,9.898305085
886,2024,886,0.357467467,0.543371759,0.650412068,9.887133183
887,2024,887,-0.088691673,-0.614751974,0.621116899,9.875986471
888,2024,888,1.152597909,-0.30364628,1.191924076,9.864864865
889,2024,889,0.119311735,0.663461915,0.674104594,9.853768279
890,2024,890,0.191256811,0.243902041,0.309947372,9.842696629
891,2024,891,-0.142931501,0.238330616,0.277904474,9.831649832
892,2024,892,-0.098463839,-0.592525078,0.60065056,9.820627803
893,2024,893,0.710143257,0.421189567,0.825653739,9.809630459
894,2024,894,-0.390965124,-0.023544379,0.391673417,9.798657718
895,2024,895,-0.005351719,-0.43631814,0.43635096,9.787709497
896,2024,896,0.788275095,0.780827589,1.109535645,9.776785714
897,2024,897,-0.851265643,0.480456451,0.977492505,9.765886288
898,2024,898,-0.326307804,0.007639743,0.326397225,9.755011136
899,2024,899,0.235717753,0.716125896,0.753922514,9.744160178
900,2024,900,-0.761057247,-0.758186064,1.074269165,9.733333333
901,2024,901,0.358413066,0.188039947,0.404745534,9.722530522
902,2024,902,0.25887005,0.145628633,0.297020878,9.711751663
903,2024,903,-0.195812649,0.423660597,0.466723575,9.700996678
904,2024,904,-0.697750503,0.221661345,0.732113049,9.690265487
905,2024,905,0.660938783,-0.751445554,1.000754963,9.679558011
906,2024,906,0.434712351,0.766136055,0.880874158,9.668874172
907,2024,907,-0.822098578,0.175425633,0.840607057,9.658213892
908,2024,908,0.262050778,-0.448379435,0.519340667,9.647577093
909,2024,909,-0.018085542,0.045702123,0.049150492,9.636963696
910,2024,910,-0.302278387,0.179083246,0.351344606,9.626373626
911,2024,911,0.248369816,-0.103024852,0.268889728,9.615806806
912,2024,912,0.445869064,-0.004990008,0.445896986,9.605263158
913,2024,913,-0.459289989,0.489815697,0.671466091,9.594742607
914,2024,914,-0.103774751,-0.546174502,0.555945848,9.584245077
915,2024,915,0.974391404,-0.16034421,0.987496265,9.573770492
916,2024,916,-0.49486954,0.987584051,1.104634835,9.563318777
917,2024,917,-1.116707358,-0.321845049,1.162161589,9.552889858
918,2024,918,0.62430946,-0.5617575,0.839841527,9.54248366
919,2024,919,0.029103608,0.331874304,0.333147975,9.532100109
920,2024,920,-0.459289435,-0.315053383,0.556960878,9.52173913
921,2024,921,0.55338092,0.079078965,0.559002616,9.511400651
922,2024,922,-0.853205126,0.183882913,0.872795459,9.501084599
923,2024,923,-0.039936793,-0.360472499,0.362678053,9.490790899
924,2024,924,0.240802447,0.1003625,0.260880144,9.480519481
925,2024,925,-0.05398821,0.428831601,0.432216692,9.47027027
926,2024,926,-0.145665591,0.611584216,0.628692069,9.460043197
927,2024,927,-0.431509674,-1.272898704,1.344050487,9.449838188
928,2024,928,0.888685625,0.615851747,1.081219457,9.439655172
929,2024,929,-0.461161779,-0.004143847,0.461180396,9.42949408
930,2024,930,0.717003446,-0.753197935,1.039904356,9.419354839
931,2024,931,0.014674578,0.631915796,0.632086162,9.409237379
932,2024,932,0.517727795,-0.62743657,0.813460951,9.399141631
933,2024,933,0.651912522,0.546530085,0.850696814,9.389067524
934,2024,934,-0.732968216,0.031957823,0.733664574,9.379014989
935,2024,935,-0.275669323,-0.795903143,0.842291748,9.368983957
936,2024,936,0.373174001,-0.569892148,0.681201802,9.358974359
937,2024,937,0.176290635,0.006232022,0.176400754,9.348986126
938,2024,938,-0.185847992,0.082682584,0.203410634,9.33901919
939,2024,939,-0.134444246,-0.68816173,0.701171749,9.329073482
940,2024,940,0.055160091,0.339639582,0.344089641,9.319148936
941,2024,941,-0.319450761,0.387794378,0.502427376,9.309245484
942,2024,942,-0.145679498,-0.223111389,0.266460519,9.299363057
943,2024,943,-0.567798312,0.620550676,0.841117153,9.289501591
944,2024,944,-0.546127235,-0.070327548,0.550636832,9.279661017
945,2024,945,0.298227678,0.051368108,0.302619283,9.26984127
946,2024,946,-0.335185614,-0.037828673,0.33731351,9.260042283
947,2024,947,0.344622061,-0.102518204,0.359547419,9.250263992
948,2024,948,0.721313734,0.678985297,0.990613212,9.240506329
949,2024,949,-0.031609857,0.601365934,0.602196122,9.230769231
950,2024,950,-0.762073792,0.023776948,0.762444626,9.221052632
951,2024,951,0.502629025,-0.611407754,0.791489342,9.211356467
952,2024,952,0.674585678,0.175356621,0.697004865,9.201680672
953,2024,953,-0.54697412,0.062919794,0.550581137,9.192025184
954,2024,954,0.485204167,-0.583208757,0.758653767,9.182389937
955,2024,955,0.892839104,0.017132961,0.893003474,9.172774869
956,2024,956,-0.162687074,0.492811971,0.51897083,9.163179916
957,2024,957,0.103952569,-0.36302224,0.37761261,9.153605016
958,2024,958,0.213435981,0.481912622,0.527062323,9.144050104
959,2024,959,-0.616501251,0.137579931,0.631666075,9.13451512
960,2024,960,-0.06547435,-0.469658782,0.474200656,9.125
961,2024,961,0.214877818,0.125945101,0.249067551,9.115504683
962,2024,962,-0.271405317,-0.378056901,0.465390015,9.106029106
963,2024,963,0.43138182,-0.159724155,0.460002261,9.096573209
964,2024,964,0.216691224,0.336047048,0.399853354,9.087136929
965,2024,965,0.076103414,-0.037446657,0.084817344,9.077720207
966,2024,966,-0.797511035,0.277132386,0.844290359,9.068322981
967,2024,967,0.45884625,-0.673684118,0.815101326,9.058945191
968,2024,968,0.385430534,0.617055432,0.72753976,9.049586777
969,2024,969,-0.496764902,-0.413856466,0.646569828,9.040247678
970,2024,970,0.411571139,0.011866479,0.411742171,9.030927835
971,2024,971,-0.494456206,0.778610717,0.922345699,9.021627188
972,2024,972,0.542233051,-0.983333628,1.122925512,9.012345679
973,2024,973,0.525363047,0.733223966,0.902010928,9.003083248
974,2024,974,-0.361359688,0.811201602,0.888047782,8.993839836
975,2024,975,-0.32786868,0.427206743,0.538519704,8.984615385
976,2024,976,-0.652883114,-0.133120682,0.666316348,8.975409836
977,2024,977,0.315835337,-0.425427563,0.529849574,8.966223132
978,2024,978,0.133553485,0.241401461,0.275882581,8.957055215
979,2024,979,0.069497129,0.614684295,0.618600544,8.947906027
980,2024,980,-0.527473378,0.188491837,0.560140462,8.93877551
981,2024,981,-0.542110099,-0.43749876,0.696626531,8.929663609
982,2024,982,0.092119931,-0.158147838,0.183021366,8.920570265
983,2024,983,0.082166343,-0.241746291,0.255328371,8.911495422
984,2024,984,-0.147357334,0.63421877,0.651112611,8.902439024
985,2024,985,-0.951946883,-0.265293951,0.98822252,8.893401015
986,2024,986,0.571271246,-0.43792219,0.71981017,8.884381339
987,2024,987,-0.371322991,0.741840626,0.829583196,8.875379939
988,2024,988,-0.689289821,-0.331398923,0.764817431,8.866396761
989,2024,989,-0.042362747,0.151190918,0.157013681,8.857431749
990,2024,990,-0.655118057,-1.120919126,1.298321745,8.848484848
991,2024,991,1.473790663,0.495881171,1.554978153,8.839556004
992,2024,992,-0.7503847,1.482630944,1.661707469,8.830645161
993,2024,993,-0.882436459,-1.311499893,1.580735928,8.821752266
994,2024,994,1.120174322,-0.242730704,1.146171325,8.812877264
995,2024,995,-0.00352063,-0.480778298,0.480791188,8.804020101
996,2024,996,0.960410376,-0.701815113,1.189509371,8.795180723
997,2024,997,0.610450925,1.119429722,1.27505813,8.786359077
998,2024,998,-0.959327293,-0.179104085,0.975903237,8.77755511
999,2024,999,0.311135308,-1.526153458,1.557546004,8.768768769
1000,2024,1000,1.506927148,-0.245746085,1.52683351,8.76
1001,2024,1001,0.479083978,0.765446478,0.9030115,8.751248751
1002,2024,1002,0.035691995,-0.051714692,0.062835721,8.74251497
1003,2024,1003,-0.502313552,0.513357072,0.718230039,8.733798604
1004,2024,1004,-1.041325245,-0.420314065,1.122952439,8.725099602
1005,2024,1005,0.029705808,-0.827007273,0.827540612,8.71641791
1006,2024,1006,0.673391095,0.569421119,0.881870726,8.707753479
1007,2024,1007,-0.131271776,0.597248812,0.611505047,8.699106256
1008,2024,1008,-0.809877629,-0.258967579,0.850274062,8.69047619
1009,2024,1009,0.00843021,0.077083124,0.07754274,8.681863231
1010,2024,1010,-0.299826931,0.382044252,0.48564802,8.673267327
1011,2024,1011,-0.52381535,-0.527296371,0.743252302,8.664688427
1012,2024,1012,-0.040055752,0.176063651,0.180562655,8.656126482
1013,2024,1013,-0.266657532,-0.255342235,0.369196284,8.647581441
1014,2024,1014,0.637994861,-0.293313062,0.70218943,8.639053254
1015,2024,1015,-0.156355875,0.5862295,0.606722495,8.630541872
1016,2024,1016,-0.068111981,-0.605594764,0.609413045,8.622047244
1017,2024,1017,0.331407533,-0.026027301,0.332427997,8.613569322
1018,2024,1018,0.081109543,0.063008939,0.102707762,8.605108055
1019,2024,1019,0.262749369,0.734907235,0.780465166,8.596663395
1020,2024,1020,-0.713204124,0.389994713,0.812868993,8.588235294
1021,2024,1021,-0.752422487,-0.525519193,0.917774494,8.579823702
1022,2024,1022,0.451575686,-0.373266561,0.585874155,8.571428571
1023,2024,1023,0.482991283,-0.30738421,0.572508194,8.563049853
1024,2024,1024,0.887962591,-0.011382053,0.888035537,8.5546875
1025,2024,1025,0.505353394,0.845260593,0.984808369,8.546341463
1026,2024,1026,-0.464721602,0.492685078,0.677277457,8.538011696
1027,2024,1027,-0.824982949,0.03788644,0.825852438,8.52969815
1028,2024,1028,0.755245754,-0.917337724,1.18823594,8.521400778
1029,2024,1029,1.126790425,0.47906576,1.224402166,8.513119534
1030,2024,1030,-0.573230044,0.501149982,0.761409212,8.504854369
1031,2024,1031,0.583778722,-0.78165897,0.975596403,8.496605238
1032,2024,1032,0.563196308,0.836634743,1.008537443,8.488372093
1033,2024,1033,-0.391971529,-0.222108064,0.450525995,8.480154889
1034,2024,1034,0.030400844,0.279705096,0.281352363,8.471953578
1035,2024,1035,-0.202549776,0.820163695,0.844804651,8.463768116
1036,2024,1036,-0.380356631,0.307915867,0.489370359,8.455598456
1037,2024,1037,-0.486732982,-0.156930927,0.51140621,8.447444552
1038,2024,1038,0.356554006,-0.067981911,0.362976996,8.439306358
1039,2024,1039,-1.000792853,0.754225284,1.253172819,8.431183831
1040,2024,1040,-0.206318513,-1.269510825,1.28616681,8.423076923
1041,2024,1041,1.338572115,0.216017452,1.355890426,8.414985591
1042,2024,1042,-1.013824481,1.348317784,1.686950184,8.406909789
1043,2024,1043,-0.477650983,-0.69491272,0.843240268,8.398849473
1044,2024,1044,0.550555707,0.331338228,0.642570314,8.390804598
1045,2024,1045,-0.773137549,-0.723584853,1.058922428,8.38277512
1046,2024,1046,1.235479817,-0.703986863,1.421973235,8.374760994
1047,2024,1047,-0.231171074,0.933853973,0.96204122,8.366762178
1048,2024,1048,-0.813642545,-1.298843476,1.532647568,8.358778626
1049,2024,1049,0.870995244,0.21478354,0.897086776,8.350810296
1050,2024,1050,-0.077006125,1.166308367,1.168847787,8.342857143
1051,2024,1051,-1.127788321,-0.663051177,1.308259669,8.334919125
1052,2024,1052,-0.268367529,-0.747229003,0.793959894,8.326996198
1053,2024,1053,0.825178799,-0.356241951,0.898792734,8.319088319
1054,2024,1054,-0.413724837,-0.124888496,0.4321636,8.311195446
1055,2024,1055,-0.322320034,-0.804180837,0.866370026,8.303317536
1056,2024,1056,0.557931471,0.590501911,0.812391552,8.295454545
1057,2024,1057,-0.67974662,-0.176321482,0.702242645,8.287606433
1058,2024,1058,0.178677225,-1.274903931,1.287363812,8.279773157
1059,2024,1059,1.641592976,-0.026430057,1.641805727,8.271954674
1060,2024,1060,0.263909173,0.569068137,0.627285099,8.264150943
1061,2024,1061,-0.641919975,0.111675831,0.651561774,8.256361923
1062,2024,1062,-0.059210407,0.192690227,0.201582231,8.248587571
1063,2024,1063,0.244663626,-0.078793139,0.257038224,8.240827846
1064,2024,1064,-0.147041705,-0.427636987,0.452210853,8.233082707
1065,2024,1065,-0.064187335,0.434029473,0.43875004,8.225352113
1066,2024,1066,0.828598626,0.110007305,0.835869183,8.217636023
1067,2024,1067,-0.142760138,0.89882572,0.910092375,8.209934396
1068,2024,1068,-2.093106254,0.038598772,2.093462122,8.202247191
1069,2024,1069,0.542018186,-1.014181177,1.149933552,8.194574369
1070,2024,1070,-0.027356579,0.467896556,0.468695605,8.186915888
1071,2024,1071,-0.180109635,-0.261492792,0.317518441,8.179271709
1072,2024,1072,0.660385338,0.605562521,0.895999309,8.171641791
1073,2024,1073,-1.842583587,0.590433175,1.934870954,8.164026095
1074,2024,1074,-0.681226315,-1.250437149,1.423960097,8.156424581
1075,2024,1075,1.044059668,-0.697015642,1.25534513,8.148837209
1076,2024,1076,0.441386999,0.292875381,0.529715463,8.141263941
1077,2024,1077,0.523337175,0.203706907,0.561585525,8.133704735
1078,2024,1078,-0.657603811,1.1479293,1.322945369,8.126159555
1079,2024,1079,-1.602470085,-0.829093412,1.804246729,8.11862836
1080,2024,1080,0.926531286,-0.830653895,1.244365749,8.111111111
1081,2024,1081,-0.080914389,1.052964134,1.056068466,8.103607771
1082,2024,1082,-0.577163028,-0.51130104,0.771068035,8.096118299
1083,2024,1083,1.424318249,-0.067506446,1.425917107,8.088642659
1084,2024,1084,0.520513365,0.761593577,0.922474357,8.081180812
1085,2024,1085,-0.455695214,0.3311607,0.563316552,8.073732719
1086,2024,1086,-0.605545741,-0.601866243,0.853773166,8.066298343
1087,2024,1087,1.302270178,-0.389867265,1.359376364,8.058877645
1088,2024,1088,1.118224318,1.064196957,1.543677682,8.051470588
1089,2024,1089,0.473453196,0.916198533,1.031299026,8.044077135
1090,2024,1090,0.950085004,0.786678217,1.233500763,8.036697248
1091,2024,1091,-0.642929226,-0.393058727,0.753560318,8.029330889
1092,2024,1092,0.056596669,-1.298429362,1.29966226,8.021978022
1093,2024,1093,4.24744749,-0.10104094,4.248649133,8.014638609
1094,2024,1094,0.677789737,3.403306942,3.470143667,8.007312614
1095,2024,1095,-4.996779271,2.588711027,5.627541903,8
1096,2024,1096,0.826232056,-1.164507145,1.427843235,7.99270073
1097,2024,1097,0.637569005,-1.493040069,1.623472477,7.985414768
1098,2024,1098,-0.024538982,-0.106790183,0.109573286,7.978142077
1099,2024,1099,0.011482681,1.116832206,1.116891234,7.970882621
1100,2024,1100,-0.855941478,-0.900114395,1.242111806,7.963636364
1101,2024,1101,-0.743385563,0.442214052,0.864971308,7.95640327
1102,2024,1102,-0.861501366,-0.293228152,0.910037006,7.949183303
1103,2024,1103,0.294765031,-0.48156122,0.564612816,7.941976428
1104,2024,1104,-0.460454907,-0.136054406,0.4801349,7.934782609
1105,2024,1105,-0.392383249,-0.222508437,0.45108161,7.92760181
1106,2024,1106,-0.596047843,-0.71377966,0.929921735,7.920433996
1107,2024,1107,-0.243845424,-0.958059633,0.988604497,7.913279133
1108,2024,1108,-1.065882586,0.374076936,1.129619069,7.906137184
1109,2024,1109,-0.015617872,-0.645130085,0.645319103,7.899008115
1110,2024,1110,0.889540794,-0.814378621,1.206024611,7.891891892
1111,2024,1111,0.129230144,0.751327086,0.762360033,7.884788479
1112,2024,1112,-0.888563229,0.355310932,0.95696942,7.877697842
1113,2024,1113,-0.682505085,-0.892195833,1.123310552,7.870619946
1114,2024,1114,-0.257898536,-0.768913092,0.811011096,7.863554758
1115,2024,1115,0.763790242,-0.635296007,0.993466935,7.856502242
1116,2024,1116,0.895425781,0.34430421,0.95933973,7.849462366
1117,2024,1117,0.269913396,1.066099834,1.099737286,7.842435094
1118,2024,1118,-0.301897859,0.132858543,0.329838915,7.835420394
1119,2024,1119,-0.592613256,-0.518816459,0.787629983,7.828418231
1120,2024,1120,1.07435823,-0.706475875,1.285828048,7.821428571
1121,2024,1121,1.187767081,1.057578287,1.590365515,7.814451383
1122,2024,1122,-1.224575349,1.138635602,1.672147069,7.807486631
1123,2024,1123,0.130775695,-0.276958177,0.306281103,7.800534283
1124,2024,1124,0.402116535,0.722245507,0.826641567,7.793594306
1125,2024,1125,-1.36309376,0.258390031,1.387368014,7.786666667
1126,2024,1126,0.462088737,0.213926635,0.509205859,7.779751332
1127,2024,1127,0.33175323,0.98634217,1.040639746,7.77284827
1128,2024,1128,-0.955896768,-0.023381279,0.956182679,7.765957447
1129,2024,1129,-0.382847419,0.41566834,0.565112657,7.759078831
1130,2024,1130,-0.509048741,0.165459053,0.535263784,7.752212389
1131,2024,1131,-0.010924913,-1.239466394,1.239514541,7.74535809
1132,2024,1132,0.489630185,0.062945635,0.493659671,7.738515901
1133,2024,1133,0.157097741,0.023092655,0.158785928,7.73168579
1134,2024,1134,0.389535252,0.001670742,0.389538835,7.724867725
1135,2024,1135,-0.324650144,-0.74730053,0.814773464,7.718061674
1136,2024,1136,1.611856974,-0.637487566,1.733341657,7.711267606
1137,2024,1137,0.089430698,0.105758382,0.138501571,7.704485488
1138,2024,1138,0.181770616,-0.943790587,0.961135385,7.69771529
1139,2024,1139,0.697056511,1.111604078,1.312079039,7.69095698
1140,2024,1140,-0.313251631,-0.931169124,0.982447211,7.684210526
1141,2024,1141,0.831259554,0.021818355,0.831545841,7.677475898
1142,2024,1142,0.181961682,0.43292041,0.469606362,7.670753065
1143,2024,1143,0.168872773,-0.926622142,0.941884604,7.664041995
1144,2024,1144,0.709681087,0.016558514,0.709874235,7.657342657
1145,2024,1145,0.03302088,0.300258256,0.302068533,7.650655022
1146,2024,1146,-0.168284431,0.039612414,0.172883756,7.643979058
1147,2024,1147,-0.3824093,0.172575921,0.419546566,7.637314734
1148,2024,1148,0.042975014,0.013877356,0.04516008,7.630662021
1149,2024,1149,0.601549002,0.07288316,0.605948147,7.624020888
1150,2024,1150,-0.307078791,0.005311384,0.307124722,7.617391304
1151,2024,1151,-0.698669936,-0.032144449,0.699408997,7.610773241
1152,2024,1152,0.623891429,-0.13731741,0.638824378,7.604166667
1153,2024,1153,0.08410392,0.311012139,0.322183208,7.597571552
1154,2024,1154,-0.138314908,0.951458284,0.961459245,7.590987868
1155,2024,1155,-0.615199863,0.525897042,0.809344531,7.584415584
1156,2024,1156,-0.365214624,-0.345410524,0.502682954,7.577854671
1157,2024,1157,0.252881021,0.572296533,0.625677338,7.571305099
1158,2024,1158,-0.870663183,-0.072890258,0.873708972,7.564766839
1159,2024,1159,0.009091363,-0.812165182,0.812216065,7.558239862
1160,2024,1160,0.510202811,0.307707931,0.595811278,7.551724138
1161,2024,1161,-0.363464966,0.489013727,0.609295664,7.545219638
1162,2024,1162,-0.193689957,-0.75961637,0.783921444,7.538726334
1163,2024,1163,0.149602994,-0.144184007,0.207774117,7.532244196
1164,2024,1164,-0.06444562,0.150609818,0.163818665,7.525773196
1165,2024,1165,-0.242390535,-0.059230172,0.249522313,7.519313305
1166,2024,1166,-0.453543191,-0.368835798,0.584586411,7.512864494
1167,2024,1167,0.291034743,-0.605885897,0.672159908,7.506426735
1168,2024,1168,0.049657137,-0.210468386,0.216247018,7.5
1169,2024,1169,0.199185492,0.407517895,0.453591992,7.49358426
1170,2024,1170,-0.275436466,0.412450451,0.495964335,7.487179487
1171,2024,1171,-0.283926734,-0.344273181,0.446249273,7.480785653
1172,2024,1172,-0.269754408,0.887636773,0.927721122,7.47440273
1173,2024,1173,-0.456900194,-0.29172674,0.542090655,7.468030691
1174,2024,1174,0.05950844,-0.347348038,0.352408732,7.461669506
1175,2024,1175,-0.163640542,-0.247556952,0.296753553,7.455319149
1176,2024,1176,0.546248722,0.055823477,0.549093732,7.448979592
1177,2024,1177,-0.199373489,0.13258411,0.239433361,7.442650807
1178,2024,1178,-0.052347384,-0.211976232,0.218344158,7.436332767
1179,2024,1179,0.310046583,0.290342514,0.424767771,7.430025445
1180,2024,1180,0.27836981,-0.203790526,0.344993231,7.423728814
1181,2024,1181,0.116297989,-0.050472456,0.126778117,7.417442845
1182,2024,1182,-0.262130608,-0.060172153,0.268948218,7.411167513
1183,2024,1183,0.99285642,0.108693075,0.998788294,7.40490279
1184,2024,1184,-0.634072678,0.551343606,0.840254684,7.398648649
1185,2024,1185,0.05845772,-0.276261978,0.282379152,7.392405063
1186,2024,1186,1.002499626,0.983454031,1.404345874,7.386172007
1187,2024,1187,-0.387891398,0.261359982,0.467727246,7.379949452
1188,2024,1188,0.30569453,0.31082818,0.435962502,7.373737374
1189,2024,1189,-0.797809092,0.352358436,0.872155843,7.367535744
1190,2024,1190,-0.370818613,-0.861198165,0.937639975,7.361344538
1191,2024,1191,0.352801561,0.312570699,0.471348473,7.355163728
1192,2024,1192,0.25977536,0.292467619,0.391178407,7.348993289
1193,2024,1193,-0.636544367,-0.180263048,0.661576525,7.342833194
1194,2024,1194,-0.122837756,-0.316052511,0.339084508,7.336683417
1195,2024,1195,0.415442877,-0.178012387,0.451974771,7.330543933
1196,2024,1196,-0.390495622,-0.457072166,0.601167028,7.324414716
1197,2024,1197,-0.054539959,0.05864806,0.080088714,7.318295739
1198,2024,1198,-0.378573519,-0.148891781,0.40680053,7.312186978
1199,2024,1199,0.247446807,-0.39722146,0.467990182,7.306088407
1200,2024,1200,0.201467442,0.321913553,0.379759748,7.3
1201,2024,1201,-0.049541702,-0.550643608,0.552867763,7.293921732
1202,2024,1202,0.553241578,-0.101763609,0.562522955,7.287853577
1203,2024,1203,-0.127056017,0.285462391,0.312461211,7.281795511
1204,2024,1204,-0.188593014,-0.817122332,0.838603739,7.275747508
1205,2024,1205,1.42964986,0.161171441,1.438706,7.269709544
1206,2024,1206,-0.611096199,0.171283777,0.634646907,7.263681592
1207,2024,1207,0.584362221,-0.919150146,1.089181434,7.257663629
1208,2024,1208,0.789531037,-0.049903466,0.791106576,7.251655629
1209,2024,1209,0.012370231,0.002880536,0.012701185,7.245657568
1210,2024,1210,0.042231075,-0.079769776,0.090258965,7.239669421
1211,2024,1211,0.362792773,-0.587772972,0.690721118,7.233691164
1212,2024,1212,0.700179678,0.596915245,0.920086622,7.227722772
1213,2024,1213,-0.49720994,0.839873776,0.976015207,7.221764221
1214,2024,1214,-0.1393519,-0.242905848,0.280039646,7.215815486
1215,2024,1215,0.171516778,0.50405657,0.532438758,7.209876543
1216,2024,1216,-0.589753062,0.586852377,0.831988213,7.203947368
1217,2024,1217,-0.106287087,0.756722177,0.764150115,7.198027938
1218,2024,1218,-0.636462513,0.486920589,0.801358965,7.192118227
1219,2024,1219,-0.41725192,-0.04173802,0.419334267,7.186218212
1220,2024,1220,-0.252641825,0.302660196,0.394247493,7.180327869
1221,2024,1221,-0.231739733,-0.277810424,0.361776085,7.174447174
1222,2024,1222,0.282962893,0.297574253,0.410631751,7.168576105
1223,2024,1223,-0.41886818,0.176665062,0.45459993,7.162714636
1224,2024,1224,-0.569076272,-0.213409282,0.607775719,7.156862745
1225,2024,1225,-0.076767144,-0.158120118,0.175770209,7.151020408
1226,2024,1226,-0.09261196,-0.443470723,0.45303781,7.145187602
1227,2024,1227,-0.004652659,-0.172489582,0.17255232,7.139364303
1228,2024,1228,-0.053349309,-0.505370799,0.508178899,7.133550489
1229,2024,1229,0.649636933,-0.131085853,0.662730448,7.127746135
1230,2024,1230,0.13506414,0.415093432,0.436514466,7.12195122
1231,2024,1231,-0.276128313,-0.04480047,0.279739035,7.116165719
1232,2024,1232,0.532614033,0.04312541,0.534357098,7.11038961
1233,2024,1233,-0.391462968,0.411270374,0.567790961,7.104622871
1234,2024,1234,0.462006495,-1.041290445,1.139182072,7.098865478
1235,2024,1235,0.890910104,0.853831413,1.233997121,7.093117409
1236,2024,1236,-1.037110132,0.073671624,1.039723489,7.087378641
1237,2024,1237,0.454073306,-0.714633473,0.846689771,7.081649151
1238,2024,1238,0.380954469,0.050489743,0.384285729,7.075928918
1239,2024,1239,0.09513383,0.008411837,0.095504998,7.070217918
1240,2024,1240,0.276186627,0.531051715,0.598577461,7.064516129
1241,2024,1241,-0.568289046,0.434339493,0.715264451,7.058823529
1242,2024,1242,-0.69160092,-0.370931601,0.784794295,7.053140097
1243,2024,1243,-0.298731992,-0.748153583,0.805589589,7.047465809
1244,2024,1244,0.552639417,0.254734459,0.608522776,7.041800643
1245,2024,1245,-0.071966523,0.324197955,0.332089588,7.036144578
1246,2024,1246,-0.376887767,0.400101947,0.549659855,7.030497592
1247,2024,1247,-0.622536405,0.525454003,0.814649302,7.024859663
1248,2024,1248,-0.087143301,-0.404143432,0.413431819,7.019230769
1249,2024,1249,0.054672882,0.033540405,0.064141116,7.013610889
1250,2024,1250,-0.512190156,0.080126373,0.518419706,7.008
1251,2024,1251,-0.00775489,-0.555533263,0.555587387,7.002398082
1252,2024,1252,0.269101254,-0.144619531,0.305500072,6.996805112
1253,2024,1253,-0.306432301,-0.357144916,0.470588191,6.991221069
1254,2024,1254,0.607583285,-0.744029259,0.960591998,6.985645933
1255,2024,1255,0.692452607,0.536802593,0.87615503,6.980079681
1256,2024,1256,-0.438189693,-0.263800752,0.511469494,6.974522293
1257,2024,1257,0.13213016,-0.353069533,0.376983387,6.968973747
1258,2024,1258,0.282392362,-0.399065112,0.488874636,6.963434022
1259,2024,1259,0.114322121,-0.039123182,0.120831166,6.957903098
1260,2024,1260,-0.053188284,0.47887557,0.481820304,6.952380952
1261,2024,1261,0.219029432,-0.615388772,0.653205352,6.946867565
1262,2024,1262,0.435281326,0.362349103,0.566362698,6.941362916
1263,2024,1263,0.116913527,0.438974994,0.454277248,6.935866983
1264,2024,1264,0.67042677,-0.068487837,0.673915898,6.930379747
1265,2024,1265,-0.718171589,0.697698156,1.00127576,6.924901186
1266,2024,1266,0.055110997,-0.420308522,0.423906211,6.91943128
1267,2024,1267,0.552991236,-0.086961356,0.559787088,6.913970008
1268,2024,1268,0.250529514,0.400869801,0.472717288,6.90851735
1269,2024,1269,-0.05290741,0.35712863,0.361026387,6.903073286
1270,2024,1270,-0.332386759,-0.530677975,0.626178945,6.897637795
1271,2024,1271,0.822586805,-0.300619575,0.875797454,6.892210858
1272,2024,1272,-0.311939591,0.637531002,0.709754949,6.886792453
1273,2024,1273,-0.381032189,-0.467258178,0.60292266,6.881382561
1274,2024,1274,0.31048092,0.097075978,0.325303162,6.875981162
1275,2024,1275,-0.01838151,0.476780007,0.47713421,6.870588235
1276,2024,1276,-0.236257977,-0.254594984,0.347327566,6.865203762
1277,2024,1277,0.055032003,-0.414159645,0.417799872,6.859827721
1278,2024,1278,0.346284694,0.292463036,0.453263408,6.854460094
1279,2024,1279,-0.588474034,0.246492457,0.638012712,6.84910086
1280,2024,1280,-0.11903181,-0.77911959,0.788159823,6.84375
1281,2024,1281,0.496353813,0.199800839,0.535058392,6.838407494
1282,2024,1282,-0.157109256,0.480956215,0.505966599,6.833073323
1283,2024,1283,-0.056134867,-0.435482568,0.43908563,6.827747467
1284,2024,1284,0.037768943,0.053393984,0.065401916,6.822429907
1285,2024,1285,-0.493345152,0.154630802,0.517010758,6.817120623
1286,2024,1286,0.275789602,-0.762256329,0.810613728,6.811819596
1287,2024,1287,-0.050887551,0.850959976,0.85248016,6.806526807
1288,2024,1288,-0.645174012,-0.070312158,0.648994072,6.801242236
1289,2024,1289,0.340191393,-0.403884192,0.528064981,6.795965865
1290,2024,1290,0.15862455,0.63018649,0.649843643,6.790697674
1291,2024,1291,-0.107276275,0.095481479,0.14361376,6.785437645
1292,2024,1292,-0.661877518,0.453556653,0.802368672,6.780185759
1293,2024,1293,0.294496841,-0.288448422,0.412226735,6.774941995
1294,2024,1294,0.240458728,0.542545769,0.593444446,6.769706337
1295,2024,1295,-0.520046736,0.202347744,0.55802618,6.764478764
1296,2024,1296,0.12051402,-0.117976364,0.168647714,6.759259259
1297,2024,1297,0.157261007,-0.16801273,0.230128881,6.754047803
1298,2024,1298,0.346750075,0.039825854,0.349029673,6.748844376
1299,2024,1299,0.288805404,0.324615988,0.434492924,6.743648961
1300,2024,1300,-0.25744645,0.443128151,0.512485349,6.738461538
1301,2024,1301,-0.401000345,-0.25057204,0.472850531,6.733282091
1302,2024,1302,0.079237247,-0.412339624,0.419883921,6.728110599
1303,2024,1303,0.11663631,-0.1886417,0.221787556,6.722947045
1304,2024,1304,-0.187927839,0.004191459,0.187974576,6.717791411
1305,2024,1305,0.064825664,-0.0892515,0.110309551,6.712643678
1306,2024,1306,0.134145934,0.007720027,0.134367892,6.707503828
1307,2024,1307,-0.161846423,-0.095434914,0.187888497,6.702371844
1308,2024,1308,0.453225797,0.314677002,0.551756503,6.697247706
1309,2024,1309,-0.327650121,0.531131239,0.624063294,6.692131398
1310,2024,1310,-0.493569712,-0.406769162,0.639587533,6.687022901
1311,2024,1311,0.031912675,-0.425772288,0.42696658,6.681922197
1312,2024,1312,0.198940302,0.492064788,0.53075889,6.676829268
1313,2024,1313,-0.284621466,-0.348159995,0.449694075,6.671744097
1314,2024,1314,0.638805055,-0.243002504,0.683463324,6.666666667
1315,2024,1315,-0.294840618,0.946414829,0.991277972,6.661596958
1316,2024,1316,-0.482811353,-0.778990409,0.91647851,6.656534954
1317,2024,1317,0.863269063,-0.37097754,0.939605135,6.651480638
1318,2024,1318,-0.337947366,0.997462964,1.053157532,6.646433991
1319,2024,1319,-0.645918412,-0.41301088,0.766673713,6.641394996
1320,2024,1320,0.169763866,-1.07098198,1.084353343,6.636363636
1321,2024,1321,0.553523888,-0.054083839,0.556159829,6.631339894
1322,2024,1322,0.178170276,0.048754381,0.184720429,6.626323752
1323,2024,1323,0.44252367,0.090675995,0.451718203,6.621315193
1324,2024,1324,-0.398170534,0.320912978,0.511395066,6.616314199
1325,2024,1325,-0.250059486,-0.648861003,0.695377846,6.611320755
1326,2024,1326,0.607373064,-0.355580802,0.70380377,6.606334842
1327,2024,1327,-0.000899371,0.608506483,0.608507147,6.601356443
1328,2024,1328,-0.382197534,-0.49030295,0.621668672,6.596385542
1329,2024,1329,0.428992915,-0.56985017,0.713277041,6.591422122
1330,2024,1330,0.096476211,-0.150119461,0.178447504,6.586466165
1331,2024,1331,0.342872871,0.445160099,0.561897961,6.581517656
1332,2024,1332,-0.622472174,-0.190819038,0.651063371,6.576576577
1333,2024,1333,0.178931937,-0.836250928,0.855179661,6.571642911
1334,2024,1334,0.329308465,0.183438814,0.376953397,6.566716642
1335,2024,1335,-0.044538329,0.249147417,0.253097014,6.561797753
1336,2024,1336,-0.012010106,0.040379936,0.04212816,6.556886228
1337,2024,1337,-0.40997713,-0.608396192,0.733639675,6.551982049
1338,2024,1338,0.470532327,-0.250886203,0.533239681,6.547085202
1339,2024,1339,0.667072676,0.447352343,0.803187446,6.542195668
1340,2024,1340,0.024021256,0.585408103,0.585900732,6.537313433
1341,2024,1341,-0.238208103,0.41068948,0.474772524,6.532438479
1342,2024,1342,-0.43193267,-0.002152991,0.431938036,6.52757079
1343,2024,1343,-0.06597512,-0.149550861,0.163456956,6.52271035
1344,2024,1344,0.626035894,-0.095773511,0.633319434,6.517857143
1345,2024,1345,0.25436336,0.852567031,0.889702906,6.513011152
1346,2024,1346,-0.91838693,0.755171769,1.18899914,6.508172363
1347,2024,1347,-0.44801905,-0.541305854,0.702661438,6.503340757
1348,2024,1348,0.47517056,-0.257323988,0.540372738,6.49851632
1349,2024,1349,0.176062561,0.866152299,0.883865278,6.493699036
1350,2024,1350,-0.658258057,0.131480974,0.671260691,6.488888889
1351,2024,1351,0.143103747,-0.534624984,0.553446073,6.484085862
1352,2024,1352,0.206056653,0.537737112,0.575865042,6.479289941
1353,2024,1353,-0.373362306,0.521702757,0.641539694,6.474501109
1354,2024,1354,-0.263303314,-0.038731792,0.266136782,6.46971935
1355,2024,1355,-0.638089717,0.179140178,0.66275915,6.464944649
1356,2024,1356,0.585410896,-0.343459084,0.678726793,6.460176991
1357,2024,1357,0.1944303,0.982491625,1.001545274,6.45541636
1358,2024,1358,-0.7161666,0.48583473,0.865407409,6.450662739
1359,2024,1359,-0.180521199,-0.115773403,0.214456019,6.445916115
1360,2024,1360,-0.586715133,0.045957878,0.588512339,6.441176471
1361,2024,1361,0.112709409,-0.498908035,0.511480829,6.436443791
1362,2024,1362,0.966401351,0.339570986,1.02432418,6.431718062
1363,2024,1363,-0.22052056,0.753179363,0.784798363,6.426999266
1364,2024,1364,-1.028185431,-0.355052625,1.08776268,6.42228739
1365,2024,1365,0.270603361,-1.350652012,1.377493026,6.417582418
1366,2024,1366,1.337126668,-0.469603202,1.41719261,6.412884334
1367,2024,1367,0.251723743,0.119391151,0.278602028,6.408193124
1368,2024,1368,0.310115497,0.26527138,0.408093771,6.403508772
1369,2024,1369,-0.370796686,0.087591132,0.381001822,6.398831264
1370,2024,1370,0.173860792,-0.889900678,0.906725312,6.394160584
1371,2024,1371,0.889472826,-0.017484221,0.889644651,6.389496718
1372,2024,1372,-0.279505287,0.057456438,0.285349694,6.38483965
1373,2024,1373,-0.027062139,-0.480523777,0.481285216,6.380189366
1374,2024,1374,0.32484427,-0.029482291,0.326179406,6.375545852
1375,2024,1375,0.197096711,0.127251936,0.234606413,6.370909091
1376,2024,1376,-0.238592675,0.345721648,0.420059428,6.36627907
1377,2024,1377,-0.75134142,-0.077921572,0.755371234,6.361655773
1378,2024,1378,0.253333283,-0.970798944,1.003308697,6.357039187
1379,2024,1379,0.49344021,0.306333136,0.580795344,6.352429297
1380,2024,1380,-0.786637766,0.209537877,0.81406701,6.347826087
1381,2024,1381,-0.210029785,-1.043108338,1.064043005,6.343229544
1382,2024,1382,0.239923183,0.196335945,0.31001764,6.338639653
1383,2024,1383,-0.502570764,-0.107048815,0.513845134,6.334056399
1384,2024,1384,0.608378456,-0.293214396,0.675351041,6.329479769
1385,2024,1385,-0.080858358,0.669990753,0.674852342,6.324909747
1386,2024,1386,-0.648730207,0.347430366,0.735906747,6.32034632
1387,2024,1387,-0.187864255,-0.156605885,0.244577966,6.315789474
1388,2024,1388,-0.464754563,-0.436474989,0.637579187,6.311239193
1389,2024,1389,-0.033563099,-0.255033691,0.257232706,6.306695464
1390,2024,1390,0.326402071,0.130742862,0.351613435,6.302158273
1391,2024,1391,-0.174177704,0.318023463,0.362597291,6.297627606
1392,2024,1392,-0.001399102,0.266102744,0.266106422,6.293103448
1393,2024,1393,0.240989934,-0.177553012,0.29933463,6.288585786
1394,2024,1394,-0.31313596,-0.095054732,0.327245369,6.284074605
1395,2024,1395,0.173267575,-0.293325193,0.340677738,6.279569892
1396,2024,1396,-0.025868354,-0.346734239,0.347697863,6.275071633
1397,2024,1397,0.461848279,-0.474910175,0.662452645,6.270579814
1398,2024,1398,0.398742684,0.468037076,0.614861312,6.266094421
1399,2024,1399,-0.328967431,0.164734744,0.3679091,6.26161544
1400,2024,1400,0.88985616,-0.156130919,0.903449417,6.257142857
1401,2024,1401,0.246763936,0.698437469,0.740747824,6.25267666
1402,2024,1402,-0.166780426,0.058764909,0.176830498,6.248216833
1403,2024,1403,0.210674137,0.442598841,0.490180911,6.243763364
1404,2024,1404,-0.345076907,0.795406345,0.867034789,6.239316239
1405,2024,1405,-0.331872339,0.016910323,0.332302887,6.234875445
1406,2024,1406,0.369668185,0.146400131,0.397602271,6.230440967
1407,2024,1407,0.42211582,0.770902584,0.878904181,6.226012793
1408,2024,1408,0.100977265,0.513005219,0.5228487,6.221590909
1409,2024,1409,-0.127840844,-0.227711723,0.261143466,6.217175302
1410,2024,1410,-0.032834585,-0.078701939,0.085276639,6.212765957
1411,2024,1411,0.289066891,0.019007404,0.289691127,6.208362863
1412,2024,1412,-0.036400136,0.32294332,0.324988243,6.203966006
1413,2024,1413,-0.465570333,-0.334014742,0.572993527,6.199575372
1414,2024,1414,0.873621796,-0.349863249,0.941073501,6.195190948
1415,2024,1415,0.761956663,0.282858763,0.812765055,6.190812721
1416,2024,1416,-0.706633681,0.679771996,0.980520844,6.186440678
1417,2024,1417,-0.550736874,-0.202355643,0.58673581,6.182074806
1418,2024,1418,0.02814942,-0.617674453,0.618315551,6.177715092
1419,2024,1419,-0.23833529,0.238320595,0.337046608,6.173361522
1420,2024,1420,-0.333987596,0.188231387,0.383378102,6.169014085
1421,2024,1421,0.228355099,-0.058890738,0.235826568,6.164672766
1422,2024,1422,-0.2672738,0.147477387,0.30526196,6.160337553
1423,2024,1423,-0.517550868,-0.09023242,0.525357774,6.156008433
1424,2024,1424,-0.613503676,-0.999116789,1.172442373,6.151685393
1425,2024,1425,0.625136478,-0.762745038,0.98619248,6.147368421
1426,2024,1426,0.498951969,0.828956125,0.96753363,6.143057504
1427,2024,1427,-0.597880788,-0.062720891,0.601161664,6.138752628
1428,2024,1428,0.356366676,-0.605155682,0.702289547,6.134453782
1429,2024,1429,-0.463293256,0.013148861,0.463479809,6.130160952
1430,2024,1430,0.486457302,-0.659351171,0.819380665,6.125874126
1431,2024,1431,0.808908017,0.219680803,0.838207514,6.121593291
1432,2024,1432,-0.685655916,0.306626366,0.751095043,6.117318436
1433,2024,1433,0.279958343,0.214687089,0.352799122,6.113049546
1434,2024,1434,-0.124035302,0.435293267,0.452620132,6.108786611
1435,2024,1435,-0.384595071,-0.251871989,0.459731299,6.104529617
1436,2024,1436,0.103217184,0.053248831,0.116143123,6.100278552
1437,2024,1437,0.191909038,-0.378087718,0.424004011,6.096033403
1438,2024,1438,0.618656317,0.999798519,1.175726464,6.091794159
1439,2024,1439,-1.139431462,0.531417227,1.257262234,6.087560806
1440,2024,1440,-0.408041282,-1.218619903,1.285119511,6.083333333
1441,2024,1441,0.435629331,-0.283320025,0.519656762,6.079111728
1442,2024,1442,-0.232322448,-0.525293981,0.574375736,6.074895978
1443,2024,1443,0.539617996,0.480015006,0.72222018,6.070686071
1444,2024,1444,-0.738298995,0.495137967,0.888958386,6.066481994
1445,2024,1445,-0.347698793,-0.19158139,0.396985994,6.062283737
1446,2024,1446,-0.409230256,0.186197192,0.449598484,6.058091286
1447,2024,1447,-0.266424453,-0.221070559,0.346199626,6.05390463
1448,2024,1448,-0.106738656,-0.428980387,0.442060305,6.049723757
1449,2024,1449,-0.127193269,-0.08888971,0.155175733,6.045548654
1450,2024,1450,-0.075842513,0.571362067,0.576373749,6.04137931
1451,2024,1451,-0.94272472,0.458347198,1.048242363,6.037215713
1452,2024,1452,-0.192657818,-0.967052766,0.986056838,6.033057851
1453,2024,1453,0.992508851,-0.344097927,1.050465232,6.028905712
1454,2024,1454,0.306160677,-0.145361459,0.338916382,6.024759285
1455,2024,1455,0.743206497,-0.657603569,0.992370067,6.020618557
1456,2024,1456,-0.483169232,0.409752142,0.633521369,6.016483516
1457,2024,1457,-0.468861657,-0.72538016,0.863717333,6.012354152
1458,2024,1458,1.331552593,-1.70605221,2.164173388,6.008230453
1459,2024,1459,1.110849983,0.08853952,1.114372888,6.004112406
1460,2024,1460,2.054774362,1.589426505,2.597763325,6
1461,2024,1461,0.927399648,0.494345974,1.050927232,5.995893224
1462,2024,1462,-1.869688925,0.061538158,1.870701372,5.991792066
1463,2024,1463,0.405469684,-0.543184967,0.677831522,5.987696514
1464,2024,1464,1.184190225,0.81334259,1.436604558,5.983606557
1465,2024,1465,-0.573789515,0.731944825,0.930041738,5.979522184
1466,2024,1466,0.794600361,0.630579285,1.014406215,5.975443383
1467,2024,1467,-0.054499518,1.085092729,1.086460505,5.971370143
1468,2024,1468,-0.435889054,-0.319413078,0.540392433,5.967302452
1469,2024,1469,0.077239878,0.042817957,0.088314077,5.9632403
1470,2024,1470,0.033927673,0.213357701,0.216038413,5.959183673
1471,2024,1471,-0.328336718,0.364114481,0.490290073,5.955132563
1472,2024,1472,-0.928663292,0.022792162,0.928942944,5.951086957
1473,2024,1473,0.420488192,0.339068199,0.540164386,5.947046843
1474,2024,1474,-0.124345901,-0.055146398,0.136025837,5.943012212
1475,2024,1475,-0.733891258,-0.80333866,1.08809438,5.938983051
1476,2024,1476,0.334202531,-0.172715207,0.376193932,5.93495935
1477,2024,1477,-0.089195571,0.647556474,0.653670587,5.930941097
1478,2024,1478,-0.766585089,0.234562706,0.801668486,5.926928281
1479,2024,1479,-0.619869832,-0.099662037,0.627830495,5.922920892
1480,2024,1480,-0.090705362,-0.638001231,0.644416816,5.918918919
1481,2024,1481,0.12467639,-0.231846637,0.263243358,5.91492235
1482,2024,1482,0.486144115,-0.449011304,0.661775832,5.910931174
1483,2024,1483,0.286735826,0.11036307,0.307241666,5.906945381
1484,2024,1484,-0.721618824,0.12815511,0.732910267,5.90296496
1485,2024,1485,0.023843364,-1.159258268,1.159503445,5.898989899
1486,2024,1486,0.406772309,-0.319551532,0.517278352,5.895020188
1487,2024,1487,0.409335799,-0.196873327,0.454219004,5.891055817
1488,2024,1488,0.724773752,0.007625161,0.724813862,5.887096774
1489,2024,1489,-0.616211107,0.09315426,0.62321252,5.883143049
1490,2024,1490,0.012903355,-0.039902619,0.041937043,5.879194631
1491,2024,1491,0.302709232,0.131177694,0.329909785,5.875251509
1492,2024,1492,0.050038754,-0.071284927,0.087094304,5.871313673
1493,2024,1493,-0.38267245,0.72706039,0.821617316,5.867381112
1494,2024,1494,0.038666981,0.328562633,0.330830076,5.863453815
1495,2024,1495,-0.248611621,0.788458182,0.826724889,5.859531773
1496,2024,1496,-1.135564349,-0.127878046,1.142741959,5.855614973
1497,2024,1497,0.23919877,-0.162845567,0.289369539,5.851703407
1498,2024,1498,0.160234575,0.385412087,0.417393813,5.847797063
1499,2024,1499,-0.266527102,-0.24244319,0.360299038,5.843895931
1500,2024,1500,-0.349693328,-0.039993808,0.351972908,5.84
1501,2024,1501,-0.269086072,-0.486693381,0.556127469,5.83610926
1502,2024,1502,-0.221531718,-0.589803488,0.630035282,5.832223702
1503,2024,1503,0.190430094,-0.220054778,0.291011556,5.828343313
1504,2024,1504,0.79259277,0.159821878,0.808545813,5.824468085
1505,2024,1505,-0.490309263,0.233508936,0.543074209,5.820598007
1506,2024,1506,-0.293817589,-0.370715554,0.473031498,5.816733068
1507,2024,1507,0.414850441,-0.535343058,0.677268838,5.812873258
1508,2024,1508,-0.006705986,0.484461975,0.484508386,5.809018568
1509,2024,1509,-0.410444091,0.247492152,0.479287719,5.805168986
1510,2024,1510,-0.109444722,-0.242264535,0.265838771,5.801324503
1511,2024,1511,0.644974699,0.01360246,0.64511812,5.797485109
1512,2024,1512,0.040796358,0.484289709,0.486005006,5.793650794
1513,2024,1513,0.154825489,-0.254105502,0.297557622,5.789821547
1514,2024,1514,0.478180776,-0.346164215,0.590327467,5.785997358
1515,2024,1515,-0.191352863,-0.154793297,0.246123715,5.782178218
1516,2024,1516,0.202134257,0.350216257,0.404363308,5.778364116
1517,2024,1517,0.193667561,-0.581551367,0.612951154,5.774555043
1518,2024,1518,0.456180425,-0.056849792,0.459709125,5.770750988
1519,2024,1519,0.322692215,0.052901159,0.326999691,5.766951942
1520,2024,1520,0.57362592,0.008723772,0.573692253,5.763157895
1521,2024,1521,-0.125125502,0.592903035,0.605962375,5.759368836
1522,2024,1522,-0.014265233,-0.012710234,0.019106201,5.755584757
1523,2024,1523,-0.089011214,0.385298282,0.395446283,5.751805647
1524,2024,1524,-0.312635496,0.290591778,0.426830804,5.748031496
1525,2024,1525,0.163171331,0.077020497,0.180435695,5.744262295
1526,2024,1526,0.466126034,0.218968169,0.514995669,5.740498034
1527,2024,1527,-0.386485539,0.028967012,0.387569554,5.736738703
1528,2024,1528,0.000770764,0.159749906,0.159751766,5.732984293
1529,2024,1529,0.101846202,-0.228791455,0.250435978,5.729234794
1530,2024,1530,0.213430125,-0.148637214,0.260087369,5.725490196
1531,2024,1531,-0.104390426,0.075839454,0.129030941,5.72175049
1532,2024,1532,-0.061120311,-0.455756034,0.459836117,5.718015666
1533,2024,1533,-0.27027414,-0.033783608,0.27237739,5.714285714
1534,2024,1534,0.026468799,-0.657030928,0.657563866,5.710560626
1535,2024,1535,0.664081327,-0.027456294,0.664648672,5.706840391
1536,2024,1536,-0.524860347,0.340430443,0.625596732,5.703125
1537,2024,1537,0.068760362,0.161801029,0.175805462,5.699414444
1538,2024,1538,-0.363353011,-0.019841186,0.36389433,5.695708713
1539,2024,1539,-0.085612891,0.099695347,0.131410537,5.692007797
1540,2024,1540,-0.884613536,0.669508341,1.109406385,5.688311688
1541,2024,1541,-0.179914742,-0.892445308,0.910399881,5.684620376
1542,2024,1542,0.530388141,0.289770088,0.604382564,5.680933852
1543,2024,1543,-0.387413897,0.328454057,0.507909042,5.677252106
1544,2024,1544,0.289531397,-0.019244414,0.290170256,5.67357513
1545,2024,1545,-0.492480432,-0.063240021,0.496524195,5.669902913
1546,2024,1546,-0.342038777,-0.348298312,0.488162103,5.666235446
1547,2024,1547,0.151776166,-0.061711048,0.163842175,5.662572721
1548,2024,1548,0.632658735,-0.258447816,0.683412283,5.658914729
1549,2024,1549,-0.443813635,0.833780135,0.944542141,5.655261459
1550,2024,1550,-0.609706495,-0.415041806,0.737564716,5.651612903
1551,2024,1551,1.26519142,-0.746843867,1.469178373,5.647969052
1552,2024,1552,-0.130286201,0.995290359,1.003781546,5.644329897
1553,2024,1553,-0.314438703,-0.114936735,0.334786724,5.640695428
1554,2024,1554,0.375963115,0.506895904,0.631103574,5.637065637
1555,2024,1555,-0.510746653,0.425821253,0.664970588,5.633440514
1556,2024,1556,0.25176704,0.12555088,0.281335505,5.629820051
1557,2024,1557,0.236656623,-0.294793533,0.37803384,5.626204239
1558,2024,1558,0.303754697,0.161995718,0.344252129,5.622593068
1559,2024,1559,-0.076278053,0.355942164,0.364023578,5.61898653
1560,2024,1560,0.014118072,-0.636336621,0.636493217,5.615384615
1561,2024,1561,0.008450529,0.386504011,0.386596381,5.611787316
1562,2024,1562,-0.327125548,-0.209054271,0.388220057,5.608194622
1563,2024,1563,0.367040341,-0.171179746,0.404995207,5.604606526
1564,2024,1564,-0.318729606,0.256525459,0.409137963,5.601023018
1565,2024,1565,-0.168213269,-0.646192315,0.667727648,5.597444089
1566,2024,1566,-0.050995332,-0.30248207,0.306750593,5.593869732
1567,2024,1567,0.131764171,0.321424304,0.34738362,5.590299936
1568,2024,1568,-0.605466419,0.395133026,0.722993564,5.586734694
1569,2024,1569,-0.454831726,-0.56762453,0.727371642,5.583173996
1570,2024,1570,0.682902151,-0.315763508,0.75237088,5.579617834
1571,2024,1571,-0.237923409,0.376835592,0.445659749,5.5760662
1572,2024,1572,-0.061727047,-0.28767996,0.294227782,5.572519084
1573,2024,1573,-0.23430294,-0.580396132,0.625905375,5.568976478
1574,2024,1574,0.498125308,-0.41585632,0.648895447,5.565438374
1575,2024,1575,0.299015523,0.027026328,0.300234417,5.561904762
1576,2024,1576,-0.052013489,-0.654959485,0.65702156,5.558375635
1577,2024,1577,0.439647061,-0.26214205,0.511867163,5.554850983
1578,2024,1578,0.306673706,-0.195501542,0.363688898,5.551330798
1579,2024,1579,0.297582393,-0.236901666,0.380365193,5.547815073
1580,2024,1580,-0.145235338,-0.073974198,0.162989219,5.544303797
1581,2024,1581,0.414938425,0.122736786,0.432710313,5.540796964
1582,2024,1582,0.163014414,0.264852567,0.310999327,5.537294564
1583,2024,1583,-0.022328345,0.013615382,0.026152125,5.533796589
1584,2024,1584,0.026898734,0.78931142,0.789769624,5.53030303
1585,2024,1585,-0.586772708,0.291717961,0.655287403,5.52681388
1586,2024,1586,0.226560356,-0.184255466,0.292026834,5.52332913
1587,2024,1587,0.148489988,0.874881318,0.887393146,5.519848771
1588,2024,1588,-0.572479634,0.170691151,0.597384634,5.516372796
1589,2024,1589,0.21129814,0.58809635,0.624903369,5.512901196
1590,2024,1590,-0.338394081,0.110797428,0.356071094,5.509433962
1591,2024,1591,-0.076472863,-0.051316845,0.092095154,5.505971087
1592,2024,1592,-0.063982378,0.273123617,0.280517833,5.502512563
1593,2024,1593,-0.382407414,0.193790865,0.428707744,5.49905838
1594,2024,1594,-0.321150886,-0.53479603,0.623814624,5.495608532
1595,2024,1595,0.471530662,-0.264415921,0.54060794,5.492163009
1596,2024,1596,0.178108155,0.37097646,0.411516766,5.488721805
1597,2024,1597,0.060861489,-0.210461493,0.219084826,5.485284909
1598,2024,1598,0.026626315,0.442661722,0.443461791,5.481852315
1599,2024,1599,-0.485508557,-0.558662255,0.740150035,5.478424015
1600,2024,1600,0.699109884,-0.518715011,0.870528513,5.475
1601,2024,1601,0.23969111,0.774198066,0.810453252,5.471580262
1602,2024,1602,-0.447796913,-0.288340979,0.532599846,5.468164794
1603,2024,1603,0.334585585,-0.67062926,0.749460552,5.464753587
1604,2024,1604,0.503087245,0.179837492,0.53426426,5.461346633
1605,2024,1605,-0.082128297,-0.236799982,0.250637764,5.457943925
1606,2024,1606,0.500906997,-0.29156826,0.579585947,5.454545455
1607,2024,1607,0.106814874,0.459323609,0.471579893,5.451151213
1608,2024,1608,-0.733583233,0.349236504,0.812471843,5.447761194
1609,2024,1609,-0.056213763,-0.825067587,0.826980357,5.444375388
1610,2024,1610,0.460162416,-0.121907453,0.476036633,5.440993789
1611,2024,1611,0.030354462,0.590900218,0.591679357,5.437616387
1612,2024,1612,0.025832618,0.399617724,0.400451807,5.434243176
1613,2024,1613,-0.567055539,0.074033194,0.571867903,5.430874148
1614,2024,1614,0.083689874,-0.087011623,0.120727038,5.427509294
1615,2024,1615,-0.155213796,0.796034797,0.811025721,5.424148607
1616,2024,1616,-0.724477571,-0.04080129,0.725625589,5.420792079
1617,2024,1617,-0.035460656,-0.099569343,0.105695375,5.417439703
1618,2024,1618,-0.324570728,0.170348622,0.366558059,5.414091471
1619,2024,1619,-0.275791666,-0.355123177,0.449637092,5.410747375
1620,2024,1620,0.281419703,-0.202122568,0.346483162,5.407407407
1621,2024,1621,-0.205561449,-0.093574407,0.225857652,5.404071561
1622,2024,1622,-0.48241374,-0.01608143,0.482681706,5.400739827
1623,2024,1623,-0.303592464,-0.628211346,0.697723355,5.3974122
1624,2024,1624,0.042179647,-0.010851089,0.043553057,5.39408867
1625,2024,1625,-0.019727452,-0.249732789,0.250510755,5.390769231
1626,2024,1626,-0.001567728,-0.389669329,0.389672483,5.387453875
1627,2024,1627,0.015378993,-0.030190012,0.033881415,5.384142594
1628,2024,1628,0.26404237,0.009999818,0.264231659,5.380835381
1629,2024,1629,-0.19446844,-0.4109415,0.454632699,5.377532228
1630,2024,1630,0.598384346,0.502295554,0.781258375,5.374233129
1631,2024,1631,-0.038643889,0.752042149,0.753034358,5.370938075
1632,2024,1632,-0.255841228,-0.275892563,0.376259805,5.367647059
1633,2024,1633,0.512392823,-0.029903857,0.513264693,5.364360073
1634,2024,1634,0.4130793,0.166160151,0.445245666,5.361077111
1635,2024,1635,0.034252124,0.330463961,0.332234312,5.357798165
1636,2024,1636,-0.067388788,-0.014330028,0.068895562,5.354523227
1637,2024,1637,0.186092529,0.284760677,0.340175062,5.351252291
1638,2024,1638,0.056053715,0.076459902,0.094805778,5.347985348
1639,2024,1639,0.288608645,-0.029766023,0.290139563,5.344722392
1640,2024,1640,0.298857215,0.17914397,0.34843679,5.341463415
1641,2024,1641,-0.136038551,0.034494621,0.140343743,5.33820841
1642,2024,1642,-0.236286478,-0.34823994,0.420835307,5.334957369
1643,2024,1643,0.243355224,-0.172172555,0.298102589,5.331710286
1644,2024,1644,0.266726887,0.377767699,0.462440987,5.328467153
1645,2024,1645,-0.420327161,-0.112145684,0.435030547,5.325227964
1646,2024,1646,0.005476015,-0.323878225,0.323924515,5.32199271
1647,2024,1647,0.275273905,-0.358086852,0.451665713,5.318761384
1648,2024,1648,0.104949582,-0.160698973,0.191933777,5.315533981
1649,2024,1649,-0.25088953,0.271962297,0.370012225,5.312310491
1650,2024,1650,-0.228611379,-0.289382636,0.368789198,5.309090909
1651,2024,1651,0.058102932,-0.427636117,0.431565289,5.305875227
1652,2024,1652,0.289004678,0.075393787,0.298676961,5.302663438
1653,2024,1653,-0.102669288,0.167475944,0.196441275,5.299455535
1654,2024,1654,-0.302623908,-0.255601234,0.396122734,5.296251511
1655,2024,1655,0.351705696,-0.297991874,0.460972943,5.29305136
1656,2024,1656,-0.110286485,0.107370571,0.153920591,5.289855072
1657,2024,1657,0.255372407,0.138545459,0.290533837,5.286662643
1658,2024,1658,0.050038227,0.099141384,0.111053313,5.283474065
1659,2024,1659,-0.063529043,0.097641696,0.116489656,5.280289331
1660,2024,1660,0.014463014,0.079577648,0.080881276,5.277108434
1661,2024,1661,0.272901819,0.027433317,0.274277213,5.273931367
1662,2024,1662,-0.305948068,0.309104192,0.434913349,5.270758123
1663,2024,1663,-0.124942152,-0.235762612,0.26682307,5.267588695
1664,2024,1664,0.326962777,0.096627995,0.340942264,5.264423077
1665,2024,1665,-0.05955447,0.095909964,0.112895775,5.261261261
1666,2024,1666,0.253763651,0.265263032,0.367097354,5.258103241
1667,2024,1667,-0.506439916,0.374864031,0.630082876,5.25494901
1668,2024,1668,-0.537228804,-0.352647763,0.642631491,5.251798561
1669,2024,1669,0.043868995,0.012021211,0.045486242,5.248651887
1670,2024,1670,0.070818558,0.084602003,0.110330264,5.245508982
1671,2024,1671,-0.148182469,0.050919375,0.156687034,5.242369838
1672,2024,1672,-0.007331136,0.134798307,0.134997515,5.23923445
1673,2024,1673,0.041041427,0.12386801,0.130490163,5.236102809
1674,2024,1674,-0.070987371,-0.097826326,0.120868511,5.23297491
1675,2024,1675,0.197074272,0.167457578,0.258612276,5.229850746
1676,2024,1676,-0.40826017,0.495062035,0.641687451,5.22673031
1677,2024,1677,0.147677393,-0.251407054,0.291571808,5.223613596
1678,2024,1678,-0.041690954,0.101416862,0.109651792,5.220500596
1679,2024,1679,-0.026528621,-0.351805362,0.352804167,5.217391304
1680,2024,1680,0.713136296,0.320030853,0.781654094,5.214285714
1681,2024,1681,-0.552968227,0.431748554,0.701555895,5.211183819
1682,2024,1682,-0.309952948,-0.98665257,1.034192498,5.208085612
1683,2024,1683,0.970744999,0.562646665,1.12201476,5.204991087
1684,2024,1684,-0.516369972,0.604502928,0.795023105,5.201900238
1685,2024,1685,-0.694548116,-0.559413092,0.891818419,5.198813056
1686,2024,1686,0.211060634,-0.24103669,0.320383016,5.195729537
1687,2024,1687,0.204765416,-0.163184757,0.261836095,5.192649674
1688,2024,1688,0.411922258,-0.197830896,0.456964999,5.18957346
1689,2024,1689,0.04334916,0.470582764,0.472575166,5.186500888
1690,2024,1690,-0.258804611,-0.088340696,0.27346646,5.183431953
1691,2024,1691,0.067225879,0.032710974,0.074761799,5.180366647
1692,2024,1692,0.105788985,-0.175453835,0.204878885,5.177304965
1693,2024,1693,0.084944956,0.001064351,0.084951624,5.174246899
1694,2024,1694,-0.069923195,-0.242808504,0.252676122,5.171192444
1695,2024,1695,0.25876921,0.090883484,0.274265039,5.168141593
1696,2024,1696,-0.26462201,0.260482354,0.371316395,5.16509434
1697,2024,1697,-0.03333137,-0.395625136,0.397026735,5.162050678
1698,2024,1698,0.00897981,0.094389979,0.094816165,5.159010601
1699,2024,1699,-0.301657435,-0.167895049,0.34523319,5.155974102
1700,2024,1700,0.406933991,-0.053826418,0.410478448,5.152941176
1701,2024,1701,-0.208787737,0.280538306,0.349705677,5.149911817
1702,2024,1702,-0.595356906,-0.369135208,0.700507421,5.146886016
1703,2024,1703,0.115425005,-0.145350526,0.185606323,5.14386377
1704,2024,1704,-0.082299954,-0.60341552,0.609002112,5.14084507
1705,2024,1705,0.72872871,-0.189028305,0.752846088,5.137829912
1706,2024,1706,0.146201117,0.739602055,0.753913766,5.134818288
1707,2024,1707,-0.755283606,0.022282275,0.755612219,5.131810193
1708,2024,1708,-0.136062153,-0.555145002,0.571575789,5.128805621
1709,2024,1709,0.300566961,-0.531840009,0.610896303,5.125804564
1710,2024,1710,0.471009108,0.192872142,0.508968803,5.122807018
1711,2024,1711,-0.291349677,0.727780844,0.783932134,5.119812975
1712,2024,1712,-0.333285922,-0.477723411,0.582493916,5.11682243
1713,2024,1713,0.210020547,-0.080645609,0.224971874,5.113835377
1714,2024,1714,0.005518348,0.195413062,0.195490964,5.110851809
1715,2024,1715,-0.071287155,-0.23311255,0.243768988,5.10787172
1716,2024,1716,-0.148941858,0.088837095,0.173423489,5.104895105
1717,2024,1717,0.08275842,-0.233889447,0.248099233,5.101921957
1718,2024,1718,0.606652242,0.15908354,0.627163866,5.09895227
1719,2024,1719,-0.490318433,0.257221154,0.553692052,5.095986038
1720,2024,1720,0.313179839,-0.282507285,0.421772424,5.093023256
1721,2024,1721,0.47551718,0.278027961,0.550832221,5.090063916
1722,2024,1722,-0.041265732,0.174812115,0.179616637,5.087108014
1723,2024,1723,0.434355383,0.082674442,0.442153437,5.084155543
1724,2024,1724,0.090114603,0.586304545,0.593189398,5.081206497
1725,2024,1725,-0.63585092,0.548944723,0.840027798,5.07826087
1726,2024,1726,-0.161980245,-0.409869944,0.440716429,5.075318656
1727,2024,1727,0.771078702,0.069367183,0.774192593,5.072379849
1728,2024,1728,-0.082050234,0.934247645,0.937843752,5.069444444
1729,2024,1729,-0.788381584,0.518460663,0.943581995,5.066512435
1730,2024,1730,-0.503641148,-0.172876978,0.532485545,5.063583815
1731,2024,1731,-0.227322245,-0.514020656,0.562043271,5.060658579
1732,2024,1732,0.403360112,0.130730825,0.424016425,5.057736721
1733,2024,1733,0.057960631,0.574424552,0.577341321,5.054818234
1734,2024,1734,-0.392155635,-0.139075471,0.416086564,5.051903114
1735,2024,1735,0.240499284,-0.337625206,0.41452465,5.048991354
1736,2024,1736,0.085689166,0.130730355,0.156310777,5.046082949
1737,2024,1737,-0.276309799,-0.23194721,0.360758386,5.043177893
1738,2024,1738,0.495313781,-0.176875235,0.525947327,5.04027618
1739,2024,1739,-0.068308441,0.307840865,0.315328465,5.037377803
1740,2024,1740,0.009430511,-0.548886271,0.548967278,5.034482759
1741,2024,1741,0.453904225,0.009428991,0.454002149,5.03159104
1742,2024,1742,0.083979167,0.242372171,0.25650881,5.028702641
1743,2024,1743,-0.40458884,-0.238171892,0.469486932,5.025817556
1744,2024,1744,0.058924156,-0.378220402,0.382782875,5.02293578
1745,2024,1745,0.077885286,-0.009102457,0.078415384,5.020057307
1746,2024,1746,-0.533202354,-0.113297217,0.54510642,5.017182131
1747,2024,1747,0.137541391,-0.174797075,0.222422238,5.014310246
1748,2024,1748,-0.334791503,-0.318856244,0.462336084,5.011441648
1749,2024,1749,0.363965097,-0.834870911,0.910757942,5.008576329
1750,2024,1750,0.522792929,0.644878893,0.8301694,5.005714286
1751,2024,1751,-0.735256157,0.226627652,0.769390479,5.002855511
1752,2024,1752,0.042286873,-0.82557641,0.826658689,5
1753,2024,1753,0.237254596,0.463470309,0.520667332,4.997147747
1754,2024,1754,-0.26023373,0.29689666,0.394802762,4.994298746
1755,2024,1755,-0.207723909,-0.198062221,0.287015445,4.991452991
1756,2024,1756,-0.057979889,-0.111294807,0.125491839,4.988610478
1757,2024,1757,0.514147356,-0.049223613,0.516498275,4.985771201
1758,2024,1758,-0.168064911,0.08093645,0.186538262,4.982935154
1759,2024,1759,-0.336477358,0.322036381,0.465751482,4.980102331
1760,2024,1760,-0.386830633,-0.173067419,0.423780922,4.977272727
1761,2024,1761,-0.088652237,-0.214444067,0.232046282,4.974446337
1762,2024,1762,-0.228837186,0.11067661,0.254196321,4.971623156
1763,2024,1763,-0.117293072,-0.519569024,0.532644004,4.968803176
1764,2024,1764,0.47234089,-0.057976463,0.475885687,4.965986395
1765,2024,1765,-0.056743301,-0.009108642,0.057469728,4.963172805
1766,2024,1766,-0.288260794,-0.455139745,0.538745276,4.960362401
1767,2024,1767,0.272221508,-0.170594652,0.321258595,4.957555178
1768,2024,1768,0.063282351,0.621319155,0.624533545,4.954751131
1769,2024,1769,-0.18100305,-0.036652133,0.184676699,4.951950254
1770,2024,1770,0.292530412,0.02662441,0.293739512,4.949152542
1771,2024,1771,-0.111613837,0.417136761,0.431810984,4.94635799
1772,2024,1772,0.111654807,-0.413971533,0.428764768,4.943566591
1773,2024,1773,0.842265127,0.124981811,0.851487521,4.940778342
1774,2024,1774,-0.821250787,0.722141647,1.093591064,4.937993236
1775,2024,1775,-0.10068275,-0.53643509,0.545801816,4.935211268
1776,2024,1776,0.889508196,0.350161905,0.955948843,4.932432432
1777,2024,1777,-0.332373449,0.581417165,0.669714887,4.929656725
1778,2024,1778,-0.047158675,-0.300199022,0.303880558,4.926884139
1779,2024,1779,0.731833408,-0.428436624,0.848020093,4.924114671
1780,2024,1780,0.327744897,-0.163660431,0.366335167,4.921348315
1781,2024,1781,0.470877759,0.381711697,0.606159783,4.918585065
1782,2024,1782,0.323657943,0.312523104,0.449916831,4.915824916
1783,2024,1783,-0.034107252,0.296893703,0.298846408,4.913067863
1784,2024,1784,-0.102267739,0.213183321,0.236444113,4.910313901
1785,2024,1785,0.309620725,-0.22991156,0.38564792,4.907563025
1786,2024,1786,0.322794662,0.061947556,0.328685098,4.90481523
1787,2024,1787,-0.084284696,0.19345491,0.211018275,4.902070509
1788,2024,1788,-0.319231062,0.182283776,0.367608278,4.899328859
1789,2024,1789,-0.51649855,0.127802709,0.53207545,4.896590274
1790,2024,1790,-0.329670411,-0.239108392,0.407253487,4.893854749
1791,2024,1791,0.052380295,-0.343509595,0.347480269,4.891122278
1792,2024,1792,-0.063009376,0.067371648,0.092244894,4.888392857
1793,2024,1793,-0.421657957,-0.365168098,0.557802091,4.885666481
1794,2024,1794,-0.132787896,0.088435931,0.159541653,4.882943144
1795,2024,1795,-0.477847139,-0.181306863,0.511087142,4.880222841
1796,2024,1796,-0.043247953,-0.820665984,0.821804747,4.877505568
1797,2024,1797,0.439000509,0.373623325,0.576468417,4.874791319
1798,2024,1798,-0.186132025,0.198881759,0.27239509,4.872080089
1799,2024,1799,0.207190914,-0.196315641,0.285425832,4.869371873
1800,2024,1800,0.049779468,0.268948368,0.273516398,4.866666667
1801,2024,1801,-0.204797694,-0.026313485,0.206481222,4.863964464
1802,2024,1802,0.007361863,0.000213206,0.00736495,4.861265261
1803,2024,1803,0.313485691,-0.055777098,0.318409113,4.858569052
1804,2024,1804,0.274115709,0.08489282,0.286960299,4.855875831
1805,2024,1805,-0.348197471,0.554731717,0.654957065,4.853185596
1806,2024,1806,-0.468363755,-0.351988581,0.585884432,4.850498339
1807,2024,1807,-0.153873087,-0.103091326,0.185215411,4.847814056
1808,2024,1808,0.158747748,-0.272262874,0.315163323,4.845132743
1809,2024,1809,0.192502027,-0.055359191,0.200303945,4.842454395
1810,2024,1810,0.125723294,0.292405152,0.318287794,4.839779006
1811,2024,1811,-0.294967351,0.385732122,0.485587281,4.837106571
1812,2024,1812,-0.262012339,-0.424033016,0.498452068,4.834437086
1813,2024,1813,0.041105708,0.209444944,0.21344054,4.831770546
1814,2024,1814,-0.474312506,0.429713115,0.640020089,4.829106946
1815,2024,1815,0.281167085,-0.003004497,0.281183137,4.826446281
1816,2024,1816,0.097455598,0.704962634,0.711666993,4.823788546
1817,2024,1817,-0.374035026,0.138141096,0.398729436,4.821133737
1818,2024,1818,-0.129399754,-0.040976254,0.13573264,4.818481848
1819,2024,1819,-0.456672859,-0.43386152,0.629909453,4.815832875
1820,2024,1820,0.243668109,-0.198725061,0.31442932,4.813186813
1821,2024,1821,-0.302709927,1.031335672,1.074842578,4.810543657
1822,2024,1822,-0.224948024,-0.762027014,0.794535577,4.807903403
1823,2024,1823,-0.021184328,-0.214258577,0.215303306,4.805266045
1824,2024,1824,-0.914627924,-0.351017124,0.979672017,4.802631579
1825,2024,1825,1.74916319,-2.104467239,2.736485743,4.8
1826,2024,1826,0.578003499,0.214738851,0.616604265,4.797371303
1827,2024,1827,-0.945331554,1.026573008,1.395529966,4.794745484
1828,2024,1828,0.038795964,-0.657287701,0.658431659,4.792122538
1829,2024,1829,0.487022007,-0.464766176,0.673199847,4.78950246
1830,2024,1830,0.397345726,0.345065795,0.526264219,4.786885246
1831,2024,1831,0.255162673,-0.275720988,0.375672801,4.78427089
1832,2024,1832,0.532851547,-0.06854815,0.537242609,4.781659389
1833,2024,1833,-0.222967212,0.422828934,0.478015361,4.779050736
1834,2024,1834,-0.342392497,-0.13220768,0.367030643,4.776444929
1835,2024,1835,0.426740291,-0.005876547,0.426780751,4.773841962
1836,2024,1836,0.129698221,0.623390898,0.63674001,4.77124183
1837,2024,1837,-0.335325894,0.193829914,0.38731575,4.768644529
1838,2024,1838,0.519713809,-0.290458297,0.595372544,4.766050054
1839,2024,1839,0.044354426,-0.1087226,0.11742197,4.763458401
1840,2024,1840,-0.322598928,0.161073934,0.360575763,4.760869565
1841,2024,1841,0.064397096,0.043720967,0.077836424,4.758283542
1842,2024,1842,0.317058446,0.216628228,0.383997197,4.755700326
1843,2024,1843,0.006844362,0.375335347,0.375397746,4.753119913
1844,2024,1844,0.068979288,0.341030087,0.347936291,4.750542299
1845,2024,1845,-0.102388395,0.306294172,0.322954336,4.74796748
1846,2024,1846,-0.308681991,0.101704769,0.32500528,4.74539545
1847,2024,1847,-0.166554187,-0.394596757,0.428307013,4.742826205
1848,2024,1848,0.248444366,0.054873927,0.254432213,4.74025974
1849,2024,1849,0.067537701,0.541570455,0.545765425,4.737696052
1850,2024,1850,-0.441076781,-0.17307873,0.473819558,4.735135135
1851,2024,1851,-0.147120781,-0.028307664,0.149819384,4.732576985
1852,2024,1852,-0.052315398,-0.328620065,0.332758242,4.730021598
1853,2024,1853,-0.037652408,-0.733681774,0.734647296,4.727468969
1854,2024,1854,0.141054784,0.116628754,0.183026551,4.724919094
1855,2024,1855,0.033862224,-0.183881352,0.186973265,4.722371968
1856,2024,1856,0.333153583,-0.314990455,0.458486965,4.719827586
1857,2024,1857,-0.231398013,0.067073603,0.240923035,4.717285945
1858,2024,1858,0.125860507,0.064199632,0.14128857,4.71474704
1859,2024,1859,0.239900346,0.059153804,0.247085711,4.712210866
1860,2024,1860,0.363605551,0.111587368,0.380342921,4.709677419
1861,2024,1861,-0.248038789,0.657797735,0.703008606,4.707146695
1862,2024,1862,-0.249945611,0.022642225,0.250969079,4.70461869
1863,2024,1863,0.199593422,-0.075920621,0.213545019,4.702093398
1864,2024,1864,-0.351791547,0.356785047,0.501051757,4.699570815
1865,2024,1865,-0.182391789,-0.121085514,0.21892571,4.697050938
1866,2024,1866,0.172032309,0.207051941,0.269194394,4.694533762
1867,2024,1867,-0.760740353,0.510804172,0.916322425,4.692019282
1868,2024,1868,-0.396951088,-0.755343314,0.85329578,4.689507495
1869,2024,1869,0.196693113,-0.460811043,0.501033929,4.686998395
1870,2024,1870,-0.125571423,-0.11102064,0.167611947,4.684491979
1871,2024,1871,-0.010251172,0.148493246,0.148846668,4.681988242
1872,2024,1872,-0.917603896,-0.229023531,0.945752974,4.679487179
1873,2024,1873,0.381793565,-0.407817557,0.558642539,4.676988788
1874,2024,1874,0.196226011,0.664546001,0.692911275,4.674493063
1875,2024,1875,-0.463325874,0.009189592,0.463416998,4.672
1876,2024,1876,-0.025252749,-0.179696636,0.181462344,4.669509595
1877,2024,1877,-0.070491664,0.120840301,0.13989801,4.667021843
1878,2024,1878,0.103948355,-0.034806333,0.109620898,4.664536741
1879,2024,1879,-0.185617017,0.115688546,0.218717893,4.662054284
1880,2024,1880,-0.139784019,0.313263688,0.343036019,4.659574468
1881,2024,1881,0.289711478,-0.083121323,0.301399892,4.657097289
1882,2024,1882,0.113774824,-0.27045409,0.293411189,4.654622742
1883,2024,1883,0.374273397,0.0517951,0.377840321,4.652150823
1884,2024,1884,-0.068145541,-0.080262738,0.105289705,4.649681529
1885,2024,1885,0.179439615,-0.533156116,0.56254246,4.647214854
1886,2024,1886,0.606863854,0.079302243,0.612023352,4.644750795
1887,2024,1887,0.150240727,0.038579256,0.155114909,4.642289348
1888,2024,1888,0.240460414,0.064781409,0.249033816,4.639830508
1889,2024,1889,0.379769534,0.249160488,0.454209036,4.637374272
1890,2024,1890,-0.087465122,0.171853546,0.192830985,4.634920635
1891,2024,1891,0.176338925,-0.53669818,0.564925086,4.632469593
1892,2024,1892,0.227243317,0.487440079,0.537807917,4.630021142
1893,2024,1893,-0.059569536,0.167794929,0.178055238,4.627575277
1894,2024,1894,0.105551597,-0.119666698,0.159565843,4.625131996
1895,2024,1895,0.024711202,0.097686297,0.100763367,4.622691293
1896,2024,1896,-0.043103148,-0.054530944,0.069509029,4.620253165
1897,2024,1897,-0.16668674,-0.088323163,0.188641063,4.617817607
1898,2024,1898,0.196896996,-0.215418846,0.291845346,4.615384615
1899,2024,1899,0.027593995,-0.078343812,0.083061311,4.612954186
1900,2024,1900,-0.110815938,-0.480426564,0.493041434,4.610526316
1901,2024,1901,0.339636114,-0.295434899,0.450149386,4.608100999
1902,2024,1902,0.25783256,0.07785363,0.269330312,4.605678233
1903,2024,1903,-0.373106728,-0.241742781,0.44457643,4.603258014
1904,2024,1904,0.407441974,-0.238032135,0.471877378,4.600840336
1905,2024,1905,0.145028514,0.925399245,0.936694738,4.598425197
1906,2024,1906,-0.819514762,-0.467591389,0.943528565,4.596012592
1907,2024,1907,0.404432662,-0.289311503,0.497259413,4.593602517
1908,2024,1908,-0.215259104,0.524212844,0.566688263,4.591194969
1909,2024,1909,-0.222690381,-0.489451743,0.537730429,4.588789942
1910,2024,1910,0.146668869,0.419643149,0.444535858,4.586387435
1911,2024,1911,-0.65340751,0.693745761,0.953008161,4.583987441
1912,2024,1912,-0.48320323,-0.412848107,0.635554026,4.581589958
1913,2024,1913,0.145043777,-0.690946676,0.706006378,4.579194982
1914,2024,1914,0.275818918,0.652134448,0.708064555,4.576802508
1915,2024,1915,-0.384847471,0.232146059,0.449443398,4.574412533
1916,2024,1916,-0.576249983,-0.625472346,0.850458523,4.572025052
1917,2024,1917,0.044119654,-0.029703204,0.053186692,4.569640063
1918,2024,1918,0.538866729,0.071529308,0.543593408,4.56725756
1919,2024,1919,0.119705264,0.669176313,0.679798711,4.56487754
1920,2024,1920,-0.236697288,0.449687602,0.508177671,4.5625
1921,2024,1921,0.02184604,-0.060715379,0.064526015,4.560124935
1922,2024,1922,-0.183563301,-0.338101952,0.384718618,4.557752341
1923,2024,1923,0.507444444,0.503094777,0.714565755,4.555382215
1924,2024,1924,-0.214189922,0.473405914,0.519606083,4.553014553
1925,2024,1925,-0.177090581,-0.268992408,0.322052774,4.550649351
1926,2024,1926,0.611748847,0.225110427,0.651852251,4.548286604
1927,2024,1927,-0.073027293,0.609338416,0.613698859,4.54592631
1928,2024,1928,-0.234416677,-0.350879609,0.421980661,4.543568465
1929,2024,1929,0.394772749,-0.072427909,0.401361839,4.541213064
1930,2024,1930,-0.26778746,-0.003712023,0.267813186,4.538860104
1931,2024,1931,0.091089084,-0.053885843,0.10583433,4.536509581
1932,2024,1932,0.227680082,0.071168614,0.238543898,4.534161491
1933,2024,1933,-0.001192418,0.112121611,0.112127952,4.53181583
1934,2024,1934,-0.15175986,0.03379746,0.155477726,4.529472596
1935,2024,1935,0.096220024,-0.29008972,0.30563105,4.527131783
1936,2024,1936,-0.068787045,0.403975633,0.409790153,4.524793388
1937,2024,1937,-0.152726707,-0.111187854,0.188913171,4.522457408
1938,2024,1938,-0.398485414,0.319252343,0.510600317,4.520123839
1939,2024,1939,-0.384406869,-0.201441234,0.433989875,4.517792677
1940,2024,1940,0.021834052,-0.368151613,0.368798504,4.515463918
1941,2024,1941,-0.182868716,-0.293110935,0.345477912,4.513137558
1942,2024,1942,0.468635688,0.007426896,0.468694535,4.510813594
1943,2024,1943,-0.437035962,-0.011772893,0.437194503,4.508492023
1944,2024,1944,-0.38379774,-0.889806621,0.969049291,4.50617284
1945,2024,1945,0.520673376,-0.34135971,0.622597154,4.503856041
1946,2024,1946,0.36076256,-0.392680788,0.533242746,4.501541624
1947,2024,1947,0.165760659,-0.169247025,0.236899033,4.499229584
1948,2024,1948,-0.142056802,-0.266482069,0.301981503,4.496919918
1949,2024,1949,0.472567164,-0.310267486,0.565319058,4.494612622
1950,2024,1950,0.099337083,0.176646493,0.202661885,4.492307692
1951,2024,1951,-0.020192135,-0.225602388,0.226504216,4.490005126
1952,2024,1952,0.341680706,0.222191587,0.407571842,4.487704918
1953,2024,1953,-0.288873784,0.196290967,0.349253786,4.485407066
1954,2024,1954,0.220801902,0.098869644,0.241927027,4.483111566
1955,2024,1955,-0.402454115,0.28211989,0.491488501,4.480818414
1956,2024,1956,-0.005786496,-0.014540686,0.015649763,4.478527607
1957,2024,1957,0.040684225,0.431885316,0.43379734,4.476239142
1958,2024,1958,-0.008640609,0.270581937,0.270719864,4.473953013
1959,2024,1959,-0.186877762,0.388955622,0.431520305,4.471669219
1960,2024,1960,-0.361174469,0.003517282,0.361191595,4.469387755
1961,2024,1961,0.137498843,-0.354922263,0.380625465,4.467108618
1962,2024,1962,0.364924979,0.11551733,0.382772117,4.464831804
1963,2024,1963,0.166441867,0.635522642,0.656956561,4.46255731
1964,2024,1964,-0.406906909,-0.098154786,0.418578063,4.460285132
1965,2024,1965,0.071594461,-0.260462787,0.270123361,4.458015267
1966,2024,1966,0.358235564,0.073880684,0.365774623,4.455747711
1967,2024,1967,0.078210562,0.098291168,0.125610691,4.453482461
1968,2024,1968,-0.49059678,-0.046331713,0.492779696,4.451219512
1969,2024,1969,0.050087871,-0.479089049,0.48170023,4.448958862
1970,2024,1970,0.47999205,0.161418044,0.506407102,4.446700508
1971,2024,1971,-0.451322061,0.212965111,0.499044829,4.444444444
1972,2024,1972,-0.185142937,-0.560731531,0.590506357,4.442190669
1973,2024,1973,0.781600465,0.004723114,0.781614735,4.439939179
1974,2024,1974,-0.142290156,0.33357771,0.362657658,4.43768997
1975,2024,1975,-0.248893798,-0.224155975,0.334953763,4.435443038
1976,2024,1976,0.470141537,-0.11889744,0.484942951,4.433198381
1977,2024,1977,0.086955224,-0.02901892,0.091669562,4.430955994
1978,2024,1978,0.271385083,0.099678634,0.289111904,4.428715875
1979,2024,1979,0.156098453,0.341312171,0.375314169,4.426478019
1980,2024,1980,0.101414532,0.267708573,0.286273972,4.424242424
1981,2024,1981,-0.198448463,0.220144715,0.296387395,4.422009086
1982,2024,1982,0.166693075,0.071754089,0.181480661,4.419778002
1983,2024,1983,-0.17004364,0.459456009,0.489912915,4.417549168
1984,2024,1984,-0.508808647,-0.11326794,0.52126372,4.415322581
1985,2024,1985,0.126795482,-0.095404151,0.158679068,4.413098237
1986,2024,1986,-0.41787398,0.170578975,0.451348922,4.410876133
1987,2024,1987,0.048306152,0.252846356,0.257419432,4.408656266
1988,2024,1988,-0.643358472,0.415681925,0.765964481,4.406438632
1989,2024,1989,-0.306411482,-0.679642576,0.745521312,4.404223228
1990,2024,1990,0.384399282,-0.099602644,0.397093811,4.40201005
1991,2024,1991,-0.463754374,0.247198359,0.525523689,4.399799096
1992,2024,1992,-0.444875846,-0.398575512,0.597308092,4.397590361
1993,2024,1993,0.296593791,-0.51260314,0.592224498,4.395383843
1994,2024,1994,-0.319913903,0.388053896,0.502922192,4.393179539
1995,2024,1995,-0.053641488,-0.553742357,0.556334439,4.390977444
1996,2024,1996,0.729616443,-0.241123459,0.768427405,4.388777555
1997,2024,1997,-0.46055748,0.539983194,0.709714761,4.38657987
1998,2024,1998,-0.317706867,-0.631779662,0.707165607,4.384384384
1999,2024,1999,0.363606512,-0.346734368,0.50242852,4.382191096
2000,2024,2000,0.034688165,0.356349167,0.358033514,4.38
2001,2024,2001,0.070265966,-0.088075049,0.112669962,4.377811094
2002,2024,2002,0.290597744,0.443886887,0.530549354,4.375624376
2003,2024,2003,-0.245005943,-0.080938711,0.258029043,4.37343984
2004,2024,2004,0.401732033,-0.318115567,0.512431595,4.371257485
2005,2024,2005,0.40242703,0.401388874,0.568384151,4.369077307
2006,2024,2006,-0.106131306,0.108783315,0.151979156,4.366899302
2007,2024,2007,0.0915431,0.054440359,0.106507708,4.364723468
2008,2024,2008,0.213831181,0.248602587,0.327913129,4.362549801
2009,2024,2009,0.301541678,-0.241468655,0.386308808,4.360378298
2010,2024,2010,0.329348814,0.107148626,0.346340106,4.358208955
2011,2024,2011,-0.051414537,0.401183297,0.404464451,4.35604177
2012,2024,2012,-0.609826198,-0.371738221,0.714196959,4.35387674
2013,2024,2013,0.306615783,-0.678449981,0.744518378,4.35171386
2014,2024,2014,0.397594675,0.593710763,0.714544608,4.349553128
2015,2024,2015,-0.687364325,0.051370126,0.689281224,4.347394541
2016,2024,2016,-0.178062585,-0.62908313,0.653798034,4.345238095
2017,2024,2017,0.183887867,-0.113147498,0.215909944,4.343083788
2018,2024,2018,0.063500768,0.019371621,0.066389813,4.340931615
2019,2024,2019,-0.192522296,0.313020813,0.36748723,4.338781575
2020,2024,2020,-0.53542528,-0.295116185,0.611370422,4.336633663
2021,2024,2021,0.097195101,-0.241475878,0.260302684,4.334487877
2022,2024,2022,0.334489455,-0.120346407,0.355480595,4.332344214
2023,2024,2023,0.13887387,0.096722678,0.169237196,4.330202669
2024,2024,2024,-0.111530706,-0.007370578,0.111773985,4.328063241
2025,2024,2025,-0.007597747,-0.252016223,0.252130725,4.325925926
2026,2024,2026,0.115606665,-0.290575303,0.312728169,4.323790721
2027,2024,2027,0.270328047,0.002607538,0.270340622,4.321657622
2028,2024,2028,-0.056856002,0.225467879,0.232526062,4.319526627
2029,2024,2029,-0.251933553,-0.311209741,0.40040232,4.317397733
2030,2024,2030,0.106030071,-0.304853656,0.322766367,4.315270936
2031,2024,2031,0.36479204,-0.087532473,0.37514686,4.313146233
2032,2024,2032,-0.06681627,0.384365827,0.390130111,4.311023622
2033,2024,2033,-0.219651209,0.151740389,0.266967787,4.308903099
2034,2024,2034,-0.040600711,0.103576098,0.111249385,4.306784661
2035,2024,2035,-0.268315015,0.02246758,0.269254042,4.304668305
2036,2024,2036,-0.065690001,-0.060690843,0.089434639,4.302554028
2037,2024,2037,0.267832972,0.22345897,0.348809994,4.300441826
2038,2024,2038,-0.161515005,0.354462141,0.389526002,4.298331698
2039,2024,2039,-0.230727149,0.128349565,0.264023916,4.296223639
2040,2024,2040,0.007573126,-0.002984538,0.008140006,4.294117647
2041,2024,2041,0.420667683,0.380993824,0.567554045,4.292013719
2042,2024,2042,-0.205017572,0.373387197,0.425969722,4.289911851
2043,2024,2043,-0.253656876,-0.02102719,0.25452692,4.287812041
2044,2024,2044,0.076722046,-0.08512388,0.114596455,4.285714286
2045,2024,2045,0.192047532,0.150124617,0.243761472,4.283618582
2046,2024,2046,0.061141297,0.194483593,0.203867914,4.281524927
2047,2024,2047,-0.40370513,0.342337166,0.529313298,4.279433317
2048,2024,2048,0.200748249,-0.323423295,0.380660593,4.27734375
2049,2024,2049,0.437562361,0.083611005,0.44547909,4.275256223
2050,2024,2050,-0.31551877,0.64200225,0.715345359,4.273170732
2051,2024,2051,-0.131719014,-0.107606411,0.170085385,4.271087275
2052,2024,2052,-0.129663715,-0.099595887,0.163499295,4.269005848
2053,2024,2053,-0.17486411,-0.250365321,0.305385414,4.266926449
2054,2024,2054,0.50629728,-0.077328608,0.512168575,4.264849075
2055,2024,2055,0.089886206,0.185907089,0.206496915,4.262773723
2056,2024,2056,0.085548429,0.175828654,0.195535801,4.260700389
2057,2024,2057,-0.383718048,-0.234351686,0.449622345,4.258629071
2058,2024,2058,0.101974637,-0.53090736,0.540612108,4.256559767
2059,2024,2059,0.353957315,-0.075697398,0.361961154,4.254492472
2060,2024,2060,0.129691858,-0.02341582,0.131788766,4.252427184
2061,2024,2061,0.063172707,0.199528057,0.209289838,4.250363901
2062,2024,2062,-0.332178893,-0.087020755,0.343388161,4.248302619
2063,2024,2063,0.070680296,-0.159653772,0.174599631,4.246243335
2064,2024,2064,-0.031717146,-0.074053039,0.080559481,4.244186047
2065,2024,2065,0.334887387,-0.150409969,0.367114043,4.242130751
2066,2024,2066,-0.092185654,0.330601192,0.343213262,4.240077444
2067,2024,2067,-0.604506049,-0.111738985,0.614746422,4.238026125
2068,2024,2068,0.216478801,-0.221743562,0.309892366,4.235976789
2069,2024,2069,-0.355450574,0.039975429,0.357691411,4.233929435
2070,2024,2070,0.105981626,-0.725243631,0.732946403,4.231884058
2071,2024,2071,0.57295901,0.318419298,0.655494376,4.229840657
2072,2024,2072,-0.544945429,0.40201008,0.677183597,4.227799228
2073,2024,2073,-0.244649152,-0.551639194,0.603455888,4.225759768
2074,2024,2074,-0.023881391,-0.256639512,0.25774825,4.223722276
2075,2024,2075,-0.03621524,-0.133252416,0.138086024,4.221686747
2076,2024,2076,0.25909714,0.080295239,0.271253854,4.219653179
2077,2024,2077,-0.432358549,-0.113486236,0.44700452,4.21762157
2078,2024,2078,0.115812388,0.017702091,0.117157471,4.215591915
2079,2024,2079,-0.130866957,0.247140442,0.27965078,4.213564214
2080,2024,2080,-0.379707147,-0.229628663,0.443741862,4.211538462
2081,2024,2081,0.068216349,0.132661565,0.149172923,4.209514656
2082,2024,2082,-0.310861353,0.132039181,0.337741212,4.207492795
2083,2024,2083,-0.012385188,-0.318983385,0.319223735,4.205472876
2084,2024,2084,0.012892008,0.271037033,0.271343467,4.203454894
2085,2024,2085,-0.217860227,-0.070559455,0.229001562,4.201438849
2086,2024,2086,0.146722453,-0.341989075,0.372134392,4.199424736
2087,2024,2087,0.309760453,0.130170292,0.335999767,4.197412554
2088,2024,2088,0.026103009,-0.242199312,0.243601876,4.195402299
2089,2024,2089,0.458654203,0.168704221,0.488697035,4.193393968
2090,2024,2090,0.022320116,0.495980751,0.496482722,4.19138756
2091,2024,2091,-0.204289603,-0.509684996,0.549102028,4.18938307
2092,2024,2092,0.569987389,-0.422385956,0.709433238,4.187380497
2093,2024,2093,0.581782155,0.438198201,0.728346167,4.185379838
2094,2024,2094,0.139137868,0.625564514,0.640851236,4.183381089
2095,2024,2095,-0.444431115,0.156597794,0.471213205,4.181384248
2096,2024,2096,-0.114698528,-0.136909877,0.178605898,4.179389313
2097,2024,2097,0.252299304,0.125700275,0.281878516,4.17739628
2098,2024,2098,0.435258843,0.293966568,0.525230048,4.175405148
2099,2024,2099,-0.253611292,0.530708498,0.588192313,4.173415912
2100,2024,2100,-0.382252104,-0.082964072,0.391151772,4.171428571
2101,2024,2101,0.357337867,0.004933901,0.357371928,4.169443122
2102,2024,2102,0.001194018,0.469690125,0.469691643,4.167459562
2103,2024,2103,0.11188107,-0.161895166,0.196792832,4.165477889
2104,2024,2104,0.181851241,0.76617716,0.78746258,4.163498099
2105,2024,2105,-0.558411994,-0.075149246,0.563445973,4.16152019
2106,2024,2106,0.38993139,-0.338465897,0.5163387,4.15954416
2107,2024,2107,0.043693417,0.309593227,0.312661288,4.157570005
2108,2024,2108,0.027419504,-0.122625875,0.125654027,4.155597723
2109,2024,2109,0.045338185,0.381105791,0.383793141,4.153627312
2110,2024,2110,-0.634577808,-0.034371652,0.635507989,4.151658768
2111,2024,2111,0.148562485,-0.268172746,0.3065737,4.149692089
2112,2024,2112,0.043909367,0.037637896,0.057832894,4.147727273
2113,2024,2113,-0.449966281,-0.099419804,0.460818784,4.145764316
2114,2024,2114,-0.222410084,-0.53685325,0.581100385,4.143803217
2115,2024,2115,0.470409828,-0.113411207,0.483887909,4.141843972
2116,2024,2116,-0.237633748,0.211761078,0.318296328,4.139886578
2117,2024,2117,-0.463782795,-0.535105691,0.708119045,4.137931034
2118,2024,2118,0.42771261,-0.302039392,0.52360851,4.135977337
2119,2024,2119,0.399169691,-0.14218392,0.423736604,4.134025484
2120,2024,2120,0.124000943,0.122888353,0.174578868,4.132075472
2121,2024,2121,0.027930306,0.101002115,0.104792792,4.130127298
2122,2024,2122,-0.064154006,-0.456673956,0.461158149,4.128180961
2123,2024,2123,0.075129575,-0.142798279,0.161356133,4.126236458
2124,2024,2124,0.363042659,0.236422134,0.433238269,4.124293785
2125,2024,2125,-0.140835247,0.291466383,0.32370854,4.122352941
2126,2024,2126,-0.259060115,-0.057596319,0.265385529,4.120413923
2127,2024,2127,0.121200053,0.092063046,0.152200714,4.118476728
2128,2024,2128,-0.62311952,0.052905334,0.625361424,4.116541353
2129,2024,2129,0.048783266,-0.524120004,0.526385397,4.114607797
2130,2024,2130,-0.155462806,0.346438382,0.379721262,4.112676056
2131,2024,2131,-0.681772626,-0.193671694,0.708747232,4.110746129
2132,2024,2132,0.382705724,-0.091975834,0.393602877,4.108818011
2133,2024,2133,0.020631633,0.519215894,0.519625643,4.106891702
2134,2024,2134,-0.597769057,-0.182387627,0.624974473,4.104967198
2135,2024,2135,-0.131346889,-0.52620802,0.542353101,4.103044496
2136,2024,2136,0.467493867,-0.136782169,0.487093294,4.101123596
2137,2024,2137,-0.168463669,0.238997659,0.29240364,4.099204492
2138,2024,2138,-0.353491243,-0.146686712,0.382717978,4.097287184
2139,2024,2139,-0.119110759,0.473316054,0.488073211,4.095371669
2140,2024,2140,-0.353219756,-0.150855681,0.384085449,4.093457944
2141,2024,2141,0.291967353,-0.393643126,0.490101873,4.091546007
2142,2024,2142,0.167811181,0.430369625,0.461929223,4.089635854
2143,2024,2143,-0.479649026,0.312172071,0.572288904,4.087727485
2144,2024,2144,-0.565317255,-0.622219432,0.840678666,4.085820896
2145,2024,2145,0.155721619,-0.039917399,0.160756404,4.083916084
2146,2024,2146,0.295598277,0.274040466,0.403083761,4.082013048
2147,2024,2147,0.182726548,-0.271229763,0.327039104,4.080111784
2148,2024,2148,0.589128154,0.378697947,0.700345712,4.078212291
2149,2024,2149,0.045364095,0.381928749,0.384613403,4.076314565
2150,2024,2150,-0.095885364,-0.534777464,0.543305567,4.074418605
2151,2024,2151,0.843045782,-0.089841111,0.84781933,4.072524407
2152,2024,2152,0.072946409,0.444836151,0.450777528,4.07063197
2153,2024,2153,0.442175632,-0.238568631,0.502428385,4.068741291
2154,2024,2154,0.75032427,0.592669025,0.956160595,4.066852368
2155,2024,2155,-0.195529625,0.14237822,0.241874744,4.064965197
2156,2024,2156,0.14391623,-0.150313009,0.208100654,4.063079777
2157,2024,2157,-0.030931678,0.275236893,0.276969522,4.061196106
2158,2024,2158,-0.299642606,-0.215044154,0.368822016,4.05931418
2159,2024,2159,0.24176514,-0.00671802,0.24185846,4.057433997
2160,2024,2160,-0.106016151,0.419928469,0.43310431,4.055555556
2161,2024,2161,-0.362798876,-0.019881191,0.363343208,4.053678852
2162,2024,2162,0.01806802,-0.23385985,0.23455678,4.051803885
2163,2024,2163,0.100075521,-0.111550189,0.149861785,4.049930652
2164,2024,2164,0.284355995,-0.109223708,0.304611474,4.04805915
2165,2024,2165,-0.02012819,0.304285372,0.304950376,4.046189376
2166,2024,2166,-0.172226418,0.079061329,0.189506287,4.04432133
2167,2024,2167,0.091230285,-0.132459669,0.160836963,4.042455007
2168,2024,2168,0.097490426,-0.272631931,0.289538517,4.040590406
2169,2024,2169,0.04057348,-0.266611716,0.26968132,4.038727524
2170,2024,2170,0.424495372,0.221040968,0.478597357,4.036866359
2171,2024,2171,-0.490233639,0.196081186,0.527993231,4.035006909
2172,2024,2172,-0.022305227,-0.322978784,0.323748078,4.033149171
2173,2024,2173,-0.0110344,0.224081252,0.22435277,4.031293143
2174,2024,2174,-0.684144334,-0.414946291,0.80014617,4.029438822
2175,2024,2175,0.440773662,-0.544926216,0.700875169,4.027586207
2176,2024,2176,0.108861818,0.501088057,0.512776888,4.025735294
2177,2024,2177,-0.743255387,-0.218489958,0.774704093,4.023886082
2178,2024,2178,0.32468466,-0.081647609,0.334793161,4.022038567
2179,2024,2179,0.193842132,0.55653542,0.589327112,4.020192749
2180,2024,2180,-0.252328972,-0.306231555,0.396796768,4.018348624
2181,2024,2181,0.522786516,0.030205924,0.523658419,4.01650619
2182,2024,2182,-0.016091157,0.395753461,0.396080455,4.014665445
2183,2024,2183,0.021194306,0.109450177,0.111483362,4.012826386
2184,2024,2184,-0.337421889,0.491463984,0.596146273,4.010989011
2185,2024,2185,-0.13126818,0.099012962,0.164422936,4.009153318
2186,2024,2186,0.332401338,0.495698401,0.596831261,4.007319305
2187,2024,2187,-0.703585366,-0.304583431,0.766683398,4.005486968
2188,2024,2188,0.546163159,0.081946545,0.552276591,4.003656307
2189,2024,2189,-0.575624874,1.199942132,1.330866303,4.001827318
2190,2024,2190,-1.820746178,-1.478906655,2.345694255,4
2191,2024,2191,0.566921543,-0.387176382,0.686516997,3.99817435
2192,2024,2192,0.359109805,0.942759709,1.008838798,3.996350365
2193,2024,2193,-0.5124287,-0.558859648,0.758226403,3.994528044
2194,2024,2194,0.217784175,-0.173221317,0.278272477,3.992707384
2195,2024,2195,0.062658731,-0.181439438,0.191954125,3.990888383
2196,2024,2196,-0.058827251,-0.459619301,0.463368695,3.989071038
2197,2024,2197,0.09267224,-0.393409383,0.404177049,3.987255348
2198,2024,2198,0.37267561,0.257923433,0.453223574,3.98544131
2199,2024,2199,-0.202322986,0.148373688,0.250897075,3.983628922
2200,2024,2200,0.24918059,-0.482073842,0.542665786,3.981818182
2201,2024,2201,0.532785855,0.358954669,0.642424487,3.980009087
2202,2024,2202,-0.443301792,0.024911706,0.444001207,3.978201635
2203,2024,2203,-0.00527507,-0.530736893,0.530763107,3.976395824
2204,2024,2204,-0.14694162,0.091638743,0.173174764,3.974591652
2205,2024,2205,0.053354894,0.032315863,0.062378359,3.972789116
2206,2024,2206,0.134061168,0.28533986,0.315263751,3.970988214
2207,2024,2207,-0.031682923,-0.114363317,0.118670872,3.969188944
2208,2024,2208,0.126265916,-0.114950466,0.170753305,3.967391304
2209,2024,2209,0.383704822,-0.034845124,0.385283757,3.965595292
2210,2024,2210,0.127597806,0.297991367,0.324160539,3.963800905
2211,2024,2211,0.031010608,0.077840885,0.083790579,3.962008141
2212,2024,2212,0.018072023,0.05411936,0.057057017,3.960216998
2213,2024,2213,0.251101012,0.120552274,0.278540067,3.958427474
2214,2024,2214,0.298905643,-0.069060937,0.306780046,3.956639566
2215,2024,2215,0.234297194,0.027098383,0.235859063,3.954853273
2216,2024,2216,0.134892773,0.506249903,0.523913184,3.953068592
2217,2024,2217,-0.255781753,-0.219204959,0.336860683,3.951285521
2218,2024,2218,-0.130723291,0.195071452,0.234822167,3.949504058
2219,2024,2219,-0.370815714,-0.170560997,0.408160933,3.9477242
2220,2024,2220,0.275917361,-0.562385739,0.626424863,3.945945946
2221,2024,2221,0.204585507,0.179721712,0.272314383,3.944169293
2222,2024,2222,-0.155829311,0.02466998,0.157770029,3.942394239
2223,2024,2223,0.189761821,-0.197475073,0.273872148,3.940620783
2224,2024,2224,0.359179298,-0.063138959,0.364686572,3.938848921
2225,2024,2225,0.071840404,-0.059090208,0.09301987,3.937078652
2226,2024,2226,0.226235343,-0.055900936,0.233039363,3.935309973
2227,2024,2227,0.570820427,0.197269057,0.603946223,3.933542883
2228,2024,2228,-0.255620499,0.344290937,0.428810084,3.931777379
2229,2024,2229,0.066778294,-0.14305021,0.157869259,3.930013459
2230,2024,2230,0.274338445,0.110059689,0.295592148,3.928251121
2231,2024,2231,0.041265422,0.029150991,0.050523413,3.926490363
2232,2024,2232,0.216228431,0.230774501,0.316246114,3.924731183
2233,2024,2233,-0.551414316,0.377423131,0.668211021,3.922973578
2234,2024,2234,-0.631501329,-0.378980032,0.736491543,3.921217547
2235,2024,2235,0.000788069,-0.265007771,0.265008943,3.919463087
2236,2024,2236,-0.137057197,0.131393783,0.189865746,3.917710197
2237,2024,2237,-0.515586189,0.186795043,0.548380805,3.915958873
2238,2024,2238,-0.193837513,-0.455815911,0.495319216,3.914209115
2239,2024,2239,0.211461089,-0.179209263,0.277185411,3.91246092
2240,2024,2240,-0.134877663,0.083480572,0.158622161,3.910714286
2241,2024,2241,-0.235247605,0.107263908,0.258547832,3.90896921
2242,2024,2242,-0.359612503,0.048995051,0.362934798,3.907225691
2243,2024,2243,-0.135123549,-0.25941681,0.292498641,3.905483727
2244,2024,2244,0.068390516,0.193435744,0.205169807,3.903743316
2245,2024,2245,0.018198699,0.306179761,0.30672013,3.902004454
2246,2024,2246,-0.400715918,0.114443652,0.416738043,3.900267142
2247,2024,2247,-0.299869948,-0.375641881,0.480654562,3.898531375
2248,2024,2248,0.237978405,0.083866864,0.252323943,3.896797153
2249,2024,2249,-0.155126508,0.325265693,0.360363712,3.895064473
2250,2024,2250,-0.326912382,0.056605868,0.331776928,3.893333333
2251,2024,2251,-0.00517908,-0.056863653,0.057099018,3.891603732
2252,2024,2252,0.066210837,-0.145573703,0.159923663,3.889875666
2253,2024,2253,0.234244948,-0.122363953,0.264279459,3.888149134
2254,2024,2254,0.351419829,0.161085499,0.386580437,3.886424135
2255,2024,2255,0.056498685,0.192680984,0.200793583,3.884700665
2256,2024,2256,-0.098459991,-0.173072014,0.199118788,3.882978723
2257,2024,2257,0.506090032,0.212093744,0.548735708,3.881258307
2258,2024,2258,0.027348376,0.08946757,0.093554154,3.879539415
2259,2024,2259,0.054143318,-0.028840889,0.061345707,3.877822045
2260,2024,2260,0.20445678,0.156528977,0.257495429,3.876106195
2261,2024,2261,-0.196415941,0.362915004,0.412657875,3.874391862
2262,2024,2262,-0.347092368,-0.021668214,0.34776806,3.872679045
2263,2024,2263,0.040332482,-0.283371895,0.286227776,3.870967742
2264,2024,2264,0.138912667,-0.042276305,0.145203357,3.869257951
2265,2024,2265,-0.066258468,0.098170005,0.118437893,3.867549669
2266,2024,2266,-0.240754778,-0.10303482,0.261875996,3.865842895
2267,2024,2267,0.264583565,-0.305256584,0.403962925,3.864137627
2268,2024,2268,-0.260649287,0.163035464,0.307438796,3.862433862
2269,2024,2269,0.140957829,-0.80437795,0.816635167,3.8607316
2270,2024,2270,1.022667595,0.148398887,1.033378556,3.859030837
2271,2024,2271,-0.480901731,0.258990527,0.546207441,3.857331572
2272,2024,2272,0.116239902,-0.563556849,0.575419879,3.855633803
2273,2024,2273,0.225631288,0.036156299,0.22850986,3.853937527
2274,2024,2274,-0.096333031,-0.351689974,0.364644883,3.852242744
2275,2024,2275,0.548451733,-0.071773926,0.553128194,3.850549451
2276,2024,2276,0.21743253,0.754125449,0.78484527,3.848857645
2277,2024,2277,-0.664687636,-0.108823599,0.673537103,3.847167325
2278,2024,2278,-0.157382303,-0.639792708,0.658865615,3.84547849
2279,2024,2279,0.433936818,0.346983238,0.555606452,3.843791136
2280,2024,2280,-0.342260651,-0.006241018,0.342317548,3.842105263
2281,2024,2281,-0.308351385,0.144089357,0.340356165,3.840420868
2282,2024,2282,-0.12331336,0.107868305,0.163834538,3.838737949
2283,2024,2283,0.036126645,-0.565690915,0.566843317,3.837056505
2284,2024,2284,0.625123731,0.310998316,0.698211738,3.835376532
2285,2024,2285,-0.312402944,0.299557598,0.432816767,3.833698031
2286,2024,2286,-0.040618997,-0.563240889,0.564703641,3.832020997
2287,2024,2287,-0.046371772,0.602394745,0.604176936,3.830345431
2288,2024,2288,-0.235871854,-0.363420924,0.433255466,3.828671329
2289,2024,2289,0.543672355,-0.01633231,0.543917617,3.826998689
2290,2024,2290,-0.276130508,0.70442298,0.756610727,3.825327511
2291,2024,2291,-0.242993613,-0.507643742,0.562803754,3.823657791
2292,2024,2292,0.49217382,0.08514378,0.499484266,3.821989529
2293,2024,2293,-0.307479574,0.316793868,0.441477115,3.820322721
2294,2024,2294,0.008087386,-0.046951044,0.047642485,3.818657367
2295,2024,2295,-0.330123163,0.338825716,0.473058314,3.816993464
2296,2024,2296,-0.039903802,-0.374081863,0.376204139,3.81533101
2297,2024,2297,0.450421333,-0.031668217,0.451533225,3.813670004
2298,2024,2298,0.067035297,0.217732307,0.227818104,3.812010444
2299,2024,2299,0.091273365,-0.051527995,0.104813937,3.810352327
2300,2024,2300,-0.168631571,-0.15130924,0.226563662,3.808695652
2301,2024,2301,0.318883616,-0.021363938,0.319598465,3.807040417
2302,2024,2302,0.158172484,0.03161076,0.161300263,3.80538662
2303,2024,2303,0.035011005,0.435647613,0.437052185,3.80373426
2304,2024,2304,-0.451561402,0.192550515,0.490900602,3.802083333
2305,2024,2305,-0.219878955,-0.281827132,0.357453895,3.800433839
2306,2024,2306,-0.161854892,0.129251308,0.207130168,3.798785776
2307,2024,2307,-0.006433446,-0.10392833,0.104127264,3.797139142
2308,2024,2308,-0.032727347,0.308705848,0.31043579,3.795493934
2309,2024,2309,-0.524620022,0.440508961,0.685035993,3.793850152
2310,2024,2310,-0.288337209,-0.139690377,0.320393114,3.792207792
2311,2024,2311,-0.268358805,-0.343074877,0.435564943,3.790566854
2312,2024,2312,0.129989482,-0.185207122,0.226271835,3.788927336
2313,2024,2313,0.146097729,0.251557261,0.290904799,3.787289235
2314,2024,2314,-0.038410598,-0.087066374,0.095162638,3.78565255
2315,2024,2315,-0.085201545,-0.218961178,0.234953827,3.784017279
2316,2024,2316,0.155312486,-0.387986035,0.417917613,3.78238342
2317,2024,2317,0.450375911,-0.298355135,0.540235363,3.780750971
2318,2024,2318,0.253154779,0.096155349,0.270801021,3.779119931
2319,2024,2319,0.135360175,0.253366768,0.287257891,3.777490298
2320,2024,2320,-0.426195665,0.047243474,0.428806122,3.775862069
2321,2024,2321,0.165079409,-0.428723825,0.459407586,3.774235243
2322,2024,2322,0.24851316,0.375464766,0.450258349,3.772609819
2323,2024,2323,-0.02846406,-0.06868426,0.074348707,3.770985794
2324,2024,2324,0.187782709,0.252306405,0.31451688,3.769363167
2325,2024,2325,-0.249840097,0.260785373,0.361149671,3.767741935
2326,2024,2326,-0.11660756,-0.091645054,0.148310954,3.766122098
2327,2024,2327,0.209694805,0.21151926,0.297846116,3.764503653
2328,2024,2328,0.099267852,-0.034914969,0.105229091,3.762886598
2329,2024,2329,0.148758761,0.043007775,0.154851018,3.761270932
2330,2024,2330,0.013083574,0.224740494,0.22512101,3.759656652
2331,2024,2331,-0.067603284,-0.288377002,0.296195036,3.758043758
2332,2024,2332,0.181286105,-0.185803135,0.259590942,3.756432247
2333,2024,2333,-0.070849605,-0.005113588,0.071033902,3.754822117
2334,2024,2334,0.088962876,-0.078213609,0.118455739,3.753213368
2335,2024,2335,-0.138341295,-0.250593117,0.286243296,3.751605996
2336,2024,2336,0.099551413,-0.025145446,0.102678027,3.75
2337,2024,2337,-0.431399658,0.110530418,0.4453343,3.748395379
2338,2024,2338,0.008856076,-0.679563792,0.679621495,3.74679213
2339,2024,2339,0.088491297,0.178534995,0.199262274,3.745190252
2340,2024,2340,-0.305355977,-0.135464147,0.334055097,3.743589744
2341,2024,2341,0.359459781,-0.386260451,0.527644265,3.741990602
2342,2024,2342,0.029796511,0.29438968,0.295893758,3.740392827
2343,2024,2343,-0.092303067,-0.274990287,0.29006812,3.738796415
2344,2024,2344,0.537484643,-0.247108268,0.59156761,3.737201365
2345,2024,2345,0.251847813,0.094772292,0.269089405,3.735607676
2346,2024,2346,0.217651029,0.028793362,0.219547325,3.734015345
2347,2024,2347,0.189606755,0.000598254,0.189607699,3.732424372
2348,2024,2348,-0.032710191,-0.090440895,0.096174384,3.730834753
2349,2024,2349,0.284567638,0.020967915,0.285339086,3.729246488
2350,2024,2350,0.021997618,0.27937176,0.280236464,3.727659574
2351,2024,2351,-0.385138568,0.27599767,0.473821095,3.726074011
2352,2024,2352,0.287494429,-0.216575658,0.359941748,3.724489796
2353,2024,2353,0.223988683,0.727192776,0.760907526,3.722906927
2354,2024,2354,-0.739619416,0.401801355,0.841713258,3.721325404
2355,2024,2355,-0.258907877,-0.207501819,0.331798574,3.719745223
2356,2024,2356,0.036009149,0.268101569,0.270508983,3.718166384
2357,2024,2357,-0.196928152,0.430064339,0.473007434,3.716588884
2358,2024,2358,-0.307467742,-0.079471252,0.317572185,3.715012723
2359,2024,2359,0.123117567,0.354840547,0.375592531,3.713437897
2360,2024,2360,-0.376154458,-0.184764496,0.419082445,3.711864407
2361,2024,2361,0.192391374,-0.473163612,0.510781993,3.710292249
2362,2024,2362,0.059787407,0.534947664,0.538278309,3.708721423
2363,2024,2363,-0.489513561,-0.237803165,0.544218588,3.707151926
2364,2024,2364,-0.360410665,-0.188037211,0.406514256,3.705583756
2365,2024,2365,0.123915891,-0.291735072,0.316961355,3.704016913
2366,2024,2366,0.244764655,0.082624422,0.258334147,3.702451395
2367,2024,2367,-0.248831705,-0.095994899,0.266706277,3.700887199
2368,2024,2368,-0.260051519,-0.241641206,0.354989105,3.699324324
2369,2024,2369,0.068327723,-0.02036119,0.071296955,3.697762769
2370,2024,2370,0.071396671,0.228778342,0.239660206,3.696202532
2371,2024,2371,-0.301297316,0.012487647,0.301555988,3.69464361
2372,2024,2372,0.28581332,-0.031904894,0.287588553,3.693086003
2373,2024,2373,0.376806464,0.315955672,0.491742919,3.691529709
2374,2024,2374,-0.113150156,-0.137597684,0.178146233,3.689974726
2375,2024,2375,0.27803121,-0.122273571,0.30373044,3.688421053
2376,2024,2376,0.435779262,0.105448713,0.448355882,3.686868687
2377,2024,2377,0.029385978,0.281387296,0.28291756,3.685317627
2378,2024,2378,-0.074026709,-0.020089601,0.076704275,3.683767872
2379,2024,2379,0.206723078,0.118014302,0.238037405,3.68221942
2380,2024,2380,-0.03309806,-0.004149145,0.033357113,3.680672269
2381,2024,2381,0.019904224,0.035316481,0.040539265,3.679126417
2382,2024,2382,-0.344811669,0.082502311,0.354544382,3.677581864
2383,2024,2383,-0.004748584,-0.314526008,0.314561852,3.676038607
2384,2024,2384,0.21885629,0.408523836,0.463454206,3.674496644
2385,2024,2385,-0.575640374,0.237187514,0.622591163,3.672955975
2386,2024,2386,0.126863381,-0.077031253,0.14841877,3.671416597
2387,2024,2387,-0.12738095,-0.061037131,0.141249559,3.669878509
2388,2024,2388,0.055472715,-0.219435807,0.226338895,3.668341709
2389,2024,2389,0.168078449,0.162525852,0.233805513,3.666806195
2390,2024,2390,-0.072034781,-0.062291464,0.095232537,3.665271967
2391,2024,2391,-0.145663038,-0.198978042,0.2465968,3.663739021
2392,2024,2392,0.097927437,-0.502428051,0.511882535,3.662207358
2393,2024,2393,0.582517095,-0.273422384,0.643495117,3.660676975
2394,2024,2394,-0.051496242,0.291139184,0.295658396,3.65914787
2395,2024,2395,-0.42482832,-0.350899419,0.551007717,3.657620042
2396,2024,2396,0.170216967,-0.67975467,0.700742625,3.656093489
2397,2024,2397,0.235518084,0.110337426,0.260082901,3.65456821
2398,2024,2398,-0.046280352,-0.270457509,0.274388657,3.653044204
2399,2024,2399,0.035454271,0.034187423,0.049252261,3.651521467
2400,2024,2400,-0.330568809,-0.068264904,0.337543827,3.65
2401,2024,2401,0.150576712,-0.108855385,0.185803232,3.6484798
2402,2024,2402,-0.086863538,0.004424238,0.086976135,3.646960866
2403,2024,2403,0.124257423,-0.012879411,0.124923122,3.645443196
2404,2024,2404,-0.02428227,0.401540841,0.402274378,3.643926789
2405,2024,2405,-0.309286978,-0.212604926,0.375312256,3.642411642
2406,2024,2406,0.520117452,-0.204023272,0.558701763,3.640897756
2407,2024,2407,-0.064918146,0.556994841,0.560765208,3.639385127
2408,2024,2408,-0.289394325,-0.198131373,0.350720853,3.637873754
2409,2024,2409,0.201796871,-0.11643612,0.232979285,3.636363636
2410,2024,2410,-0.087608502,0.231746267,0.247753066,3.634854772
2411,2024,2411,-0.202729252,-0.225760314,0.303425228,3.633347159
2412,2024,2412,0.510607492,0.186265574,0.543520814,3.631840796
2413,2024,2413,-0.277944764,0.473841801,0.549344467,3.630335682
2414,2024,2414,-0.621827643,-0.248163411,0.669518256,3.628831814
2415,2024,2415,0.508197836,-0.026052107,0.508865162,3.627329193
2416,2024,2416,0.000747399,0.288001707,0.288002677,3.625827815
2417,2024,2417,0.016388704,0.400607951,0.400943038,3.624327679
2418,2024,2418,-0.292798813,0.44125131,0.529560066,3.622828784
2419,2024,2419,-0.171672626,-0.36389312,0.402355183,3.621331129
2420,2024,2420,0.352759394,-0.064211728,0.358555904,3.619834711
2421,2024,2421,0.525994992,0.360836385,0.637866466,3.618339529
2422,2024,2422,-0.33347147,0.74030999,0.811949569,3.616845582
2423,2024,2423,-0.567852764,-0.285150684,0.635427159,3.615352868
2424,2024,2424,0.397122594,-0.536179836,0.667229474,3.613861386
2425,2024,2425,0.303694029,0.25837593,0.398733225,3.612371134
2426,2024,2426,0.074264039,0.179704887,0.194445349,3.61088211
2427,2024,2427,-0.007904071,-0.120785101,0.121043443,3.609394314
2428,2024,2428,-0.043096401,0.141922674,0.148321762,3.607907743
2429,2024,2429,-0.280304278,-0.127477491,0.307930185,3.606422396
2430,2024,2430,0.68189771,-0.38167715,0.781448613,3.604938272
2431,2024,2431,0.002232156,0.705525187,0.705528718,3.603455368
2432,2024,2432,-0.345703857,-0.082821095,0.355486273,3.601973684
2433,2024,2433,0.375872287,-0.184237518,0.418596989,3.600493218
2434,2024,2434,-0.121266917,0.179145487,0.216330235,3.599013969
2435,2024,2435,0.055071811,-0.283906119,0.289198183,3.597535934
2436,2024,2436,0.358678476,0.06593162,0.36468785,3.596059113
2437,2024,2437,0.072560963,0.160060164,0.175739436,3.594583504
2438,2024,2438,-0.064164554,-0.029226097,0.070507126,3.593109106
2439,2024,2439,-0.160062466,-0.133703611,0.208558502,3.591635916
2440,2024,2440,0.068983685,-0.131614078,0.148596818,3.590163934
2441,2024,2441,0.036068555,-0.149695672,0.153979657,3.588693159
2442,2024,2442,-0.149485114,-0.070551934,0.165297837,3.587223587
2443,2024,2443,0.276931533,-0.163049292,0.321366061,3.585755219
2444,2024,2444,-0.24346617,0.241547426,0.342959086,3.584288052
2445,2024,2445,-0.423211635,-0.382559162,0.570490666,3.582822086
2446,2024,2446,0.53051753,0.100228596,0.539902418,3.581357318
2447,2024,2447,-0.506148408,0.345938634,0.613074016,3.579893747
2448,2024,2448,-0.199250523,-0.355626413,0.407640671,3.578431373
2449,2024,2449,0.005519197,0.395261335,0.395299867,3.576970192
2450,2024,2450,-0.43522508,-0.121792546,0.451945013,3.575510204
2451,2024,2451,-0.112071151,-0.156513856,0.192500727,3.574051408
2452,2024,2452,-0.190516821,-0.172480965,0.256994829,3.572593801
2453,2024,2453,0.054548795,-0.176634376,0.184865556,3.571137383
2454,2024,2454,0.134807268,0.10849572,0.173044274,3.569682152
2455,2024,2455,-0.118788129,-0.051442148,0.1294485,3.568228106
2456,2024,2456,-0.345643835,-0.141869378,0.373626258,3.566775244
2457,2024,2457,-0.049039363,-0.615980359,0.617929334,3.565323565
2458,2024,2458,0.506911797,-0.304452261,0.591312734,3.563873068
2459,2024,2459,0.217370115,0.022509587,0.218532488,3.562423749
2460,2024,2460,0.032558415,0.183033769,0.185906996,3.56097561
2461,2024,2461,-0.242269384,0.00529842,0.242327315,3.559528647
2462,2024,2462,0.116070312,-0.458786005,0.473240865,3.558082859
2463,2024,2463,0.485243375,-0.185137294,0.519362062,3.556638246
2464,2024,2464,0.133369621,0.409868852,0.431021962,3.555194805
2465,2024,2465,-0.082205398,0.183326558,0.200913798,3.553752535
2466,2024,2466,-0.164698316,0.112117787,0.199238383,3.552311436
2467,2024,2467,-0.209076423,-0.142221504,0.252863416,3.550871504
2468,2024,2468,0.280542578,-0.379117929,0.471629666,3.549432739
2469,2024,2469,0.674081317,0.592439661,0.8974243,3.54799514
2470,2024,2470,-0.383719641,0.299555148,0.486799805,3.546558704
2471,2024,2471,-0.050239335,-0.191137302,0.1976296,3.545123432
2472,2024,2472,-0.009329763,0.267342614,0.26750536,3.54368932
2473,2024,2473,-0.106389812,-0.307906808,0.325768928,3.542256369
2474,2024,2474,0.548599998,0.10410376,0.558390142,3.540824576
2475,2024,2475,-0.036675158,0.748366026,0.749264157,3.539393939
2476,2024,2476,-0.099035898,-0.139261413,0.170885488,3.537964459
2477,2024,2477,0.054386779,0.244498784,0.250474703,3.536536132
2478,2024,2478,-0.428220794,0.155818357,0.455688939,3.535108959
2479,2024,2479,0.102937649,-0.180025242,0.207377066,3.533682937
2480,2024,2480,0.142409081,0.296803417,0.329199962,3.532258065
2481,2024,2481,-0.308197255,0.314129253,0.440071284,3.530834341
2482,2024,2482,-0.106070545,0.319530893,0.336676331,3.529411765
2483,2024,2483,-0.376514099,-0.055184136,0.380536668,3.527990334
2484,2024,2484,-0.297262732,-0.618987995,0.686666782,3.526570048
2485,2024,2485,0.618669569,-0.295191706,0.68548536,3.525150905
2486,2024,2486,0.30943947,0.398298374,0.504375238,3.523732904
2487,2024,2487,-0.503810406,0.094671848,0.512628212,3.522316043
2488,2024,2488,-0.00300308,-0.335963955,0.335977376,3.520900322
2489,2024,2489,0.351710029,-0.122135513,0.372313078,3.519485737
2490,2024,2490,0.248234359,-0.22943957,0.338027829,3.518072289
2491,2024,2491,0.40410778,0.211987788,0.456335315,3.516659976
2492,2024,2492,-0.218124262,0.033654324,0.22070525,3.515248796
2493,2024,2493,-0.023881433,-0.141380298,0.143383094,3.513838748
2494,2024,2494,0.039129779,-0.065320074,0.076143626,3.512429832
2495,2024,2495,0.080421281,0.169388681,0.187510287,3.511022044
2496,2024,2496,-0.231002248,0.149508619,0.275163344,3.509615385
2497,2024,2497,0.269396571,-0.389378577,0.473487263,3.508209852
2498,2024,2498,0.372650958,0.171078332,0.41004455,3.506805444
2499,2024,2499,-0.332589193,0.328787841,0.46767191,3.505402161
2500,2024,2500,-0.201067783,-0.057757772,0.209198981,3.504
2501,2024,2501,-0.19412235,-0.427148953,0.469190489,3.50259896
2502,2024,2502,0.384480257,-0.167043517,0.419199958,3.501199041
2503,2024,2503,0.174458001,0.382259376,0.420187844,3.49980024
2504,2024,2504,0.030906768,0.198238516,0.200633341,3.498402556
2505,2024,2505,-0.14662876,-0.208818326,0.255156984,3.497005988
2506,2024,2506,-0.12150976,-0.203862771,0.23732815,3.495610535
2507,2024,2507,-0.069255344,0.011138853,0.070145397,3.494216195
2508,2024,2508,-0.056244854,0.005571302,0.056520112,3.492822967
2509,2024,2509,-0.617017677,0.336609474,0.702863253,3.491430849
2510,2024,2510,-0.214321278,-0.026531527,0.215957246,3.490039841
2511,2024,2511,-0.097402879,-0.037997812,0.104552162,3.48864994
2512,2024,2512,-0.731444527,-0.19319185,0.756527717,3.487261146
2513,2024,2513,0.282949955,-0.542136651,0.611533176,3.485873458
2514,2024,2514,0.172487098,0.443834456,0.476173103,3.484486874
2515,2024,2515,-0.888988596,0.181888081,0.90740509,3.483101392
2516,2024,2516,0.01306821,-0.743579949,0.743694775,3.481717011
2517,2024,2517,0.386674544,0.350337228,0.52177905,3.480333731
2518,2024,2518,-0.300434507,-0.234208742,0.380939139,3.478951549
2519,2024,2519,0.564339567,-0.497757037,0.75249001,3.477570464
2520,2024,2520,0.172397513,0.243342263,0.298221997,3.476190476
2521,2024,2521,0.070650661,-0.111094381,0.131656665,3.474811583
2522,2024,2522,0.461579319,0.234599639,0.517776456,3.473433783
2523,2024,2523,-0.297896093,0.254796875,0.3919994,3.472057075
2524,2024,2524,0.070576702,-0.177494402,0.191011344,3.470681458
2525,2024,2525,0.374125558,0.073618518,0.381299908,3.469306931
2526,2024,2526,0.155935702,0.05424673,0.165101941,3.467933492
2527,2024,2527,-0.189844338,0.367378985,0.413531367,3.46656114
2528,2024,2528,-0.188154579,-0.12243055,0.224480256,3.465189873
2529,2024,2529,0.292293838,-0.311324169,0.427034455,3.463819692
2530,2024,2530,0.311052829,0.448365932,0.5456976,3.462450593
2531,2024,2531,-0.047101042,0.239974178,0.244552886,3.461082576
2532,2024,2532,0.144908246,-0.176885667,0.228663375,3.45971564
2533,2024,2533,0.127779048,-0.016482711,0.128837747,3.458349783
2534,2024,2534,0.026162881,0.169701738,0.171706657,3.456985004
2535,2024,2535,0.156104656,-0.1138612,0.193217588,3.455621302
2536,2024,2536,0.070102203,-0.060200922,0.092403842,3.454258675
2537,2024,2537,0.150195296,-0.066278087,0.164168851,3.452897123
2538,2024,2538,0.283894499,0.192651266,0.34308978,3.451536643
2539,2024,2539,-0.478773084,0.356070746,0.596665771,3.450177235
2540,2024,2540,-0.266222554,-0.511191995,0.576360741,3.448818898
2541,2024,2541,0.216281493,-0.004176341,0.216321811,3.447461629
2542,2024,2542,-0.434780849,0.419511882,0.604172662,3.446105429
2543,2024,2543,-0.056499345,-0.488796551,0.492051058,3.444750295
2544,2024,2544,0.518477992,0.004677152,0.518499088,3.443396226
2545,2024,2545,-0.517751857,0.531190127,0.741774856,3.442043222
2546,2024,2546,-0.227313629,-0.767256185,0.800220932,3.44069128
2547,2024,2547,0.623318788,-0.126223131,0.635970589,3.4393404
2548,2024,2548,0.026555633,0.47263764,0.47338308,3.437990581
2549,2024,2549,-0.025968634,-0.030522085,0.040074526,3.43664182
2550,2024,2550,0.450391181,-0.022856208,0.450970756,3.435294118
2551,2024,2551,0.027498183,-0.018620453,0.033209507,3.433947472
2552,2024,2552,-0.352656378,-0.035454951,0.354434161,3.432601881
2553,2024,2553,0.660403234,-0.521346806,0.841388687,3.431257344
2554,2024,2554,0.420105574,0.740332121,0.851222851,3.429913861
2555,2024,2555,-1.526343643,0.623116368,1.648635474,3.428571429
2556,2024,2556,0.422607956,-0.507741419,0.660604899,3.427230047
2557,2024,2557,0.377450597,0.038307842,0.379389567,3.425889715
2558,2024,2558,-0.457819162,0.219318293,0.507640522,3.42455043
2559,2024,2559,-0.125996782,0.012062813,0.126572906,3.423212192
2560,2024,2560,-0.234865441,-0.174182978,0.29240637,3.421875
2561,2024,2561,-0.117096208,-0.032215077,0.121446833,3.420538852
2562,2024,2562,-0.103041119,0.139026586,0.173048733,3.419203747
2563,2024,2563,0.279715389,0.081256182,0.291278674,3.417869684
2564,2024,2564,-0.134103721,0.147265415,0.199175577,3.416536661
2565,2024,2565,-0.15897619,-0.435583573,0.46368791,3.415204678
2566,2024,2566,0.590323493,-0.127737343,0.603985641,3.413873733
2567,2024,2567,-0.281206929,0.445887463,0.527155543,3.412543825
2568,2024,2568,-0.406130469,-0.170202384,0.440353051,3.411214953
2569,2024,2569,-0.058579542,0.038729359,0.070224825,3.409887116
2570,2024,2570,-0.037176903,-0.091167056,0.098455849,3.408560311
2571,2024,2571,0.112910278,-0.150046246,0.187783403,3.407234539
2572,2024,2572,-0.185780238,0.067103767,0.197527751,3.405909798
2573,2024,2573,-0.339804667,-0.025448785,0.340756295,3.404586086
2574,2024,2574,-0.160310471,-0.369847993,0.403096744,3.403263403
2575,2024,2575,0.040463954,0.018101233,0.044328165,3.401941748
2576,2024,2576,-0.164856727,-0.027030785,0.167058085,3.400621118
2577,2024,2577,0.186927601,-0.052694816,0.194212954,3.399301513
2578,2024,2578,0.052288294,0.094401244,0.107915062,3.397982933
2579,2024,2579,-0.211266295,-0.335783879,0.396716852,3.396665374
2580,2024,2580,0.168187642,-0.277188948,0.324223373,3.395348837
2581,2024,2581,0.449404358,0.024433218,0.45006806,3.39403332
2582,2024,2582,-0.245813791,0.078465679,0.258033491,3.392718823
2583,2024,2583,0.197129729,0.144319959,0.244312055,3.391405343
2584,2024,2584,-0.237996687,0.239736355,0.337810514,3.390092879
2585,2024,2585,-0.171895536,-0.369067589,0.407135065,3.388781431
2586,2024,2586,0.171298133,0.091784372,0.19433842,3.387470998
2587,2024,2587,-0.139323372,0.043401315,0.145926955,3.386161577
2588,2024,2588,0.210150749,-0.017901932,0.210911869,3.384853168
2589,2024,2589,-0.121714735,0.069147882,0.139985379,3.383545771
2590,2024,2590,-0.048207538,-0.08724158,0.099674771,3.382239382
2591,2024,2591,0.279598234,0.046684261,0.283468856,3.380934002
2592,2024,2592,0.20508343,-0.265375161,0.335385136,3.37962963
2593,2024,2593,0.544407841,0.254320333,0.600881627,3.378326263
2594,2024,2594,-0.025873061,0.212350217,0.213920616,3.377023901
2595,2024,2595,0.160927068,-0.370652924,0.404080575,3.375722543
2596,2024,2596,0.462558911,0.119274198,0.477689314,3.374422188
2597,2024,2597,-0.119892063,0.016631392,0.121040117,3.373122834
2598,2024,2598,0.510928472,-0.138962113,0.529488784,3.37182448
2599,2024,2599,0.224615105,0.826115549,0.856106795,3.370527126
2600,2024,2600,-0.652378456,0.08533602,0.65793608,3.369230769
2601,2024,2601,0.187975477,-0.268829057,0.328030245,3.367935409
2602,2024,2602,-0.023372673,0.456990926,0.45758823,3.366641045
2603,2024,2603,-0.280799681,-0.217218671,0.355010439,3.365347676
2604,2024,2604,-0.070016388,0.10455113,0.125830176,3.3640553
2605,2024,2605,-0.219473923,0.066039565,0.2291943,3.362763916
2606,2024,2606,0.000980973,0.064733604,0.064741036,3.361473523
2607,2024,2607,-0.251683024,-0.022577374,0.252693653,3.36018412
2608,2024,2608,-0.081333856,-0.081843632,0.115384472,3.358895706
2609,2024,2609,0.089832363,-0.071551043,0.114845136,3.357608279
2610,2024,2610,0.234198538,-0.174081154,0.291810219,3.356321839
2611,2024,2611,-0.162575444,0.413621976,0.444425375,3.355036385
2612,2024,2612,-0.554785613,-0.24177353,0.605178913,3.353751914
2613,2024,2613,0.414891317,-0.363120258,0.551353904,3.352468427
2614,2024,2614,0.102793272,0.259265204,0.278899449,3.351185922
2615,2024,2615,-0.172184004,0.040703326,0.176929624,3.349904398
2616,2024,2616,0.112878358,0.046471609,0.122070202,3.348623853
2617,2024,2617,-0.328632703,0.120049503,0.349873315,3.347344287
2618,2024,2618,-0.168978763,-0.38601674,0.421381948,3.346065699
2619,2024,2619,0.45218852,2.06E-05,0.452188521,3.344788087
2620,2024,2620,-0.157270102,0.191788292,0.24802547,3.34351145
2621,2024,2621,-0.053276343,-0.281163984,0.286167005,3.342235788
2622,2024,2622,0.498086358,0.034142124,0.49925515,3.340961098
2623,2024,2623,-0.184954376,0.302416049,0.354490603,3.339687381
2624,2024,2624,0.027581446,-0.313932565,0.31514186,3.338414634
2625,2024,2625,0.358124883,-0.026335017,0.359091862,3.337142857
2626,2024,2626,0.147894322,0.347511044,0.377672684,3.335872049
2627,2024,2627,-0.033165461,0.167261111,0.170517527,3.334602208
2628,2024,2628,-0.217120743,0.071071041,0.228456801,3.333333333
2629,2024,2629,-0.219829192,0.044329658,0.224254303,3.332065424
2630,2024,2630,-0.07201964,-0.127273721,0.146237576,3.330798479
2631,2024,2631,0.104049031,0.12255108,0.160763703,3.329532497
2632,2024,2632,-0.346090025,0.427724524,0.550205938,3.328267477
2633,2024,2633,-0.320552392,-0.058603127,0.325865252,3.327003418
2634,2024,2634,-0.219741351,-0.230865725,0.318724401,3.325740319
2635,2024,2635,-0.032384161,-0.205227153,0.2077665,3.324478178
2636,2024,2636,0.075631557,-0.045295403,0.088157846,3.323216995
2637,2024,2637,-0.147780834,0.07745899,0.166850442,3.321956769
2638,2024,2638,-0.20497893,-0.309377711,0.371121179,3.320697498
2639,2024,2639,0.129045248,-0.225716198,0.260000919,3.319439182
2640,2024,2640,0.109510779,-0.117471848,0.160599644,3.318181818
2641,2024,2641,0.363267411,-0.337465144,0.495828534,3.316925407
2642,2024,2642,0.073472876,0.176213535,0.190917452,3.315669947
2643,2024,2643,-0.266593511,0.244968645,0.362052119,3.314415437
2644,2024,2644,0.020914427,-0.27094254,0.271748548,3.313161876
2645,2024,2645,-0.013132417,-0.188130113,0.18858791,3.311909263
2646,2024,2646,0.428663455,0.398269521,0.585124746,3.310657596
2647,2024,2647,-0.214808443,0.194202267,0.289581055,3.309406876
2648,2024,2648,-0.092407691,-0.243155445,0.260122571,3.3081571
2649,2024,2649,0.252804403,0.074278275,0.263490661,3.306908267
2650,2024,2650,-0.014999399,-0.091539249,0.092759992,3.305660377
2651,2024,2651,0.153448183,0.017855502,0.154483539,3.304413429
2652,2024,2652,0.293745012,0.315759806,0.431266028,3.303167421
2653,2024,2653,-0.063222357,0.003425036,0.063315064,3.301922352
2654,2024,2654,0.173297993,-0.181907466,0.251241957,3.300678222
2655,2024,2655,0.404921485,0.141587935,0.42896218,3.299435028
2656,2024,2656,-0.183102745,0.01263773,0.183538354,3.298192771
2657,2024,2657,0.294202847,-0.144133578,0.327612276,3.296951449
2658,2024,2658,0.09190864,0.381390871,0.3923088,3.295711061
2659,2024,2659,-0.156569578,0.125007933,0.20035223,3.294471606
2660,2024,2660,-0.037718082,0.198576386,0.202126779,3.293233083
2661,2024,2661,-0.173250148,-0.280171162,0.329410828,3.29199549
2662,2024,2662,0.265953369,0.04858111,0.270354061,3.290758828
2663,2024,2663,-0.154603313,0.273402726,0.314087941,3.289523094
2664,2024,2664,-0.242570872,-0.507609186,0.562590182,3.288288288
2665,2024,2665,0.240919159,0.115599594,0.267217715,3.287054409
2666,2024,2666,0.069285098,-0.031924932,0.076286474,3.285821455
2667,2024,2667,-0.045021063,-0.37191058,0.374625647,3.284589426
2668,2024,2668,0.394829483,-0.135519137,0.417439525,3.283358321
2669,2024,2669,0.19801696,0.213993869,0.291554614,3.282128138
2670,2024,2670,-0.367643624,-0.034708882,0.369278406,3.280898876
2671,2024,2671,0.118834915,-0.319318095,0.340713637,3.279670535
2672,2024,2672,0.031700272,0.017572183,0.036244846,3.278443114
2673,2024,2673,-0.098527776,-0.163768428,0.191122528,3.277216611
2674,2024,2674,0.352851894,0.166374349,0.390108809,3.275991025
2675,2024,2675,-0.341122724,0.363719163,0.498654532,3.274766355
2676,2024,2676,-0.47607732,0.090226014,0.484551698,3.273542601
2677,2024,2677,-0.353385921,0.120912673,0.373498974,3.272319761
2678,2024,2678,-0.097611479,-0.341161055,0.354850485,3.271097834
2679,2024,2679,0.279714066,0.107455685,0.299644261,3.26987682
2680,2024,2680,-0.377549656,0.5242153,0.646022773,3.268656716
2681,2024,2681,-0.369887809,-0.207279849,0.424006989,3.267437523
2682,2024,2682,-0.1933923,-0.275965014,0.336982597,3.266219239
2683,2024,2683,0.158095515,-0.207370659,0.260761926,3.265001864
2684,2024,2684,0.355412797,0.19746709,0.406585179,3.263785395
2685,2024,2685,-0.107925084,0.232245669,0.256097393,3.262569832
2686,2024,2686,-0.110203511,-0.035231374,0.115698157,3.261355175
2687,2024,2687,0.044179003,0.04001608,0.059607642,3.260141422
2688,2024,2688,-0.124612193,-0.221066491,0.253768777,3.258928571
2689,2024,2689,0.244372237,-0.012092545,0.244671249,3.257716623
2690,2024,2690,0.041857951,0.26964409,0.27287364,3.256505576
2691,2024,2691,0.031200382,0.134168026,0.137748042,3.255295429
2692,2024,2692,0.013318984,0.204973429,0.205405701,3.254086181
2693,2024,2693,-0.204260618,-0.079820439,0.219302764,3.252877831
2694,2024,2694,0.149819251,-0.155486097,0.215920667,3.251670379
2695,2024,2695,0.214332627,0.09927535,0.236207684,3.250463822
2696,2024,2696,-0.053164176,0.159338062,0.167973353,3.24925816
2697,2024,2697,-0.12151397,-0.06003593,0.135535817,3.248053393
2698,2024,2698,-0.023597969,-0.130669064,0.132782787,3.246849518
2699,2024,2699,0.252976929,-0.215587497,0.332378241,3.245646536
2700,2024,2700,-0.050140945,0.168426515,0.175731629,3.244444444
2701,2024,2701,-0.180133173,-0.205026859,0.27291752,3.243243243
2702,2024,2702,0.232495566,-0.110854362,0.257571112,3.242042931
2703,2024,2703,-0.293977063,0.133008825,0.322666796,3.240843507
2704,2024,2704,-0.310780581,-0.247620766,0.397367102,3.23964497
2705,2024,2705,0.251765881,-0.091641895,0.267925915,3.23844732
2706,2024,2706,-0.285428122,0.049450442,0.289680098,3.237250554
2707,2024,2707,-0.094925589,-0.325439339,0.33900093,3.236054673
2708,2024,2708,0.282092398,0.036353736,0.284425236,3.234859675
2709,2024,2709,-0.062485099,-0.114968625,0.130851719,3.233665559
2710,2024,2710,0.032187662,-0.165943773,0.169036628,3.232472325
2711,2024,2711,0.100915669,-0.022044541,0.103295373,3.23127997
2712,2024,2712,0.090938448,-0.416835468,0.426639905,3.230088496
2713,2024,2713,0.343503372,0.001196771,0.343505457,3.228897899
2714,2024,2714,0.08293148,0.048570099,0.096107673,3.22770818
2715,2024,2715,0.127787253,-0.198495082,0.236071768,3.226519337
2716,2024,2716,0.286217628,0.073851209,0.295591832,3.22533137
2717,2024,2717,-0.033423508,-0.199219257,0.202003573,3.224144277
2718,2024,2718,0.239632369,0.049241666,0.244639354,3.222958057
2719,2024,2719,0.039010368,0.296469899,0.299025433,3.221772711
2720,2024,2720,-0.094049929,0.293935623,0.308615521,3.220588235
2721,2024,2721,-0.147642897,0.225165429,0.269254333,3.219404631
2722,2024,2722,0.025140643,0.107933319,0.11082262,3.218221896
2723,2024,2723,-0.046796517,0.363715174,0.366713297,3.217040029
2724,2024,2724,0.057590625,0.069833084,0.090517069,3.215859031
2725,2024,2725,-0.086404491,0.311258651,0.323028921,3.214678899
2726,2024,2726,-0.31438521,0.138417579,0.343507622,3.213499633
2727,2024,2727,0.199225952,0.003759799,0.199261426,3.212321232
2728,2024,2728,0.051598978,0.164742034,0.172633694,3.211143695
2729,2024,2729,-0.095863497,0.430029203,0.440584754,3.209967021
2730,2024,2730,-0.342001317,-0.331708359,0.476440276,3.208791209
2731,2024,2731,0.407239413,-0.372396076,0.551835824,3.207616258
2732,2024,2732,-0.193240962,0.297702718,0.354921087,3.206442167
2733,2024,2733,-0.298755222,-0.215566495,0.368406836,3.205268935
2734,2024,2734,0.222002431,-0.242088137,0.328468789,3.204096562
2735,2024,2735,-0.033833967,0.157138128,0.160739319,3.202925046
2736,2024,2736,-0.281366697,-0.069076305,0.289721857,3.201754386
2737,2024,2737,0.218097895,-0.427041333,0.479511201,3.200584582
2738,2024,2738,0.1900913,0.015644698,0.190734,3.199415632
2739,2024,2739,-0.350416034,-0.133053834,0.374826252,3.198247536
2740,2024,2740,0.114759095,-0.221762021,0.249695903,3.197080292
2741,2024,2741,-0.032489015,0.00573997,0.032992171,3.1959139
2742,2024,2742,0.034691926,-0.465838584,0.467128586,3.194748359
2743,2024,2743,0.678249005,0.169119323,0.699015778,3.193583668
2744,2024,2744,-0.242815163,0.553834555,0.604724663,3.192419825
2745,2024,2745,-0.329982418,-0.540005804,0.632846478,3.191256831
2746,2024,2746,0.331918226,-0.032431173,0.33349886,3.190094683
2747,2024,2747,0.042355769,0.25414175,0.257647124,3.188933382
2748,2024,2748,-0.084853823,0.209313682,0.225859223,3.187772926
2749,2024,2749,-0.04434465,0.173808046,0.17937582,3.186613314
2750,2024,2750,-0.099576192,0.336876224,0.351284797,3.185454545
2751,2024,2751,-0.075997799,-0.061263663,0.097616095,3.184296619
2752,2024,2752,0.241090081,0.198895317,0.312544036,3.183139535
2753,2024,2753,-0.336648438,0.642032246,0.724939704,3.181983291
2754,2024,2754,-0.413229208,-0.221406981,0.468806388,3.180827887
2755,2024,2755,0.420753262,0.005907262,0.420794728,3.179673321
2756,2024,2756,-0.147928215,0.5447966,0.564522889,3.178519594
2757,2024,2757,-0.379452069,-0.111690462,0.395548521,3.177366703
2758,2024,2758,0.120057289,-0.209155221,0.241163138,3.176214648
2759,2024,2759,0.023927551,-0.023226606,0.033346708,3.175063429
2760,2024,2760,0.071108917,-0.024388199,0.075174878,3.173913043
2761,2024,2761,-0.171144481,0.015829403,0.171874964,3.172763491
2762,2024,2762,-0.015584375,-0.162553526,0.163298872,3.171614772
2763,2024,2763,-0.211555125,-0.215490205,0.301979468,3.170466884
2764,2024,2764,0.053960202,-0.312938119,0.317556246,3.169319826
2765,2024,2765,0.242464387,0.137536395,0.278756595,3.168173599
2766,2024,2766,-0.247037427,0.032968835,0.249227676,3.1670282
2767,2024,2767,-0.082646711,-0.286327921,0.298017042,3.165883628
2768,2024,2768,0.327477824,0.006894452,0.327550391,3.164739884
2769,2024,2769,-0.013733286,0.139132708,0.139808847,3.163596966
2770,2024,2770,-0.18409354,-0.199534563,0.271485678,3.162454874
2771,2024,2771,0.374153992,-0.286998777,0.471550112,3.161313605
2772,2024,2772,0.286316002,0.282684835,0.402352543,3.16017316
2773,2024,2773,-0.179162337,0.056794802,0.187948909,3.159033538
2774,2024,2774,0.011153284,-0.250615197,0.250863255,3.157894737
2775,2024,2775,0.218440419,-0.15654138,0.268740433,3.156756757
2776,2024,2776,0.112711377,-0.020626251,0.114583144,3.155619597
2777,2024,2777,0.084981673,-0.194272431,0.212046368,3.154483255
2778,2024,2778,0.089243816,-0.028022623,0.09353997,3.153347732
2779,2024,2779,-0.057667513,0.238801021,0.245665361,3.152213026
2780,2024,2780,-0.203318886,-0.24764616,0.320417212,3.151079137
2781,2024,2781,0.00543802,-0.233183022,0.233246423,3.149946063
2782,2024,2782,0.286046279,0.04645576,0.289794085,3.148813803
2783,2024,2783,0.030290518,0.310215028,0.311690358,3.147682357
2784,2024,2784,-0.523933554,-0.034790909,0.525087399,3.146551724
2785,2024,2785,-0.105291831,-0.183861529,0.211875981,3.145421903
2786,2024,2786,0.339124651,-0.226229371,0.40765826,3.144292893
2787,2024,2787,0.274604936,0.515634796,0.584197838,3.143164693
2788,2024,2788,-0.4299246,0.422675806,0.602901318,3.142037303
2789,2024,2789,-0.308501414,-0.376210524,0.486525931,3.140910721
2790,2024,2790,0.174159952,-0.102195366,0.201929645,3.139784946
2791,2024,2791,0.17961572,0.126281344,0.219564989,3.138659979
2792,2024,2792,-0.114558716,0.171718033,0.206423792,3.137535817
2793,2024,2793,-0.138881556,0.265460415,0.299595258,3.13641246
2794,2024,2794,-0.301104528,-0.195055894,0.358762788,3.135289907
2795,2024,2795,0.442298674,-0.530188443,0.690454852,3.134168157
2796,2024,2796,0.309151232,0.763803816,0.823996816,3.13304721
2797,2024,2797,-0.44824535,0.012235652,0.448412316,3.131927065
2798,2024,2798,0.022634298,-0.273002605,0.273939288,3.13080772
2799,2024,2799,0.142491347,-0.019529666,0.143823474,3.129689175
2800,2024,2800,0.132854861,0.087062246,0.158840325,3.128571429
2801,2024,2801,0.011632998,0.104242176,0.104889265,3.127454481
2802,2024,2802,0.125898537,-0.074878589,0.146482916,3.12633833
2803,2024,2803,0.014369349,0.078205041,0.079514191,3.125222975
2804,2024,2804,0.101692993,0.063439424,0.119858355,3.124108417
2805,2024,2805,-0.081575062,0.025187093,0.08537494,3.122994652
2806,2024,2806,-0.119712184,-0.073372857,0.140408629,3.121881682
2807,2024,2807,0.174429678,-0.088136421,0.195432191,3.120769505
2808,2024,2808,0.139412099,-0.039795018,0.144980609,3.11965812
2809,2024,2809,-0.163036262,0.130578566,0.208881748,3.118547526
2810,2024,2810,-0.110610785,-0.051735873,0.122112024,3.117437722
2811,2024,2811,0.114651422,-0.140058523,0.181000935,3.116328709
2812,2024,2812,0.104725201,0.046966583,0.114774683,3.115220484
2813,2024,2813,0.108963722,0.203347944,0.230702144,3.114113047
2814,2024,2814,-0.087484784,0.184744234,0.204411397,3.113006397
2815,2024,2815,-0.05214192,0.064250379,0.082745943,3.111900533
2816,2024,2816,-0.074073436,0.288928496,0.29827261,3.110795455
2817,2024,2817,-0.427035365,-0.087002569,0.435808043,3.109691161
2818,2024,2818,0.263433648,-0.136296955,0.296604361,3.108587651
2819,2024,2819,0.247777122,0.331170047,0.413602589,3.107484924
2820,2024,2820,-0.366801382,0.322515906,0.488425801,3.106382979
2821,2024,2821,-0.362529795,0.094900251,0.374745126,3.105281815
2822,2024,2822,-0.313144234,-0.307284004,0.438728584,3.104181432
2823,2024,2823,0.008364666,-0.236093364,0.236241496,3.103081828
2824,2024,2824,0.025812027,0.090572585,0.09417884,3.101983003
2825,2024,2825,-0.033862306,0.105755574,0.111044573,3.100884956
2826,2024,2826,-0.281937332,0.021709789,0.282771947,3.099787686
2827,2024,2827,-0.262360907,-0.378708261,0.460709445,3.098691192
2828,2024,2828,0.217986136,-0.320834063,0.387882007,3.097595474
2829,2024,2829,0.056453217,-0.02075157,0.060146433,3.09650053
2830,2024,2830,0.103422325,-0.220314338,0.243381562,3.09540636
2831,2024,2831,0.280135582,0.372284952,0.465909895,3.094312964
2832,2024,2832,-0.649372818,0.054796747,0.651680705,3.093220339
2833,2024,2833,0.025285505,-0.733648961,0.73408457,3.092128486
2834,2024,2834,0.680947691,-0.028959603,0.681563215,3.091037403
2835,2024,2835,-0.205915862,-0.006667699,0.206023786,3.08994709
2836,2024,2836,0.207666571,0.029839751,0.209799465,3.088857546
2837,2024,2837,-0.079168935,0.091640152,0.121101767,3.08776877
2838,2024,2838,-0.128338691,-0.278473921,0.306624435,3.086680761
2839,2024,2839,0.293903184,-0.122177404,0.318286663,3.085593519
2840,2024,2840,0.181193353,-0.192593431,0.264430068,3.084507042
2841,2024,2841,0.263905756,-0.167215526,0.312421638,3.083421331
2842,2024,2842,0.210871382,0.429463983,0.478441274,3.082336383
2843,2024,2843,-0.303109587,0.146181559,0.336518157,3.081252198
2844,2024,2844,0.047966894,-0.198679766,0.204388044,3.080168776
2845,2024,2845,0.107630836,0.071937547,0.12945813,3.079086116
2846,2024,2846,0.329012036,0.169298763,0.370014853,3.078004216
2847,2024,2847,0.331955663,0.34656999,0.479901365,3.076923077
2848,2024,2848,-0.312397824,0.542885596,0.626352274,3.075842697
2849,2024,2849,-0.677700505,0.232613437,0.716510283,3.074763075
2850,2024,2850,-0.198388052,-0.590354569,0.622797187,3.073684211
2851,2024,2851,0.491375953,-0.049928353,0.493906032,3.072606103
2852,2024,2852,-0.043673324,0.60981008,0.611371976,3.071528752
2853,2024,2853,-0.270671155,0.150873134,0.309879939,3.070452156
2854,2024,2854,-0.187564957,-0.190142382,0.267085639,3.069376314
2855,2024,2855,-0.032604887,-0.30988293,0.3115935,3.068301226
2856,2024,2856,0.225256709,-0.022740154,0.226401633,3.067226891
2857,2024,2857,-0.024758107,0.130834539,0.133156451,3.066153308
2858,2024,2858,-0.149147899,0.074081374,0.166532717,3.065080476
2859,2024,2859,-0.068307735,-0.179176821,0.191755781,3.064008395
2860,2024,2860,0.243113714,0.056079187,0.249497802,3.062937063
2861,2024,2861,-0.093186921,0.048674485,0.105133286,3.06186648
2862,2024,2862,0.034897698,-0.342997482,0.344768214,3.060796646
2863,2024,2863,0.022652507,0.111494342,0.113772248,3.059727559
2864,2024,2864,0.152725628,0.021983818,0.154299727,3.058659218
2865,2024,2865,0.019993723,0.122733688,0.124351546,3.057591623
2866,2024,2866,-0.225327395,0.176219582,0.286052051,3.056524773
2867,2024,2867,0.03030724,-0.157100224,0.159996903,3.055458668
2868,2024,2868,0.120302533,-0.318941596,0.340875991,3.054393305
2869,2024,2869,0.635218239,-0.024445665,0.635688447,3.053328686
2870,2024,2870,-0.104793058,0.228820738,0.251675416,3.052264808
2871,2024,2871,-0.022914395,-0.007686911,0.024169362,3.051201672
2872,2024,2872,0.182114365,0.072870858,0.196152502,3.050139276
2873,2024,2873,-0.038771451,-0.078636763,0.087675344,3.049077619
2874,2024,2874,0.37631795,0.044921136,0.378989589,3.048016701
2875,2024,2875,0.430643417,0.17426521,0.464566589,3.046956522
2876,2024,2876,-0.426151459,0.368842744,0.563604503,3.045897079
2877,2024,2877,-0.360092145,-0.040313597,0.362341744,3.044838373
2878,2024,2878,0.143799324,-0.233815266,0.274495582,3.043780403
2879,2024,2879,-0.082969086,0.195409789,0.212294264,3.042723168
2880,2024,2880,-0.116317637,0.27643269,0.299908027,3.041666667
2881,2024,2881,-0.387319984,-0.002854019,0.387330499,3.040610899
2882,2024,2882,-0.145879061,-0.140018177,0.20220235,3.039555864
2883,2024,2883,-0.277513097,0.064566152,0.28492509,3.038501561
2884,2024,2884,-0.43406244,-0.170802033,0.466458504,3.037447989
2885,2024,2885,-0.155634848,-0.409344726,0.437932998,3.036395147
2886,2024,2886,0.281936708,0.021385445,0.282746608,3.035343035
2887,2024,2887,-0.081940349,0.136753008,0.159422727,3.034291652
2888,2024,2888,-0.150056601,-0.054067179,0.159499979,3.033240997
2889,2024,2889,0.099271099,-0.016923186,0.100703253,3.03219107
2890,2024,2890,0.016338824,-0.177284556,0.17803587,3.031141869
2891,2024,2891,-0.019286397,-0.038989399,0.043498716,3.030093393
2892,2024,2892,0.218772893,0.211038238,0.303971572,3.029045643
2893,2024,2893,-0.015958842,0.054633597,0.056916733,3.027998617
2894,2024,2894,-0.187501794,-0.074692995,0.20183153,3.026952315
2895,2024,2895,0.24636967,-0.139621037,0.283182006,3.025906736
2896,2024,2896,0.215508141,0.006990925,0.215621501,3.024861878
2897,2024,2897,-0.012444476,-0.079353314,0.080323181,3.023817742
2898,2024,2898,0.055999252,-0.024449531,0.061103975,3.022774327
2899,2024,2899,0.088899996,-0.070239169,0.113299383,3.021731632
2900,2024,2900,0.256491246,-0.133990383,0.289380687,3.020689655
2901,2024,2901,-0.138388059,0.130473347,0.19019608,3.019648397
2902,2024,2902,0.007588905,-0.32377052,0.323859447,3.018607857
2903,2024,2903,0.281950368,-0.146521891,0.317749389,3.017568033
2904,2024,2904,0.163164887,0.081702709,0.182477705,3.016528926
2905,2024,2905,-0.038069079,0.235181616,0.238242833,3.015490534
2906,2024,2906,-0.133731736,0.078603698,0.155121625,3.014452856
2907,2024,2907,0.027968676,0.092930113,0.097047683,3.013415893
2908,2024,2908,-0.213004364,-0.133819794,0.251552373,3.012379642
2909,2024,2909,0.154114229,-0.228518039,0.275629624,3.011344105
2910,2024,2910,0.265677591,0.4864972,0.554314088,3.010309278
2911,2024,2911,-0.776662527,0.291444114,0.829544666,3.009275163
2912,2024,2912,-0.216163764,-0.69344003,0.72635105,3.008241758
2913,2024,2913,0.725446917,0.142932109,0.739393547,3.007209063
2914,2024,2914,-0.277141888,0.280167647,0.39408316,3.006177076
2915,2024,2915,0.159792014,-0.55369662,0.576292838,3.005145798
2916,2024,2916,0.019131518,0.492794326,0.493165553,3.004115226
2917,2024,2917,-0.268419694,-0.272882351,0.382771354,3.003085362
2918,2024,2918,0.377415715,-0.373462616,0.530958518,3.002056203
2919,2024,2919,-0.039177538,0.311700449,0.314152908,3.001027749
2920,2024,2920,0.388633118,0.128892085,0.409449472,3
2921,2024,2921,0.123297717,-0.105835667,0.162491586,2.998972954
2922,2024,2922,-0.261997524,-0.171025444,0.31287762,2.997946612
2923,2024,2923,0.199073036,0.120022059,0.232455089,2.996920972
2924,2024,2924,-0.027074173,0.228589119,0.230186872,2.995896033
2925,2024,2925,-0.587670245,0.02397244,0.588158988,2.994871795
2926,2024,2926,0.062230812,-0.197227222,0.206812116,2.993848257
2927,2024,2927,0.127129132,0.266579757,0.295341469,2.992825419
2928,2024,2928,-0.17410058,-0.203397819,0.267734355,2.991803279
2929,2024,2929,0.018862664,0.028234609,0.033955754,2.990781837
2930,2024,2930,-0.177894427,0.005021032,0.177965272,2.989761092
2931,2024,2931,0.13561348,-0.137252197,0.19294865,2.988741044
2932,2024,2932,0.131031629,0.283547225,0.312359275,2.987721692
2933,2024,2933,0.194378775,0.1864664,0.269356319,2.986703034
2934,2024,2934,0.020826715,0.344099027,0.344728723,2.985685072
2935,2024,2935,-0.003020465,-0.117373089,0.117411947,2.984667802
2936,2024,2936,0.203301602,0.184534982,0.274562745,2.983651226
2937,2024,2937,-0.144131907,0.012247062,0.144651295,2.982635342
2938,2024,2938,0.382214714,0.315227041,0.495435339,2.98162015
2939,2024,2939,-0.290205851,0.424496488,0.514214648,2.980605648
2940,2024,2940,-0.197275683,-0.205589854,0.284929611,2.979591837
2941,2024,2941,0.125587661,0.067808149,0.142724229,2.978578715
2942,2024,2942,-0.091875571,-0.055106517,0.107134722,2.977566281
2943,2024,2943,-0.105600846,-0.090709342,0.139211075,2.976554536
2944,2024,2944,-0.240422973,0.068127549,0.249889113,2.975543478
2945,2024,2945,-0.178916099,-0.234811897,0.295207719,2.974533107
2946,2024,2946,-0.025668356,-0.227341943,0.228786415,2.973523422
2947,2024,2947,-0.062405272,0.019145292,0.065276031,2.972514421
2948,2024,2948,0.132685943,-0.193732725,0.234814668,2.971506106
2949,2024,2949,-0.006505754,0.26099671,0.26107778,2.970498474
2950,2024,2950,-0.330527667,0.005917267,0.330580629,2.969491525
2951,2024,2951,-0.182777087,-0.167054121,0.247617735,2.968485259
2952,2024,2952,0.011096423,-0.07499895,0.075815388,2.967479675
2953,2024,2953,0.122255502,0.011689227,0.122813053,2.966474771
2954,2024,2954,-0.245591931,0.205781849,0.320408436,2.965470548
2955,2024,2955,-0.224070407,-0.01980147,0.22494365,2.964467005
2956,2024,2956,0.022293842,-0.289746212,0.29060262,2.963464141
2957,2024,2957,-0.025787081,-0.322464523,0.32349396,2.962461955
2958,2024,2958,0.138674558,-0.145581159,0.201058466,2.961460446
2959,2024,2959,0.038221441,-0.070318396,0.080034714,2.960459615
2960,2024,2960,-0.095431767,-0.253538392,0.270903928,2.959459459
2961,2024,2961,0.205160612,-0.430469344,0.476859238,2.95845998
2962,2024,2962,0.464635817,0.114314516,0.478491641,2.957461175
2963,2024,2963,-0.157418572,-0.115588958,0.195298269,2.956463044
2964,2024,2964,0.437437439,-0.511799606,0.673268408,2.955465587
2965,2024,2965,0.576454772,0.485249732,0.753503421,2.954468803
2966,2024,2966,-0.279964926,0.122533054,0.30560548,2.95347269
2967,2024,2967,0.246531965,-0.150779488,0.288985232,2.95247725
2968,2024,2968,-0.096482307,0.191569898,0.214494432,2.95148248
2969,2024,2969,0.033130505,0.14248797,0.146288933,2.95048838
2970,2024,2970,0.10179344,0.167578437,0.19607253,2.949494949
2971,2024,2971,-0.046510694,0.108484682,0.118034617,2.948502188
2972,2024,2972,-0.171842091,0.248584811,0.302198796,2.947510094
2973,2024,2973,-0.098725012,0.098126176,0.139195455,2.946518668
2974,2024,2974,-0.218945337,-0.156990631,0.269412544,2.945527909
2975,2024,2975,0.127283841,-0.140903207,0.189881252,2.944537815
2976,2024,2976,0.212760695,0.52852509,0.569741945,2.943548387
2977,2024,2977,-0.301169653,0.229451609,0.378617486,2.942559624
2978,2024,2978,-0.103780555,-0.095134333,0.140786878,2.941571525
2979,2024,2979,-0.052105762,-0.0318376,0.061062617,2.940584089
2980,2024,2980,0.256019088,0.030521293,0.257831966,2.939597315
2981,2024,2981,0.007111416,0.022009471,0.02312983,2.938611204
2982,2024,2982,-0.004624675,0.239630154,0.239674776,2.937625755
2983,2024,2983,-0.327480313,0.156663323,0.363024451,2.936640965
2984,2024,2984,0.00812876,-0.423810654,0.423888602,2.935656836
2985,2024,2985,0.093638945,0.011115198,0.094296339,2.934673367
2986,2024,2986,-0.089498608,-0.067235868,0.111940442,2.933690556
2987,2024,2987,0.180284216,-0.287989777,0.339765375,2.932708403
2988,2024,2988,0.025403404,0.154045382,0.156125951,2.931726908
2989,2024,2989,-0.177866544,-0.314745929,0.361526634,2.930746069
2990,2024,2990,0.231506399,-0.299384641,0.378452608,2.929765886
2991,2024,2991,0.302072194,0.065837514,0.309163693,2.928786359
2992,2024,2992,0.246433416,-0.126241572,0.276886913,2.927807487
2993,2024,2993,0.174263031,0.287503694,0.336193364,2.926829268
2994,2024,2994,-0.058553667,0.216708245,0.224479388,2.925851703
2995,2024,2995,0.003433637,-0.145662455,0.14570292,2.924874791
2996,2024,2996,0.081471009,0.108224871,0.135462718,2.923898531
2997,2024,2997,0.254536662,0.244104698,0.35266984,2.922922923
2998,2024,2998,-0.029793744,0.264655802,0.266327544,2.921947965
2999,2024,2999,-0.286650948,0.086574864,0.299439431,2.920973658
3000,2024,3000,-0.059853351,0.081828018,0.101381695,2.92
3001,2024,3001,-0.328096515,-0.058931458,0.333347026,2.919026991
3002,2024,3002,0.135462882,-0.001033453,0.135466824,2.91805463
3003,2024,3003,-0.484736495,0.303615172,0.571971715,2.917082917
3004,2024,3004,-0.247290359,-0.51628975,0.572457533,2.916111851
3005,2024,3005,0.273522001,0.030689733,0.275238342,2.915141431
3006,2024,3006,-0.39837479,-0.171514648,0.433727735,2.914171657
3007,2024,3007,-0.04872314,-0.093223782,0.105188487,2.913202527
3008,2024,3008,-0.015016896,0.094843807,0.096025283,2.912234043
3009,2024,3009,-0.020344451,-0.170981232,0.172187335,2.911266201
3010,2024,3010,-0.259729722,0.237942998,0.3522448,2.910299003
3011,2024,3011,0.118420566,-0.366919957,0.385556332,2.909332448
3012,2024,3012,0.12447726,0.170164978,0.210833366,2.908366534
3013,2024,3013,-0.401504584,-0.033868332,0.402930509,2.907401261
3014,2024,3014,0.376595499,-0.227062186,0.439751528,2.906436629
3015,2024,3015,-0.285860375,0.494938793,0.571559763,2.905472637
3016,2024,3016,-0.340807728,-0.483647768,0.591662971,2.904509284
3017,2024,3017,0.783295797,-0.139174746,0.795563898,2.903546569
3018,2024,3018,-0.198421884,0.494685678,0.532996401,2.902584493
3019,2024,3019,-0.234862494,-0.318846218,0.396009219,2.901623054
3020,2024,3020,0.259116312,-0.280875654,0.382141853,2.900662252
3021,2024,3021,0.090133824,0.217244927,0.235200903,2.899702085
3022,2024,3022,0.137618765,0.071778472,0.155212994,2.898742555
3023,2024,3023,0.127548038,-0.112657746,0.170177172,2.897783659
3024,2024,3024,0.400983518,0.177183173,0.438385286,2.896825397
3025,2024,3025,-0.077530779,0.354420398,0.362801378,2.895867769
3026,2024,3026,-0.277530863,-0.323801314,0.426462977,2.894910773
3027,2024,3027,0.5654782,0.018266123,0.56577314,2.89395441
3028,2024,3028,-0.099510225,0.326941398,0.341749853,2.892998679
3029,2024,3029,-0.279481296,-0.130951175,0.308638955,2.892043579
3030,2024,3030,0.339837293,0.038699299,0.342033655,2.891089109
3031,2024,3031,-0.05359571,-0.030624767,0.061728247,2.890135269
3032,2024,3032,-0.158978316,0.004981972,0.159056358,2.889182058
3033,2024,3033,-0.078872452,-0.337605873,0.346696682,2.888229476
3034,2024,3034,0.370730026,-0.118974193,0.389352811,2.887277521
3035,2024,3035,-0.170195053,0.397339572,0.432255817,2.886326194
3036,2024,3036,-0.277635955,-0.279922278,0.394256522,2.885375494
3037,2024,3037,0.321520078,-0.214857483,0.386702597,2.88442542
3038,2024,3038,-0.254701296,0.144244122,0.292709953,2.883475971
3039,2024,3039,0.044014919,-0.50631964,0.508229172,2.882527147
3040,2024,3040,0.492393332,0.053816429,0.495325551,2.881578947
3041,2024,3041,-0.314604171,0.248284364,0.400775386,2.880631371
3042,2024,3042,0.015710885,-0.047818742,0.050333527,2.879684418
3043,2024,3043,-0.280254212,-0.011476537,0.280489098,2.878738087
3044,2024,3044,-0.033150119,-0.410793005,0.412128406,2.877792378
3045,2024,3045,0.319075622,0.306050431,0.442126814,2.876847291
3046,2024,3046,-0.410394577,0.024323486,0.411114754,2.875902823
3047,2024,3047,-0.157583981,0.077597388,0.175653255,2.874958976
3048,2024,3048,-0.309105049,0.079630562,0.319197365,2.874015748
3049,2024,3049,0.046891812,-0.381751591,0.384620748,2.873073139
3050,2024,3050,0.156484883,0.202469452,0.255893332,2.872131148
3051,2024,3051,-0.112586126,0.195151307,0.225299064,2.871189774
3052,2024,3052,0.119871925,0.062799245,0.135325621,2.870249017
3053,2024,3053,-0.092405529,0.202113691,0.222235744,2.869308877
3054,2024,3054,-0.045540482,0.16294746,0.169191637,2.868369352
3055,2024,3055,0.10186445,0.053983058,0.11528459,2.867430442
3056,2024,3056,0.25401655,-0.023213736,0.255075058,2.866492147
3057,2024,3057,0.335378179,0.282425444,0.438454849,2.865554465
3058,2024,3058,-0.026657826,0.164063226,0.166214866,2.864617397
3059,2024,3059,0.033022721,0.130379925,0.134496933,2.863680941
3060,2024,3060,-0.037956176,-0.021832551,0.043787345,2.862745098
3061,2024,3061,0.397572023,-0.068688346,0.403462021,2.861809866
3062,2024,3062,-0.051445429,0.580288098,0.582564082,2.860875245
3063,2024,3063,-0.486742692,-0.256131761,0.550019933,2.859941234
3064,2024,3064,0.432796574,-0.28691108,0.519259898,2.859007833
3065,2024,3065,-0.079255104,0.47688137,0.483422396,2.858075041
3066,2024,3066,-0.346995246,-0.206856691,0.403974494,2.857142857
3067,2024,3067,0.122153209,-0.172564918,0.211423881,2.856211281
3068,2024,3068,0.006961207,0.101766336,0.102004145,2.855280313
3069,2024,3069,-0.040361903,0.250217629,0.253452057,2.854349951
3070,2024,3070,-0.220641898,-0.116260924,0.249398175,2.853420195
3071,2024,3071,-0.000707347,-0.094006395,0.094009057,2.852491045
3072,2024,3072,-0.243040351,0.048820586,0.247895264,2.8515625
3073,2024,3073,-0.053329909,-0.452504254,0.455636016,2.850634559
3074,2024,3074,0.209528889,0.001003321,0.209531291,2.849707222
3075,2024,3075,-0.204967616,0.118908758,0.236962057,2.848780488
3076,2024,3076,-0.08722845,-0.242950024,0.258134687,2.847854356
3077,2024,3077,-0.230104345,-0.104489927,0.252717539,2.846928827
3078,2024,3078,-0.126037374,-0.304504467,0.32955787,2.846003899
3079,2024,3079,0.198342903,-0.214526479,0.292166934,2.845079571
3080,2024,3080,-0.097245187,-0.105340762,0.14336423,2.844155844
3081,2024,3081,-0.012679667,-0.369504845,0.369722334,2.843232717
3082,2024,3082,0.050659574,-0.097318077,0.109714177,2.842310188
3083,2024,3083,0.000945536,-0.06423524,0.064242198,2.841388258
3084,2024,3084,0.002932808,-0.208310551,0.208331196,2.840466926
3085,2024,3085,0.303951421,-0.085092847,0.31563786,2.839546191
3086,2024,3086,0.241865187,0.243410325,0.343143345,2.838626053
3087,2024,3087,0.029240928,0.070060675,0.075917917,2.837706511
3088,2024,3088,-0.146442496,0.179585973,0.231725109,2.836787565
3089,2024,3089,-0.104877937,-0.233740853,0.256191663,2.835869213
3090,2024,3090,0.379109223,0.075365216,0.386527772,2.834951456
3091,2024,3091,-0.014877397,0.580643943,0.580834508,2.834034293
3092,2024,3092,-0.098582071,0.192789622,0.216532361,2.833117723
3093,2024,3093,-0.151524681,0.041621391,0.157137103,2.832201746
3094,2024,3094,0.246410779,0.275738738,0.369797409,2.831286361
3095,2024,3095,-0.173336534,0.311460236,0.356444992,2.830371567
3096,2024,3096,-0.046610825,-0.0582773,0.074624478,2.829457364
3097,2024,3097,0.042750115,0.617248596,0.618727244,2.828543752
3098,2024,3098,-0.203445971,-0.056562532,0.211162457,2.82763073
3099,2024,3099,0.271986977,-0.014324926,0.272363946,2.826718296
3100,2024,3100,0.157009424,0.372007043,0.403783604,2.825806452
3101,2024,3101,-0.039494122,0.039693533,0.055994305,2.824895195
3102,2024,3102,-0.021032088,-0.247365189,0.248257699,2.823984526
3103,2024,3103,0.156645553,-0.147774555,0.215348899,2.823074444
3104,2024,3104,-0.028517763,0.063733472,0.069822763,2.822164948
3105,2024,3105,0.070381571,-0.249133886,0.258884644,2.821256039
3106,2024,3106,-0.063279541,0.076684571,0.09942245,2.820347714
3107,2024,3107,-0.542270256,-0.43416109,0.694660264,2.819439974
3108,2024,3108,0.559134743,-0.831673723,1.002154101,2.818532819
3109,2024,3109,0.398560981,0.440425675,0.593991272,2.817626246
3110,2024,3110,-0.768676028,-0.111355317,0.77669997,2.816720257
3111,2024,3111,0.200438459,-0.469102929,0.510130506,2.815814851
3112,2024,3112,0.057557114,0.094444833,0.110601302,2.814910026
3113,2024,3113,0.155512116,-0.156455835,0.220595663,2.814005782
3114,2024,3114,0.203329465,0.163368734,0.260829857,2.813102119
3115,2024,3115,-0.0285166,0.147564138,0.150294283,2.812199037
3116,2024,3116,-0.009895655,-0.031953995,0.033451185,2.811296534
3117,2024,3117,0.064128314,-0.117448603,0.133815601,2.81039461
3118,2024,3118,0.321948456,0.261284597,0.414632909,2.809493265
3119,2024,3119,-0.156641316,0.388773335,0.419143421,2.808592498
3120,2024,3120,-0.085759898,-0.228694678,0.24424581,2.807692308
3121,2024,3121,0.321201195,0.127897964,0.345728357,2.806792695
3122,2024,3122,-0.142189816,0.466684526,0.487865136,2.805893658
3123,2024,3123,-0.392817419,-0.264669422,0.473661723,2.804995197
3124,2024,3124,0.168645508,0.009723866,0.168925608,2.804097311
3125,2024,3125,-0.227420243,0.284467987,0.364200498,2.8032
3126,2024,3126,-0.156043146,-0.156396485,0.220928323,2.802303263
3127,2024,3127,0.090343257,0.019372232,0.092396902,2.801407099
3128,2024,3128,-0.175697021,0.280655233,0.331114487,2.800511509
3129,2024,3129,-0.315930695,-0.012122897,0.3161632,2.799616491
3130,2024,3130,0.177291326,-0.224235003,0.285855822,2.798722045
3131,2024,3131,-0.064214526,0.290954438,0.297956356,2.79782817
3132,2024,3132,-0.336820912,-0.042781206,0.339526962,2.796934866
3133,2024,3133,0.256601234,-0.321301081,0.411191656,2.796042132
3134,2024,3134,0.043739311,0.240858668,0.244797928,2.795149968
3135,2024,3135,-0.216272081,0.120732182,0.247689065,2.794258373
3136,2024,3136,-0.053358666,-0.256459232,0.261951303,2.793367347
3137,2024,3137,0.116526755,-0.037280284,0.122345021,2.792476889
3138,2024,3138,0.092674771,-0.017449054,0.094303142,2.791586998
3139,2024,3139,0.133264512,0.169440271,0.215567705,2.790697674
3140,2024,3140,-0.199778461,0.253566672,0.32281185,2.789808917
3141,2024,3141,-0.297596751,-0.405963987,0.5033593,2.788920726
3142,2024,3142,0.388135133,-0.278011181,0.477429679,2.7880331
3143,2024,3143,0.205784216,0.416286123,0.464371919,2.787146039
3144,2024,3144,-0.013466827,-0.108706768,0.109537742,2.786259542
3145,2024,3145,0.110615942,0.143815629,0.181435448,2.785373609
3146,2024,3146,-0.219851622,-0.057233355,0.227179208,2.784488239
3147,2024,3147,0.301746951,-0.516370294,0.598071486,2.783603432
3148,2024,3148,0.295771173,0.079676836,0.306315173,2.782719187
3149,2024,3149,-0.280703014,0.2044316,0.347255614,2.781835503
3150,2024,3150,-0.047343663,-0.240418109,0.245035283,2.780952381
3151,2024,3151,-0.017797042,-0.438327378,0.438688529,2.780069819
3152,2024,3152,0.28156905,0.008217172,0.281688927,2.779187817
3153,2024,3153,-0.045595468,0.145282633,0.152269465,2.778306375
3154,2024,3154,-0.336024168,-0.050834678,0.339847622,2.777425491
3155,2024,3155,-0.10722932,-0.019570545,0.109000612,2.776545166
3156,2024,3156,-0.066496417,-0.164701577,0.177618644,2.775665399
3157,2024,3157,-0.044931727,0.116960701,0.125294316,2.774786189
3158,2024,3158,0.090943552,0.270822523,0.285684386,2.773907536
3159,2024,3159,-0.395509706,0.237607069,0.461394675,2.77302944
3160,2024,3160,-0.304547903,-0.514002207,0.597450997,2.772151899
3161,2024,3161,0.724543226,0.07689672,0.728612375,2.771274913
3162,2024,3162,-0.184093136,0.461218411,0.496601153,2.770398482
3163,2024,3163,-0.115588988,-0.034218911,0.1205477,2.769522605
3164,2024,3164,-0.085462125,-0.154375193,0.176452472,2.768647282
3165,2024,3165,0.213207385,-0.19010527,0.285652591,2.767772512
3166,2024,3166,0.145966949,0.044348324,0.152555315,2.766898294
3167,2024,3167,0.056502013,-0.087846073,0.104448121,2.766024629
3168,2024,3168,0.092036749,0.212797264,0.231847879,2.765151515
3169,2024,3169,-0.154252928,-0.218890684,0.267781809,2.764278952
3170,2024,3170,0.186764615,0.102933546,0.213251814,2.76340694
3171,2024,3171,-0.216329648,0.084438015,0.232224665,2.762535478
3172,2024,3172,0.160801683,-0.358909418,0.393285076,2.761664565
3173,2024,3173,0.158608901,0.246291663,0.292944307,2.760794201
3174,2024,3174,-0.225719775,0.164338123,0.279206797,2.759924386
3175,2024,3175,0.175140028,-0.205215896,0.269791759,2.759055118
3176,2024,3176,0.101757711,0.268429283,0.287069525,2.758186398
3177,2024,3177,-0.346958112,-0.10293741,0.361906123,2.757318225
3178,2024,3178,0.393916751,-0.291199796,0.48986501,2.756450598
3179,2024,3179,0.275346295,0.261738384,0.379898097,2.755583517
3180,2024,3180,0.059115807,0.160641838,0.171173826,2.754716981
3181,2024,3181,0.004887438,0.19657726,0.196638008,2.75385099
3182,2024,3182,-0.190859597,0.079945575,0.206926753,2.752985544
3183,2024,3183,0.146172056,-0.304470481,0.33774035,2.752120641
3184,2024,3184,0.275589093,0.073891578,0.285323174,2.751256281
3185,2024,3185,0.023145078,0.405461233,0.406121295,2.750392465
3186,2024,3186,-0.130589905,0.024477629,0.132864132,2.74952919
3187,2024,3187,-0.191960921,0.113436734,0.222972841,2.748666457
3188,2024,3188,-0.150028119,0.097982033,0.179189606,2.747804266
3189,2024,3189,0.043260931,-0.158462301,0.164261404,2.746942615
3190,2024,3190,0.217793392,0.043119867,0.222020911,2.746081505
3191,2024,3191,-0.078903268,0.392882105,0.400726932,2.745220934
3192,2024,3192,-0.399404385,0.082012004,0.407737454,2.744360902
3193,2024,3193,-0.135454236,-0.292521329,0.322360944,2.743501409
3194,2024,3194,-0.013858263,-0.120448452,0.121243066,2.742642455
3195,2024,3195,0.011640618,-0.103818416,0.104468978,2.741784038
3196,2024,3196,0.447161077,0.099364757,0.458068099,2.740926158
3197,2024,3197,-0.288616911,0.414441097,0.505035786,2.740068815
3198,2024,3198,-0.252464976,-0.220715279,0.335341316,2.739212008
3199,2024,3199,-0.047978999,-0.239959728,0.244709328,2.738355736
3200,2024,3200,-0.24189693,-0.085722642,0.256636895,2.7375
3201,2024,3201,0.265506341,-0.056593238,0.271470831,2.736644799
3202,2024,3202,-0.256587617,0.079984389,0.268765154,2.735790131
3203,2024,3203,0.022976474,-0.06876464,0.072501683,2.734935998
3204,2024,3204,-0.134547416,0.108205523,0.172659904,2.734082397
3205,2024,3205,-0.352719616,-0.488799234,0.602773439,2.733229329
3206,2024,3206,0.367886931,-0.250467739,0.445056044,2.732376794
3207,2024,3207,0.282218704,0.22363239,0.360081717,2.73152479
3208,2024,3208,-0.218701714,0.052511647,0.224917568,2.730673317
3209,2024,3209,-0.082351529,-0.230504797,0.244773846,2.729822375
3210,2024,3210,0.192035829,-0.061266463,0.201572169,2.728971963
3211,2024,3211,0.21446772,-0.261362146,0.338092553,2.72812208
3212,2024,3212,0.232086332,-0.157961719,0.280741821,2.727272727
3213,2024,3213,0.218875488,0.268895366,0.346714864,2.726423903
3214,2024,3214,0.166352518,0.38490589,0.419315757,2.725575607
3215,2024,3215,-0.318141595,0.189051994,0.370073953,2.724727838
3216,2024,3216,-0.104747783,-0.370439379,0.384964195,2.723880597
3217,2024,3217,0.368768015,0.102266466,0.382685614,2.723033882
3218,2024,3218,0.019518672,0.164151646,0.16530802,2.722187694
3219,2024,3219,0.009026416,0.095259545,0.095686243,2.721342032
3220,2024,3220,-0.247151325,0.286980999,0.378737206,2.720496894
3221,2024,3221,-0.125567489,-0.145018621,0.191826992,2.719652282
3222,2024,3222,0.093892708,-0.027750346,0.097907724,2.718808194
3223,2024,3223,0.120282134,0.161249675,0.201169703,2.717964629
3224,2024,3224,-0.222926799,0.21988121,0.313119952,2.717121588
3225,2024,3225,-0.113524759,-0.213580452,0.241876994,2.71627907
3226,2024,3226,0.014842697,0.08984605,0.091063815,2.715437074
3227,2024,3227,-0.23518772,-0.045930348,0.239630675,2.7145956
3228,2024,3228,0.189163254,0.048451277,0.195269718,2.713754647
3229,2024,3229,-0.282483885,-0.031197561,0.284201396,2.712914215
3230,2024,3230,0.050898457,-0.247183049,0.252369001,2.712074303
3231,2024,3231,0.272578235,0.402851735,0.486403551,2.711234912
3232,2024,3232,-0.543155719,-0.075313412,0.5483523,2.71039604
3233,2024,3233,-0.106027707,-0.359211876,0.374533104,2.709557686
3234,2024,3234,0.133043672,-0.16214778,0.209743942,2.708719852
3235,2024,3235,0.105673064,-0.00016411,0.105673191,2.707882535
3236,2024,3236,0.068076646,0.119243879,0.137308166,2.707045735
3237,2024,3237,-0.120608005,-0.083547669,0.146719132,2.706209453
3238,2024,3238,0.115196628,-0.062563372,0.13108943,2.705373687
3239,2024,3239,0.062014597,-0.105769027,0.122608716,2.704538438
3240,2024,3240,0.335867814,-0.378407585,0.505963921,2.703703704
3241,2024,3241,0.353583523,0.379270679,0.518524402,2.702869485
3242,2024,3242,0.031111216,0.015168815,0.034612147,2.70203578
3243,2024,3243,0.103285537,-0.036228485,0.109455038,2.70120259
3244,2024,3244,0.132081639,0.060107674,0.145115444,2.700369914
3245,2024,3245,0.340585125,-0.014332284,0.340886553,2.69953775
3246,2024,3246,-0.062085311,0.190608579,0.200465,2.6987061
3247,2024,3247,-0.045809796,-0.098161814,0.108324878,2.697874962
3248,2024,3248,0.131012688,0.185076108,0.226754251,2.697044335
3249,2024,3249,-0.090663175,0.09663869,0.132509802,2.69621422
3250,2024,3250,-0.241882094,0.102333161,0.262638579,2.695384615
3251,2024,3251,-0.220267449,-0.122254567,0.25192048,2.694555521
3252,2024,3252,-0.052584752,-0.117706964,0.12891891,2.693726937
3253,2024,3253,0.017331258,0.116245866,0.117530735,2.692898863
3254,2024,3254,-0.115813975,0.102396604,0.15458959,2.692071297
3255,2024,3255,-0.395855908,0.037265264,0.397606086,2.69124424
3256,2024,3256,-0.086996748,0.026805324,0.091032739,2.69041769
3257,2024,3257,0.199435717,0.036340354,0.202719576,2.689591649
3258,2024,3258,-0.089731336,0.03133513,0.095045268,2.688766114
3259,2024,3259,0.070073929,0.257823306,0.26717637,2.687941086
3260,2024,3260,-0.15714153,0.211464815,0.263459349,2.687116564
3261,2024,3261,-0.293571486,-0.25903146,0.391511832,2.686292548
3262,2024,3262,0.143624825,-0.158214496,0.213681813,2.685469037
3263,2024,3263,-0.007891796,0.204295794,0.204448165,2.684646031
3264,2024,3264,-0.181850429,-0.271485764,0.326763062,2.683823529
3265,2024,3265,0.1955965,-0.240726954,0.31017327,2.683001531
3266,2024,3266,-0.018242609,0.21335197,0.214130465,2.682180037
3267,2024,3267,-0.292608354,-0.260467611,0.391743571,2.681359045
3268,2024,3268,0.057306432,-0.24383866,0.250482174,2.680538556
3269,2024,3269,-0.082079467,-0.148154128,0.16937144,2.679718568
3270,2024,3270,0.194362345,-0.041315247,0.198704984,2.678899083
3271,2024,3271,0.165438452,0.102021734,0.194366446,2.678080098
3272,2024,3272,-0.095625562,-0.027672874,0.099549164,2.677261614
3273,2024,3273,0.005401108,-0.044392062,0.044719427,2.67644363
3274,2024,3274,0.218945724,0.056269641,0.226060838,2.675626145
3275,2024,3275,0.076735749,0.020875554,0.079524612,2.67480916
3276,2024,3276,0.100465409,0.371096684,0.38445552,2.673992674
3277,2024,3277,-0.363715638,0.219344792,0.424736628,2.673176686
3278,2024,3278,0.14770024,-0.338771512,0.369569342,2.672361196
3279,2024,3279,0.137811349,0.193705045,0.237725918,2.671546203
3280,2024,3280,-0.255657071,0.004593186,0.255698329,2.670731707
3281,2024,3281,0.200739778,0.174226482,0.265803171,2.669917708
3282,2024,3282,-0.088675544,-0.096040927,0.130718062,2.669104205
3283,2024,3283,-0.075029637,0.135968775,0.155296343,2.668291197
3284,2024,3284,-0.020229811,0.026182479,0.03308727,2.667478685
3285,2024,3285,0.269487257,-0.441803379,0.517507109,2.666666667
3286,2024,3286,-0.090719097,0.048155602,0.102707919,2.665855143
3287,2024,3287,0.088764439,0.106073774,0.138314031,2.665044113
3288,2024,3288,0.203992129,-0.103642242,0.228811064,2.664233577
3289,2024,3289,-0.046828118,-0.142782426,0.150265411,2.663423533
3290,2024,3290,0.202051029,0.239021119,0.312978775,2.662613982
3291,2024,3291,-0.074779228,-0.013771194,0.076036693,2.661804923
3292,2024,3292,0.188604909,-0.224852391,0.293479828,2.660996355
3293,2024,3293,-0.289651785,0.103562766,0.307609173,2.660188278
3294,2024,3294,-0.258064756,-0.17672421,0.312776062,2.659380692
3295,2024,3295,0.039386071,-0.26972348,0.272583965,2.658573596
3296,2024,3296,0.033667733,-0.116821292,0.121576028,2.65776699
3297,2024,3297,0.043208491,0.142912723,0.149301775,2.656960874
3298,2024,3298,-0.218638894,-0.104005293,0.242115813,2.656155246
3299,2024,3299,0.165144497,-0.292174922,0.335617177,2.655350106
3300,2024,3300,0.133579791,0.191986186,0.233885135,2.654545455
3301,2024,3301,0.046238529,0.07620068,0.089132178,2.653741291
3302,2024,3302,0.114300358,0.263646124,0.287356661,2.652937614
3303,2024,3303,-0.027541769,-0.020837865,0.03453644,2.652134423
3304,2024,3304,0.455726807,-0.177297068,0.489000176,2.651331719
3305,2024,3305,0.542148412,0.571109164,0.787458302,2.650529501
3306,2024,3306,-0.298588775,0.170864833,0.344020417,2.649727768
3307,2024,3307,0.026761662,-0.29556664,0.296775715,2.64892652
3308,2024,3308,0.220387769,0.216568883,0.308986812,2.648125756
3309,2024,3309,0.037372139,-0.01036295,0.038782309,2.647325476
3310,2024,3310,0.101659573,0.186866711,0.212729491,2.64652568
3311,2024,3311,-0.312526816,0.175912293,0.358633721,2.645726367
3312,2024,3312,-0.227553368,-0.230325767,0.323775376,2.644927536
3313,2024,3313,0.013061322,-0.240275964,0.240630707,2.644129188
3314,2024,3314,0.161894095,0.156767812,0.225357149,2.643331322
3315,2024,3315,-0.274093438,0.198882235,0.338646358,2.642533937
3316,2024,3316,-0.199749275,0.119160696,0.232592013,2.641737033
3317,2024,3317,-0.196034169,-0.016903396,0.196761582,2.640940609
3318,2024,3318,0.06755436,-0.126729075,0.143610062,2.640144665
3319,2024,3319,0.101370164,0.348262868,0.362716053,2.639349202
3320,2024,3320,-0.129846452,0.21981732,0.255303261,2.638554217
3321,2024,3321,-0.27500433,0.060671003,0.281617387,2.637759711
3322,2024,3322,-0.364892548,-0.083021874,0.374218122,2.636965683
3323,2024,3323,-0.008571257,-0.163025429,0.163250595,2.636172134
3324,2024,3324,0.027873785,-0.025832838,0.038003729,2.635379061
3325,2024,3325,-0.148798114,0.086780209,0.172254705,2.634586466
3326,2024,3326,-0.396752829,-0.211384209,0.449550989,2.633794348
3327,2024,3327,0.130018315,-0.595387096,0.609418212,2.633002705
3328,2024,3328,0.234074764,0.109687465,0.258500165,2.632211538
3329,2024,3329,-0.536791939,-0.012966497,0.536948523,2.631420847
3330,2024,3330,0.244182346,-0.784320026,0.821451715,2.630630631
3331,2024,3331,0.581486443,0.143760292,0.598993744,2.629840889
3332,2024,3332,-0.310685729,-0.02001648,0.31132986,2.629051621
3333,2024,3333,0.35302409,-0.197914602,0.404717429,2.628262826
3334,2024,3334,0.296845383,0.203266294,0.359769882,2.627474505
3335,2024,3335,-0.043648143,-0.195112951,0.19993555,2.626686657
3336,2024,3336,0.274550878,0.040100576,0.277463945,2.625899281
3337,2024,3337,0.11009704,0.283020214,0.303680424,2.625112376
3338,2024,3338,0.057140839,0.021551679,0.061070045,2.624325944
3339,2024,3339,-0.212921596,0.190922114,0.28598402,2.623539982
3340,2024,3340,-0.101566111,-0.156404709,0.186488895,2.622754491
3341,2024,3341,0.304801541,-0.034962146,0.306800148,2.62196947
3342,2024,3342,-0.010827104,0.297304276,0.297501359,2.621184919
3343,2024,3343,-0.074639741,0.241832113,0.253088644,2.620400838
3344,2024,3344,-0.235412219,0.253742308,0.346127247,2.619617225
3345,2024,3345,-0.152508203,-0.153345373,0.216271948,2.618834081
3346,2024,3346,0.08353725,0.073223668,0.111086353,2.618051405
3347,2024,3347,0.0776204,0.319893019,0.32917544,2.617269196
3348,2024,3348,-0.002215553,0.049269013,0.049318803,2.616487455
3349,2024,3349,0.114764202,0.121169881,0.166892067,2.615706181
3350,2024,3350,-0.361104377,0.285332067,0.460229029,2.614925373
3351,2024,3351,0.097116379,-0.404562901,0.416056164,2.614145031
3352,2024,3352,0.122304816,0.177569775,0.215614223,2.613365155
3353,2024,3353,-0.133286015,-0.077351794,0.154105359,2.612585744
3354,2024,3354,0.000484337,-0.010792658,0.010803521,2.611806798
3355,2024,3355,-0.417096387,-0.189165181,0.45798784,2.611028316
3356,2024,3356,0.211696812,-0.489824915,0.533614081,2.610250298
3357,2024,3357,-0.187652856,-0.129671497,0.22809711,2.609472744
3358,2024,3358,0.189709744,-0.345003012,0.393721813,2.608695652
3359,2024,3359,0.225612526,0.062790154,0.234187137,2.607919024
3360,2024,3360,-0.292400968,-0.149404801,0.328359743,2.607142857
3361,2024,3361,0.306525253,-0.161345314,0.346395786,2.606367153
3362,2024,3362,0.202949073,-0.071279259,0.215102438,2.60559191
3363,2024,3363,0.101169088,-0.102196298,0.143802878,2.604817128
3364,2024,3364,0.282231723,0.105081377,0.301159163,2.604042806
3365,2024,3365,0.292401093,0.127962249,0.319175087,2.603268945
3366,2024,3366,-0.126518765,0.355521182,0.377362304,2.602495544
3367,2024,3367,0.00801051,-0.326568876,0.326667108,2.601722602
3368,2024,3368,0.504885632,0.326078686,0.601029792,2.600950119
3369,2024,3369,-0.424254319,0.361593248,0.557441839,2.600178094
3370,2024,3370,-0.087815599,-0.390087724,0.399849986,2.599406528
3371,2024,3371,0.088486812,0.188107795,0.207880876,2.59863542
3372,2024,3372,-0.164435473,0.124129487,0.206027071,2.597864769
3373,2024,3373,0.007491536,-0.054564838,0.055076716,2.597094575
3374,2024,3374,-0.120411954,0.176491085,0.213654258,2.596324837
3375,2024,3375,-0.168095929,0.114250768,0.203247335,2.595555556
3376,2024,3376,-0.095556233,-0.23656222,0.255132667,2.59478673
3377,2024,3377,-0.087310608,0.180840948,0.200814817,2.594018359
3378,2024,3378,-0.070842289,0.130842258,0.148789537,2.593250444
3379,2024,3379,-0.089740105,-0.067047348,0.112020683,2.592482983
3380,2024,3380,-0.033409576,0.215909388,0.218478978,2.591715976
3381,2024,3381,-0.252501588,0.068830285,0.261714845,2.590949423
3382,2024,3382,-0.120220216,-0.343096257,0.363549092,2.590183323
3383,2024,3383,0.181349567,0.127168608,0.221493838,2.589417677
3384,2024,3384,-0.406635846,0.205988806,0.455833412,2.588652482
3385,2024,3385,-0.465496351,-0.370813091,0.595137968,2.58788774
3386,2024,3386,0.56420713,-0.138287377,0.580907122,2.587123449
3387,2024,3387,-0.18825104,0.372203052,0.417101385,2.58635961
3388,2024,3388,-0.437694463,-0.433810818,0.616253412,2.585596222
3389,2024,3389,0.727087635,-0.30966249,0.790283043,2.584833284
3390,2024,3390,-0.071664834,0.579175228,0.583592146,2.584070796
3391,2024,3391,-0.261818614,-0.245527052,0.358932473,2.583308758
3392,2024,3392,0.531221323,-0.219666557,0.574847362,2.58254717
3393,2024,3393,0.10125596,0.284975045,0.302429406,2.58178603
3394,2024,3394,0.097327359,0.125777878,0.159036755,2.581025339
3395,2024,3395,0.194602051,-0.198375089,0.277889608,2.580265096
3396,2024,3396,0.290839323,0.10258356,0.30840055,2.5795053
3397,2024,3397,-0.078897578,0.30832683,0.318261311,2.578745952
3398,2024,3398,-0.18518369,-0.135543964,0.229488921,2.577987051
3399,2024,3399,0.062181393,-0.084134744,0.104619218,2.577228597
3400,2024,3400,0.045735078,0.072742719,0.085925553,2.576470588
3401,2024,3401,0.115519266,0.058692453,0.129574322,2.575713026
3402,2024,3402,-0.232419125,-0.086717931,0.248069847,2.574955908
3403,2024,3403,0.003121424,-0.0504037,0.05050026,2.574199236
3404,2024,3404,-0.101250734,0.051899114,0.113777103,2.573443008
3405,2024,3405,-0.099535203,-0.361080637,0.374548372,2.572687225
3406,2024,3406,0.346022399,0.017704934,0.346475057,2.571931885
3407,2024,3407,0.121176992,0.125875989,0.174724435,2.571176989
3408,2024,3408,-0.218872236,-0.03649435,0.221893879,2.570422535
3409,2024,3409,0.061253365,-0.210913167,0.219627728,2.569668524
3410,2024,3410,0.079899644,0.081299242,0.113989122,2.568914956
3411,2024,3411,-0.285800586,-0.279446885,0.39971557,2.568161829
3412,2024,3412,0.350317048,0.036856879,0.352250569,2.567409144
3413,2024,3413,-0.185511793,0.368453852,0.41252014,2.5666569
3414,2024,3414,-0.531589932,-0.222231987,0.576172641,2.565905097
3415,2024,3415,-0.107233736,-0.344130358,0.360450798,2.565153734
3416,2024,3416,0.094740771,0.007581708,0.095043653,2.56440281
3417,2024,3417,-0.11411903,-0.046059618,0.123063567,2.563652327
3418,2024,3418,0.011198466,0.085038315,0.085772494,2.562902282
3419,2024,3419,-0.042783075,0.181135161,0.18611915,2.562152676
3420,2024,3420,-0.109198841,-0.112450684,0.156746749,2.561403509
3421,2024,3421,0.258200699,0.016980323,0.258758444,2.560654779
3422,2024,3422,0.107067509,0.122921627,0.163012815,2.559906487
3423,2024,3423,0.004917792,-0.129666011,0.129759235,2.559158633
3424,2024,3424,0.3884987,0.116565982,0.405609256,2.558411215
3425,2024,3425,0.026165036,0.168453107,0.170473043,2.557664234
3426,2024,3426,0.172192015,-0.168273568,0.240761466,2.556917688
3427,2024,3427,0.151364926,0.331828084,0.36472074,2.556171579
3428,2024,3428,-0.311529552,-0.069046582,0.319089474,2.555425904
3429,2024,3429,0.286266585,-0.352744186,0.454287374,2.554680665
3430,2024,3430,0.29958591,0.374354096,0.479471278,2.55393586
3431,2024,3431,-0.376714642,0.322147019,0.495673908,2.553191489
3432,2024,3432,-0.362881262,-0.249530392,0.440395535,2.552447552
3433,2024,3433,0.299288293,-0.242557498,0.385237098,2.551704049
3434,2024,3434,0.297250485,0.470850253,0.55682835,2.550960978
3435,2024,3435,-0.275720017,0.043315673,0.279101729,2.550218341
3436,2024,3436,0.191728487,0.018350051,0.192604614,2.549476135
3437,2024,3437,-0.105721809,0.575989323,0.585611476,2.548734361
3438,2024,3438,-0.393240329,-0.151553719,0.421433846,2.547993019
3439,2024,3439,0.229883406,-0.237918444,0.330834651,2.547252108
3440,2024,3440,0.178898864,0.14258646,0.228769977,2.546511628
3441,2024,3441,-0.027770693,0.172131281,0.174357074,2.545771578
3442,2024,3442,-0.367560662,0.024213382,0.368357337,2.545031958
3443,2024,3443,-0.166243695,-0.121230528,0.205751809,2.544292768
3444,2024,3444,-0.174784552,-0.263457475,0.316163693,2.543554007
3445,2024,3445,-0.086063977,-0.225193688,0.241079251,2.542815675
3446,2024,3446,-0.213999319,0.022253214,0.215153234,2.542077771
3447,2024,3447,-0.031480913,-0.250874097,0.252841572,2.541340296
3448,2024,3448,0.129735909,0.062649392,0.144070651,2.540603248
3449,2024,3449,-0.347527692,0.064698743,0.353498832,2.539866628
3450,2024,3450,-0.078721631,-0.538468998,0.544192941,2.539130435
3451,2024,3451,0.490457881,-0.210469958,0.533710162,2.538394668
3452,2024,3452,0.194728601,0.209848983,0.286279276,2.537659328
3453,2024,3453,-0.040262632,0.196155182,0.200244688,2.536924414
3454,2024,3454,-0.156195959,-0.061059874,0.167706546,2.536189925
3455,2024,3455,-0.035911981,-0.30232505,0.304450499,2.535455861
3456,2024,3456,0.350189653,-0.027711257,0.351284367,2.534722222
3457,2024,3457,0.146007232,-0.03548051,0.150256376,2.533989008
3458,2024,3458,-0.071522058,0.214086152,0.225717268,2.533256217
3459,2024,3459,-0.17416225,0.134062578,0.219784586,2.532523851
3460,2024,3460,-0.251718807,-0.217553516,0.332703908,2.531791908
3461,2024,3461,0.150681961,0.098134896,0.179820775,2.531060387
3462,2024,3462,0.166836027,0.413089082,0.445507407,2.530329289
3463,2024,3463,-0.265332864,0.046974365,0.269458939,2.529598614
3464,2024,3464,0.16419978,0.105478678,0.195159727,2.52886836
3465,2024,3465,0.157193046,0.300378576,0.339023513,2.528138528
3466,2024,3466,-0.128758895,0.079516155,0.151332984,2.527409117
3467,2024,3467,0.069692704,0.080695388,0.106624662,2.526680127
3468,2024,3468,0.042543911,0.036193876,0.05585679,2.525951557
3469,2024,3469,0.309694937,0.070161516,0.317543056,2.525223407
3470,2024,3470,0.157648407,0.106379668,0.190183212,2.524495677
3471,2024,3471,-0.037958728,0.056227829,0.06784124,2.523768366
3472,2024,3472,-0.363634068,-0.164245706,0.399006751,2.523041475
3473,2024,3473,0.191116346,-0.646691409,0.674340594,2.522315001
3474,2024,3474,0.260301736,0.122204288,0.287560223,2.521588946
3475,2024,3475,-0.442189433,-0.022758264,0.442774698,2.520863309
3476,2024,3476,0.067213217,-0.282872429,0.290748049,2.52013809
3477,2024,3477,-0.220599427,-0.05475635,0.227293566,2.519413287
3478,2024,3478,0.131885455,-0.41592969,0.436338493,2.518688902
3479,2024,3479,-0.02883567,0.166465547,0.168944589,2.517964932
3480,2024,3480,0.032961762,-0.222793906,0.225219009,2.517241379
3481,2024,3481,0.256366873,0.268045965,0.370907823,2.516518242
3482,2024,3482,-0.364709271,0.060244009,0.369651448,2.51579552
3483,2024,3483,0.132391733,-0.251742436,0.284432461,2.515073213
3484,2024,3484,0.365175848,-0.054489732,0.369218811,2.51435132
3485,2024,3485,0.209224708,0.071521092,0.221111385,2.513629842
3486,2024,3486,-0.145249132,0.185634922,0.235706671,2.512908778
3487,2024,3487,0.095908452,-0.389189815,0.400833061,2.512188127
3488,2024,3488,0.220815505,0.158214497,0.271645567,2.51146789
3489,2024,3489,-0.264253133,0.081374351,0.27649865,2.510748065
3490,2024,3490,0.150714129,-0.157949112,0.218317821,2.510028653
3491,2024,3491,-0.123681606,0.203048784,0.237751863,2.509309653
3492,2024,3492,-0.206207929,-0.198101047,0.285947084,2.508591065
3493,2024,3493,0.127242648,0.104937156,0.164931799,2.507872889
3494,2024,3494,-0.079586842,0.163800534,0.182111725,2.507155123
3495,2024,3495,-0.209101378,-0.013710591,0.209550391,2.506437768
3496,2024,3496,0.045929143,0.141559857,0.148824323,2.505720824
3497,2024,3497,-0.037303425,0.245325378,0.248145293,2.505004289
3498,2024,3498,-0.318975086,-0.183340127,0.367911277,2.504288165
3499,2024,3499,0.219501862,0.116088084,0.248309305,2.503572449
3500,2024,3500,0.03594407,0.220792486,0.223699124,2.502857143
3501,2024,3501,-0.214183134,-0.081064569,0.229010653,2.502142245
3502,2024,3502,-0.113116199,0.011629316,0.113712424,2.501427756
3503,2024,3503,-0.056363392,-0.115723082,0.128719321,2.500713674
3504,2024,3504,0.148549533,0.027791842,0.151126934,2.5
3505,2024,3505,-0.077161503,0.17533446,0.191562184,2.499286733
3506,2024,3506,-0.226009322,0.216435338,0.312928856,2.498573873
3507,2024,3507,-0.226716272,-0.106559375,0.250509817,2.49786142
3508,2024,3508,0.252430301,-0.033998691,0.254709575,2.497149373
3509,2024,3509,-0.061287758,0.166946375,0.177840607,2.496437732
3510,2024,3510,0.163274754,0.099980502,0.191454292,2.495726496
3511,2024,3511,0.085737195,0.223527191,0.239406082,2.495015665
3512,2024,3512,-0.025690042,-0.040315526,0.047805019,2.494305239
3513,2024,3513,0.114163777,0.06269437,0.130245737,2.493595218
3514,2024,3514,0.268580045,0.193898139,0.331257798,2.4928856
3515,2024,3515,0.006736164,-0.031732115,0.03243922,2.492176387
3516,2024,3516,-0.058512491,-0.201054049,0.209395421,2.491467577
3517,2024,3517,0.383919539,-0.144616904,0.410253899,2.49075917
3518,2024,3518,0.083348459,0.033954219,0.089999192,2.490051165
3519,2024,3519,-0.256605523,-0.017123002,0.257176188,2.489343564
3520,2024,3520,0.057120218,-0.289355659,0.294939683,2.488636364
3521,2024,3521,-0.063060233,-0.037617847,0.073428165,2.487929565
3522,2024,3522,-0.028106298,-0.034327043,0.044365638,2.487223169
3523,2024,3523,0.041496096,0.090556354,0.09961114,2.486517173
3524,2024,3524,-0.28019902,-0.001735091,0.280204392,2.485811578
3525,2024,3525,-0.040979936,-0.089357326,0.098306088,2.485106383
3526,2024,3526,-0.042079932,0.010594236,0.043393069,2.484401588
3527,2024,3527,0.02619851,-0.160717289,0.162838597,2.483697193
3528,2024,3528,0.27922079,0.134211174,0.30980137,2.482993197
3529,2024,3529,-0.240678016,0.160884969,0.289499362,2.4822896
3530,2024,3530,0.061505257,-0.088230859,0.10755269,2.481586402
3531,2024,3531,-0.07200632,-0.136489694,0.154318977,2.480883602
3532,2024,3532,0.152135807,-0.271394453,0.31112739,2.4801812
3533,2024,3533,0.16823921,0.111436526,0.201798244,2.479479196
3534,2024,3534,-0.162955375,-0.131757501,0.209557852,2.478777589
3535,2024,3535,0.157094902,0.009491618,0.157381381,2.478076379
3536,2024,3536,-0.334194105,0.068064076,0.341054861,2.477375566
3537,2024,3537,-0.040687585,-0.513607208,0.515216308,2.476675148
3538,2024,3538,0.11559662,0.177399079,0.211738074,2.475975127
3539,2024,3539,-0.186253696,-0.009439111,0.186492724,2.475275502
3540,2024,3540,0.08733405,-0.184841719,0.204435069,2.474576271
3541,2024,3541,-0.030232164,0.242478346,0.244355749,2.473877436
3542,2024,3542,-0.255690573,0.100202701,0.274623835,2.473178995
3543,2024,3543,-0.164260266,-0.159541126,0.228986475,2.472480948
3544,2024,3544,0.136366571,-0.219572879,0.258472612,2.471783296
3545,2024,3545,0.309709482,0.06462934,0.316380965,2.471086037
3546,2024,3546,-0.028004867,0.357952638,0.359046464,2.470389171
3547,2024,3547,-0.343258364,-0.110303493,0.360545649,2.469692698
3548,2024,3548,0.088901213,-0.364785027,0.375461771,2.468996618
3549,2024,3549,0.213034304,0.050500808,0.218938224,2.46830093
3550,2024,3550,0.083679522,0.103776977,0.133311377,2.467605634
3551,2024,3551,-0.221247907,0.104723031,0.244780615,2.466910729
3552,2024,3552,0.062044936,-0.09681307,0.114988455,2.466216216
3553,2024,3553,0.214278035,0.140220745,0.256079936,2.465522094
3554,2024,3554,-0.183966341,-0.094575016,0.206852721,2.464828362
3555,2024,3555,0.154889639,-0.038864479,0.159691102,2.464135021
3556,2024,3556,0.09867371,0.324630428,0.33929547,2.46344207
3557,2024,3557,0.112158382,0.116830891,0.161953573,2.462749508
3558,2024,3558,0.024482795,0.203211628,0.20468115,2.462057336
3559,2024,3559,-0.124537669,0.22167923,0.254266222,2.461365552
3560,2024,3560,-0.00114153,-0.084083067,0.084090815,2.460674157
3561,2024,3561,0.314992496,-0.293923431,0.430826247,2.459983151
3562,2024,3562,0.240673222,0.274768678,0.365268978,2.459292532
3563,2024,3563,-0.03085183,0.045434185,0.054919037,2.458602301
3564,2024,3564,-0.058873503,0.189262517,0.198207946,2.457912458
3565,2024,3565,-0.234582807,0.086225509,0.249927853,2.457223001
3566,2024,3566,0.205187995,-0.315568519,0.376411482,2.456533932
3567,2024,3567,-0.0194121,0.285392325,0.286051759,2.455845248
3568,2024,3568,-0.059608686,-0.171622463,0.181679568,2.455156951
3569,2024,3569,0.231494082,0.180116454,0.293311178,2.454469039
3570,2024,3570,-0.607519797,0.295202463,0.675444149,2.453781513
3571,2024,3571,-0.107743946,-0.436949622,0.450037476,2.453094371
3572,2024,3572,0.398142406,-0.055380643,0.40197561,2.452407615
3573,2024,3573,-0.109199103,0.393390251,0.408265029,2.451721243
3574,2024,3574,-0.176531694,0.05022048,0.183536197,2.451035255
3575,2024,3575,-0.165235891,-0.100329216,0.193310247,2.45034965
3576,2024,3576,-0.14724151,-0.352507711,0.382023231,2.44966443
3577,2024,3577,0.166320277,-0.128123301,0.209947648,2.448979592
3578,2024,3578,0.099428968,0.011763613,0.100122436,2.448295137
3579,2024,3579,0.224824373,-0.183554002,0.290237954,2.447611065
3580,2024,3580,0.038103752,-0.001423837,0.038130345,2.446927374
3581,2024,3581,-0.044170506,-0.193317715,0.198299704,2.446244066
3582,2024,3582,0.190666746,-0.068734306,0.202677608,2.445561139
3583,2024,3583,-0.065331699,-0.063916677,0.09139788,2.444878593
3584,2024,3584,0.066922447,-0.241603812,0.250701049,2.444196429
3585,2024,3585,0.191019591,0.059810253,0.200164309,2.443514644
3586,2024,3586,-0.052267048,0.019079352,0.055640507,2.44283324
3587,2024,3587,0.000124027,-0.030215971,0.030216225,2.442152216
3588,2024,3588,-0.022491481,-0.139976263,0.141771721,2.441471572
3589,2024,3589,0.14102391,0.167182456,0.21871835,2.440791307
3590,2024,3590,-0.27527941,0.097076144,0.291894726,2.440111421
3591,2024,3591,-0.015939466,-0.270100055,0.270569965,2.439431913
3592,2024,3592,0.326513697,0.080490842,0.336288522,2.438752784
3593,2024,3593,-0.019948011,0.046389738,0.050496841,2.438074033
3594,2024,3594,-0.183083612,0.190983325,0.264564245,2.437395659
3595,2024,3595,-0.26497283,-0.009771357,0.265152937,2.436717663
3596,2024,3596,0.397131762,-0.522401208,0.656213881,2.436040044
3597,2024,3597,0.14520378,0.548336425,0.567236258,2.435362802
3598,2024,3598,-0.414182756,0.336993785,0.533958956,2.434685937
3599,2024,3599,-0.226772813,-0.158652902,0.276761002,2.434009447
3600,2024,3600,-0.188279851,-0.237639526,0.303186158,2.433333333
3601,2024,3601,0.337661128,-0.049344405,0.341247575,2.432657595
3602,2024,3602,-0.121868078,0.525397028,0.539345775,2.431982232
3603,2024,3603,-0.377577067,-0.10618372,0.392223691,2.431307244
3604,2024,3604,0.049431974,0.153137677,0.160918204,2.43063263
3605,2024,3605,-0.430703833,-0.137050464,0.451982988,2.429958391
3606,2024,3606,0.347465935,-0.27800419,0.444993152,2.429284526
3607,2024,3607,-0.019601485,0.294141943,0.294794336,2.428611034
3608,2024,3608,-0.149277743,-0.170642393,0.226721571,2.427937916
3609,2024,3609,0.284074159,0.087116338,0.29713193,2.42726517
3610,2024,3610,-0.040811497,-0.148308395,0.153821189,2.426592798
3611,2024,3611,0.214080019,0.021487421,0.215155674,2.425920798
3612,2024,3612,0.100448087,0.212612008,0.23514609,2.425249169
3613,2024,3613,0.100674916,-0.128713031,0.163408944,2.424577913
3614,2024,3614,0.186887546,0.011115999,0.187217842,2.423907028
3615,2024,3615,0.003763868,0.069382692,0.069484708,2.423236515
3616,2024,3616,0.019540875,-0.021651137,0.029165348,2.422566372
3617,2024,3617,0.010336506,0.212733991,0.212984963,2.421896599
3618,2024,3618,-0.120615992,-0.051569419,0.131177828,2.421227197
3619,2024,3619,0.005775672,-0.14378282,0.143898776,2.420558165
3620,2024,3620,0.068438004,0.221473012,0.231806073,2.419889503
3621,2024,3621,0.197912298,0.088603726,0.21684072,2.41922121
3622,2024,3622,-0.043051642,0.109085772,0.117273822,2.418553285
3623,2024,3623,-0.295768219,-0.069567616,0.303839583,2.41788573
3624,2024,3624,0.438511194,-0.211762316,0.486965446,2.417218543
3625,2024,3625,0.432126671,0.303656837,0.528148591,2.416551724
3626,2024,3626,-0.179771599,0.581471471,0.608627061,2.415885273
3627,2024,3627,-0.354641204,-0.234808326,0.425329676,2.415219189
3628,2024,3628,0.359551971,-0.178949987,0.401622606,2.414553473
3629,2024,3629,-0.055001137,0.262027577,0.267737887,2.413888123
3630,2024,3630,-0.016031972,-0.276870235,0.277334006,2.41322314
3631,2024,3631,0.096828469,0.066420463,0.117419889,2.412558524
3632,2024,3632,-0.231964333,-0.042857387,0.235890244,2.411894273
3633,2024,3633,-0.125495737,-0.141106855,0.188839415,2.411230388
3634,2024,3634,-0.153740632,-0.110470959,0.189314592,2.410566868
3635,2024,3635,0.204064916,-0.225204008,0.303906787,2.409903714
3636,2024,3636,-0.165441781,-0.007740669,0.165622767,2.409240924
3637,2024,3637,-0.250691726,-0.14384965,0.28903125,2.408578499
3638,2024,3638,0.069472386,-0.214601646,0.225566573,2.407916438
3639,2024,3639,0.112047187,-0.085751788,0.141095504,2.40725474
3640,2024,3640,-0.153201164,0.005655514,0.153305517,2.406593407
3641,2024,3641,0.152086579,-0.075372846,0.169739192,2.405932436
3642,2024,3642,-0.005937515,0.278612375,0.278675636,2.405271829
3643,2024,3643,-0.213667042,-0.298041411,0.366718267,2.404611584
3644,2024,3644,0.293697591,0.023253993,0.294616739,2.403951701
3645,2024,3645,-0.135293859,0.210870729,0.2505412,2.403292181
3646,2024,3646,-0.056243497,-0.170596969,0.179629221,2.402633022
3647,2024,3647,-0.210080239,-0.049891241,0.215923233,2.401974225
3648,2024,3648,0.440048985,0.020775887,0.440539154,2.401315789
3649,2024,3649,-0.012886646,0.204226314,0.204632482,2.400657714
3650,2024,3650,-0.684969742,-0.148540744,0.700890791,2.4
3651,2024,3651,0.215893612,0.027466684,0.217633799,2.399342646
3652,2024,3652,0.123882373,-0.11022037,0.165817287,2.398685652
3653,2024,3653,0.122030594,-0.086214313,0.149413432,2.398029017
3654,2024,3654,-0.216727467,0.421165115,0.473656889,2.397372742
3655,2024,3655,0.121330741,-0.232236824,0.262021165,2.396716826
3656,2024,3656,0.211894797,0.131728108,0.249502905,2.396061269
3657,2024,3657,-0.078315476,-0.07496173,0.108409293,2.395406071
3658,2024,3658,0.271454902,0.361171475,0.451810356,2.39475123
3659,2024,3659,-0.44191175,0.23800271,0.50192757,2.394096748
3660,2024,3660,-0.164367292,-0.51964249,0.545018279,2.393442623
3661,2024,3661,0.209699146,0.091543775,0.228809953,2.392788856
3662,2024,3662,-0.097002477,-0.006729946,0.097235656,2.392135445
3663,2024,3663,-0.10510467,0.034407901,0.110593379,2.391482391
3664,2024,3664,-0.428982911,0.044478988,0.431282644,2.390829694
3665,2024,3665,0.112039493,-0.372806908,0.389278613,2.390177353
3666,2024,3666,0.165334061,0.196765832,0.257006118,2.389525368
3667,2024,3667,-0.368888227,0.071591145,0.375770962,2.388873739
3668,2024,3668,0.145604827,-0.281518046,0.31694349,2.388222465
3669,2024,3669,0.002112481,0.15990956,0.159923513,2.387571545
3670,2024,3670,-0.012289735,-0.32102504,0.321260197,2.386920981
3671,2024,3671,0.37193464,0.066041289,0.377752337,2.386270771
3672,2024,3672,-0.119403524,0.283005139,0.307163003,2.385620915
3673,2024,3673,0.234952424,-0.219522135,0.321547212,2.384971413
3674,2024,3674,0.088544516,-0.003466915,0.088612362,2.384322265
3675,2024,3675,0.218639841,-0.154623587,0.267790653,2.383673469
3676,2024,3676,0.325549536,0.096975282,0.339686188,2.383025027
3677,2024,3677,-0.059461936,0.070064756,0.091895549,2.382376938
3678,2024,3678,-0.098879082,0.019679713,0.10081847,2.381729201
3679,2024,3679,0.16502657,-0.313154841,0.35397701,2.381081816
3680,2024,3680,0.330463918,0.153341113,0.364307423,2.380434783
3681,2024,3681,-0.113740499,0.436267401,0.45085047,2.379788101
3682,2024,3682,-0.167479035,-0.218808754,0.275547633,2.379141771
3683,2024,3683,0.108672958,-0.180460026,0.210655246,2.378495791
3684,2024,3684,0.123900017,0.129281515,0.179066815,2.377850163
3685,2024,3685,0.136225624,0.226056405,0.263929762,2.377204885
3686,2024,3686,-0.05560228,0.302611662,0.30767748,2.376559957
3687,2024,3687,-0.11604047,0.196584714,0.228278209,2.375915378
3688,2024,3688,0.059477717,0.00142814,0.05949486,2.37527115
3689,2024,3689,-0.032426321,0.182717374,0.185572371,2.37462727
3690,2024,3690,-0.10935227,0.108570277,0.154095503,2.37398374
3691,2024,3691,-0.147095241,0.085484231,0.170131019,2.373340558
3692,2024,3692,-0.336370437,-0.132498482,0.361525821,2.372697725
3693,2024,3693,0.036890008,-0.23743397,0.240282673,2.37205524
3694,2024,3694,0.154148454,0.325882987,0.360501688,2.371413102
3695,2024,3695,-0.557242832,-0.060992466,0.560570829,2.370771313
3696,2024,3696,-0.210790266,-0.533264386,0.573413849,2.37012987
3697,2024,3697,0.106179538,-0.010900005,0.106737549,2.369488775
3698,2024,3698,-0.110553943,-0.19333122,0.222708632,2.368848026
3699,2024,3699,0.043712726,-0.240682705,0.244620046,2.368207624
3700,2024,3700,-0.073882399,0.023310145,0.077472394,2.367567568
3701,2024,3701,-0.064425479,-0.147700335,0.161139788,2.366927857
3702,2024,3702,0.183552539,-0.399967566,0.440074526,2.366288493
3703,2024,3703,0.314484884,-0.005946948,0.314541108,2.365649473
3704,2024,3704,0.049624096,0.292028255,0.296214538,2.365010799
3705,2024,3705,-0.176519721,-0.305837586,0.353122982,2.36437247
3706,2024,3706,0.141974192,-0.234852013,0.274430573,2.363734485
3707,2024,3707,0.104513459,0.078183572,0.13052101,2.363096844
3708,2024,3708,0.153569621,-0.087008333,0.176505179,2.362459547
3709,2024,3709,0.11139491,0.24114868,0.265634169,2.361822594
3710,2024,3710,-0.129623385,0.020848587,0.13128932,2.361185984
3711,2024,3711,0.001463881,0.09544409,0.095455315,2.360549717
3712,2024,3712,0.055685944,0.144959716,0.155287615,2.359913793
3713,2024,3713,-0.111197703,0.028306611,0.114744034,2.359278212
3714,2024,3714,0.0722558,0.023902753,0.076106782,2.358642973
3715,2024,3715,0.124667956,0.456436576,0.473155838,2.358008075
3716,2024,3716,-0.185483977,-0.074541169,0.199901705,2.35737352
3717,2024,3717,0.29187243,0.287627095,0.409779039,2.356739306
3718,2024,3718,-0.268436401,0.329999899,0.425391625,2.356105433
3719,2024,3719,-0.084684058,-0.212378869,0.228639834,2.355471901
3720,2024,3720,0.236447199,0.294834803,0.377934967,2.35483871
3721,2024,3721,-0.294800678,0.147969102,0.329851928,2.354205859
3722,2024,3722,-0.326889162,-0.0309133,0.328347615,2.353573348
3723,2024,3723,0.066383005,-0.254394284,0.262912828,2.352941176
3724,2024,3724,-0.082019207,-0.040509194,0.091477566,2.352309345
3725,2024,3725,-0.133299738,-0.159755469,0.208064005,2.351677852
3726,2024,3726,0.2739351,-0.118701611,0.298547335,2.351046699
3727,2024,3727,-0.388742636,-0.049596812,0.391893711,2.350415884
3728,2024,3728,-0.029485864,-0.394404157,0.395504811,2.349785408
3729,2024,3729,0.258759304,-0.076797209,0.269915151,2.34915527
3730,2024,3730,0.008535369,-0.125034263,0.125325254,2.348525469
3731,2024,3731,0.341085714,0.152616176,0.373672532,2.347896006
3732,2024,3732,-0.221478914,0.048042159,0.226629562,2.347266881
3733,2024,3733,0.236829042,-0.283939369,0.369742559,2.346638093
3734,2024,3734,0.454231043,0.353425182,0.575530364,2.346009641
3735,2024,3735,-0.270998046,0.157770019,0.313578251,2.345381526
3736,2024,3736,-0.022555487,-0.102251723,0.104709908,2.344753747
3737,2024,3737,0.191508462,0.02133827,0.192693573,2.344126305
3738,2024,3738,0.112389912,0.071733191,0.133330953,2.343499197
3739,2024,3739,0.1206045,0.147526464,0.190550526,2.342872426
3740,2024,3740,0.038197801,0.149462721,0.154266577,2.342245989
3741,2024,3741,-0.272212032,-0.047197776,0.276273453,2.341619888
3742,2024,3742,0.048100779,0.037532799,0.061011441,2.340994121
3743,2024,3743,0.083710641,-0.069749641,0.108960928,2.340368688
3744,2024,3744,0.031505677,0.066781356,0.073840079,2.33974359
3745,2024,3745,-0.081498682,0.017243365,0.083302873,2.339118825
3746,2024,3746,0.216460014,-0.073626784,0.228639107,2.338494394
3747,2024,3747,-0.079621672,0.313309272,0.323268172,2.337870296
3748,2024,3748,-0.18495432,-0.26547236,0.323548566,2.337246531
3749,2024,3749,0.159591536,0.143255078,0.214456232,2.336623099
3750,2024,3750,-0.317707409,0.357889412,0.478563297,2.336
3751,2024,3751,-0.041556667,-0.553983857,0.555540341,2.335377233
3752,2024,3752,0.09359907,0.220743407,0.239767466,2.334754797
3753,2024,3753,-0.405901146,0.028295219,0.406886175,2.334132694
3754,2024,3754,0.034842724,-0.544199749,0.545314022,2.333510922
3755,2024,3755,0.167460953,0.28809155,0.333226517,2.332889481
3756,2024,3756,-0.316346296,-0.074165647,0.324923871,2.332268371
3757,2024,3757,0.031440811,-0.346955321,0.348376979,2.331647591
3758,2024,3758,0.06088503,0.086748006,0.10598209,2.331027142
3759,2024,3759,-0.076676771,-0.201698434,0.215781338,2.330407023
3760,2024,3760,0.046338282,-0.129765224,0.137790601,2.329787234
3761,2024,3761,0.063611824,-0.144116478,0.157531023,2.329167775
3762,2024,3762,0.174370605,0.104855861,0.203469555,2.328548644
3763,2024,3763,-0.044282656,0.04490285,0.063065201,2.327929843
3764,2024,3764,-0.009387594,0.005019786,0.01064543,2.327311371
3765,2024,3765,0.117520088,0.083527465,0.144179779,2.326693227
3766,2024,3766,-0.073634442,0.033637937,0.080953949,2.326075412
3767,2024,3767,-0.330350317,-0.158464139,0.366390796,2.325457924
3768,2024,3768,0.42278501,-0.028948515,0.423774918,2.324840764
3769,2024,3769,0.040825338,0.398615636,0.400700803,2.324223932
3770,2024,3770,-0.457640879,-0.061605623,0.461768803,2.323607427
3771,2024,3771,0.156565896,-0.104077716,0.188002795,2.322991249
3772,2024,3772,-0.100753896,-0.00352452,0.100815523,2.322375398
3773,2024,3773,0.056984989,-0.071775601,0.091646199,2.321759873
3774,2024,3774,0.072318482,0.20241714,0.214948043,2.321144674
3775,2024,3775,-0.136548603,0.295801532,0.325797586,2.320529801
3776,2024,3776,-0.579720893,-0.03185286,0.580595314,2.319915254
3777,2024,3777,0.350277512,-0.430122529,0.554706882,2.319301033
3778,2024,3778,0.298756663,0.467487595,0.554797437,2.318687136
3779,2024,3779,-0.397971435,0.276188197,0.484418397,2.318073564
3780,2024,3780,-0.272598267,0.242757998,0.365022274,2.317460317
3781,2024,3781,-0.318091708,-0.171673081,0.361460899,2.316847395
3782,2024,3782,0.113312656,-0.215602446,0.243565541,2.316234796
3783,2024,3783,0.027339397,0.296287896,0.297546568,2.315622522
3784,2024,3784,-0.105487237,-0.001579654,0.105499064,2.315010571
3785,2024,3785,0.058443261,-0.043337728,0.072758322,2.314398943
3786,2024,3786,0.051486168,-0.06091085,0.079755609,2.313787639
3787,2024,3787,0.075361765,-0.023607431,0.078972821,2.313176657
3788,2024,3788,-0.1018123,-0.027527862,0.105468136,2.312565998
3789,2024,3789,0.268624191,-0.24385504,0.362800547,2.311955661
3790,2024,3790,0.195593482,0.001156344,0.1955969,2.311345646
3791,2024,3791,0.098788969,-0.258487124,0.276721618,2.310735954
3792,2024,3792,0.4406108,0.079283579,0.447687126,2.310126582
3793,2024,3793,-0.126349673,0.119533192,0.17393224,2.309517532
3794,2024,3794,-0.074247957,-0.441621332,0.447819339,2.308908803
3795,2024,3795,0.390405822,-0.124965218,0.409918299,2.308300395
3796,2024,3796,0.367591448,0.164086212,0.402551559,2.307692308
3797,2024,3797,-0.140900526,0.267227302,0.302098311,2.30708454
3798,2024,3798,-0.289987168,-0.244673825,0.379417762,2.306477093
3799,2024,3799,0.432118687,-0.149821267,0.457354317,2.305869966
3800,2024,3800,-0.04685344,-0.006189224,0.047260462,2.305263158
3801,2024,3801,0.281098322,-0.095783134,0.296969149,2.304656669
3802,2024,3802,0.302013317,0.470684429,0.559245809,2.3040505
3803,2024,3803,-0.324636967,0.229458417,0.39754286,2.303444649
3804,2024,3804,-0.180407071,-0.271805846,0.326228646,2.302839117
3805,2024,3805,0.227210452,-0.140724974,0.267260374,2.302233903
3806,2024,3806,0.22945497,0.070660076,0.240088379,2.301629007
3807,2024,3807,-0.04208194,0.184832483,0.189562487,2.301024429
3808,2024,3808,0.013572113,0.147469265,0.148092492,2.300420168
3809,2024,3809,-0.318598117,0.28425969,0.426975797,2.299816225
3810,2024,3810,-0.484569539,-0.18964495,0.520358381,2.299212598
3811,2024,3811,0.15102082,-0.136816889,0.203779659,2.298609289
3812,2024,3812,-0.102807001,0.055540547,0.116850468,2.298006296
3813,2024,3813,-0.095234362,-0.095531563,0.134892043,2.297403619
3814,2024,3814,-0.133992278,0.310433062,0.338116277,2.296801259
3815,2024,3815,-0.604866952,-0.049192528,0.606864016,2.296199214
3816,2024,3816,-0.062965616,-0.631991712,0.635120613,2.295597484
3817,2024,3817,0.435338686,-0.014872652,0.435592662,2.29499607
3818,2024,3818,-0.102283985,0.389511448,0.402717248,2.294394971
3819,2024,3819,-0.258018311,-0.224897618,0.34227531,2.293794187
3820,2024,3820,0.029283344,0.035157095,0.045755169,2.293193717
3821,2024,3821,-0.291267084,-0.220159666,0.365112027,2.292593562
3822,2024,3822,0.20987691,-0.659246075,0.691848036,2.291993721
3823,2024,3823,0.543941867,0.397994591,0.673997365,2.291394193
3824,2024,3824,-0.293165363,0.367248946,0.469912458,2.290794979
3825,2024,3825,-0.359599453,-0.235379463,0.429785131,2.290196078
3826,2024,3826,0.295324756,-0.095273816,0.310312442,2.289597491
3827,2024,3827,0.069240355,0.232725488,0.242807289,2.288999216
3828,2024,3828,-0.273208363,-0.123449596,0.29980429,2.288401254
3829,2024,3829,0.378389517,0.036271855,0.380124024,2.287803604
3830,2024,3830,-0.038748941,0.286852102,0.289457439,2.287206266
3831,2024,3831,-0.170713321,0.109231131,0.202668394,2.28660924
3832,2024,3832,0.110755539,0.091874169,0.143901537,2.286012526
3833,2024,3833,0.046432958,0.130772116,0.138770912,2.285416123
3834,2024,3834,0.141930386,-0.001373037,0.141937028,2.284820031
3835,2024,3835,0.140948911,0.056499479,0.151851199,2.28422425
3836,2024,3836,-0.032134809,0.188007161,0.190733685,2.28362878
3837,2024,3837,-0.08665375,0.130072865,0.156294026,2.28303362
3838,2024,3838,-0.09593892,-0.251517989,0.269194307,2.28243877
3839,2024,3839,0.210048151,-0.044455776,0.214701052,2.28184423
3840,2024,3840,-0.005138408,0.234801536,0.234857754,2.28125
3841,2024,3841,-0.009318668,-0.094348636,0.094807714,2.280656079
3842,2024,3842,-0.187048987,0.385747399,0.42870547,2.280062467
3843,2024,3843,-0.484524653,-0.445062908,0.657909668,2.279469165
3844,2024,3844,0.292678801,-0.23326938,0.374266595,2.278876171
3845,2024,3845,0.11749602,0.117808355,0.166385466,2.278283485
3846,2024,3846,0.169727386,0.001892086,0.169737932,2.277691108
3847,2024,3847,-0.192367931,0.221818282,0.293613302,2.277099038
3848,2024,3848,0.083293229,-0.133327511,0.15720683,2.276507277
3849,2024,3849,-0.028788901,-0.163379071,0.165896117,2.275915822
3850,2024,3850,0.282838633,-0.397796405,0.488098015,2.275324675
3851,2024,3851,0.545331606,0.50228641,0.741402858,2.274733835
3852,2024,3852,-0.532014561,0.131425794,0.548007511,2.274143302
3853,2024,3853,0.21547523,-0.593512633,0.631416519,2.273553076
3854,2024,3854,0.372734685,0.308329312,0.483733511,2.272963155
3855,2024,3855,-0.117327344,-0.117111077,0.165773068,2.272373541
3856,2024,3856,0.342958781,-0.063486297,0.348785372,2.271784232
3857,2024,3857,-0.21650249,0.424828143,0.476814722,2.271195229
3858,2024,3858,-0.289957156,-0.300555327,0.417622625,2.270606532
3859,2024,3859,0.107553367,-0.374196335,0.389346406,2.270018139
3860,2024,3860,0.190257598,0.2223851,0.292665485,2.269430052
3861,2024,3861,-0.080828127,0.200705703,0.216369973,2.268842269
3862,2024,3862,-0.197557568,-0.263240392,0.32912687,2.26825479
3863,2024,3863,0.095205016,-0.162151263,0.188034643,2.267667616
3864,2024,3864,0.122268703,0.229677027,0.26019449,2.267080745
3865,2024,3865,-0.289317841,-0.225990377,0.367119141,2.266494179
3866,2024,3866,0.073067008,-0.192567066,0.205963256,2.265907915
3867,2024,3867,-0.013037726,0.217434352,0.217824883,2.265321955
3868,2024,3868,-0.119627697,-0.239603186,0.267806782,2.264736298
3869,2024,3869,0.086106224,-0.054410817,0.101856855,2.264150943
3870,2024,3870,-0.296197566,0.052597828,0.300831397,2.263565891
3871,2024,3871,-0.064211527,-0.260024527,0.267835537,2.262981142
3872,2024,3872,-0.021470295,0.12905287,0.130826668,2.262396694
3873,2024,3873,-0.149372223,-0.099743189,0.179612819,2.261812548
3874,2024,3874,-0.148551574,0.039135231,0.153620104,2.261228704
3875,2024,3875,-0.127933785,-0.06693486,0.144386042,2.260645161
3876,2024,3876,-0.050989806,-0.098942679,0.111308643,2.26006192
3877,2024,3877,0.03548422,-0.092338078,0.098921437,2.259478979
3878,2024,3878,0.278515032,0.269846917,0.387798893,2.258896338
3879,2024,3879,-0.098219357,0.290245665,0.30641408,2.258313998
3880,2024,3880,-0.244863765,-0.048614911,0.249643091,2.257731959
3881,2024,3881,0.116559937,-0.099559218,0.153291412,2.257150219
3882,2024,3882,0.298543145,0.091586791,0.312275759,2.256568779
3883,2024,3883,-0.072815299,0.240836282,0.251603225,2.255987638
3884,2024,3884,0.111860556,0.132004408,0.173025858,2.255406797
3885,2024,3885,-0.071741401,0.236377073,0.247024188,2.254826255
3886,2024,3886,-0.164656588,-0.025337478,0.166594657,2.254246011
3887,2024,3887,0.268735276,-0.01069502,0.26894801,2.253666066
3888,2024,3888,0.010918318,0.210704478,0.210987172,2.25308642
3889,2024,3889,-0.21890161,0.08899884,0.236302155,2.252507071
3890,2024,3890,0.055456116,-0.11483185,0.127521506,2.251928021
3891,2024,3891,0.238938896,0.296259303,0.380606582,2.251349268
3892,2024,3892,-0.399946669,0.079034565,0.407681004,2.250770812
3893,2024,3893,0.335466031,-0.418392263,0.536273758,2.250192653
3894,2024,3894,0.265361898,0.59679438,0.65313128,2.249614792
3895,2024,3895,-0.247118377,-0.019767212,0.247907714,2.249037227
3896,2024,3896,0.118315927,-0.083661085,0.1449063,2.248459959
3897,2024,3897,-0.03465713,0.174109919,0.177525718,2.247882987
3898,2024,3898,0.061523551,-0.108305096,0.124559789,2.247306311
3899,2024,3899,0.130380574,-0.047910122,0.13890455,2.246729931
3900,2024,3900,0.206778244,0.01482085,0.207308707,2.246153846
3901,2024,3901,0.030327514,0.145926645,0.149044771,2.245578057
3902,2024,3902,-0.356660585,-0.15612397,0.389334647,2.245002563
3903,2024,3903,0.159502706,-0.20293433,0.258115198,2.244427364
3904,2024,3904,-0.061158281,-0.032608594,0.06930841,2.243852459
3905,2024,3905,-0.102208225,-0.382923524,0.396329341,2.243277849
3906,2024,3906,0.301649661,-0.10479665,0.319335022,2.242703533
3907,2024,3907,-0.015919896,0.0994445,0.100710732,2.242129511
3908,2024,3908,0.010500767,0.017302839,0.02023992,2.241555783
3909,2024,3909,-0.272458789,-0.229391089,0.356165781,2.240982348
3910,2024,3910,0.129131932,-0.37105328,0.392881142,2.240409207
3911,2024,3911,0.367174162,0.142539998,0.393871192,2.239836359
3912,2024,3912,-0.319504125,0.122893465,0.342323954,2.239263804
3913,2024,3913,-0.133681851,-0.166312349,0.213379086,2.238691541
3914,2024,3914,0.088213232,-0.235020704,0.251030488,2.238119571
3915,2024,3915,0.101525324,-0.102236606,0.14408232,2.237547893
3916,2024,3916,-0.014414619,0.25314594,0.253556006,2.236976507
3917,2024,3917,-0.158090634,-0.177986788,0.238058701,2.236405412
3918,2024,3918,0.04107009,-0.055298023,0.068881229,2.235834609
3919,2024,3919,-0.475874531,0.051703297,0.478675047,2.235264098
3920,2024,3920,0.089741257,-0.397220781,0.407231927,2.234693878
3921,2024,3921,0.263264726,0.405305371,0.483301934,2.234123948
3922,2024,3922,-0.419873469,-0.104851515,0.432767339,2.233554309
3923,2024,3923,0.223161954,-0.122115919,0.254388591,2.23298496
3924,2024,3924,0.016724255,0.413881257,0.414219019,2.232415902
3925,2024,3925,-0.151209909,-0.049932258,0.159240909,2.231847134
3926,2024,3926,-0.06188236,0.061373216,0.087155597,2.231278655
3927,2024,3927,-0.193603189,0.062525961,0.203449479,2.230710466
3928,2024,3928,0.096319476,-0.233707124,0.252777494,2.230142566
3929,2024,3929,0.299829982,0.325835267,0.442794127,2.229574955
3930,2024,3930,-0.13362095,0.078842769,0.15514748,2.229007634
3931,2024,3931,0.082132793,-0.22104191,0.235807806,2.2284406
3932,2024,3932,0.008815623,0.282085722,0.28222344,2.227873856
3933,2024,3933,-0.076879572,-0.233377463,0.245714283,2.227307399
3934,2024,3934,0.258054118,-0.124213311,0.286392867,2.22674123
3935,2024,3935,0.023154195,0.491110875,0.491656392,2.226175349
3936,2024,3936,-0.202589038,-0.122885689,0.236945586,2.225609756
3937,2024,3937,0.064668091,-0.190108484,0.200806369,2.22504445
3938,2024,3938,0.22782059,0.258669156,0.344691099,2.224479431
3939,2024,3939,0.035346024,0.140693573,0.145065582,2.223914699
3940,2024,3940,-0.118010637,0.18922528,0.223008334,2.223350254
3941,2024,3941,-0.191206702,0.218280367,0.290183255,2.222786095
3942,2024,3942,-0.112354442,0.009678694,0.112770554,2.222222222
3943,2024,3943,0.121812721,0.07023772,0.140611793,2.221658636
3944,2024,3944,0.017875022,0.067733491,0.070052425,2.221095335
3945,2024,3945,-0.078527238,0.038978439,0.087668955,2.220532319
3946,2024,3946,-0.016719855,0.095666125,0.097116224,2.219969589
3947,2024,3947,-0.008419771,-0.063064224,0.063623808,2.219407145
3948,2024,3948,0.169198008,-0.091267128,0.192243737,2.218844985
3949,2024,3949,-0.069836668,0.175300248,0.188699065,2.21828311
3950,2024,3950,-0.148658634,-0.241439782,0.283535814,2.217721519
3951,2024,3951,0.271521689,-0.104262214,0.290851572,2.217160213
3952,2024,3952,-0.019190475,-0.040668713,0.044969084,2.21659919
3953,2024,3953,0.040341527,-0.243177939,0.246501418,2.216038452
3954,2024,3954,0.227556127,0.064810469,0.236605553,2.215477997
3955,2024,3955,-0.150182273,0.091438427,0.175828613,2.214917826
3956,2024,3956,-0.131891969,-0.189845965,0.231164405,2.214357937
3957,2024,3957,0.11637699,-0.388153784,0.405224585,2.213798332
3958,2024,3958,0.142653733,-0.049786367,0.151091925,2.21323901
3959,2024,3959,0.150501225,0.206987771,0.255919042,2.21267997
3960,2024,3960,0.038369349,0.010116625,0.039680638,2.212121212
3961,2024,3961,-0.217603468,-0.335860736,0.400192083,2.211562737
3962,2024,3962,0.302346415,-0.087322014,0.314703811,2.211004543
3963,2024,3963,0.226129765,0.105805653,0.24965878,2.210446631
3964,2024,3964,0.006281424,-0.014277636,0.015598307,2.209889001
3965,2024,3965,-0.149958462,0.148655395,0.211153893,2.209331652
3966,2024,3966,-0.14244485,-0.161976374,0.215700906,2.208774584
3967,2024,3967,0.213239317,-0.149289193,0.260304187,2.208217797
3968,2024,3968,0.162725091,0.157885126,0.226731489,2.20766129
3969,2024,3969,0.063537862,0.123365071,0.138765993,2.207105064
3970,2024,3970,-0.168062974,0.223033553,0.279265338,2.206549118
3971,2024,3971,-0.430536695,-0.09912907,0.441801333,2.205993453
3972,2024,3972,0.103641824,-0.128980574,0.165461826,2.205438066
3973,2024,3973,-0.029329523,0.242429446,0.244197168,2.20488296
3974,2024,3974,-0.15438847,-0.114979717,0.192499702,2.204328133
3975,2024,3975,-0.066320702,-0.02667557,0.071484414,2.203773585
3976,2024,3976,0.044573392,-0.036506252,0.057615048,2.203219316
3977,2024,3977,0.030398509,0.096107451,0.100800355,2.202665326
3978,2024,3978,-0.269988399,0.020771734,0.270786264,2.202111614
3979,2024,3979,-0.131361091,-0.257656516,0.289210333,2.20155818
3980,2024,3980,0.042881901,-0.073657338,0.085230634,2.201005025
3981,2024,3981,-0.102649897,0.06689666,0.122524138,2.200452148
3982,2024,3982,0.084738642,-0.06397368,0.106175653,2.199899548
3983,2024,3983,-0.026258939,0.032725636,0.041958302,2.199347226
3984,2024,3984,-0.237892209,0.043741268,0.241880139,2.198795181
3985,2024,3985,0.050645019,-0.036734551,0.062564728,2.198243413
3986,2024,3986,0.159521846,-0.163339158,0.228313162,2.197691922
3987,2024,3987,-0.014184979,0.149597354,0.150268367,2.197140707
3988,2024,3988,-0.133862384,0.272503971,0.303607562,2.196589769
3989,2024,3989,-0.028485711,-0.165207708,0.167645526,2.196039108
3990,2024,3990,0.10101477,-0.210529318,0.233509267,2.195488722
3991,2024,3991,0.643071316,0.079864752,0.648011648,2.194938612
3992,2024,3992,-0.004409978,0.541000026,0.541018,2.194388778
3993,2024,3993,-0.246249068,-0.039078951,0.24933064,2.193839219
3994,2024,3994,0.29049662,-0.041496215,0.293445433,2.193289935
3995,2024,3995,0.027770099,-0.101719285,0.105441886,2.192740926
3996,2024,3996,0.275526125,0.100833891,0.293397544,2.192192192
3997,2024,3997,-0.067071614,0.138310887,0.153715656,2.191643733
3998,2024,3998,-0.03728178,0.029736653,0.04768857,2.191095548
3999,2024,3999,-0.104844218,-0.0328087,0.10985773,2.190547637
4000,2024,4000,0.215821212,-0.334512643,0.398092331,2.19
4001,2024,4001,0.00805112,0.405666581,0.405746467,2.189452637
4002,2024,4002,-0.43379549,0.127144957,0.452044651,2.188905547
4003,2024,4003,0.028274726,-0.291396333,0.292764894,2.188358731
4004,2024,4004,-0.106153403,-0.058014522,0.120972021,2.187812188
4005,2024,4005,0.023158069,0.06449755,0.068529046,2.187265918
4006,2024,4006,-0.014521773,0.031757827,0.034920502,2.18671992
4007,2024,4007,0.039938606,-0.053582246,0.066829256,2.186174195
4008,2024,4008,-0.129729041,0.08793236,0.156721805,2.185628743
4009,2024,4009,-0.020646195,-0.229303166,0.23023077,2.185083562
4010,2024,4010,0.149125248,0.023901694,0.151028576,2.184538653
4011,2024,4011,-0.13925921,0.080676102,0.16094024,2.183994016
4012,2024,4012,-0.027340727,0.095492035,0.099328969,2.183449651
4013,2024,4013,0.208717393,-0.421386331,0.470243969,2.182905557
4014,2024,4014,0.122715603,0.064287291,0.138535103,2.182361734
4015,2024,4015,-0.323595023,0.513997681,0.60737744,2.181818182
4016,2024,4016,0.192569004,-0.477921372,0.515258827,2.1812749
4017,2024,4017,0.059430679,0.093484484,0.110776145,2.180731889
4018,2024,4018,-0.487822663,0.094055444,0.496807183,2.180189149
4019,2024,4019,0.417163168,-0.10902185,0.431173831,2.179646678
4020,2024,4020,-0.139472366,0.200173643,0.243971367,2.179104478
4021,2024,4021,-0.110132634,-0.341501182,0.358820644,2.178562547
4022,2024,4022,0.211149737,0.080913541,0.226122119,2.178020885
4023,2024,4023,0.030053169,-0.020523159,0.036392211,2.177479493
4024,2024,4024,0.165338627,0.125316453,0.20746343,2.17693837
4025,2024,4025,-0.319593832,0.226933354,0.391968066,2.176397516
4026,2024,4026,-0.027398495,-0.330891554,0.332023942,2.17585693
4027,2024,4027,0.272638384,0.012639774,0.272931223,2.175316613
4028,2024,4028,-0.07599302,0.197727335,0.21182785,2.174776564
4029,2024,4029,0.126602451,0.056649753,0.138698865,2.174236783
4030,2024,4030,-0.255776341,0.019198136,0.256495819,2.17369727
4031,2024,4031,-0.068590496,-0.278193126,0.28652412,2.173158025
4032,2024,4032,0.270160604,0.169832166,0.319107688,2.172619048
4033,2024,4033,-0.319629128,0.156911129,0.356067244,2.172080337
4034,2024,4034,-0.129752716,-0.179524266,0.221505597,2.171541894
4035,2024,4035,-0.054023299,-0.08573126,0.101332945,2.171003717
4036,2024,4036,-0.108541771,-0.125813396,0.166163554,2.170465808
4037,2024,4037,0.227989171,0.085725196,0.243573133,2.169928164
4038,2024,4038,-0.144528933,-0.019526302,0.145842,2.169390788
4039,2024,4039,-0.176437351,-0.110445945,0.20815486,2.168853677
4040,2024,4040,0.045459444,-0.19693436,0.202113095,2.168316832
4041,2024,4041,-0.005302342,-0.031708979,0.032149249,2.167780252
4042,2024,4042,-0.017196112,-0.05364727,0.05633592,2.167243939
4043,2024,4043,0.269989141,0.046717733,0.274001246,2.16670789
4044,2024,4044,-0.298809946,-0.070067135,0.306914951,2.166172107
4045,2024,4045,0.162918497,-0.185489013,0.246877724,2.165636588
4046,2024,4046,0.197642626,0.192078381,0.275602453,2.165101335
4047,2024,4047,-0.176041832,-0.140659858,0.225335133,2.164566345
4048,2024,4048,-0.043359968,0.083570288,0.094149243,2.164031621
4049,2024,4049,-0.115385859,-0.033720972,0.120212314,2.16349716
4050,2024,4050,0.244216222,-0.168940913,0.296955544,2.162962963
4051,2024,4051,0.129699519,0.188628545,0.228916345,2.16242903
4052,2024,4052,0.12644816,-0.027450916,0.129393547,2.16189536
4053,2024,4053,0.095047949,0.130303067,0.161285467,2.161361954
4054,2024,4054,0.062943464,0.052514863,0.081973718,2.160828811
4055,2024,4055,0.202291342,0.255710397,0.326051521,2.160295931
4056,2024,4056,-0.117403211,0.26569155,0.290474635,2.159763314
4057,2024,4057,-0.053315486,0.079311527,0.095565995,2.159230959
4058,2024,4058,0.01409878,0.08380824,0.084985861,2.158698866
4059,2024,4059,0.364665617,-0.01926888,0.365174345,2.158167036
4060,2024,4060,0.030086705,0.467229264,0.468196961,2.157635468
4061,2024,4061,-0.493260759,0.205838813,0.534486476,2.157104162
4062,2024,4062,-0.040827906,-0.164849014,0.169829666,2.156573117
4063,2024,4063,-0.174074891,-0.054548372,0.182421469,2.156042333
4064,2024,4064,-0.041107067,-0.055649758,0.069185884,2.155511811
4065,2024,4065,0.033982452,0.178673467,0.181876373,2.15498155
4066,2024,4066,-0.268509153,-0.064920779,0.276246037,2.154451549
4067,2024,4067,-0.286221158,-0.322418832,0.431133917,2.15392181
4068,2024,4068,0.197897064,-0.162005784,0.255752071,2.15339233
4069,2024,4069,0.090320271,0.054326545,0.105399833,2.152863111
4070,2024,4070,-0.191435708,-0.081565543,0.208087885,2.152334152
4071,2024,4071,-0.057336989,0.088498103,0.105448777,2.151805453
4072,2024,4072,0.064608622,-0.26737519,0.275070475,2.151277014
4073,2024,4073,0.189963656,-0.121750564,0.225631094,2.150748834
4074,2024,4074,0.038447525,-0.056029967,0.067952699,2.150220913
4075,2024,4075,0.099862394,-0.198118337,0.221863411,2.149693252
4076,2024,4076,0.220415484,-0.094472958,0.239808519,2.149165849
4077,2024,4077,0.184555348,0.021948048,0.18585584,2.148638705
4078,2024,4078,-0.259890463,-0.014149467,0.260275354,2.14811182
4079,2024,4079,0.073521507,-0.371014647,0.378229137,2.147585192
4080,2024,4080,0.346755985,0.031852342,0.348215859,2.147058824
4081,2024,4081,-0.175340275,-0.152612951,0.232454135,2.146532713
4082,2024,4082,0.467156456,-0.084036033,0.474654831,2.146006859
4083,2024,4083,-0.189337018,0.484345632,0.520037688,2.145481264
4084,2024,4084,-0.192548571,-0.28739322,0.345933252,2.144955926
4085,2024,4085,0.394658915,0.084167163,0.403534101,2.144430845
4086,2024,4086,-0.128422979,0.280915794,0.308878852,2.143906021
4087,2024,4087,0.076928858,0.079933459,0.110938754,2.143381453
4088,2024,4088,-0.076682897,0.281096111,0.291367964,2.142857143
4089,2024,4089,-0.196728078,0.099210879,0.220328698,2.142333089
4090,2024,4090,-0.057541161,-0.056154814,0.080401171,2.141809291
4091,2024,4091,0.02767874,-0.182138155,0.18422926,2.141285749
4092,2024,4092,-0.056874265,0.426868707,0.430640889,2.140762463
4093,2024,4093,-0.428216879,-0.082587084,0.436108154,2.140239433
4094,2024,4094,-0.046611287,-0.421310392,0.423880949,2.139716659
4095,2024,4095,-0.04192644,-0.014868102,0.044484681,2.139194139
4096,2024,4096,0.121979087,-0.066180082,0.138775722,2.138671875
4097,2024,4097,-0.442528805,-0.008140041,0.442603665,2.138149866
4098,2024,4098,-0.010717123,-0.459395697,0.459520689,2.137628111
4099,2024,4099,0.314310842,0.100478967,0.3299808,2.137106611
4100,2024,4100,-0.402829144,0.223443948,0.460650103,2.136585366
4101,2024,4101,-0.10692462,-0.13768751,0.174329358,2.136064375
4102,2024,4102,-0.079845536,0.087907451,0.118756176,2.135543637
4103,2024,4103,-0.045141724,-0.169409316,0.175320539,2.135023154
4104,2024,4104,0.443447826,0.022523653,0.44401947,2.134502924
4105,2024,4105,-0.196628252,0.352785455,0.403881476,2.133982948
4106,2024,4106,-0.144301734,-0.046328764,0.151556408,2.133463225
4107,2024,4107,0.35613247,0.189099231,0.403223084,2.132943755
4108,2024,4108,-0.29671944,0.119294293,0.319802368,2.132424537
4109,2024,4109,0.139272357,-0.224411007,0.264115674,2.131905573
4110,2024,4110,0.311871943,0.302074299,0.434180828,2.131386861
4111,2024,4111,-0.251266225,-0.052360181,0.256663796,2.130868402
4112,2024,4112,0.326236548,-0.221104027,0.394103128,2.130350195
4113,2024,4113,0.126589422,0.427620592,0.445964407,2.129832239
4114,2024,4114,-0.218318279,0.187341454,0.287679841,2.129314536
4115,2024,4115,0.323421717,-0.098272572,0.338022344,2.128797084
4116,2024,4116,-0.092601856,0.256850922,0.273033881,2.128279883
4117,2024,4117,-0.018541528,0.16650141,0.167530617,2.127762934
4118,2024,4118,0.06538193,-0.027455844,0.070912764,2.127246236
4119,2024,4119,0.028944914,0.088387236,0.093005976,2.126729789
4120,2024,4120,-0.006385993,0.10955269,0.109738657,2.126213592
4121,2024,4121,0.178126589,-0.352103462,0.394595906,2.125697646
4122,2024,4122,0.221449618,0.384073972,0.443342699,2.125181951
4123,2024,4123,-0.524999921,0.011381119,0.525123269,2.124666505
4124,2024,4124,0.186886965,-0.564671345,0.594794474,2.124151309
4125,2024,4125,0.111617811,0.218623166,0.245468174,2.123636364
4126,2024,4126,-0.344888846,-0.318350354,0.469356223,2.123121667
4127,2024,4127,0.382794251,-0.271943905,0.469558225,2.122607221
4128,2024,4128,-0.128508953,0.061704197,0.142555109,2.122093023
4129,2024,4129,0.066218213,-0.335025518,0.341506881,2.121579075
4130,2024,4130,0.215687381,0.145270817,0.260047412,2.121065375
4131,2024,4131,-0.200954463,0.017550707,0.201719418,2.120551924
4132,2024,4132,-0.191844861,-0.04862996,0.197912414,2.120038722
4133,2024,4133,0.192066578,-0.338490655,0.38918568,2.119525768
4134,2024,4134,0.244833052,-0.040025123,0.248083119,2.119013062
4135,2024,4135,-0.02193303,0.036733867,0.042783581,2.118500605
4136,2024,4136,0.227498851,-0.009787091,0.227709276,2.117988395
4137,2024,4137,-0.260298893,0.105498365,0.280865482,2.117476432
4138,2024,4138,-0.156575522,-0.515032607,0.53830705,2.116964717
4139,2024,4139,0.541727475,-0.070069243,0.5462402,2.11645325
4140,2024,4140,-0.060573302,0.393742955,0.398374999,2.115942029
4141,2024,4141,-0.389115853,0.034123868,0.390609249,2.115431055
4142,2024,4142,-0.176295654,-0.3497552,0.391674428,2.114920328
4143,2024,4143,0.099390332,-0.142068354,0.17338355,2.114409848
4144,2024,4144,0.069911481,0.282824447,0.29133706,2.113899614
4145,2024,4145,-0.089412968,0.410633641,0.420255477,2.113389626
4146,2024,4146,-0.429425899,0.152787343,0.455796638,2.112879884
4147,2024,4147,-0.091915868,-0.007416911,0.092214627,2.112370388
4148,2024,4148,0.01631123,0.392420767,0.392759614,2.111861138
4149,2024,4149,-0.339867881,0.196694406,0.392681634,2.111352133
4150,2024,4150,-0.09098177,-0.086866527,0.125791399,2.110843373
4151,2024,4151,0.217999183,0.167991839,0.275217917,2.110334859
4152,2024,4152,-0.05440744,0.402901521,0.406558489,2.10982659
4153,2024,4153,-0.219676014,0.154742262,0.268705636,2.109318565
4154,2024,4154,-0.009643245,-0.137272177,0.137610475,2.108810785
4155,2024,4155,0.020474661,-0.063034091,0.066276001,2.108303249
4156,2024,4156,-0.03497785,-0.158904079,0.162708193,2.107795958
4157,2024,4157,0.183036697,-0.102889563,0.20997308,2.10728891
4158,2024,4158,0.074798494,0.164846226,0.181022355,2.106782107
4159,2024,4159,-0.34556365,0.06426279,0.351488182,2.106275547
4160,2024,4160,-0.018274859,-0.453707505,0.454075402,2.105769231
4161,2024,4161,0.421925772,-0.157635892,0.450411402,2.105263158
4162,2024,4162,0.132486064,0.133425126,0.188028778,2.104757328
4163,2024,4163,-0.041350141,0.331722582,0.334289853,2.104251742
4164,2024,4164,-0.082870683,-0.299358915,0.310617627,2.103746398
4165,2024,4165,0.113323586,-0.211800218,0.240211505,2.103241297
4166,2024,4166,0.214627419,-0.04955201,0.220273309,2.102736438
4167,2024,4167,0.414357929,-0.018688242,0.41477915,2.102231821
4168,2024,4168,-0.004768127,0.022105398,0.022613794,2.101727447
4169,2024,4169,0.081353151,0.010199964,0.081990087,2.101223315
4170,2024,4170,0.038065358,-0.006706391,0.038651613,2.100719424
4171,2024,4171,-0.074483793,-0.306052231,0.314985402,2.100215776
4172,2024,4172,0.142911214,-0.179848751,0.229715451,2.099712368
4173,2024,4173,0.344432802,0.049435595,0.347962402,2.099209202
4174,2024,4174,0.15599161,0.306100555,0.343556302,2.098706277
4175,2024,4175,-0.330641981,0.3011766,0.447248772,2.098203593
4176,2024,4176,-0.157677041,-0.197978917,0.253096228,2.097701149
4177,2024,4177,0.01792403,-0.084671741,0.086548106,2.097198947
4178,2024,4178,0.119972788,0.058658569,0.133545114,2.096696984
4179,2024,4179,0.137000953,0.28494971,0.316173368,2.096195262
4180,2024,4180,-0.207102604,0.264507708,0.335940198,2.09569378
4181,2024,4181,-0.387871851,-0.165332044,0.421638776,2.095192538
4182,2024,4182,0.003905569,-0.251783778,0.251814067,2.094691535
4183,2024,4183,0.200862535,-0.004220965,0.20090688,2.094190772
4184,2024,4184,-0.050152176,0.069323593,0.085562849,2.093690249
4185,2024,4185,-0.151543411,0.174887102,0.231410682,2.093189964
4186,2024,4186,-0.422644421,-0.071118087,0.428586151,2.092689919
4187,2024,4187,-0.416356664,-0.438314039,0.604542859,2.092190112
4188,2024,4188,0.452032691,-0.491578928,0.667819883,2.091690544
4189,2024,4189,0.34309585,0.39208071,0.521001003,2.091191215
4190,2024,4190,-0.56593926,0.321484855,0.650876147,2.090692124
4191,2024,4191,0.05286017,-0.363811377,0.367631494,2.090193271
4192,2024,4192,0.209592209,0.112248972,0.237757703,2.089694656
4193,2024,4193,-0.307471269,0.179233517,0.355897787,2.08919628
4194,2024,4194,0.209007468,-0.311235773,0.374902425,2.08869814
4195,2024,4195,0.321850004,0.127022708,0.34600895,2.088200238
4196,2024,4196,0.014971695,0.275183533,0.275590508,2.087702574
4197,2024,4197,-0.00472224,-0.106032779,0.10613788,2.087205147
4198,2024,4198,0.180462069,-0.028226032,0.182656145,2.086707956
4199,2024,4199,0.108285588,-0.15291877,0.187376409,2.086211003
4200,2024,4200,0.163309525,-0.136573137,0.212890165,2.085714286
4201,2024,4201,-0.063187718,0.311294463,0.317642772,2.085217805
4202,2024,4202,-0.061434654,-0.210662675,0.219437871,2.084721561
4203,2024,4203,-0.010383827,0.034197992,0.035739705,2.084225553
4204,2024,4204,-0.316491902,0.06790465,0.323694556,2.083729781
4205,2024,4205,0.118081759,-0.390160414,0.407637646,2.083234245
4206,2024,4206,0.159019576,0.249640136,0.295985512,2.082738944
4207,2024,4207,-0.106980953,0.436302945,0.449227319,2.082243879
4208,2024,4208,-0.554740698,0.157879574,0.576769626,2.081749049
4209,2024,4209,-0.304625988,-0.284426923,0.416768121,2.081254455
4210,2024,4210,0.18974269,-0.149956942,0.241845763,2.080760095
4211,2024,4211,0.017848904,-0.009812311,0.020368231,2.08026597
4212,2024,4212,0.13186616,0.214328993,0.251645786,2.07977208
4213,2024,4213,-0.184282956,0.091092808,0.205567769,2.079278424
4214,2024,4214,-0.267050939,-0.192449865,0.329170404,2.078785002
4215,2024,4215,-0.046300112,-0.305546408,0.309034477,2.078291815
4216,2024,4216,0.531899948,-0.166699869,0.557410442,2.077798861
4217,2024,4217,0.175967336,0.489774673,0.520426492,2.077306142
4218,2024,4218,-0.486403523,0.049164685,0.488881942,2.076813656
4219,2024,4219,0.120784741,-0.378219851,0.397038045,2.076321403
4220,2024,4220,0.372467008,-0.01578743,0.372801442,2.075829384
4221,2024,4221,0.104323367,0.182581183,0.210283745,2.075337598
4222,2024,4222,0.268915386,0.207859599,0.339883947,2.074846045
4223,2024,4223,0.033699648,0.316191778,0.317982558,2.074354724
4224,2024,4224,-0.36796205,0.069288156,0.37442879,2.073863636
4225,2024,4225,0.315778338,-0.177147961,0.362073692,2.073372781
4226,2024,4226,0.34255442,0.249750093,0.423932352,2.072882158
4227,2024,4227,-0.202542224,0.090484759,0.221835173,2.072391767
4228,2024,4228,0.066716179,-0.07781861,0.102502608,2.071901608
4229,2024,4229,0.410765606,0.134438249,0.432205999,2.071411681
4230,2024,4230,-0.366001004,0.195365008,0.414878562,2.070921986
4231,2024,4231,-0.108205249,-0.378293757,0.393464792,2.070432522
4232,2024,4232,0.445544371,0.04275043,0.447590645,2.069943289
4233,2024,4233,-0.15732483,0.004283796,0.157383141,2.069454288
4234,2024,4234,-0.012703245,0.018397236,0.022356894,2.068965517
4235,2024,4235,-0.070247234,0.128635204,0.146566331,2.068476978
4236,2024,4236,-0.239830517,-0.102563688,0.260840923,2.067988669
4237,2024,4237,0.036631872,-0.30196532,0.304179139,2.06750059
4238,2024,4238,0.16550454,0.012500194,0.165975925,2.067012742
4239,2024,4239,-0.155985937,0.066931528,0.169739335,2.066525124
4240,2024,4240,-0.086574685,-0.214369679,0.231191555,2.066037736
4241,2024,4241,-0.129712387,-0.046063752,0.137648729,2.065550578
4242,2024,4242,-0.199018618,-0.345089901,0.398365975,2.065063649
4243,2024,4243,0.332173302,-0.384008399,0.507741621,2.06457695
4244,2024,4244,0.159548287,0.215954823,0.268499798,2.064090481
4245,2024,4245,-0.43734849,0.024972047,0.438060846,2.06360424
4246,2024,4246,-0.168507013,-0.40277105,0.43659951,2.063118229
4247,2024,4247,0.105378834,-0.158650809,0.190459386,2.062632446
4248,2024,4248,-0.1297757,0.097567864,0.162361389,2.062146893
4249,2024,4249,-0.152484437,-0.104549063,0.184883775,2.061661567
4250,2024,4250,0.199767091,0.085896744,0.217451469,2.061176471
4251,2024,4251,-0.098019634,0.377256542,0.389782435,2.060691602
4252,2024,4252,-0.169417753,-0.08263352,0.188495819,2.060206961
4253,2024,4253,0.038633222,0.243252837,0.246301581,2.059722549
4254,2024,4254,-0.270679182,0.1645565,0.316774464,2.059238364
4255,2024,4255,0.225999469,-0.20383611,0.304343424,2.058754407
4256,2024,4256,0.336482945,0.336310753,0.475737002,2.058270677
4257,2024,4257,-0.263629709,0.282108797,0.386116559,2.057787174
4258,2024,4258,-0.141423503,-0.257969775,0.294192134,2.057303899
4259,2024,4259,0.336162729,0.011367708,0.33635488,2.05682085
4260,2024,4260,0.182099988,0.208232968,0.276624971,2.056338028
4261,2024,4261,-0.1010005,0.227268029,0.248700337,2.055855433
4262,2024,4262,-0.085243522,0.04537956,0.096569987,2.055373064
4263,2024,4263,0.091042471,0.006708843,0.091289321,2.054890922
4264,2024,4264,-0.085299365,-0.108332352,0.137883575,2.054409006
4265,2024,4265,0.312117664,0.033096825,0.313867545,2.053927315
4266,2024,4266,-0.06426733,0.25696767,0.264882376,2.053445851
4267,2024,4267,0.048802514,0.041073221,0.063786321,2.052964612
4268,2024,4268,0.028932057,0.257699558,0.259318581,2.052483599
4269,2024,4269,-0.225988544,-0.040203444,0.229536792,2.052002811
4270,2024,4270,0.063067971,-0.142234323,0.155589755,2.051522248
4271,2024,4271,0.101731453,-0.008240394,0.10206465,2.051041911
4272,2024,4272,0.136301862,-0.055140086,0.14703274,2.050561798
4273,2024,4273,0.183348479,-0.113987344,0.215892981,2.05008191
4274,2024,4274,-0.103304868,0.056140206,0.117573885,2.049602246
4275,2024,4275,0.042880378,-0.245271878,0.248992009,2.049122807
4276,2024,4276,0.335378307,-0.114657268,0.354436028,2.048643592
4277,2024,4277,-0.144378904,0.321083039,0.352050544,2.048164601
4278,2024,4278,-0.113031199,-0.373974358,0.390682572,2.047685835
4279,2024,4279,0.225247272,-0.218063018,0.313508873,2.047207291
4280,2024,4280,-0.121830851,0.168197819,0.207685489,2.046728972
4281,2024,4281,0.081073408,-0.236271925,0.249794555,2.046250876
4282,2024,4282,0.176844082,-0.134523499,0.222194512,2.045773003
4283,2024,4283,0.016971123,0.273579507,0.274105392,2.045295354
4284,2024,4284,-0.333082362,0.085819221,0.34396046,2.044817927
4285,2024,4285,-0.006815976,-0.285634478,0.28571579,2.044340723
4286,2024,4286,0.191389042,0.062455619,0.201321806,2.043863742
4287,2024,4287,-0.254670466,-0.016372139,0.255196186,2.043386984
4288,2024,4288,0.021484688,-0.128747715,0.130528028,2.042910448
4289,2024,4289,-0.037149116,-0.014704448,0.039953443,2.042434134
4290,2024,4290,-0.061223693,-0.233563553,0.241454497,2.041958042
4291,2024,4291,0.175546825,0.324521196,0.368958933,2.041482172
4292,2024,4292,-0.513068895,0.282790621,0.585841468,2.041006524
4293,2024,4293,-0.11445599,-0.311207999,0.331587986,2.040531097
4294,2024,4294,0.200034779,0.150376146,0.250253668,2.040055892
4295,2024,4295,-0.289357953,-0.048042445,0.293319112,2.039580908
4296,2024,4296,0.091507087,0.01863076,0.093384433,2.039106145
4297,2024,4297,0.020885056,0.298433768,0.299163666,2.038631603
4298,2024,4298,-0.237639188,-0.188182811,0.30312564,2.038157282
4299,2024,4299,0.069428276,-0.130979111,0.148242413,2.037683182
4300,2024,4300,0.342451054,0.133076551,0.367399092,2.037209302
4301,2024,4301,-0.330117613,0.066445064,0.336738155,2.036735643
4302,2024,4302,-0.005276897,-0.290793542,0.290841416,2.036262204
4303,2024,4303,0.286597918,-0.119726342,0.310600649,2.035788984
4304,2024,4304,-0.008159319,-0.107383788,0.107693325,2.035315985
4305,2024,4305,0.116337725,0.092101911,0.148382035,2.034843206
4306,2024,4306,-0.02739447,0.006027862,0.028049815,2.034370646
4307,2024,4307,0.031759101,-0.014753268,0.035018559,2.033898305
4308,2024,4308,-0.01666892,-0.09650488,0.09793388,2.033426184
4309,2024,4309,0.184477384,-0.046095506,0.190149154,2.032954282
4310,2024,4310,0.015847115,0.435119213,0.435407695,2.032482599
4311,2024,4311,-0.193019618,0.082869757,0.210057063,2.032011134
4312,2024,4312,0.080274923,-0.065114679,0.103363363,2.031539889
4313,2024,4313,0.116763263,0.127198447,0.172664716,2.031068862
4314,2024,4314,0.1573071,0.207906454,0.260711752,2.030598053
4315,2024,4315,-0.112553646,0.316732624,0.336136696,2.030127462
4316,2024,4316,-0.046479381,-0.078639419,0.091348186,2.02965709
4317,2024,4317,0.012330761,-0.007370801,0.014365806,2.029186935
4318,2024,4318,-0.029988297,-0.141014097,0.144167519,2.028716999
4319,2024,4319,0.351273349,0.038071696,0.353330469,2.028247279
4320,2024,4320,-0.16038799,0.30970605,0.348772339,2.027777778
4321,2024,4321,-0.202271242,-0.14678042,0.24991628,2.027308493
4322,2024,4322,-0.093066782,-0.135898211,0.16471111,2.026839426
4323,2024,4323,-0.091150749,-0.122005869,0.152295408,2.026370576
4324,2024,4324,0.204012043,-0.018891399,0.204884842,2.025901943
4325,2024,4325,-0.095794772,-0.171609869,0.196536473,2.025433526
4326,2024,4326,-0.162968779,0.074295425,0.17910509,2.024965326
4327,2024,4327,-0.12841119,-0.073249941,0.147834325,2.024497342
4328,2024,4328,0.052553608,-0.267119041,0.272239718,2.024029575
4329,2024,4329,-0.079999225,0.001111646,0.080006949,2.023562024
4330,2024,4330,0.087244197,-0.005629827,0.087425654,2.023094688
4331,2024,4331,0.039394855,0.030707344,0.04994893,2.022627569
4332,2024,4332,-0.253002334,-0.185628791,0.313796477,2.022160665
4333,2024,4333,0.115656818,-0.401881332,0.418192664,2.021693976
4334,2024,4334,0.421125722,-0.080897399,0.428825446,2.021227503
4335,2024,4335,-3.97E-06,0.156496091,0.156496091,2.020761246
4336,2024,4336,0.01764411,0.06824226,0.070486316,2.020295203
4337,2024,4337,0.033323933,0.112274143,0.11711519,2.019829375
4338,2024,4338,-0.034442354,-0.160031646,0.163696071,2.019363762
4339,2024,4339,0.228815592,-0.00139156,0.228819824,2.018898364
4340,2024,4340,-0.071713089,0.170548258,0.185012095,2.01843318
4341,2024,4341,0.015357744,-0.203656058,0.204234303,2.01796821
4342,2024,4342,0.214984199,0.140669863,0.25691675,2.017503455
4343,2024,4343,-0.170096887,0.215553825,0.274584053,2.017038913
4344,2024,4344,0.061021975,0.036741638,0.071229414,2.016574586
4345,2024,4345,-0.18798462,0.226136833,0.294068163,2.016110472
4346,2024,4346,-0.114986584,-0.10630228,0.156595304,2.015646572
4347,2024,4347,0.062414116,-0.094756495,0.113465039,2.015182885
4348,2024,4348,-0.213961824,-0.012334764,0.214317074,2.014719411
4349,2024,4349,0.069220126,0.191803173,0.203911459,2.014256151
4350,2024,4350,-0.181435647,0.083797085,0.199852059,2.013793103
4351,2024,4351,-0.199754238,-0.34197355,0.396039978,2.013330269
4352,2024,4352,0.256118379,0.251005961,0.358609281,2.012867647
4353,2024,4353,-0.114498522,0.265475015,0.289113983,2.012405238
4354,2024,4354,-0.264771976,-0.017252099,0.265333439,2.011943041
4355,2024,4355,-0.127688928,-0.002871829,0.127721218,2.011481056
4356,2024,4356,-0.063962382,-0.336868931,0.342887537,2.011019284
4357,2024,4357,0.32820124,0.051483776,0.332214739,2.010557723
4358,2024,4358,0.021039224,0.428702745,0.4292187,2.010096374
4359,2024,4359,-0.176730356,-0.218806937,0.281265167,2.009635237
4360,2024,4360,0.112266554,-0.142550782,0.181451108,2.009174312
4361,2024,4361,0.106538549,-0.01654358,0.107815363,2.008713598
4362,2024,4362,0.126735668,-0.065043442,0.142452023,2.008253095
4363,2024,4363,0.149451418,0.092474886,0.175747919,2.007792803
4364,2024,4364,-0.092325438,-0.181462542,0.203599215,2.007332722
4365,2024,4365,0.055347917,-0.336271392,0.340795894,2.006872852
4366,2024,4366,0.318654641,0.175810422,0.363936924,2.006413193
4367,2024,4367,-0.001911867,0.131102892,0.131116832,2.005953744
4368,2024,4368,-0.060596435,-0.140495696,0.153006433,2.005494505
4369,2024,4369,-0.010698757,0.148291371,0.148676811,2.005035477
4370,2024,4370,-0.007647953,-0.054112955,0.054650738,2.004576659
4371,2024,4371,0.033484599,-0.032570443,0.046712441,2.004118051
4372,2024,4372,-0.071011223,0.074789428,0.103131238,2.003659652
4373,2024,4373,-0.013892914,0.10269147,0.103626981,2.003201464
4374,2024,4374,-0.222422197,0.041274835,0.226219463,2.002743484
4375,2024,4375,0.046085197,-0.095864884,0.106366918,2.002285714
4376,2024,4376,0.003813026,0.293321903,0.293346686,2.001828154
4377,2024,4377,0.042546086,-0.118510652,0.125916417,2.001370802
4378,2024,4378,-0.149209466,-0.144634487,0.207804234,2.000913659
4379,2024,4379,-0.20082869,0.13064872,0.239585581,2.000456725
4380,2024,4380,0.189394303,0,0.189394303,2
