DateTime,price_simulated
2025-01-01 00:00:00,112.82000000000006
2025-01-01 01:00:00,112.74500000000005
2025-01-01 02:00:00,112.45000000000024
2025-01-01 03:00:00,112.36000000000037
2025-01-01 04:00:00,111.8749999999997
2025-01-01 05:00:00,111.87499999999999
2025-01-01 06:00:00,111.85500000000008
2025-01-01 07:00:00,5.331049999999978
2025-01-01 08:00:00,5.394349999999925
2025-01-01 09:00:00,5.463999999999912
2025-01-01 10:00:00,5.523249999999885
2025-01-01 11:00:00,5.515550000000072
2025-01-01 12:00:00,5.427599999999896
2025-01-01 13:00:00,112.08000000000064
2025-01-01 14:00:00,112.99000000000022
2025-01-01 15:00:00,113.09499999999943
2025-01-01 16:00:00,113.35000000000007
2025-01-01 17:00:00,113.24999999999973
2025-01-01 18:00:00,113.61499999999961
2025-01-01 19:00:00,113.32499999999983
2025-01-01 20:00:00,113.17499999999994
2025-01-01 21:00:00,113.08500000000002
2025-01-01 22:00:00,112.52499999999965
2025-01-01 23:00:00,112.75000000000037
2025-01-02 00:00:00,112.32500000000003
2025-01-02 01:00:00,112.17000000000004
2025-01-02 02:00:00,112.1700000000004
2025-01-02 03:00:00,112.30999999999989
2025-01-02 04:00:00,112.32500000000003
2025-01-02 05:00:00,111.87500000000013
2025-01-02 06:00:00,112.54499999999979
2025-01-02 07:00:00,110.99999999999979
2025-01-02 08:00:00,110.7549999999999
2025-01-02 09:00:00,111.17999999999996
2025-01-02 10:00:00,111.53000000000021
2025-01-02 11:00:00,113.26999999999981
2025-01-02 12:00:00,113.32000000000015
2025-01-02 13:00:00,113.12000000000059
2025-01-02 14:00:00,113.47999999999954
2025-01-02 15:00:00,113.29000000000018
2025-01-02 16:00:00,113.67999999999988
2025-01-02 17:00:00,113.40000000000029
2025-01-02 18:00:00,113.87999999999984
2025-01-02 19:00:00,113.49500000000054
2025-01-02 20:00:00,112.89499999999997
2025-01-02 21:00:00,112.89999999999995
2025-01-02 22:00:00,112.87499999999976
2025-01-02 23:00:00,112.87500000000038
2025-01-03 00:00:00,112.55999999999956
2025-01-03 01:00:00,112.48000000000015
2025-01-03 02:00:00,112.58499999999965
2025-01-03 03:00:00,112.47000000000064
2025-01-03 04:00:00,112.42499999999968
2025-01-03 05:00:00,112.50500000000022
2025-01-03 06:00:00,112.55499999999986
2025-01-03 07:00:00,113.19000000000025
2025-01-03 08:00:00,113.53000000000002
2025-01-03 09:00:00,113.485
2025-01-03 10:00:00,113.45499999999977
2025-01-03 11:00:00,113.62000000000008
2025-01-03 12:00:00,113.68999999999987
2025-01-03 13:00:00,113.64499999999953
2025-01-03 14:00:00,113.64500000000031
2025-01-03 15:00:00,113.24500000000018
2025-01-03 16:00:00,113.01499999999992
2025-01-03 17:00:00,113.245
2025-01-03 18:00:00,112.91000000000008
2025-01-03 19:00:00,113.13500000000012
2025-01-03 20:00:00,113.06500000000001
2025-01-03 21:00:00,112.73500000000033
2025-01-03 22:00:00,112.71000000000043
2025-01-03 23:00:00,112.74500000000018
2025-01-04 00:00:00,112.65000000000036
2025-01-04 01:00:00,112.64500000000022
2025-01-04 02:00:00,108.49999999999966
2025-01-04 03:00:00,107.87000000000036
2025-01-04 04:00:00,4.953600000000251
2025-01-04 05:00:00,108.59000000000002
2025-01-04 06:00:00,111.08999999999983
2025-01-04 07:00:00,109.59000000000044
2025-01-04 08:00:00,108.48999999999987
2025-01-04 09:00:00,108.73500000000003
2025-01-04 10:00:00,108.88000000000054
2025-01-04 11:00:00,108.88500000000012
2025-01-04 12:00:00,108.8850000000005
2025-01-04 13:00:00,109.36500000000021
2025-01-04 14:00:00,109.52000000000001
2025-01-04 15:00:00,109.24500000000018
2025-01-04 16:00:00,113.26499999999967
2025-01-04 17:00:00,113.1950000000001
2025-01-04 18:00:00,113.20499999999964
2025-01-04 19:00:00,113.19000000000011
2025-01-04 20:00:00,113.12999999999951
2025-01-04 21:00:00,113.05000000000032
2025-01-04 22:00:00,112.72999999999932
2025-01-04 23:00:00,112.54499999999959
2025-01-05 00:00:00,111.84000000000024
2025-01-05 01:00:00,111.5800000000004
2025-01-05 02:00:00,111.59000000000026
2025-01-05 03:00:00,4.937900000000043
2025-01-05 04:00:00,4.880649999999887
2025-01-05 05:00:00,4.881400000000195
2025-01-05 06:00:00,4.882099999999861
2025-01-05 07:00:00,5.251650000000124
2025-01-05 08:00:00,5.305850000000093
2025-01-05 09:00:00,5.388699999999824
2025-01-05 10:00:00,5.388799999999964
2025-01-05 11:00:00,5.39220000000028
2025-01-05 12:00:00,5.400349999999996
2025-01-05 13:00:00,5.380099999999913
2025-01-05 14:00:00,5.387049999999971
2025-01-05 15:00:00,111.99499999999959
2025-01-05 16:00:00,112.34999999999988
2025-01-05 17:00:00,113.21999999999971
2025-01-05 18:00:00,113.19499999999998
2025-01-05 19:00:00,113.22999999999948
2025-01-05 20:00:00,113.12999999999985
2025-01-05 21:00:00,112.8849999999999
2025-01-05 22:00:00,112.63500000000045
2025-01-05 23:00:00,112.60499999999986
2025-01-06 00:00:00,112.31500000000031
2025-01-06 01:00:00,112.19999999999949
2025-01-06 02:00:00,112.20000000000013
2025-01-06 03:00:00,112.19999999999978
2025-01-06 04:00:00,112.19999999999955
2025-01-06 05:00:00,112.42000000000014
2025-01-06 06:00:00,112.23499999999947
2025-01-06 07:00:00,112.81999999999984
2025-01-06 08:00:00,113.34499999999989
2025-01-06 09:00:00,109.2850000000001
2025-01-06 10:00:00,109.55499999999992
2025-01-06 11:00:00,110.0950000000003
2025-01-06 12:00:00,110.32500000000043
2025-01-06 13:00:00,114.63500000000009
2025-01-06 14:00:00,117.21000000000059
2025-01-06 15:00:00,118.0900000000002
2025-01-06 16:00:00,117.13499999999974
2025-01-06 17:00:00,126.44000000000003
2025-01-06 18:00:00,126.4250000000001
2025-01-06 19:00:00,122.78499999999983
2025-01-06 20:00:00,114.16999999999973
2025-01-06 21:00:00,117.20000000000013
2025-01-06 22:00:00,113.11
2025-01-06 23:00:00,112.82999999999988
2025-01-07 00:00:00,112.93000000000039
2025-01-07 01:00:00,112.84000000000015
2025-01-07 02:00:00,110.39000000000017
2025-01-07 03:00:00,110.38999999999974
2025-01-07 04:00:00,110.91499999999975
2025-01-07 05:00:00,111.51999999999997
2025-01-07 06:00:00,110.77499999999982
2025-01-07 07:00:00,112.94500000000032
2025-01-07 08:00:00,113.37999999999951
2025-01-07 09:00:00,113.1099999999995
2025-01-07 10:00:00,109.96999999999983
2025-01-07 11:00:00,110.52000000000018
2025-01-07 12:00:00,111.0900000000003
2025-01-07 13:00:00,113.80499999999954
2025-01-07 14:00:00,113.44500000000019
2025-01-07 15:00:00,113.46499999999985
2025-01-07 16:00:00,113.51000000000066
2025-01-07 17:00:00,113.64000000000011
2025-01-07 18:00:00,119.0550000000001
2025-01-07 19:00:00,117.55999999999959
2025-01-07 20:00:00,113.2449999999994
2025-01-07 21:00:00,113.17499999999943
2025-01-07 22:00:00,113.02000000000002
2025-01-07 23:00:00,112.7000000000002
2025-01-08 00:00:00,112.90499999999969
2025-01-08 01:00:00,112.52500000000029
2025-01-08 02:00:00,109.24000000000021
2025-01-08 03:00:00,109.37499999999982
2025-01-08 04:00:00,111.84000000000006
2025-01-08 05:00:00,111.50000000000017
2025-01-08 06:00:00,112.82000000000008
2025-01-08 07:00:00,113.06499999999971
2025-01-08 08:00:00,110.31999999999958
2025-01-08 09:00:00,110.52499999999975
2025-01-08 10:00:00,109.7999999999994
2025-01-08 11:00:00,110.57999999999959
2025-01-08 12:00:00,110.07500000000032
2025-01-08 13:00:00,109.74000000000025
2025-01-08 14:00:00,113.44500000000025
2025-01-08 15:00:00,113.40999999999997
2025-01-08 16:00:00,113.30500000000016
2025-01-08 17:00:00,113.82499999999996
2025-01-08 18:00:00,113.5899999999996
2025-01-08 19:00:00,113.36999999999982
2025-01-08 20:00:00,113.15000000000003
2025-01-08 21:00:00,112.56000000000002
2025-01-08 22:00:00,112.32499999999978
2025-01-08 23:00:00,112.385
2025-01-09 00:00:00,112.50000000000045
2025-01-09 01:00:00,112.46500000000024
2025-01-09 02:00:00,112.46499999999932
2025-01-09 03:00:00,112.46500000000036
2025-01-09 04:00:00,112.4649999999998
2025-01-09 05:00:00,112.81000000000023
2025-01-09 06:00:00,112.7800000000001
2025-01-09 07:00:00,113.17000000000031
2025-01-09 08:00:00,109.3700000000004
2025-01-09 09:00:00,109.36999999999931
2025-01-09 10:00:00,110.6649999999998
2025-01-09 11:00:00,110.04000000000023
2025-01-09 12:00:00,113.25500000000018
2025-01-09 13:00:00,113.28499999999977
2025-01-09 14:00:00,113.28500000000051
2025-01-09 15:00:00,113.22000000000034
2025-01-09 16:00:00,113.09
2025-01-09 17:00:00,113.41999999999975
2025-01-09 18:00:00,113.56499999999971
2025-01-09 19:00:00,113.35999999999987
2025-01-09 20:00:00,113.14999999999934
2025-01-09 21:00:00,112.91000000000045
2025-01-09 22:00:00,112.64999999999995
2025-01-09 23:00:00,112.64499999999936
2025-01-10 00:00:00,112.69000000000027
2025-01-10 01:00:00,112.18499999999999
2025-01-10 02:00:00,112.3900000000003
2025-01-10 03:00:00,112.39000000000007
2025-01-10 04:00:00,112.57000000000079
2025-01-10 05:00:00,112.53500000000066
2025-01-10 06:00:00,112.73000000000009
2025-01-10 07:00:00,113.12500000000017
2025-01-10 08:00:00,113.19000000000051
2025-01-10 09:00:00,113.34000000000017
2025-01-10 10:00:00,111.37499999999909
2025-01-10 11:00:00,113.11000000000081
2025-01-10 12:00:00,113.32499999999962
2025-01-10 13:00:00,113.11999999999945
2025-01-10 14:00:00,113.35500000000077
2025-01-10 15:00:00,113.47500000000038
2025-01-10 16:00:00,113.4749999999994
2025-01-10 17:00:00,113.43499999999943
2025-01-10 18:00:00,119.64500000000017
2025-01-10 19:00:00,119.62500000000017
2025-01-10 20:00:00,112.89999999999998
2025-01-10 21:00:00,113.0000000000006
2025-01-10 22:00:00,112.87000000000009
2025-01-10 23:00:00,112.43000000000009
2025-01-11 00:00:00,112.90000000000023
2025-01-11 01:00:00,113.12999999999968
2025-01-11 02:00:00,113.09000000000003
2025-01-11 03:00:00,113.1200000000002
2025-01-11 04:00:00,113.06499999999991
2025-01-11 05:00:00,112.90500000000061
2025-01-11 06:00:00,112.93499999999989
2025-01-11 07:00:00,113.63500000000015
2025-01-11 08:00:00,113.85499999999942
2025-01-11 09:00:00,113.66000000000038
2025-01-11 10:00:00,113.86500000000053
2025-01-11 11:00:00,112.2900000000002
2025-01-11 12:00:00,112.40000000000046
2025-01-11 13:00:00,114.15
2025-01-11 14:00:00,113.66000000000021
2025-01-11 15:00:00,113.66000000000003
2025-01-11 16:00:00,113.31999999999996
2025-01-11 17:00:00,113.60000000000043
2025-01-11 18:00:00,113.85499999999946
2025-01-11 19:00:00,113.91999999999962
2025-01-11 20:00:00,113.94999999999955
2025-01-11 21:00:00,113.60999999999949
2025-01-11 22:00:00,113.5349999999999
2025-01-11 23:00:00,113.12500000000001
2025-01-12 00:00:00,113.01500000000074
2025-01-12 01:00:00,113.04999999999953
2025-01-12 02:00:00,113.04999999999981
2025-01-12 03:00:00,112.88999999999986
2025-01-12 04:00:00,112.90499999999984
2025-01-12 05:00:00,113.01499999999947
2025-01-12 06:00:00,113.13500000000141
2025-01-12 07:00:00,10.22000000000074
2025-01-12 08:00:00,10.218000000000085
2025-01-12 09:00:00,10.223999999999826
2025-01-12 10:00:00,10.259999999999886
2025-01-12 11:00:00,10.304999999999584
2025-01-12 12:00:00,113.90999999999903
2025-01-12 13:00:00,113.65000000000073
2025-01-12 14:00:00,114.10999999999896
2025-01-12 15:00:00,114.07000000000018
2025-01-12 16:00:00,113.87999999999992
2025-01-12 17:00:00,114.00000000000013
2025-01-12 18:00:00,114.12999999999998
2025-01-12 19:00:00,114.10999999999999
2025-01-12 20:00:00,114.9049999999996
2025-01-12 21:00:00,114.11000000000068
2025-01-12 22:00:00,114.05000000000076
2025-01-12 23:00:00,112.98500000000027
2025-01-13 00:00:00,113.23999999999967
2025-01-13 01:00:00,113.18500000000016
2025-01-13 02:00:00,113.14000000000004
2025-01-13 03:00:00,113.1400000000005
2025-01-13 04:00:00,113.14999999999986
2025-01-13 05:00:00,113.05000000000031
2025-01-13 06:00:00,113.32500000000026
2025-01-13 07:00:00,113.72500000000035
2025-01-13 08:00:00,113.68999999999916
2025-01-13 09:00:00,113.63
2025-01-13 10:00:00,113.62500000000036
2025-01-13 11:00:00,113.77500000000005
2025-01-13 12:00:00,113.6800000000004
2025-01-13 13:00:00,113.6300000000002
2025-01-13 14:00:00,113.9099999999998
2025-01-13 15:00:00,115.06000000000009
2025-01-13 16:00:00,121.29499999999996
2025-01-13 17:00:00,129.30500000000015
2025-01-13 18:00:00,128.7199999999998
2025-01-13 19:00:00,121.88
2025-01-13 20:00:00,120.63999999999974
2025-01-13 21:00:00,119.65499999999983
2025-01-13 22:00:00,113.33499999999974
2025-01-13 23:00:00,113.42500000000057
2025-01-14 00:00:00,113.57499999999992
2025-01-14 01:00:00,113.4149999999992
2025-01-14 02:00:00,113.22499999999943
2025-01-14 03:00:00,113.18500000000088
2025-01-14 04:00:00,113.51499999999956
2025-01-14 05:00:00,113.66500000000153
2025-01-14 06:00:00,113.71999999999987
2025-01-14 07:00:00,114.04999999999963
2025-01-14 08:00:00,114.19500000000063
2025-01-14 09:00:00,112.90000000000019
2025-01-14 10:00:00,112.99999999999987
2025-01-14 11:00:00,114.23499999999977
2025-01-14 12:00:00,114.29500000000004
2025-01-14 13:00:00,115.23000000000023
2025-01-14 14:00:00,115.1449999999999
2025-01-14 15:00:00,120.32000000000009
2025-01-14 16:00:00,121.31500000000004
2025-01-14 17:00:00,121.63499999999995
2025-01-14 18:00:00,131.1600000000003
2025-01-14 19:00:00,120.99500000000027
2025-01-14 20:00:00,121.46499999999976
2025-01-14 21:00:00,119.09500000000028
2025-01-14 22:00:00,118.0950000000006
2025-01-14 23:00:00,113.43500000000121
2025-01-15 00:00:00,113.37499999999996
2025-01-15 01:00:00,113.26000000000025
2025-01-15 02:00:00,113.43999999999946
2025-01-15 03:00:00,113.44499999999995
2025-01-15 04:00:00,113.51000000000037
2025-01-15 05:00:00,113.62500000000001
2025-01-15 06:00:00,113.66000000000004
2025-01-15 07:00:00,114.26499999999959
2025-01-15 08:00:00,112.75500000000049
2025-01-15 09:00:00,112.31500000000011
2025-01-15 10:00:00,112.60499999999912
2025-01-15 11:00:00,112.55499999999978
2025-01-15 12:00:00,113.97500000000025
2025-01-15 13:00:00,114.01999999999956
2025-01-15 14:00:00,114.02000000000055
2025-01-15 15:00:00,118.80499999999984
2025-01-15 16:00:00,120.31999999999974
2025-01-15 17:00:00,121.215
2025-01-15 18:00:00,122.16000000000021
2025-01-15 19:00:00,121.75499999999988
2025-01-15 20:00:00,119.57500000000083
2025-01-15 21:00:00,114.06000000000007
2025-01-15 22:00:00,113.65499999999989
2025-01-15 23:00:00,113.33500000000015
2025-01-16 00:00:00,113.39499999999947
2025-01-16 01:00:00,113.0649999999992
2025-01-16 02:00:00,113.1
2025-01-16 03:00:00,113.05500000000092
2025-01-16 04:00:00,113.11000000000048
2025-01-16 05:00:00,113.1599999999998
2025-01-16 06:00:00,113.22999999999973
2025-01-16 07:00:00,113.31500000000011
2025-01-16 08:00:00,112.6750000000008
2025-01-16 09:00:00,112.33500000000035
2025-01-16 10:00:00,111.91999999999962
2025-01-16 11:00:00,112.71499999999968
2025-01-16 12:00:00,113.86000000000065
2025-01-16 13:00:00,113.88000000000017
2025-01-16 14:00:00,113.84500000000074
2025-01-16 15:00:00,113.8100000000005
2025-01-16 16:00:00,114.37000000000005
2025-01-16 17:00:00,120.97000000000008
2025-01-16 18:00:00,122.55500000000033
2025-01-16 19:00:00,122.67500000000015
2025-01-16 20:00:00,114.06499999999997
2025-01-16 21:00:00,114.18499999999986
2025-01-16 22:00:00,113.74499999999941
2025-01-16 23:00:00,113.47000000000011
2025-01-17 00:00:00,113.29999999999959
2025-01-17 01:00:00,113.40499999999918
2025-01-17 02:00:00,113.3399999999993
2025-01-17 03:00:00,113.34000000000033
2025-01-17 04:00:00,113.1299999999996
2025-01-17 05:00:00,113.204999999999
2025-01-17 06:00:00,113.2650000000005
2025-01-17 07:00:00,113.6250000000006
2025-01-17 08:00:00,112.3549999999997
2025-01-17 09:00:00,112.35499999999952
2025-01-17 10:00:00,112.35500000000002
2025-01-17 11:00:00,112.3600000000002
2025-01-17 12:00:00,114.06499999999978
2025-01-17 13:00:00,114.10000000000106
2025-01-17 14:00:00,114.17000000000017
2025-01-17 15:00:00,114.04499999999972
2025-01-17 16:00:00,113.96999999999956
2025-01-17 17:00:00,114.0400000000012
2025-01-17 18:00:00,122.27999999999957
2025-01-17 19:00:00,120.40500000000071
2025-01-17 20:00:00,114.3549999999997
2025-01-17 21:00:00,114.50000000000075
2025-01-17 22:00:00,114.01500000000023
2025-01-17 23:00:00,113.76500000000006
2025-01-18 00:00:00,113.57500000000071
2025-01-18 01:00:00,113.57499999999987
2025-01-18 02:00:00,113.2900000000007
2025-01-18 03:00:00,113.26499999999987
2025-01-18 04:00:00,113.34999999999994
2025-01-18 05:00:00,113.33499999999958
2025-01-18 06:00:00,113.63499999999965
2025-01-18 07:00:00,114.8400000000007
2025-01-18 08:00:00,112.91999999999975
2025-01-18 09:00:00,112.35000000000072
2025-01-18 10:00:00,112.45999999999843
2025-01-18 11:00:00,113.93999999999966
2025-01-18 12:00:00,114.06999999999975
2025-01-18 13:00:00,114.04000000000146
2025-01-18 14:00:00,114.33999999999989
2025-01-18 15:00:00,118.72000000000035
2025-01-18 16:00:00,122.28500000000047
2025-01-18 17:00:00,122.70999999999955
2025-01-18 18:00:00,122.92499999999998
2025-01-18 19:00:00,121.35500000000089
2025-01-18 20:00:00,120.77499999999927
2025-01-18 21:00:00,121.89999999999993
2025-01-18 22:00:00,120.88999999999945
2025-01-18 23:00:00,114.23999999999975
2025-01-19 00:00:00,114.09000000000069
2025-01-19 01:00:00,113.87500000000018
2025-01-19 02:00:00,113.80499999999992
2025-01-19 03:00:00,113.80500000000126
2025-01-19 04:00:00,113.54999999999953
2025-01-19 05:00:00,113.80000000000017
2025-01-19 06:00:00,113.85999999999989
2025-01-19 07:00:00,114.09499999999898
2025-01-19 08:00:00,114.00000000000105
2025-01-19 09:00:00,114.089999999999
2025-01-19 10:00:00,114.15000000000083
2025-01-19 11:00:00,114.14999999999961
2025-01-19 12:00:00,114.16999999999958
2025-01-19 13:00:00,114.30000000000084
2025-01-19 14:00:00,114.89500000000041
2025-01-19 15:00:00,114.69500000000043
2025-01-19 16:00:00,121.80499999999942
2025-01-19 17:00:00,135.66000000000045
2025-01-19 18:00:00,133.71500000000114
2025-01-19 19:00:00,121.79999999999922
2025-01-19 20:00:00,121.2050000000003
2025-01-19 21:00:00,120.93499999999969
2025-01-19 22:00:00,120.66499999999913
2025-01-19 23:00:00,120.10500000000079
2025-01-20 00:00:00,113.18500000000003
2025-01-20 01:00:00,113.29999999999822
2025-01-20 02:00:00,113.1799999999998
2025-01-20 03:00:00,113.1799999999996
2025-01-20 04:00:00,113.33500000000102
2025-01-20 05:00:00,113.54000000000072
2025-01-20 06:00:00,113.4900000000003
2025-01-20 07:00:00,114.11000000000047
2025-01-20 08:00:00,112.65499999999936
2025-01-20 09:00:00,112.44999999999936
2025-01-20 10:00:00,111.7600000000007
2025-01-20 11:00:00,112.07499999999993
2025-01-20 12:00:00,113.94499999999906
2025-01-20 13:00:00,119.10000000000056
2025-01-20 14:00:00,118.7750000000008
2025-01-20 15:00:00,122.1349999999997
2025-01-20 16:00:00,122.1349999999994
2025-01-20 17:00:00,126.6350000000003
2025-01-20 18:00:00,129.53499999999926
2025-01-20 19:00:00,128.1849999999995
2025-01-20 20:00:00,127.99500000000036
2025-01-20 21:00:00,123.47500000000024
2025-01-20 22:00:00,122.37999999999965
2025-01-20 23:00:00,118.37499999999962
2025-01-21 00:00:00,117.97000000000043
2025-01-21 01:00:00,113.50999999999982
2025-01-21 02:00:00,113.5049999999991
2025-01-21 03:00:00,113.44500000000029
2025-01-21 04:00:00,113.41999999999905
2025-01-21 05:00:00,113.61999999999973
2025-01-21 06:00:00,113.93499999999945
2025-01-21 07:00:00,114.72000000000043
2025-01-21 08:00:00,114.4099999999997
2025-01-21 09:00:00,112.14499999999985
2025-01-21 10:00:00,120.07999999999953
2025-01-21 11:00:00,123.17500000000028
2025-01-21 12:00:00,123.20000000000203
2025-01-21 13:00:00,122.84999999999943
2025-01-21 14:00:00,121.13000000000005
2025-01-21 15:00:00,121.30000000000057
2025-01-21 16:00:00,122.52999999999997
2025-01-21 17:00:00,135.2299999999998
2025-01-21 18:00:00,139.49999999999892
2025-01-21 19:00:00,139.91500000000002
2025-01-21 20:00:00,135.20500000000092
2025-01-21 21:00:00,136.0249999999996
2025-01-21 22:00:00,120.84000000000017
2025-01-21 23:00:00,117.3450000000004
2025-01-22 00:00:00,113.51500000000044
2025-01-22 01:00:00,113.61500000000052
2025-01-22 02:00:00,113.4299999999994
2025-01-22 03:00:00,113.34999999999958
2025-01-22 04:00:00,113.35499999999945
2025-01-22 05:00:00,113.60000000000038
2025-01-22 06:00:00,113.68499999999983
2025-01-22 07:00:00,114.99999999999953
2025-01-22 08:00:00,114.97999999999955
2025-01-22 09:00:00,114.75999999999972
2025-01-22 10:00:00,114.46000000000028
2025-01-22 11:00:00,114.13000000000206
2025-01-22 12:00:00,114.06999999999961
2025-01-22 13:00:00,114.30999999999943
2025-01-22 14:00:00,114.17
2025-01-22 15:00:00,114.005000000001
2025-01-22 16:00:00,113.7650000000016
2025-01-22 17:00:00,113.64999999999934
2025-01-22 18:00:00,114.03000000000033
2025-01-22 19:00:00,114.09999999999907
2025-01-22 20:00:00,113.99000000000034
2025-01-22 21:00:00,113.30499999999965
2025-01-22 22:00:00,113.28499999999867
2025-01-22 23:00:00,112.91999999999976
2025-01-23 00:00:00,116.92500000000074
2025-01-23 01:00:00,116.63500000000127
2025-01-23 02:00:00,116.44000000000048
2025-01-23 03:00:00,116.65499999999982
2025-01-23 04:00:00,117.26000000000074
2025-01-23 05:00:00,117.47000000000003
2025-01-23 06:00:00,118.33999999999946
2025-01-23 07:00:00,118.52999999999979
2025-01-23 08:00:00,118.57000000000032
2025-01-23 09:00:00,118.36499999999933
2025-01-23 10:00:00,118.35999999999952
2025-01-23 11:00:00,118.08000000000142
2025-01-23 12:00:00,117.70000000000114
2025-01-23 13:00:00,117.31500000000001
2025-01-23 14:00:00,117.87499999999903
2025-01-23 15:00:00,118.19500000000053
2025-01-23 16:00:00,117.63999999999906
2025-01-23 17:00:00,117.99000000000032
2025-01-23 18:00:00,118.35999999999956
2025-01-23 19:00:00,118.37999999999967
2025-01-23 20:00:00,118.41499999999999
2025-01-23 21:00:00,118.44499999999914
2025-01-23 22:00:00,117.20999999999897
2025-01-23 23:00:00,116.71500000000015
2025-01-24 00:00:00,117.71499999999976
2025-01-24 01:00:00,117.65999999999941
2025-01-24 02:00:00,117.26000000000079
2025-01-24 03:00:00,117.4150000000002
2025-01-24 04:00:00,116.76000000000067
2025-01-24 05:00:00,118.26999999999958
2025-01-24 06:00:00,118.68000000000137
2025-01-24 07:00:00,118.49500000000137
2025-01-24 08:00:00,118.83499999999886
2025-01-24 09:00:00,118.56500000000003
2025-01-24 10:00:00,118.56499999999944
2025-01-24 11:00:00,118.51000000000091
2025-01-24 12:00:00,118.53500000000003
2025-01-24 13:00:00,118.36500000000032
2025-01-24 14:00:00,118.2599999999996
2025-01-24 15:00:00,118.43499999999999
2025-01-24 16:00:00,118.49999999999967
2025-01-24 17:00:00,118.35500000000012
2025-01-24 18:00:00,118.40999999999961
2025-01-24 19:00:00,118.6999999999994
2025-01-24 20:00:00,118.43999999999954
2025-01-24 21:00:00,117.53999999999867
2025-01-24 22:00:00,118.66499999999982
2025-01-24 23:00:00,117.15999999999921
2025-01-25 00:00:00,116.64499999999965
2025-01-25 01:00:00,115.86500000000102
2025-01-25 02:00:00,115.56000000000013
2025-01-25 03:00:00,115.70000000000024
2025-01-25 04:00:00,115.41000000000025
2025-01-25 05:00:00,115.70000000000033
2025-01-25 06:00:00,115.5700000000006
2025-01-25 07:00:00,117.07000000000029
2025-01-25 08:00:00,116.44500000000164
2025-01-25 09:00:00,116.16999999999919
2025-01-25 10:00:00,116.27999999999973
2025-01-25 11:00:00,117.48999999999985
2025-01-25 12:00:00,116.60000000000062
2025-01-25 13:00:00,115.90500000000029
2025-01-25 14:00:00,115.02499999999986
2025-01-25 15:00:00,116.00499999999965
2025-01-25 16:00:00,116.45000000000081
2025-01-25 17:00:00,116.15499999999928
2025-01-25 18:00:00,117.24000000000004
2025-01-25 19:00:00,116.92000000000131
2025-01-25 20:00:00,115.22500000000117
2025-01-25 21:00:00,114.60999999999956
2025-01-25 22:00:00,113.99500000000022
2025-01-25 23:00:00,114.06000000000061
2025-01-26 00:00:00,115.12500000000087
2025-01-26 01:00:00,115.05500000000025
2025-01-26 02:00:00,114.38999999999962
2025-01-26 03:00:00,114.39000000000013
2025-01-26 04:00:00,114.43999999999983
2025-01-26 05:00:00,114.60499999999992
2025-01-26 06:00:00,114.3899999999999
2025-01-26 07:00:00,115.27499999999972
2025-01-26 08:00:00,115.44999999999989
2025-01-26 09:00:00,116.59500000000084
2025-01-26 10:00:00,117.11499999999938
2025-01-26 11:00:00,117.25500000000038
2025-01-26 12:00:00,117.64999999999999
2025-01-26 13:00:00,116.79000000000008
2025-01-26 14:00:00,116.22500000000026
2025-01-26 15:00:00,116.31000000000171
2025-01-26 16:00:00,116.77999999999894
2025-01-26 17:00:00,115.87500000000153
2025-01-26 18:00:00,117.14999999999887
2025-01-26 19:00:00,117.81999999999967
2025-01-26 20:00:00,117.15000000000055
2025-01-26 21:00:00,117.07499999999992
2025-01-26 22:00:00,116.38000000000001
2025-01-26 23:00:00,114.28499999999985
2025-01-27 00:00:00,115.32000000000117
2025-01-27 01:00:00,115.31999999999931
2025-01-27 02:00:00,115.79999999999922
2025-01-27 03:00:00,115.38499999999972
2025-01-27 04:00:00,114.44000000000005
2025-01-27 05:00:00,116.53000000000131
2025-01-27 06:00:00,117.84500000000023
2025-01-27 07:00:00,116.02499999999976
2025-01-27 08:00:00,117.21000000000043
2025-01-27 09:00:00,117.26499999999982
2025-01-27 10:00:00,118.21500000000047
2025-01-27 11:00:00,118.10499999999988
2025-01-27 12:00:00,118.7300000000009
2025-01-27 13:00:00,117.26000000000113
2025-01-27 14:00:00,119.55499999999881
2025-01-27 15:00:00,123.05499999999974
2025-01-27 16:00:00,120.34499999999973
2025-01-27 17:00:00,120.30500000000147
2025-01-27 18:00:00,118.60500000000071
2025-01-27 19:00:00,118.01999999999951
2025-01-27 20:00:00,117.76999999999974
2025-01-27 21:00:00,116.64000000000043
2025-01-27 22:00:00,116.0749999999994
2025-01-27 23:00:00,115.22999999999898
2025-01-28 00:00:00,114.84999999999948
2025-01-28 01:00:00,114.98999999999907
2025-01-28 02:00:00,114.85000000000068
2025-01-28 03:00:00,114.84499999999939
2025-01-28 04:00:00,115.3499999999985
2025-01-28 05:00:00,115.25000000000067
2025-01-28 06:00:00,115.74500000000069
2025-01-28 07:00:00,117.43500000000061
2025-01-28 08:00:00,117.72000000000178
2025-01-28 09:00:00,117.7949999999991
2025-01-28 10:00:00,120.46999999999977
2025-01-28 11:00:00,120.26500000000003
2025-01-28 12:00:00,119.9150000000009
2025-01-28 13:00:00,119.10999999999989
2025-01-28 14:00:00,119.36999999999978
2025-01-28 15:00:00,120.07999999999967
2025-01-28 16:00:00,119.39499999999997
2025-01-28 17:00:00,119.09499999999939
2025-01-28 18:00:00,121.62999999999936
2025-01-28 19:00:00,121.50500000000024
2025-01-28 20:00:00,117.91000000000085
2025-01-28 21:00:00,116.70500000000034
2025-01-28 22:00:00,116.54500000000094
2025-01-28 23:00:00,115.24499999999934
2025-01-29 00:00:00,115.42999999999905
2025-01-29 01:00:00,115.55500000000065
2025-01-29 02:00:00,115.08499999999914
2025-01-29 03:00:00,115.15500000000105
2025-01-29 04:00:00,115.7949999999994
2025-01-29 05:00:00,117.80999999999953
2025-01-29 06:00:00,117.80000000000011
2025-01-29 07:00:00,118.42000000000003
2025-01-29 08:00:00,116.90000000000009
2025-01-29 09:00:00,118.3749999999992
2025-01-29 10:00:00,117.79999999999967
2025-01-29 11:00:00,118.19499999999921
2025-01-29 12:00:00,118.11500000000024
2025-01-29 13:00:00,118.96499999999956
2025-01-29 14:00:00,118.00999999999985
2025-01-29 15:00:00,116.28000000000092
2025-01-29 16:00:00,117.94999999999958
2025-01-29 17:00:00,118.0550000000002
2025-01-29 18:00:00,119.79000000000073
2025-01-29 19:00:00,119.36000000000044
2025-01-29 20:00:00,119.27000000000025
2025-01-29 21:00:00,118.15000000000045
2025-01-29 22:00:00,117.4199999999993
2025-01-29 23:00:00,116.61999999999932
2025-01-30 00:00:00,115.26000000000018
2025-01-30 01:00:00,114.59000000000067
2025-01-30 02:00:00,115.21500000000059
2025-01-30 03:00:00,115.30000000000058
2025-01-30 04:00:00,115.20999999999967
2025-01-30 05:00:00,115.15500000000071
2025-01-30 06:00:00,116.505
2025-01-30 07:00:00,117.18999999999947
2025-01-30 08:00:00,117.72499999999994
2025-01-30 09:00:00,117.11499999999907
2025-01-30 10:00:00,117.10000000000072
2025-01-30 11:00:00,117.56999999999972
2025-01-30 12:00:00,118.68999999999916
2025-01-30 13:00:00,118.60000000000011
2025-01-30 14:00:00,118.61500000000059
2025-01-30 15:00:00,119.65999999999913
2025-01-30 16:00:00,121.50999999999799
2025-01-30 17:00:00,122.95999999999941
2025-01-30 18:00:00,123.42499999999988
2025-01-30 19:00:00,122.0700000000008
2025-01-30 20:00:00,121.37499999999979
2025-01-30 21:00:00,120.89500000000024
2025-01-30 22:00:00,118.7350000000006
2025-01-30 23:00:00,117.21499999999939
2025-01-31 00:00:00,116.90999999999964
2025-01-31 01:00:00,116.16499999999941
2025-01-31 02:00:00,116.16499999999897
2025-01-31 03:00:00,116.16499999999942
2025-01-31 04:00:00,116.02000000000149
2025-01-31 05:00:00,118.73999999999981
2025-01-31 06:00:00,118.23000000000069
2025-01-31 07:00:00,118.98000000000138
2025-01-31 08:00:00,119.27999999999909
2025-01-31 09:00:00,119.27000000000017
2025-01-31 10:00:00,118.94000000000027
2025-01-31 11:00:00,119.01000000000028
2025-01-31 12:00:00,119.27000000000022
2025-01-31 13:00:00,119.30000000000032
2025-01-31 14:00:00,124.21000000000099
2025-01-31 15:00:00,124.71000000000097
2025-01-31 16:00:00,124.69500000000103
2025-01-31 17:00:00,124.75500000000164
2025-01-31 18:00:00,123.94000000000027
2025-01-31 19:00:00,124.19000000000023
2025-01-31 20:00:00,123.89000000000017
2025-01-31 21:00:00,124.26000000000086
2025-01-31 22:00:00,121.05500000000079
2025-01-31 23:00:00,117.25499999999948
2025-02-01 00:00:00,119.2000000000003
2025-02-01 01:00:00,118.82500000000093
2025-02-01 02:00:00,118.82500000000017
2025-02-01 03:00:00,118.82499999999979
2025-02-01 04:00:00,118.82500000000083
2025-02-01 05:00:00,119.22000000000004
2025-02-01 06:00:00,119.45500000000054
2025-02-01 07:00:00,119.48000000000029
2025-02-01 08:00:00,118.79000000000048
2025-02-01 09:00:00,119.33000000000082
2025-02-01 10:00:00,119.32499999999955
2025-02-01 11:00:00,119.33499999999812
2025-02-01 12:00:00,119.32999999999862
2025-02-01 13:00:00,119.33000000000075
2025-02-01 14:00:00,119.32999999999961
2025-02-01 15:00:00,119.48000000000002
2025-02-01 16:00:00,119.47999999999894
2025-02-01 17:00:00,119.91000000000068
2025-02-01 18:00:00,119.71500000000034
2025-02-01 19:00:00,119.55000000000045
2025-02-01 20:00:00,119.56499999999959
2025-02-01 21:00:00,119.36999999999968
2025-02-01 22:00:00,119.48999999999808
2025-02-01 23:00:00,119.23999999999802
2025-02-02 00:00:00,118.9950000000006
2025-02-02 01:00:00,119.23499999999956
2025-02-02 02:00:00,119.01499999999982
2025-02-02 03:00:00,118.93499999999996
2025-02-02 04:00:00,118.78499999999974
2025-02-02 05:00:00,118.98999999999913
2025-02-02 06:00:00,119.01999999999896
2025-02-02 07:00:00,119.00000000000118
2025-02-02 08:00:00,117.27999999999957
2025-02-02 09:00:00,117.42499999999953
2025-02-02 10:00:00,117.95500000000034
2025-02-02 11:00:00,118.1950000000011
2025-02-02 12:00:00,117.9550000000006
2025-02-02 13:00:00,117.29999999999953
2025-02-02 14:00:00,117.30000000000152
2025-02-02 15:00:00,117.6750000000005
2025-02-02 16:00:00,119.17999999999982
2025-02-02 17:00:00,119.06499999999988
2025-02-02 18:00:00,119.47500000000107
2025-02-02 19:00:00,119.47999999999934
2025-02-02 20:00:00,119.72499999999962
2025-02-02 21:00:00,119.27999999999977
2025-02-02 22:00:00,119.26999999999911
2025-02-02 23:00:00,119.13000000000146
2025-02-03 00:00:00,118.64999999999858
2025-02-03 01:00:00,118.61999999999848
2025-02-03 02:00:00,118.62000000000005
2025-02-03 03:00:00,118.78999999999961
2025-02-03 04:00:00,118.94999999999878
2025-02-03 05:00:00,118.70999999999879
2025-02-03 06:00:00,118.99000000000055
2025-02-03 07:00:00,119.31999999999925
2025-02-03 08:00:00,118.36499999999928
2025-02-03 09:00:00,118.89000000000011
2025-02-03 10:00:00,118.89
2025-02-03 11:00:00,118.91500000000053
2025-02-03 12:00:00,118.0499999999999
2025-02-03 13:00:00,118.16000000000037
2025-02-03 14:00:00,117.49000000000032
2025-02-03 15:00:00,117.46000000000126
2025-02-03 16:00:00,118.47999999999993
2025-02-03 17:00:00,123.70499999999967
2025-02-03 18:00:00,135.63499999999996
2025-02-03 19:00:00,124.03500000000116
2025-02-03 20:00:00,123.50000000000085
2025-02-03 21:00:00,123.7
2025-02-03 22:00:00,119.32500000000091
2025-02-03 23:00:00,118.89
2025-02-04 00:00:00,118.35499999999993
2025-02-04 01:00:00,118.35499999999995
2025-02-04 02:00:00,118.64499999999904
2025-02-04 03:00:00,118.6399999999994
2025-02-04 04:00:00,119.0300000000002
2025-02-04 05:00:00,118.6250000000001
2025-02-04 06:00:00,118.89999999999918
2025-02-04 07:00:00,119.73000000000236
2025-02-04 08:00:00,119.48499999999906
2025-02-04 09:00:00,119.68999999999942
2025-02-04 10:00:00,118.90499999999884
2025-02-04 11:00:00,119.91500000000036
2025-02-04 12:00:00,120.04499999999818
2025-02-04 13:00:00,119.69500000000015
2025-02-04 14:00:00,119.68999999999924
2025-02-04 15:00:00,119.48000000000066
2025-02-04 16:00:00,119.40500000000037
2025-02-04 17:00:00,121.49500000000033
2025-02-04 18:00:00,123.08500000000147
2025-02-04 19:00:00,122.83499999999923
2025-02-04 20:00:00,122.53499999999976
2025-02-04 21:00:00,122.43999999999956
2025-02-04 22:00:00,118.82500000000023
2025-02-04 23:00:00,118.76500000000017
2025-02-05 00:00:00,118.13499999999904
2025-02-05 01:00:00,118.50999999999996
2025-02-05 02:00:00,118.45000000000073
2025-02-05 03:00:00,118.31499999999943
2025-02-05 04:00:00,118.31500000000077
2025-02-05 05:00:00,119.0000000000009
2025-02-05 06:00:00,119.11000000000041
2025-02-05 07:00:00,119.55999999999894
2025-02-05 08:00:00,119.23499999999964
2025-02-05 09:00:00,118.83499999999994
2025-02-05 10:00:00,119.53500000000173
2025-02-05 11:00:00,119.96500000000049
2025-02-05 12:00:00,120.17500000000192
2025-02-05 13:00:00,119.94500000000045
2025-02-05 14:00:00,120.13500000000063
2025-02-05 15:00:00,120.26000000000124
2025-02-05 16:00:00,119.71499999999982
2025-02-05 17:00:00,122.71999999999969
2025-02-05 18:00:00,123.1600000000007
2025-02-05 19:00:00,122.85499999999972
2025-02-05 20:00:00,123.1050000000002
2025-02-05 21:00:00,122.39999999999846
2025-02-05 22:00:00,119.08499999999864
2025-02-05 23:00:00,118.90500000000024
2025-02-06 00:00:00,118.33999999999871
2025-02-06 01:00:00,118.54499999999972
2025-02-06 02:00:00,118.56499999999865
2025-02-06 03:00:00,118.56500000000047
2025-02-06 04:00:00,118.49499999999993
2025-02-06 05:00:00,118.67499999999853
2025-02-06 06:00:00,119.13000000000106
2025-02-06 07:00:00,119.43499999999956
2025-02-06 08:00:00,119.49500000000023
2025-02-06 09:00:00,118.8500000000003
2025-02-06 10:00:00,118.67999999999888
2025-02-06 11:00:00,120.08000000000037
2025-02-06 12:00:00,120.04000000000237
2025-02-06 13:00:00,119.80999999999993
2025-02-06 14:00:00,119.74999999999862
2025-02-06 15:00:00,119.65500000000013
2025-02-06 16:00:00,122.14999999999885
2025-02-06 17:00:00,122.97000000000052
2025-02-06 18:00:00,123.06000000000068
2025-02-06 19:00:00,123.16999999999965
2025-02-06 20:00:00,123.73999999999954
2025-02-06 21:00:00,121.27000000000106
2025-02-06 22:00:00,119.0549999999998
2025-02-06 23:00:00,118.57999999999848
2025-02-07 00:00:00,118.70500000000023
2025-02-07 01:00:00,118.79999999999978
2025-02-07 02:00:00,118.59499999999939
2025-02-07 03:00:00,118.59499999999882
2025-02-07 04:00:00,118.79500000000094
2025-02-07 05:00:00,119.345
2025-02-07 06:00:00,119.23500000000006
2025-02-07 07:00:00,119.23499999999989
2025-02-07 08:00:00,119.23499999999773
2025-02-07 09:00:00,119.41999999999936
2025-02-07 10:00:00,118.8900000000005
2025-02-07 11:00:00,119.44500000000039
2025-02-07 12:00:00,119.48499999999875
2025-02-07 13:00:00,119.66500000000002
2025-02-07 14:00:00,119.56000000000026
2025-02-07 15:00:00,122.39999999999937
2025-02-07 16:00:00,122.25499999999934
2025-02-07 17:00:00,122.37999999999981
2025-02-07 18:00:00,123.43000000000168
2025-02-07 19:00:00,123.35500000000013
2025-02-07 20:00:00,119.3400000000015
2025-02-07 21:00:00,119.13500000000018
2025-02-07 22:00:00,119.02500000000157
2025-02-07 23:00:00,118.84999999999943
2025-02-08 00:00:00,118.30499999999893
2025-02-08 01:00:00,118.07499999999958
2025-02-08 02:00:00,118.19000000000054
2025-02-08 03:00:00,118.86499999999948
2025-02-08 04:00:00,118.22999999999925
2025-02-08 05:00:00,118.46000000000043
2025-02-08 06:00:00,118.46000000000153
2025-02-08 07:00:00,118.93000000000184
2025-02-08 08:00:00,119.65499999999972
2025-02-08 09:00:00,119.56999999999952
2025-02-08 10:00:00,119.59000000000057
2025-02-08 11:00:00,119.50999999999934
2025-02-08 12:00:00,119.45000000000051
2025-02-08 13:00:00,118.98000000000086
2025-02-08 14:00:00,120.53000000000017
2025-02-08 15:00:00,118.98000000000017
2025-02-08 16:00:00,119.13000000000136
2025-02-08 17:00:00,119.09500000000106
2025-02-08 18:00:00,119.80000000000092
2025-02-08 19:00:00,120.080000000002
2025-02-08 20:00:00,119.53000000000023
2025-02-08 21:00:00,119.0000000000001
2025-02-08 22:00:00,118.95499999999839
2025-02-08 23:00:00,118.27999999999969
2025-02-09 00:00:00,118.19999999999906
2025-02-09 01:00:00,118.35999999999889
2025-02-09 02:00:00,118.11499999999877
2025-02-09 03:00:00,118.50500000000055
2025-02-09 04:00:00,117.94999999999993
2025-02-09 05:00:00,118.65000000000022
2025-02-09 06:00:00,118.74000000000032
2025-02-09 07:00:00,116.8800000000012
2025-02-09 08:00:00,114.76499999999926
2025-02-09 09:00:00,116.08000000000077
2025-02-09 10:00:00,116.0799999999997
2025-02-09 11:00:00,116.05499999999944
2025-02-09 12:00:00,114.45500000000014
2025-02-09 13:00:00,115.44500000000056
2025-02-09 14:00:00,119.17999999999968
2025-02-09 15:00:00,119.10500000000287
2025-02-09 16:00:00,119.24499999999779
2025-02-09 17:00:00,118.71000000000015
2025-02-09 18:00:00,119.61999999999956
2025-02-09 19:00:00,119.72000000000101
2025-02-09 20:00:00,119.62499999999893
2025-02-09 21:00:00,119.69499999999974
2025-02-09 22:00:00,119.02999999999912
2025-02-09 23:00:00,119.16999999999979
2025-02-10 00:00:00,118.82500000000273
2025-02-10 01:00:00,118.42999999999681
2025-02-10 02:00:00,118.3599999999998
2025-02-10 03:00:00,118.11
2025-02-10 04:00:00,118.34000000000218
2025-02-10 05:00:00,118.41999999999737
2025-02-10 06:00:00,118.769999999999
2025-02-10 07:00:00,119.56000000000003
2025-02-10 08:00:00,119.69500000000052
2025-02-10 09:00:00,118.29000000000039
2025-02-10 10:00:00,119.7149999999983
2025-02-10 11:00:00,119.31000000000115
2025-02-10 12:00:00,119.43499999999985
2025-02-10 13:00:00,122.44000000000038
2025-02-10 14:00:00,122.6099999999997
2025-02-10 15:00:00,122.48000000000276
2025-02-10 16:00:00,122.44000000000003
2025-02-10 17:00:00,122.5149999999991
2025-02-10 18:00:00,122.4900000000014
2025-02-10 19:00:00,122.54499999999932
2025-02-10 20:00:00,122.50000000000004
2025-02-10 21:00:00,122.61000000000138
2025-02-10 22:00:00,119.19499999999945
2025-02-10 23:00:00,118.75499999999921
2025-02-11 00:00:00,118.67000000000077
2025-02-11 01:00:00,118.29000000000033
2025-02-11 02:00:00,118.08999999999952
2025-02-11 03:00:00,117.85500000000042
2025-02-11 04:00:00,118.07000000000065
2025-02-11 05:00:00,118.9749999999999
2025-02-11 06:00:00,119.41500000000107
2025-02-11 07:00:00,119.36999999999989
2025-02-11 08:00:00,119.8049999999995
2025-02-11 09:00:00,119.81499999999973
2025-02-11 10:00:00,119.33999999999811
2025-02-11 11:00:00,119.89499999999943
2025-02-11 12:00:00,119.60000000000178
2025-02-11 13:00:00,119.38999999999959
2025-02-11 14:00:00,119.66500000000018
2025-02-11 15:00:00,119.32999999999993
2025-02-11 16:00:00,119.32000000000197
2025-02-11 17:00:00,123.74499999999944
2025-02-11 18:00:00,123.84000000000064
2025-02-11 19:00:00,123.49999999999804
2025-02-11 20:00:00,122.37500000000095
2025-02-11 21:00:00,121.98999999999815
2025-02-11 22:00:00,119.0199999999997
2025-02-11 23:00:00,118.60999999999684
2025-02-12 00:00:00,118.58499999999988
2025-02-12 01:00:00,118.2949999999991
2025-02-12 02:00:00,118.93499999999986
2025-02-12 03:00:00,118.82000000000018
2025-02-12 04:00:00,117.9050000000007
2025-02-12 05:00:00,118.79500000000012
2025-02-12 06:00:00,118.86500000000034
2025-02-12 07:00:00,119.23999999999846
2025-02-12 08:00:00,119.56500000000045
2025-02-12 09:00:00,117.81999999999863
2025-02-12 10:00:00,119.65500000000056
2025-02-12 11:00:00,119.22999999999965
2025-02-12 12:00:00,119.6250000000004
2025-02-12 13:00:00,119.6850000000003
2025-02-12 14:00:00,121.44999999999837
2025-02-12 15:00:00,122.63500000000116
2025-02-12 16:00:00,124.6450000000003
2025-02-12 17:00:00,126.53000000000102
2025-02-12 18:00:00,134.91000000000318
2025-02-12 19:00:00,134.90999999999858
2025-02-12 20:00:00,134.73999999999754
2025-02-12 21:00:00,134.65500000000088
2025-02-12 22:00:00,128.54499999999726
2025-02-12 23:00:00,121.72000000000021
2025-02-13 00:00:00,118.92999999999863
2025-02-13 01:00:00,119.00500000000089
2025-02-13 02:00:00,118.93999999999939
2025-02-13 03:00:00,118.93500000000114
2025-02-13 04:00:00,118.86000000000084
2025-02-13 05:00:00,119.6199999999998
2025-02-13 06:00:00,119.79999999999787
2025-02-13 07:00:00,119.62499999999919
2025-02-13 08:00:00,119.86500000000065
2025-02-13 09:00:00,120.16499999999951
2025-02-13 10:00:00,119.99000000000152
2025-02-13 11:00:00,119.9400000000002
2025-02-13 12:00:00,120.02000000000118
2025-02-13 13:00:00,122.48000000000049
2025-02-13 14:00:00,123.03500000000057
2025-02-13 15:00:00,122.38000000000022
2025-02-13 16:00:00,121.44000000000045
2025-02-13 17:00:00,131.0749999999998
2025-02-13 18:00:00,134.1850000000019
2025-02-13 19:00:00,136.98000000000084
2025-02-13 20:00:00,137.79500000000073
2025-02-13 21:00:00,128.7699999999998
2025-02-13 22:00:00,127.3249999999985
2025-02-13 23:00:00,121.79000000000066
2025-02-14 00:00:00,121.85999999999957
2025-02-14 01:00:00,121.01499999999997
2025-02-14 02:00:00,118.96999999999873
2025-02-14 03:00:00,118.98000000000027
2025-02-14 04:00:00,118.98000000000089
2025-02-14 05:00:00,119.20500000000203
2025-02-14 06:00:00,119.08000000000001
2025-02-14 07:00:00,119.06999999999941
2025-02-14 08:00:00,119.4499999999988
2025-02-14 09:00:00,119.52499999999819
2025-02-14 10:00:00,118.98000000000098
2025-02-14 11:00:00,119.5549999999977
2025-02-14 12:00:00,123.42999999999961
2025-02-14 13:00:00,123.43000000000117
2025-02-14 14:00:00,123.08499999999975
2025-02-14 15:00:00,123.35999999999994
2025-02-14 16:00:00,123.50499999999947
2025-02-14 17:00:00,124.78000000000036
2025-02-14 18:00:00,123.61000000000051
2025-02-14 19:00:00,122.56000000000019
2025-02-14 20:00:00,121.74999999999743
2025-02-14 21:00:00,121.88999999999992
2025-02-14 22:00:00,121.66999999999861
2025-02-14 23:00:00,118.7899999999993
2025-02-15 00:00:00,119.17000000000091
2025-02-15 01:00:00,119.03999999999988
2025-02-15 02:00:00,118.94000000000078
2025-02-15 03:00:00,118.71499999999962
2025-02-15 04:00:00,118.77999999999852
2025-02-15 05:00:00,118.93000000000124
2025-02-15 06:00:00,119.44500000000036
2025-02-15 07:00:00,119.48500000000021
2025-02-15 08:00:00,119.8949999999993
2025-02-15 09:00:00,119.96000000000046
2025-02-15 10:00:00,120.06999999999827
2025-02-15 11:00:00,120.32000000000035
2025-02-15 12:00:00,120.08999999999934
2025-02-15 13:00:00,119.99999999999991
2025-02-15 14:00:00,119.9800000000007
2025-02-15 15:00:00,119.31500000000098
2025-02-15 16:00:00,118.98999999999917
2025-02-15 17:00:00,123.84499999999937
2025-02-15 18:00:00,134.79000000000164
2025-02-15 19:00:00,134.52500000000137
2025-02-15 20:00:00,128.8799999999993
2025-02-15 21:00:00,128.69500000000193
2025-02-15 22:00:00,122.44999999999936
2025-02-15 23:00:00,118.98000000000343
2025-02-16 00:00:00,119.1949999999962
2025-02-16 01:00:00,118.8549999999985
2025-02-16 02:00:00,118.8400000000013
2025-02-16 03:00:00,118.15500000000158
2025-02-16 04:00:00,117.56499999999926
2025-02-16 05:00:00,117.61500000000161
2025-02-16 06:00:00,118.36499999999862
2025-02-16 07:00:00,119.4000000000016
2025-02-16 08:00:00,119.24999999999933
2025-02-16 09:00:00,119.22999999999927
2025-02-16 10:00:00,119.2599999999998
2025-02-16 11:00:00,119.76000000000043
2025-02-16 12:00:00,119.96999999999906
2025-02-16 13:00:00,119.94999999999955
2025-02-16 14:00:00,120.67000000000232
2025-02-16 15:00:00,120.77999999999933
2025-02-16 16:00:00,122.93000000000043
2025-02-16 17:00:00,126.52000000000152
2025-02-16 18:00:00,135.63999999999842
2025-02-16 19:00:00,135.76500000000127
2025-02-16 20:00:00,136.06999999999795
2025-02-16 21:00:00,135.8500000000016
2025-02-16 22:00:00,123.42999999999896
2025-02-16 23:00:00,119.20000000000023
2025-02-17 00:00:00,118.86000000000139
2025-02-17 01:00:00,118.01500000000014
2025-02-17 02:00:00,118.3599999999995
2025-02-17 03:00:00,118.35000000000096
2025-02-17 04:00:00,118.68500000000017
2025-02-17 05:00:00,118.53500000000106
2025-02-17 06:00:00,119.32500000000202
2025-02-17 07:00:00,119.2099999999994
2025-02-17 08:00:00,119.29499999999913
2025-02-17 09:00:00,121.57999999999892
2025-02-17 10:00:00,121.3499999999989
2025-02-17 11:00:00,121.10000000000129
2025-02-17 12:00:00,120.30499999999985
2025-02-17 13:00:00,125.87999999999964
2025-02-17 14:00:00,126.02499999999854
2025-02-17 15:00:00,126.80500000000042
2025-02-17 16:00:00,127.90500000000003
2025-02-17 17:00:00,129.11499999999901
2025-02-17 18:00:00,135.31500000000216
2025-02-17 19:00:00,134.81999999999994
2025-02-17 20:00:00,135.49500000000057
2025-02-17 21:00:00,126.57999999999983
2025-02-17 22:00:00,122.51500000000044
2025-02-17 23:00:00,121.56499999999856
2025-02-18 00:00:00,119.06499999999758
2025-02-18 01:00:00,118.65500000000105
2025-02-18 02:00:00,118.90499999999673
2025-02-18 03:00:00,118.90500000000024
2025-02-18 04:00:00,118.74000000000036
2025-02-18 05:00:00,119.00000000000195
2025-02-18 06:00:00,119.50999999999817
2025-02-18 07:00:00,119.18999999999856
2025-02-18 08:00:00,118.94000000000128
2025-02-18 09:00:00,119.3999999999982
2025-02-18 10:00:00,118.96999999999817
2025-02-18 11:00:00,121.62500000000036
2025-02-18 12:00:00,121.9250000000015
2025-02-18 13:00:00,124.84499999999674
2025-02-18 14:00:00,126.64000000000048
2025-02-18 15:00:00,127.98000000000019
2025-02-18 16:00:00,128.19999999999973
2025-02-18 17:00:00,129.02000000000126
2025-02-18 18:00:00,134.1300000000025
2025-02-18 19:00:00,134.51500000000036
2025-02-18 20:00:00,129.17499999999933
2025-02-18 21:00:00,128.5250000000001
2025-02-18 22:00:00,121.7949999999997
2025-02-18 23:00:00,118.919999999997
2025-02-19 00:00:00,117.5599999999993
2025-02-19 01:00:00,117.72499999999941
2025-02-19 02:00:00,117.55999999999925
2025-02-19 03:00:00,117.44499999999996
2025-02-19 04:00:00,117.38500000000063
2025-02-19 05:00:00,117.71500000000024
2025-02-19 06:00:00,118.58000000000051
2025-02-19 07:00:00,117.790000000001
2025-02-19 08:00:00,117.8999999999989
2025-02-19 09:00:00,117.79999999999941
2025-02-19 10:00:00,118.25000000000304
2025-02-19 11:00:00,118.53999999999935
2025-02-19 12:00:00,121.57000000000085
2025-02-19 13:00:00,121.82000000000033
2025-02-19 14:00:00,121.79000000000158
2025-02-19 15:00:00,123.43000000000133
2025-02-19 16:00:00,125.70500000000115
2025-02-19 17:00:00,130.649999999999
2025-02-19 18:00:00,138.35000000000116
2025-02-19 19:00:00,134.70000000000064
2025-02-19 20:00:00,133.21499999999835
2025-02-19 21:00:00,133.47999999999791
2025-02-19 22:00:00,134.33999999999955
2025-02-19 23:00:00,121.47000000000165
2025-02-20 00:00:00,117.74999999999856
2025-02-20 01:00:00,117.81000000000023
2025-02-20 02:00:00,117.59499999999974
2025-02-20 03:00:00,117.49499999999831
2025-02-20 04:00:00,117.93500000000024
2025-02-20 05:00:00,118.25499999999828
2025-02-20 06:00:00,118.65500000000027
2025-02-20 07:00:00,118.53000000000127
2025-02-20 08:00:00,117.22000000000124
2025-02-20 09:00:00,116.83999999999878
2025-02-20 10:00:00,118.35000000000007
2025-02-20 11:00:00,118.43999999999882
2025-02-20 12:00:00,121.46499999999969
2025-02-20 13:00:00,121.3600000000008
2025-02-20 14:00:00,121.43500000000091
2025-02-20 15:00:00,122.4299999999985
2025-02-20 16:00:00,123.75000000000153
2025-02-20 17:00:00,123.6200000000003
2025-02-20 18:00:00,134.14500000000174
2025-02-20 19:00:00,134.1200000000002
2025-02-20 20:00:00,128.02000000000078
2025-02-20 21:00:00,128.01999999999936
2025-02-20 22:00:00,122.05999999999923
2025-02-20 23:00:00,120.93499999999767
2025-02-21 00:00:00,121.23000000000037
2025-02-21 01:00:00,118.31999999999994
2025-02-21 02:00:00,117.82000000000019
2025-02-21 03:00:00,117.81999999999987
2025-02-21 04:00:00,117.81999999999987
2025-02-21 05:00:00,118.00500000000238
2025-02-21 06:00:00,118.03500000000105
2025-02-21 07:00:00,118.65999999999947
2025-02-21 08:00:00,117.17499999999885
2025-02-21 09:00:00,117.17499999999946
2025-02-21 10:00:00,118.46500000000054
2025-02-21 11:00:00,118.43000000000063
2025-02-21 12:00:00,118.43000000000166
2025-02-21 13:00:00,118.4849999999997
2025-02-21 14:00:00,118.49999999999999
2025-02-21 15:00:00,118.32499999999975
2025-02-21 16:00:00,118.50000000000195
2025-02-21 17:00:00,118.81000000000014
2025-02-21 18:00:00,122.03000000000125
2025-02-21 19:00:00,121.69499999999913
2025-02-21 20:00:00,117.61499999999974
2025-02-21 21:00:00,117.965
2025-02-21 22:00:00,117.60999999999848
2025-02-21 23:00:00,117.48499999999916
2025-02-22 00:00:00,117.38999999999923
2025-02-22 01:00:00,117.39999999999847
2025-02-22 02:00:00,117.40000000000273
2025-02-22 03:00:00,117.57000000000068
2025-02-22 04:00:00,117.50999999999812
2025-02-22 05:00:00,117.62999999999971
2025-02-22 06:00:00,117.6300000000004
2025-02-22 07:00:00,118.26500000000075
2025-02-22 08:00:00,117.21999999999828
2025-02-22 09:00:00,117.21999999999892
2025-02-22 10:00:00,117.369999999997
2025-02-22 11:00:00,117.37000000000066
2025-02-22 12:00:00,117.37999999999877
2025-02-22 13:00:00,117.46500000000024
2025-02-22 14:00:00,117.42000000000128
2025-02-22 15:00:00,114.34999999999833
2025-02-22 16:00:00,118.17000000000124
2025-02-22 17:00:00,118.73000000000005
2025-02-22 18:00:00,117.77999999999977
2025-02-22 19:00:00,118.2049999999974
2025-02-22 20:00:00,118.02499999999996
2025-02-22 21:00:00,118.07499999999787
2025-02-22 22:00:00,117.67999999999897
2025-02-22 23:00:00,117.68000000000085
2025-02-23 00:00:00,117.85499999999885
2025-02-23 01:00:00,117.86999999999979
2025-02-23 02:00:00,117.87000000000066
2025-02-23 03:00:00,117.6349999999989
2025-02-23 04:00:00,117.85999999999899
2025-02-23 05:00:00,117.90500000000118
2025-02-23 06:00:00,117.97999999999907
2025-02-23 07:00:00,119.36000000000134
2025-02-23 08:00:00,118.5199999999989
2025-02-23 09:00:00,118.76000000000128
2025-02-23 10:00:00,117.750000000001
2025-02-23 11:00:00,117.74000000000187
2025-02-23 12:00:00,119.3500000000009
2025-02-23 13:00:00,119.21000000000055
2025-02-23 14:00:00,119.00500000000004
2025-02-23 15:00:00,119.43000000000052
2025-02-23 16:00:00,119.93000000000059
2025-02-23 17:00:00,119.35500000000063
2025-02-23 18:00:00,125.75500000000136
2025-02-23 19:00:00,124.17500000000085
2025-02-23 20:00:00,124.21499999999827
2025-02-23 21:00:00,121.20999999999653
2025-02-23 22:00:00,117.92500000000102
2025-02-23 23:00:00,117.65000000000164
2025-02-24 00:00:00,117.31000000000125
2025-02-24 01:00:00,117.52999999999949
2025-02-24 02:00:00,117.51999999999985
2025-02-24 03:00:00,117.47499999999967
2025-02-24 04:00:00,117.5249999999978
2025-02-24 05:00:00,117.61000000000021
2025-02-24 06:00:00,117.65500000000138
2025-02-24 07:00:00,117.43499999999989
2025-02-24 08:00:00,117.51500000000233
2025-02-24 09:00:00,117.99499999999917
2025-02-24 10:00:00,117.9700000000007
2025-02-24 11:00:00,117.96999999999736
2025-02-24 12:00:00,117.86499999999799
2025-02-24 13:00:00,117.61999999999871
2025-02-24 14:00:00,120.37000000000154
2025-02-24 15:00:00,119.89499999999833
2025-02-24 16:00:00,119.43500000000122
2025-02-24 17:00:00,122.92500000000173
2025-02-24 18:00:00,132.3500000000011
2025-02-24 19:00:00,133.41000000000005
2025-02-24 20:00:00,132.96499999999816
2025-02-24 21:00:00,125.37000000000074
2025-02-24 22:00:00,119.81500000000209
2025-02-24 23:00:00,117.48500000000189
2025-02-25 00:00:00,117.60000000000001
2025-02-25 01:00:00,117.62999999999873
2025-02-25 02:00:00,117.61999999999911
2025-02-25 03:00:00,118.02499999999759
2025-02-25 04:00:00,117.83499999999921
2025-02-25 05:00:00,117.63500000000006
2025-02-25 06:00:00,118.1399999999986
2025-02-25 07:00:00,117.56500000000167
2025-02-25 08:00:00,117.969999999999
2025-02-25 09:00:00,118.3049999999972
2025-02-25 10:00:00,118.29500000000071
2025-02-25 11:00:00,118.3649999999999
2025-02-25 12:00:00,119.08500000000028
2025-02-25 13:00:00,118.41500000000022
2025-02-25 14:00:00,118.21000000000217
2025-02-25 15:00:00,118.2100000000006
2025-02-25 16:00:00,120.77000000000123
2025-02-25 17:00:00,121.64000000000009
2025-02-25 18:00:00,127.26999999999997
2025-02-25 19:00:00,127.26999999999967
2025-02-25 20:00:00,121.98000000000131
2025-02-25 21:00:00,120.77500000000046
2025-02-25 22:00:00,117.10499999999902
2025-02-25 23:00:00,117.32999999999646
2025-02-26 00:00:00,116.78499999999896
2025-02-26 01:00:00,116.33999999999811
2025-02-26 02:00:00,116.2849999999997
2025-02-26 03:00:00,116.37500000000085
2025-02-26 04:00:00,116.42499999999976
2025-02-26 05:00:00,117.15500000000098
2025-02-26 06:00:00,117.63000000000062
2025-02-26 07:00:00,117.50000000000003
2025-02-26 08:00:00,117.62000000000167
2025-02-26 09:00:00,117.37000000000079
2025-02-26 10:00:00,117.60500000000128
2025-02-26 11:00:00,117.16500000000492
2025-02-26 12:00:00,117.38999999999795
2025-02-26 13:00:00,117.44500000000127
2025-02-26 14:00:00,117.74000000000028
2025-02-26 15:00:00,119.80499999999903
2025-02-26 16:00:00,120.94500000000237
2025-02-26 17:00:00,121.6800000000003
2025-02-26 18:00:00,121.30000000000045
2025-02-26 19:00:00,121.72999999999809
2025-02-26 20:00:00,121.28999999999994
2025-02-26 21:00:00,119.97499999999957
2025-02-26 22:00:00,117.70500000000085
2025-02-26 23:00:00,117.28999999999978
2025-02-27 00:00:00,116.96999999999856
2025-02-27 01:00:00,116.73500000000058
2025-02-27 02:00:00,116.5249999999997
2025-02-27 03:00:00,116.85000000000042
2025-02-27 04:00:00,116.95000000000051
2025-02-27 05:00:00,117.54999999999956
2025-02-27 06:00:00,117.6300000000007
2025-02-27 07:00:00,117.6600000000003
2025-02-27 08:00:00,117.6249999999995
2025-02-27 09:00:00,117.61999999999851
2025-02-27 10:00:00,117.6250000000015
2025-02-27 11:00:00,118.21000000000018
2025-02-27 12:00:00,118.18500000000104
2025-02-27 13:00:00,119.74000000000248
2025-02-27 14:00:00,123.65499999999979
2025-02-27 15:00:00,124.34500000000182
2025-02-27 16:00:00,123.38000000000048
2025-02-27 17:00:00,125.19000000000094
2025-02-27 18:00:00,139.59999999999914
2025-02-27 19:00:00,139.25500000000076
2025-02-27 20:00:00,138.58499999999734
2025-02-27 21:00:00,134.11999999999847
2025-02-27 22:00:00,133.54499999999905
2025-02-27 23:00:00,119.88000000000159
2025-02-28 00:00:00,117.41499999999924
2025-02-28 01:00:00,117.18000000000109
2025-02-28 02:00:00,117.1799999999983
2025-02-28 03:00:00,117.05999999999939
2025-02-28 04:00:00,117.64499999999737
2025-02-28 05:00:00,117.62000000000192
2025-02-28 06:00:00,117.59999999999965
2025-02-28 07:00:00,117.59000000000148
2025-02-28 08:00:00,117.64999999999871
2025-02-28 09:00:00,120.6599999999984
2025-02-28 10:00:00,119.78999999999945
2025-02-28 11:00:00,119.95000000000239
2025-02-28 12:00:00,120.67000000000009
2025-02-28 13:00:00,120.92500000000011
2025-02-28 14:00:00,120.09000000000076
2025-02-28 15:00:00,120.21999999999906
2025-02-28 16:00:00,120.64999999999796
2025-02-28 17:00:00,133.63500000000298
2025-02-28 18:00:00,133.64500000000155
2025-02-28 19:00:00,133.04000000000127
2025-02-28 20:00:00,133.45500000000143
2025-02-28 21:00:00,128.96500000000015
2025-02-28 22:00:00,118.35999999999865
2025-02-28 23:00:00,117.55000000000115
2025-03-01 00:00:00,117.29499999999975
2025-03-01 01:00:00,117.38500000000136
2025-03-01 02:00:00,117.33999999999637
2025-03-01 03:00:00,117.31500000000125
2025-03-01 04:00:00,117.6200000000008
2025-03-01 05:00:00,117.46000000000178
2025-03-01 06:00:00,116.97999999999642
2025-03-01 07:00:00,117.97500000000343
2025-03-01 08:00:00,118.23999999999546
2025-03-01 09:00:00,118.010000000004
2025-03-01 10:00:00,0.045052500002651666
2025-03-01 11:00:00,113.97499999999505
2025-03-01 12:00:00,117.25000000000408
2025-03-01 13:00:00,117.63999999999923
2025-03-01 14:00:00,118.30000000000214
2025-03-01 15:00:00,117.7799999999991
2025-03-01 16:00:00,117.5600000000006
2025-03-01 17:00:00,118.20499999999699
2025-03-01 18:00:00,125.34500000000172
2025-03-01 19:00:00,132.1449999999997
2025-03-01 20:00:00,125.75500000000116
2025-03-01 21:00:00,127.63999999999926
2025-03-01 22:00:00,120.58000000000152
2025-03-01 23:00:00,117.34499999999865
2025-03-02 00:00:00,116.36999999999868
2025-03-02 01:00:00,116.08999999999735
2025-03-02 02:00:00,117.0699999999982
2025-03-02 03:00:00,117.049999999997
2025-03-02 04:00:00,116.81000000000249
2025-03-02 05:00:00,116.74499999999944
2025-03-02 06:00:00,116.26000000000009
2025-03-02 07:00:00,117.47999999999864
2025-03-02 08:00:00,117.50999999999877
2025-03-02 09:00:00,117.50999999999759
2025-03-02 10:00:00,117.50999999999982
2025-03-02 11:00:00,117.70000000000081
2025-03-02 12:00:00,118.51000000000138
2025-03-02 13:00:00,117.50999999999873
2025-03-02 14:00:00,117.59000000000178
2025-03-02 15:00:00,117.72000000000263
2025-03-02 16:00:00,117.99000000000349
2025-03-02 17:00:00,117.33000000000129
2025-03-02 18:00:00,132.23999999999904
2025-03-02 19:00:00,131.81500000000023
2025-03-02 20:00:00,121.23500000000027
2025-03-02 21:00:00,120.72999999999894
2025-03-02 22:00:00,117.39500000000072
2025-03-02 23:00:00,117.27499999999891
2025-03-03 00:00:00,117.23999999999926
2025-03-03 01:00:00,116.93499999999892
2025-03-03 02:00:00,116.86999999999718
2025-03-03 03:00:00,116.95500000000159
2025-03-03 04:00:00,116.35500000000123
2025-03-03 05:00:00,116.24499999999914
2025-03-03 06:00:00,117.61500000000014
2025-03-03 07:00:00,117.58500000000019
2025-03-03 08:00:00,117.47500000000204
2025-03-03 09:00:00,118.03000000000043
2025-03-03 10:00:00,118.2350000000012
2025-03-03 11:00:00,117.83000000000365
2025-03-03 12:00:00,118.01499999999811
2025-03-03 13:00:00,117.87000000000207
2025-03-03 14:00:00,120.21999999999963
2025-03-03 15:00:00,123.13499999999767
2025-03-03 16:00:00,126.79000000000056
2025-03-03 17:00:00,128.27499999999822
2025-03-03 18:00:00,127.87000000000175
2025-03-03 19:00:00,131.91499999999849
2025-03-03 20:00:00,131.84000000000216
2025-03-03 21:00:00,122.95999999999884
2025-03-03 22:00:00,122.86500000000062
2025-03-03 23:00:00,118.71000000000016
2025-03-04 00:00:00,117.67499999999892
2025-03-04 01:00:00,117.56000000000031
2025-03-04 02:00:00,117.09499999999889
2025-03-04 03:00:00,117.02999999999915
2025-03-04 04:00:00,117.14000000000074
2025-03-04 05:00:00,118.71999999999797
2025-03-04 06:00:00,119.2450000000013
2025-03-04 07:00:00,118.21499999999916
2025-03-04 08:00:00,118.17500000000084
2025-03-04 09:00:00,118.3349999999971
2025-03-04 10:00:00,118.56999999999975
2025-03-04 11:00:00,120.0499999999996
2025-03-04 12:00:00,120.94999999999827
2025-03-04 13:00:00,123.54000000000029
2025-03-04 14:00:00,126.23500000000108
2025-03-04 15:00:00,125.56499999999981
2025-03-04 16:00:00,123.80000000000095
2025-03-04 17:00:00,124.98500000000105
2025-03-04 18:00:00,134.47500000000431
2025-03-04 19:00:00,140.5299999999988
2025-03-04 20:00:00,139.30999999999838
2025-03-04 21:00:00,137.9350000000017
2025-03-04 22:00:00,137.78500000000034
2025-03-04 23:00:00,131.604999999998
2025-03-05 00:00:00,132.1449999999998
2025-03-05 01:00:00,132.1999999999968
2025-03-05 02:00:00,118.7999999999991
2025-03-05 03:00:00,119.14000000000179
2025-03-05 04:00:00,120.59999999999977
2025-03-05 05:00:00,125.83499999999967
2025-03-05 06:00:00,126.19000000000224
2025-03-05 07:00:00,120.61000000000116
2025-03-05 08:00:00,119.30499999999923
2025-03-05 09:00:00,123.88499999999989
2025-03-05 10:00:00,124.26000000000218
2025-03-05 11:00:00,124.20000000000024
2025-03-05 12:00:00,124.87500000000048
2025-03-05 13:00:00,124.42499999999919
2025-03-05 14:00:00,124.40999999999917
2025-03-05 15:00:00,124.1549999999972
2025-03-05 16:00:00,124.1000000000009
2025-03-05 17:00:00,139.92499999999765
2025-03-05 18:00:00,208.38999999999135
2025-03-05 19:00:00,249.699999999998
2025-03-05 20:00:00,209.090000000005
2025-03-05 21:00:00,157.51500000000138
2025-03-05 22:00:00,139.11499999999933
2025-03-05 23:00:00,138.9799999999982
2025-03-06 00:00:00,137.75000000000088
2025-03-06 01:00:00,137.7799999999991
2025-03-06 02:00:00,132.29000000000084
2025-03-06 03:00:00,125.09500000000153
2025-03-06 04:00:00,119.55500000000028
2025-03-06 05:00:00,125.30500000000063
2025-03-06 06:00:00,125.25500000000207
2025-03-06 07:00:00,119.46499999999769
2025-03-06 08:00:00,119.4200000000003
2025-03-06 09:00:00,118.79999999999919
2025-03-06 10:00:00,121.0749999999988
2025-03-06 11:00:00,123.28
2025-03-06 12:00:00,122.39500000000079
2025-03-06 13:00:00,123.20500000000176
2025-03-06 14:00:00,123.16500000000308
2025-03-06 15:00:00,123.16000000000024
2025-03-06 16:00:00,123.72999999999966
2025-03-06 17:00:00,125.57999999999834
2025-03-06 18:00:00,140.37499999999935
2025-03-06 19:00:00,140.19499999999866
2025-03-06 20:00:00,138.53000000000324
2025-03-06 21:00:00,137.4450000000001
2025-03-06 22:00:00,138.84499999999875
2025-03-06 23:00:00,122.89999999999915
2025-03-07 00:00:00,119.71500000000015
2025-03-07 01:00:00,119.23500000000053
2025-03-07 02:00:00,118.86499999999967
2025-03-07 03:00:00,118.7799999999976
2025-03-07 04:00:00,118.85500000000131
2025-03-07 05:00:00,117.93000000000096
2025-03-07 06:00:00,119.0549999999993
2025-03-07 07:00:00,117.59499999999954
2025-03-07 08:00:00,118.08999999999865
2025-03-07 09:00:00,119.68999999999889
2025-03-07 10:00:00,117.67000000000272
2025-03-07 11:00:00,121.10000000000198
2025-03-07 12:00:00,120.28500000000133
2025-03-07 13:00:00,121.35499999999878
2025-03-07 14:00:00,120.27500000000126
2025-03-07 15:00:00,122.64500000000113
2025-03-07 16:00:00,131.4249999999989
2025-03-07 17:00:00,137.5549999999978
2025-03-07 18:00:00,139.76499999999945
2025-03-07 19:00:00,138.29499999999683
2025-03-07 20:00:00,137.74499999999892
2025-03-07 21:00:00,131.31999999999934
2025-03-07 22:00:00,131.6999999999969
2025-03-07 23:00:00,118.6150000000031
2025-03-08 00:00:00,117.92499999999886
2025-03-08 01:00:00,118.7349999999995
2025-03-08 02:00:00,117.56499999999998
2025-03-08 03:00:00,116.46999999999976
2025-03-08 04:00:00,117.16499999999996
2025-03-08 05:00:00,117.6350000000006
2025-03-08 06:00:00,117.56999999999813
2025-03-08 07:00:00,117.65500000000058
2025-03-08 08:00:00,117.31500000000139
2025-03-08 09:00:00,119.770000000003
2025-03-08 10:00:00,121.13000000000136
2025-03-08 11:00:00,118.41999999999672
2025-03-08 12:00:00,121.80999999999935
2025-03-08 13:00:00,121.04999999999953
2025-03-08 14:00:00,122.42500000000351
2025-03-08 15:00:00,124.5199999999993
2025-03-08 16:00:00,120.9950000000005
2025-03-08 17:00:00,125.73500000000008
2025-03-08 18:00:00,136.9299999999979
2025-03-08 19:00:00,137.05999999999997
2025-03-08 20:00:00,137.05999999999696
2025-03-08 21:00:00,132.47500000000238
2025-03-08 22:00:00,118.47499999999918
2025-03-08 23:00:00,117.16999999999777
2025-03-09 00:00:00,118.99999999999997
2025-03-09 01:00:00,117.1400000000003
2025-03-09 02:00:00,117.46499999999716
2025-03-09 03:00:00,117.560000000002
2025-03-09 04:00:00,117.4899999999987
2025-03-09 05:00:00,117.61499999999943
2025-03-09 06:00:00,117.63000000000099
2025-03-09 07:00:00,117.82000000000005
2025-03-09 08:00:00,117.83499999999859
2025-03-09 09:00:00,117.29999999999858
2025-03-09 10:00:00,117.00999999999996
2025-03-09 11:00:00,117.48999999999911
2025-03-09 12:00:00,117.64999999999834
2025-03-09 13:00:00,117.65499999999874
2025-03-09 14:00:00,117.7850000000003
2025-03-09 15:00:00,119.57000000000224
2025-03-09 16:00:00,119.17499999999801
2025-03-09 17:00:00,131.75000000000355
2025-03-09 18:00:00,138.2050000000003
2025-03-09 19:00:00,140.74000000000143
2025-03-09 20:00:00,140.80000000000095
2025-03-09 21:00:00,141.20500000000186
2025-03-09 22:00:00,138.19000000000077
2025-03-09 23:00:00,138.0199999999964
2025-03-10 00:00:00,131.62500000000057
2025-03-10 01:00:00,131.64999999999952
2025-03-10 02:00:00,118.68999999999889
2025-03-10 03:00:00,119.13999999999935
2025-03-10 04:00:00,119.42499999999998
2025-03-10 05:00:00,119.69500000000211
2025-03-10 06:00:00,119.69499999999961
2025-03-10 07:00:00,117.49000000000075
2025-03-10 08:00:00,118.5999999999989
2025-03-10 09:00:00,118.92499999999853
2025-03-10 10:00:00,118.51500000000188
2025-03-10 11:00:00,118.23499999999892
2025-03-10 12:00:00,118.45999999999987
2025-03-10 13:00:00,117.82500000000098
2025-03-10 14:00:00,118.19500000000131
2025-03-10 15:00:00,123.12500000000252
2025-03-10 16:00:00,121.01500000000169
2025-03-10 17:00:00,141.54000000000127
2025-03-10 18:00:00,141.84000000000137
2025-03-10 19:00:00,142.10999999999987
2025-03-10 20:00:00,138.5499999999994
2025-03-10 21:00:00,131.88999999999848
2025-03-10 22:00:00,128.0399999999979
2025-03-10 23:00:00,118.53999999999884
2025-03-11 00:00:00,117.39500000000143
2025-03-11 01:00:00,117.10999999999804
2025-03-11 02:00:00,117.3600000000013
2025-03-11 03:00:00,117.05499999999911
2025-03-11 04:00:00,117.52000000000005
2025-03-11 05:00:00,117.52500000000161
2025-03-11 06:00:00,118.635000000001
2025-03-11 07:00:00,119.09000000000134
2025-03-11 08:00:00,119.73999999999818
2025-03-11 09:00:00,118.86499999999899
2025-03-11 10:00:00,117.81999999999645
2025-03-11 11:00:00,117.82000000000164
2025-03-11 12:00:00,117.85999999999895
2025-03-11 13:00:00,117.61000000000134
2025-03-11 14:00:00,117.61000000000126
2025-03-11 15:00:00,120.00500000000001
2025-03-11 16:00:00,121.22000000000142
2025-03-11 17:00:00,126.6099999999978
2025-03-11 18:00:00,130.32000000000318
2025-03-11 19:00:00,130.39499999999904
2025-03-11 20:00:00,130.31999999999994
2025-03-11 21:00:00,122.17999999999789
2025-03-11 22:00:00,120.8000000000001
2025-03-11 23:00:00,117.64499999999985
2025-03-12 00:00:00,115.13999999999828
2025-03-12 01:00:00,115.03999999999932
2025-03-12 02:00:00,114.59500000000098
2025-03-12 03:00:00,114.63500000000114
2025-03-12 04:00:00,114.83499999999916
2025-03-12 05:00:00,114.83500000000099
2025-03-12 06:00:00,114.94000000000085
2025-03-12 07:00:00,115.8099999999984
2025-03-12 08:00:00,115.48000000000256
2025-03-12 09:00:00,115.38499999999578
2025-03-12 10:00:00,115.34500000000506
2025-03-12 11:00:00,115.70000000000203
2025-03-12 12:00:00,115.5850000000014
2025-03-12 13:00:00,115.55000000000128
2025-03-12 14:00:00,118.94500000000126
2025-03-12 15:00:00,123.63499999999964
2025-03-12 16:00:00,123.5949999999999
2025-03-12 17:00:00,128.12500000000117
2025-03-12 18:00:00,142.45500000000328
2025-03-12 19:00:00,141.92999999999984
2025-03-12 20:00:00,130.93999999999997
2025-03-12 21:00:00,131.2000000000047
2025-03-12 22:00:00,126.5050000000007
2025-03-12 23:00:00,118.72500000000046
2025-03-13 00:00:00,117.53999999999797
2025-03-13 01:00:00,118.0099999999993
2025-03-13 02:00:00,118.61500000000295
2025-03-13 03:00:00,115.18000000000146
2025-03-13 04:00:00,115.6649999999989
2025-03-13 05:00:00,119.34999999999954
2025-03-13 06:00:00,119.68500000000039
2025-03-13 07:00:00,119.92999999999881
2025-03-13 08:00:00,119.57000000000123
2025-03-13 09:00:00,119.34000000000121
2025-03-13 10:00:00,120.30999999999902
2025-03-13 11:00:00,121.009999999999
2025-03-13 12:00:00,121.00500000000153
2025-03-13 13:00:00,120.86999999999996
2025-03-13 14:00:00,119.95000000000054
2025-03-13 15:00:00,123.87500000000229
2025-03-13 16:00:00,126.45499999999866
2025-03-13 17:00:00,143.0550000000005
2025-03-13 18:00:00,150.15000000000055
2025-03-13 19:00:00,149.95500000000115
2025-03-13 20:00:00,143.8100000000023
2025-03-13 21:00:00,143.36999999999694
2025-03-13 22:00:00,143.37000000000197
2025-03-13 23:00:00,140.88499999999874
2025-03-14 00:00:00,130.08999999999887
2025-03-14 01:00:00,127.76500000000061
2025-03-14 02:00:00,121.78500000000018
2025-03-14 03:00:00,121.14999999999833
2025-03-14 04:00:00,121.42499999999804
2025-03-14 05:00:00,125.84999999999836
2025-03-14 06:00:00,125.80000000000172
2025-03-14 07:00:00,119.89000000000088
2025-03-14 08:00:00,119.56999999999825
2025-03-14 09:00:00,119.76999999999893
2025-03-14 10:00:00,124.14499999999903
2025-03-14 11:00:00,125.08499999999944
2025-03-14 12:00:00,124.79500000000094
2025-03-14 13:00:00,126.97499999999924
2025-03-14 14:00:00,136.91499999999962
2025-03-14 15:00:00,137.66000000000264
2025-03-14 16:00:00,127.7950000000006
2025-03-14 17:00:00,131.09000000000214
2025-03-14 18:00:00,143.3850000000007
2025-03-14 19:00:00,150.02500000000117
2025-03-14 20:00:00,149.6350000000006
2025-03-14 21:00:00,141.56499999999545
2025-03-14 22:00:00,141.6350000000039
2025-03-14 23:00:00,131.16999999999663
2025-03-15 00:00:00,131.48999999999936
2025-03-15 01:00:00,120.00000000000335
2025-03-15 02:00:00,118.64999999999799
2025-03-15 03:00:00,115.0450000000025
2025-03-15 04:00:00,115.09000000000192
2025-03-15 05:00:00,115.5400000000028
2025-03-15 06:00:00,116.14999999999831
2025-03-15 07:00:00,115.28000000000449
2025-03-15 08:00:00,115.08999999999922
2025-03-15 09:00:00,115.42999999999918
2025-03-15 10:00:00,116.32999999999925
2025-03-15 11:00:00,118.57000000000309
2025-03-15 12:00:00,118.58000000000642
2025-03-15 13:00:00,119.49000000000117
2025-03-15 14:00:00,118.5499999999997
2025-03-15 15:00:00,123.71499999999959
2025-03-15 16:00:00,124.5750000000041
2025-03-15 17:00:00,131.32499999999632
2025-03-15 18:00:00,202.1399999999982
2025-03-15 19:00:00,237.8799999999931
2025-03-15 20:00:00,238.025000000005
2025-03-15 21:00:00,147.84000000000378
2025-03-15 22:00:00,141.77499999999793
2025-03-15 23:00:00,131.98500000000365
2025-03-16 00:00:00,132.07999999999745
2025-03-16 01:00:00,131.99999999999855
2025-03-16 02:00:00,131.47999999999783
2025-03-16 03:00:00,131.3899999999999
2025-03-16 04:00:00,128.24500000000117
2025-03-16 05:00:00,131.515000000002
2025-03-16 06:00:00,121.96000000000024
2025-03-16 07:00:00,114.7600000000008
2025-03-16 08:00:00,114.78000000000098
2025-03-16 09:00:00,114.63000000000005
2025-03-16 10:00:00,114.0599999999966
2025-03-16 11:00:00,114.63000000000261
2025-03-16 12:00:00,114.73999999999965
2025-03-16 13:00:00,114.58000000000253
2025-03-16 14:00:00,114.6600000000008
2025-03-16 15:00:00,118.92000000000185
2025-03-16 16:00:00,118.16499999999748
2025-03-16 17:00:00,201.80499999999606
2025-03-16 18:00:00,242.24000000000302
2025-03-16 19:00:00,245.50499999999852
2025-03-16 20:00:00,239.6450000000001
2025-03-16 21:00:00,238.69499999999985
2025-03-16 22:00:00,216.32500000000095
2025-03-16 23:00:00,201.04000000000093
2025-03-17 00:00:00,140.5949999999999
2025-03-17 01:00:00,139.98999999999754
2025-03-17 02:00:00,139.34999999999945
2025-03-17 03:00:00,125.11000000000048
2025-03-17 04:00:00,125.47500000000016
2025-03-17 05:00:00,132.83000000000246
2025-03-17 06:00:00,132.24500000000083
2025-03-17 07:00:00,117.54999999999927
2025-03-17 08:00:00,117.50000000000091
2025-03-17 09:00:00,118.33499999999563
2025-03-17 10:00:00,124.07000000000346
2025-03-17 11:00:00,125.65499999999959
2025-03-17 12:00:00,125.4900000000012
2025-03-17 13:00:00,124.49500000000324
2025-03-17 14:00:00,124.45499999999831
2025-03-17 15:00:00,124.45499999999818
2025-03-17 16:00:00,125.09999999999954
2025-03-17 17:00:00,123.85499999999941
2025-03-17 18:00:00,145.58999999999907
2025-03-17 19:00:00,142.43999999999832
2025-03-17 20:00:00,141.62499999999997
2025-03-17 21:00:00,138.9749999999981
2025-03-17 22:00:00,128.00500000000198
2025-03-17 23:00:00,118.67999999999797
2025-03-18 00:00:00,116.56999999999782
2025-03-18 01:00:00,115.40499999999848
2025-03-18 02:00:00,115.11000000000071
2025-03-18 03:00:00,115.26500000000122
2025-03-18 04:00:00,115.13000000000436
2025-03-18 05:00:00,115.09999999999779
2025-03-18 06:00:00,115.12499999999807
2025-03-18 07:00:00,115.13000000000083
2025-03-18 08:00:00,115.319999999998
2025-03-18 09:00:00,115.3049999999993
2025-03-18 10:00:00,114.84000000000177
2025-03-18 11:00:00,115.09000000000164
2025-03-18 12:00:00,114.80500000000326
2025-03-18 13:00:00,114.95000000000093
2025-03-18 14:00:00,117.00500000000183
2025-03-18 15:00:00,115.83000000000395
2025-03-18 16:00:00,115.23499999999738
2025-03-18 17:00:00,130.58499999999842
2025-03-18 18:00:00,130.69500000000008
2025-03-18 19:00:00,130.03999999999837
2025-03-18 20:00:00,130.2549999999992
2025-03-18 21:00:00,130.37999999999852
2025-03-18 22:00:00,118.70000000000168
2025-03-18 23:00:00,118.21999999999967
2025-03-19 00:00:00,116.39999999999968
2025-03-19 01:00:00,115.9899999999953
2025-03-19 02:00:00,115.99000000000012
2025-03-19 03:00:00,116.1199999999999
2025-03-19 04:00:00,116.12999999999751
2025-03-19 05:00:00,116.6700000000022
2025-03-19 06:00:00,116.98000000000019
2025-03-19 07:00:00,115.1300000000022
2025-03-19 08:00:00,115.33000000000212
2025-03-19 09:00:00,115.23999999999951
2025-03-19 10:00:00,116.24000000000333
2025-03-19 11:00:00,115.44999999999922
2025-03-19 12:00:00,115.53000000000534
2025-03-19 13:00:00,115.5999999999948
2025-03-19 14:00:00,115.5299999999997
2025-03-19 15:00:00,115.85999999999837
2025-03-19 16:00:00,125.18000000000312
2025-03-19 17:00:00,130.65000000000074
2025-03-19 18:00:00,131.05999999999855
2025-03-19 19:00:00,130.759999999997
2025-03-19 20:00:00,130.4800000000008
2025-03-19 21:00:00,129.81999999999638
2025-03-19 22:00:00,130.3199999999966
2025-03-19 23:00:00,130.44999999999757
2025-03-20 00:00:00,118.51999999999838
2025-03-20 01:00:00,119.23999999999661
2025-03-20 02:00:00,118.15999999999902
2025-03-20 03:00:00,118.18999999999997
2025-03-20 04:00:00,118.16000000000035
2025-03-20 05:00:00,119.69000000000173
2025-03-20 06:00:00,119.30999999999864
2025-03-20 07:00:00,115.65000000000033
2025-03-20 08:00:00,116.0499999999992
2025-03-20 09:00:00,116.25000000000017
2025-03-20 10:00:00,115.2699999999995
2025-03-20 11:00:00,122.22999999999948
2025-03-20 12:00:00,123.52000000000763
2025-03-20 13:00:00,124.02999999999928
2025-03-20 14:00:00,131.01999999999938
2025-03-20 15:00:00,129.9400000000023
2025-03-20 16:00:00,132.36999999999935
2025-03-20 17:00:00,131.3900000000034
2025-03-20 18:00:00,130.88999999999947
2025-03-20 19:00:00,131.0699999999973
2025-03-20 20:00:00,131.01000000000207
2025-03-20 21:00:00,130.45999999999876
2025-03-20 22:00:00,124.89999999999624
2025-03-20 23:00:00,117.50999999999831
2025-03-21 00:00:00,115.08999999999888
2025-03-21 01:00:00,115.09000000000162
2025-03-21 02:00:00,115.0000000000038
2025-03-21 03:00:00,114.85999999999835
2025-03-21 04:00:00,114.99999999999753
2025-03-21 05:00:00,116.03000000000343
2025-03-21 06:00:00,115.53000000000114
2025-03-21 07:00:00,115.42999999999736
2025-03-21 08:00:00,115.67999999999846
2025-03-21 09:00:00,115.58999999999997
2025-03-21 10:00:00,115.34999999999994
2025-03-21 11:00:00,116.39000000000463
2025-03-21 12:00:00,115.74999999999655
2025-03-21 13:00:00,115.60999999999954
2025-03-21 14:00:00,115.55000000000325
2025-03-21 15:00:00,115.12999999999667
2025-03-21 16:00:00,115.22999999999908
2025-03-21 17:00:00,114.7899999999986
2025-03-21 18:00:00,118.97000000000234
2025-03-21 19:00:00,119.21999999999998
2025-03-21 20:00:00,116.15999999999845
2025-03-21 21:00:00,115.38999999999872
2025-03-21 22:00:00,115.50999999999686
2025-03-21 23:00:00,114.78999999999952
2025-03-22 00:00:00,114.94000000000092
2025-03-22 01:00:00,114.99999999999744
2025-03-22 02:00:00,114.9499999999982
2025-03-22 03:00:00,114.94999999999881
2025-03-22 04:00:00,115.10999999999903
2025-03-22 05:00:00,114.46000000000193
2025-03-22 06:00:00,114.98999999999747
2025-03-22 07:00:00,115.000000000001
2025-03-22 08:00:00,115.1699999999977
2025-03-22 09:00:00,114.83000000000091
2025-03-22 10:00:00,114.79999999999927
2025-03-22 11:00:00,115.28000000000196
2025-03-22 12:00:00,115.71999999999905
2025-03-22 13:00:00,115.56000000000056
2025-03-22 14:00:00,115.65000000000042
2025-03-22 15:00:00,115.23999999999918
2025-03-22 16:00:00,116.2799999999957
2025-03-22 17:00:00,126.23000000000141
2025-03-22 18:00:00,131.26999999999666
2025-03-22 19:00:00,130.7899999999993
2025-03-22 20:00:00,119.59000000000154
2025-03-22 21:00:00,115.36999999999942
2025-03-22 22:00:00,115.059999999997
2025-03-22 23:00:00,115.12999999999695
2025-03-23 00:00:00,115.13999999999791
2025-03-23 01:00:00,114.69999999999771
2025-03-23 02:00:00,114.58000000000038
2025-03-23 03:00:00,114.57999999999967
2025-03-23 04:00:00,114.32000000000016
2025-03-23 05:00:00,113.80999999999996
2025-03-23 06:00:00,114.30999999999727
2025-03-23 07:00:00,114.00000000000357
2025-03-23 08:00:00,114.35999999999882
2025-03-23 09:00:00,114.72000000000126
2025-03-23 10:00:00,114.84000000000337
2025-03-23 11:00:00,114.48000000000467
2025-03-23 12:00:00,115.49000000000198
2025-03-23 13:00:00,115.37000000000373
2025-03-23 14:00:00,115.07000000000285
2025-03-23 15:00:00,115.20000000000384
2025-03-23 16:00:00,115.20000000000022
2025-03-23 17:00:00,116.66999999999943
2025-03-23 18:00:00,130.7600000000016
2025-03-23 19:00:00,131.0900000000001
2025-03-23 20:00:00,131.75999999999712
2025-03-23 21:00:00,131.28999999999738
2025-03-23 22:00:00,118.81999999999944
2025-03-23 23:00:00,115.09999999999681
2025-03-24 00:00:00,114.70999999999918
2025-03-24 01:00:00,116.30000000000146
2025-03-24 02:00:00,115.11999999999772
2025-03-24 03:00:00,114.84999999999927
2025-03-24 04:00:00,115.27000000000244
2025-03-24 05:00:00,116.17999999999921
2025-03-24 06:00:00,116.54000000000184
2025-03-24 07:00:00,115.16000000000342
2025-03-24 08:00:00,115.16000000000165
2025-03-24 09:00:00,115.53999999999765
2025-03-24 10:00:00,115.60000000000157
2025-03-24 11:00:00,115.65999999999708
2025-03-24 12:00:00,117.05000000000186
2025-03-24 13:00:00,122.55999999999925
2025-03-24 14:00:00,129.71000000000296
2025-03-24 15:00:00,129.7100000000035
2025-03-24 16:00:00,140.37999999999892
2025-03-24 17:00:00,141.0100000000019
2025-03-24 18:00:00,141.84999999999636
2025-03-24 19:00:00,141.8299999999973
2025-03-24 20:00:00,141.3999999999996
2025-03-24 21:00:00,138.76000000000178
2025-03-24 22:00:00,131.14999999999367
2025-03-24 23:00:00,130.8599999999976
2025-03-25 00:00:00,116.46999999999392
2025-03-25 01:00:00,116.36000000000207
2025-03-25 02:00:00,116.36000000000276
2025-03-25 03:00:00,116.47000000000129
2025-03-25 04:00:00,116.5699999999957
2025-03-25 05:00:00,117.8100000000016
2025-03-25 06:00:00,118.47000000000179
2025-03-25 07:00:00,116.91000000000022
2025-03-25 08:00:00,116.88000000000524
2025-03-25 09:00:00,116.8800000000008
2025-03-25 10:00:00,117.01999999999872
2025-03-25 11:00:00,116.0099999999993
2025-03-25 12:00:00,116.9499999999975
2025-03-25 13:00:00,117.34999999999917
2025-03-25 14:00:00,118.50000000000088
2025-03-25 15:00:00,129.34000000000162
2025-03-25 16:00:00,133.17999999999992
2025-03-25 17:00:00,131.45999999999802
2025-03-25 18:00:00,142.61000000000126
2025-03-25 19:00:00,144.24000000000322
2025-03-25 20:00:00,142.36999999999767
2025-03-25 21:00:00,142.10999999999888
2025-03-25 22:00:00,141.71000000000254
2025-03-25 23:00:00,129.70999999999805
2025-03-26 00:00:00,119.31000000000091
2025-03-26 01:00:00,118.21999999999717
2025-03-26 02:00:00,115.53999999999955
2025-03-26 03:00:00,115.22000000000169
2025-03-26 04:00:00,116.48000000000292
2025-03-26 05:00:00,116.80000000000294
2025-03-26 06:00:00,116.79999999999937
2025-03-26 07:00:00,115.59000000000177
2025-03-26 08:00:00,115.74999999999918
2025-03-26 09:00:00,115.47999999999827
2025-03-26 10:00:00,115.59000000000232
2025-03-26 11:00:00,115.21000000000174
2025-03-26 12:00:00,115.49000000000159
2025-03-26 13:00:00,115.3599999999982
2025-03-26 14:00:00,115.81000000000307
2025-03-26 15:00:00,124.06999999999564
2025-03-26 16:00:00,131.23000000000656
2025-03-26 17:00:00,130.49000000000197
2025-03-26 18:00:00,142.5599999999986
2025-03-26 19:00:00,140.81999999999766
2025-03-26 20:00:00,130.78000000000156
2025-03-26 21:00:00,130.7700000000002
2025-03-26 22:00:00,129.19000000000295
2025-03-26 23:00:00,117.74000000000031
2025-03-27 00:00:00,115.16000000000273
2025-03-27 01:00:00,115.109999999998
2025-03-27 02:00:00,115.10999999999744
2025-03-27 03:00:00,115.10999999999964
2025-03-27 04:00:00,115.15999999999926
2025-03-27 05:00:00,115.13000000000329
2025-03-27 06:00:00,115.28000000000038
2025-03-27 07:00:00,115.10999999999697
2025-03-27 08:00:00,114.49000000000287
2025-03-27 09:00:00,115.08499999999867
2025-03-27 10:00:00,114.77000000000338
2025-03-27 11:00:00,115.06499999999895
2025-03-27 12:00:00,115.1100000000021
2025-03-27 13:00:00,115.03000000000131
2025-03-27 14:00:00,122.22000000000068
2025-03-27 15:00:00,122.34500000000133
2025-03-27 16:00:00,115.74999999999893
2025-03-27 17:00:00,126.34999999999867
2025-03-27 18:00:00,130.26999999999867
2025-03-27 19:00:00,130.4899999999991
2025-03-27 20:00:00,131.3399999999995
2025-03-27 21:00:00,129.18000000000018
2025-03-27 22:00:00,124.31999999999731
2025-03-27 23:00:00,117.84999999999889
2025-03-28 00:00:00,116.60999999999989
2025-03-28 01:00:00,115.07999999999868
2025-03-28 02:00:00,115.09999999999985
2025-03-28 03:00:00,115.22999999999726
2025-03-28 04:00:00,115.11000000000035
2025-03-28 05:00:00,115.45000000000027
2025-03-28 06:00:00,115.10000000000153
2025-03-28 07:00:00,115.11000000000556
2025-03-28 08:00:00,115.56999999999898
2025-03-28 09:00:00,115.44000000000015
2025-03-28 10:00:00,115.7200000000015
2025-03-28 11:00:00,115.75000000000122
2025-03-28 12:00:00,115.42000000000002
2025-03-28 13:00:00,115.59000000000066
2025-03-28 14:00:00,116.88999999999945
2025-03-28 15:00:00,123.20999999999796
2025-03-28 16:00:00,131.20999999999944
2025-03-28 17:00:00,130.7800000000031
2025-03-28 18:00:00,142.2200000000003
2025-03-28 19:00:00,141.71999999999892
2025-03-28 20:00:00,130.93000000000123
2025-03-28 21:00:00,130.56999999999738
2025-03-28 22:00:00,130.21999999999778
2025-03-28 23:00:00,124.12000000000454
2025-03-29 00:00:00,115.56999999999651
2025-03-29 01:00:00,115.21000000000058
2025-03-29 02:00:00,115.10999999999746
2025-03-29 03:00:00,115.23999999999995
2025-03-29 04:00:00,115.5399999999999
2025-03-29 05:00:00,115.69999999999635
2025-03-29 06:00:00,115.75999999999827
2025-03-29 07:00:00,115.71000000000345
2025-03-29 08:00:00,115.3499999999993
2025-03-29 09:00:00,115.89000000000016
2025-03-29 10:00:00,117.899999999998
2025-03-29 11:00:00,118.09999999999809
2025-03-29 12:00:00,123.79000000000478
2025-03-29 13:00:00,122.26000000000033
2025-03-29 14:00:00,126.15999999999875
2025-03-29 15:00:00,124.4699999999978
2025-03-29 16:00:00,125.63000000000174
2025-03-29 17:00:00,130.5799999999917
2025-03-29 18:00:00,233.0999999999966
2025-03-29 19:00:00,208.74000000000407
2025-03-29 20:00:00,144.30000000000265
2025-03-29 21:00:00,142.88999999999842
2025-03-29 22:00:00,144.5099999999983
2025-03-29 23:00:00,143.30999999999918
2025-03-30 00:00:00,131.78000000000156
2025-03-30 01:00:00,131.6700000000001
2025-03-30 02:00:00,131.37000000000472
2025-03-30 03:00:00,131.09000000000273
2025-03-30 04:00:00,120.24000000000129
2025-03-30 05:00:00,120.79999999999833
2025-03-30 06:00:00,117.04000000000138
2025-03-30 07:00:00,114.76999999999701
2025-03-30 08:00:00,115.77999999999979
2025-03-30 09:00:00,115.77999999999447
2025-03-30 10:00:00,115.78999999999935
2025-03-30 11:00:00,118.08999999999622
2025-03-30 12:00:00,123.62999999999818
2025-03-30 13:00:00,123.27999999999936
2025-03-30 14:00:00,126.80000000000229
2025-03-30 15:00:00,126.4700000000038
2025-03-30 16:00:00,129.82000000000093
2025-03-30 17:00:00,142.6399999999991
2025-03-30 18:00:00,211.2599999999975
2025-03-30 19:00:00,210.75999999999814
2025-03-30 20:00:00,201.32999999999797
2025-03-30 21:00:00,202.13999999999905
2025-03-30 22:00:00,204.12000000000273
2025-03-30 23:00:00,144.4900000000007
2025-03-31 00:00:00,143.05999999999995
2025-03-31 01:00:00,131.29999999999754
2025-03-31 02:00:00,130.4000000000011
2025-03-31 03:00:00,120.13000000000295
2025-03-31 04:00:00,120.13000000000063
2025-03-31 05:00:00,122.98999999999866
2025-03-31 06:00:00,120.2700000000018
2025-03-31 07:00:00,115.90999999999619
2025-03-31 08:00:00,115.72999999999818
2025-03-31 09:00:00,117.34000000000194
2025-03-31 10:00:00,132.14999999999898
2025-03-31 11:00:00,141.16000000000014
2025-03-31 12:00:00,141.0800000000046
2025-03-31 13:00:00,138.7199999999986
2025-03-31 14:00:00,138.88000000000264
2025-03-31 15:00:00,141.7600000000004
2025-03-31 16:00:00,186.53000000000017
2025-03-31 17:00:00,194.11000000000257
2025-03-31 18:00:00,230.32999999999632
2025-03-31 19:00:00,233.25000000000327
2025-03-31 20:00:00,230.58999999999523
2025-03-31 21:00:00,230.169999999999
2025-03-31 22:00:00,213.5500000000022
2025-03-31 23:00:00,144.56000000000353
2025-04-01 00:00:00,144.21999999999716
2025-04-01 01:00:00,146.40000000000467
2025-04-01 02:00:00,149.79999999999714
2025-04-01 03:00:00,150.44000000000156
2025-04-01 04:00:00,149.9299999999988
2025-04-01 05:00:00,147.8700000000006
2025-04-01 06:00:00,148.0800000000017
2025-04-01 07:00:00,143.6100000000074
2025-04-01 08:00:00,128.519999999992
2025-04-01 09:00:00,129.5100000000011
2025-04-01 10:00:00,129.98999999999756
2025-04-01 11:00:00,142.96000000000288
2025-04-01 12:00:00,143.10999999999882
2025-04-01 13:00:00,181.1699999999993
2025-04-01 14:00:00,182.01000000000025
2025-04-01 15:00:00,210.18999999999932
2025-04-01 16:00:00,209.89000000000485
2025-04-01 17:00:00,210.23999999999975
2025-04-01 18:00:00,230.68999999999667
2025-04-01 19:00:00,230.69000000000054
2025-04-01 20:00:00,229.46999999999892
2025-04-01 21:00:00,228.6100000000034
2025-04-01 22:00:00,214.57999999999987
2025-04-01 23:00:00,210.7800000000029
2025-04-02 00:00:00,143.93000000000205
2025-04-02 01:00:00,129.640000000001
2025-04-02 02:00:00,119.21999999999788
2025-04-02 03:00:00,119.54999999999905
2025-04-02 04:00:00,119.51000000000263
2025-04-02 05:00:00,122.45999999999856
2025-04-02 06:00:00,122.23000000000066
2025-04-02 07:00:00,119.31999999999557
2025-04-02 08:00:00,118.05000000000045
2025-04-02 09:00:00,118.41000000000096
2025-04-02 10:00:00,118.4700000000001
2025-04-02 11:00:00,130.02999999999827
2025-04-02 12:00:00,143.49000000000285
2025-04-02 13:00:00,143.1799999999983
2025-04-02 14:00:00,142.4600000000004
2025-04-02 15:00:00,142.07999999999925
2025-04-02 16:00:00,180.6499999999994
2025-04-02 17:00:00,195.57999999999896
2025-04-02 18:00:00,229.3899999999979
2025-04-02 19:00:00,229.8799999999976
2025-04-02 20:00:00,229.4000000000007
2025-04-02 21:00:00,229.3599999999992
2025-04-02 22:00:00,229.0900000000098
2025-04-02 23:00:00,143.92000000000704
2025-04-03 00:00:00,144.1099999999978
2025-04-03 01:00:00,144.15000000000336
2025-04-03 02:00:00,141.899999999998
2025-04-03 03:00:00,129.6400000000046
2025-04-03 04:00:00,129.5599999999984
2025-04-03 05:00:00,146.66000000000244
2025-04-03 06:00:00,145.50000000000776
2025-04-03 07:00:00,141.8300000000039
2025-04-03 08:00:00,124.46000000000214
2025-04-03 09:00:00,124.33000000000412
2025-04-03 10:00:00,141.08999999999753
2025-04-03 11:00:00,150.8999999999986
2025-04-03 12:00:00,151.1299999999992
2025-04-03 13:00:00,143.73000000000033
2025-04-03 14:00:00,143.4000000000025
2025-04-03 15:00:00,143.40000000000416
2025-04-03 16:00:00,151.6799999999946
2025-04-03 17:00:00,228.0699999999956
2025-04-03 18:00:00,229.90000000000168
2025-04-03 19:00:00,231.74999999999847
2025-04-03 20:00:00,229.8000000000001
2025-04-03 21:00:00,229.5999999999938
2025-04-03 22:00:00,214.80000000000197
2025-04-03 23:00:00,144.07000000000647
2025-04-04 00:00:00,140.12999999999636
2025-04-04 01:00:00,138.39999999999847
2025-04-04 02:00:00,129.42999999999964
2025-04-04 03:00:00,129.8700000000018
2025-04-04 04:00:00,130.07999999999905
2025-04-04 05:00:00,132.17000000000124
2025-04-04 06:00:00,130.02999999999963
2025-04-04 07:00:00,125.3600000000041
2025-04-04 08:00:00,124.31999999999695
2025-04-04 09:00:00,123.49999999999616
2025-04-04 10:00:00,123.26999999999802
2025-04-04 11:00:00,122.32000000000322
2025-04-04 12:00:00,122.67999999999574
2025-04-04 13:00:00,140.36999999999924
2025-04-04 14:00:00,141.15000000000305
2025-04-04 15:00:00,173.1500000000027
2025-04-04 16:00:00,172.85000000000102
2025-04-04 17:00:00,173.42999999999924
2025-04-04 18:00:00,170.70999999999896
2025-04-04 19:00:00,170.7700000000029
2025-04-04 20:00:00,145.76000000000084
2025-04-04 21:00:00,140.02999999999855
2025-04-04 22:00:00,139.7999999999983
2025-04-04 23:00:00,137.8799999999983
2025-04-05 00:00:00,140.89999999999836
2025-04-05 01:00:00,142.35999999999873
2025-04-05 02:00:00,145.14999999999716
2025-04-05 03:00:00,144.27999999999966
2025-04-05 04:00:00,144.2800000000006
2025-04-05 05:00:00,123.81000000000405
2025-04-05 06:00:00,110.37999999999865
2025-04-05 07:00:00,110.32000000000285
2025-04-05 08:00:00,110.09000000000259
2025-04-05 09:00:00,111.2399999999998
2025-04-05 10:00:00,111.13000000000125
2025-04-05 11:00:00,111.31999999999903
2025-04-05 12:00:00,118.47000000000213
2025-04-05 13:00:00,117.95999999999843
2025-04-05 14:00:00,117.45999999999977
2025-04-05 15:00:00,124.85000000000171
2025-04-05 16:00:00,125.38000000000321
2025-04-05 17:00:00,140.06999999999573
2025-04-05 18:00:00,143.6000000000006
2025-04-05 19:00:00,143.94999999999794
2025-04-05 20:00:00,141.6600000000037
2025-04-05 21:00:00,144.01999999999578
2025-04-05 22:00:00,144.42999999999546
2025-04-05 23:00:00,144.150000000003
2025-04-06 00:00:00,145.5800000000022
2025-04-06 01:00:00,146.38999999999416
2025-04-06 02:00:00,146.39000000000092
2025-04-06 03:00:00,145.8800000000003
2025-04-06 04:00:00,145.88000000000164
2025-04-06 05:00:00,118.0900000000068
2025-04-06 06:00:00,110.15999999999899
2025-04-06 07:00:00,109.71000000000053
2025-04-06 08:00:00,109.52000000000038
2025-04-06 09:00:00,110.2899999999991
2025-04-06 10:00:00,110.20999999999862
2025-04-06 11:00:00,109.9250000000002
2025-04-06 12:00:00,110.15000000000099
2025-04-06 13:00:00,110.4750000000009
2025-04-06 14:00:00,110.7199999999993
2025-04-06 15:00:00,111.52999999999743
2025-04-06 16:00:00,111.53000000000627
2025-04-06 17:00:00,128.29999999999248
2025-04-06 18:00:00,213.58999999999554
2025-04-06 19:00:00,214.91000000000275
2025-04-06 20:00:00,214.90999999999275
2025-04-06 21:00:00,233.10999999999993
2025-04-06 22:00:00,237.03999999999576
2025-04-06 23:00:00,236.14000000000922
2025-04-07 00:00:00,145.88000000000193
2025-04-07 01:00:00,141.1899999999979
2025-04-07 02:00:00,143.15000000000148
2025-04-07 03:00:00,142.59999999999334
2025-04-07 04:00:00,146.30000000000436
2025-04-07 05:00:00,147.20999999999214
2025-04-07 06:00:00,145.05000000000206
2025-04-07 07:00:00,138.260000000001
2025-04-07 08:00:00,137.36000000000092
2025-04-07 09:00:00,141.3499999999934
2025-04-07 10:00:00,141.1100000000019
2025-04-07 11:00:00,143.76000000000013
2025-04-07 12:00:00,140.62000000000523
2025-04-07 13:00:00,139.73999999999967
2025-04-07 14:00:00,140.26000000000403
2025-04-07 15:00:00,140.35999999999544
2025-04-07 16:00:00,210.49999999999525
2025-04-07 17:00:00,209.67000000000203
2025-04-07 18:00:00,228.8699999999965
2025-04-07 19:00:00,228.8999999999996
2025-04-07 20:00:00,227.2500000000027
2025-04-07 21:00:00,214.12000000000023
2025-04-07 22:00:00,216.3899999999961
2025-04-07 23:00:00,215.76000000000255
2025-04-08 00:00:00,192.41000000000307
2025-04-08 01:00:00,141.48000000000312
2025-04-08 02:00:00,142.2099999999965
2025-04-08 03:00:00,140.72000000000048
2025-04-08 04:00:00,141.439999999999
2025-04-08 05:00:00,144.00000000000213
2025-04-08 06:00:00,142.8299999999985
2025-04-08 07:00:00,142.74999999999767
2025-04-08 08:00:00,142.74000000000015
2025-04-08 09:00:00,145.3900000000016
2025-04-08 10:00:00,141.38999999999902
2025-04-08 11:00:00,145.22999999999985
2025-04-08 12:00:00,145.24000000000115
2025-04-08 13:00:00,145.55000000000032
2025-04-08 14:00:00,145.35000000000312
2025-04-08 15:00:00,150.94000000000153
2025-04-08 16:00:00,150.81999999999945
2025-04-08 17:00:00,145.6000000000005
2025-04-08 18:00:00,145.01000000000005
2025-04-08 19:00:00,145.0100000000051
2025-04-08 20:00:00,143.45999999999853
2025-04-08 21:00:00,141.90999999999573
2025-04-08 22:00:00,141.30000000000197
2025-04-08 23:00:00,121.88000000000208
2025-04-09 00:00:00,120.81999999999778
2025-04-09 01:00:00,119.95000000000043
2025-04-09 02:00:00,111.86999999999915
2025-04-09 03:00:00,111.87000000000185
2025-04-09 04:00:00,109.64999999999579
2025-04-09 05:00:00,110.11000000000325
2025-04-09 06:00:00,109.61000000000124
2025-04-09 07:00:00,109.20999999999812
2025-04-09 08:00:00,109.83000000000042
2025-04-09 09:00:00,108.53999999999888
2025-04-09 10:00:00,109.62000000000043
2025-04-09 11:00:00,109.17000000000259
2025-04-09 12:00:00,109.57000000000392
2025-04-09 13:00:00,109.51000000000205
2025-04-09 14:00:00,109.5099999999991
2025-04-09 15:00:00,109.38000000000078
2025-04-09 16:00:00,109.71999999999764
2025-04-09 17:00:00,109.62000000000462
2025-04-09 18:00:00,109.70000000000029
2025-04-09 19:00:00,109.84999999999621
2025-04-09 20:00:00,109.88000000000082
2025-04-09 21:00:00,109.70000000000115
2025-04-09 22:00:00,109.35999999999406
2025-04-09 23:00:00,109.73999999999505
2025-04-10 00:00:00,109.4300000000023
2025-04-10 01:00:00,109.34000000000161
2025-04-10 02:00:00,109.849999999997
2025-04-10 03:00:00,109.8499999999973
2025-04-10 04:00:00,109.8500000000024
2025-04-10 05:00:00,110.34999999999796
2025-04-10 06:00:00,109.96000000000198
2025-04-10 07:00:00,109.61000000000095
2025-04-10 08:00:00,108.39999999999621
2025-04-10 09:00:00,108.52000000000213
2025-04-10 10:00:00,107.75999999999627
2025-04-10 11:00:00,108.3500000000033
2025-04-10 12:00:00,109.46000000000006
2025-04-10 13:00:00,109.38000000000277
2025-04-10 14:00:00,109.98000000000145
2025-04-10 15:00:00,110.24999999999967
2025-04-10 16:00:00,110.15999999999715
2025-04-10 17:00:00,124.17000000000195
2025-04-10 18:00:00,127.16000000000108
2025-04-10 19:00:00,127.25999999999891
2025-04-10 20:00:00,121.89000000000279
2025-04-10 21:00:00,110.10999999999844
2025-04-10 22:00:00,109.71999999999994
2025-04-10 23:00:00,109.59000000000306
2025-04-11 00:00:00,109.69000000000165
2025-04-11 01:00:00,109.71000000000069
2025-04-11 02:00:00,109.71000000000184
2025-04-11 03:00:00,109.9599999999988
2025-04-11 04:00:00,109.72999999999534
2025-04-11 05:00:00,109.93999999999728
2025-04-11 06:00:00,109.79000000000093
2025-04-11 07:00:00,109.05000000000287
2025-04-11 08:00:00,108.36000000000041
2025-04-11 09:00:00,108.47000000000457
2025-04-11 10:00:00,110.28999999999844
2025-04-11 11:00:00,110.26000000000283
2025-04-11 12:00:00,110.21000000000207
2025-04-11 13:00:00,110.51000000000244
2025-04-11 14:00:00,110.60999999999939
2025-04-11 15:00:00,111.09999999999579
2025-04-11 16:00:00,120.78000000000138
2025-04-11 17:00:00,128.68999999999855
2025-04-11 18:00:00,128.7199999999995
2025-04-11 19:00:00,127.14999999999998
2025-04-11 20:00:00,124.80000000000213
2025-04-11 21:00:00,116.56000000000249
2025-04-11 22:00:00,110.07000000000014
2025-04-11 23:00:00,109.99999999999956
2025-04-12 00:00:00,109.71999999999845
2025-04-12 01:00:00,109.59000000000074
2025-04-12 02:00:00,110.43999999999257
2025-04-12 03:00:00,110.2899999999985
2025-04-12 04:00:00,110.03000000000078
2025-04-12 05:00:00,110.45000000000584
2025-04-12 06:00:00,109.54999999999869
2025-04-12 07:00:00,107.30999999999908
2025-04-12 08:00:00,108.24000000000147
2025-04-12 09:00:00,107.91999999999798
2025-04-12 10:00:00,107.92000000000257
2025-04-12 11:00:00,108.5600000000008
2025-04-12 12:00:00,108.63999999999996
2025-04-12 13:00:00,108.59999999999815
2025-04-12 14:00:00,108.60000000000075
2025-04-12 15:00:00,109.74999999999724
2025-04-12 16:00:00,110.18000000000161
2025-04-12 17:00:00,110.25999999999925
2025-04-12 18:00:00,119.92000000000215
2025-04-12 19:00:00,119.4599999999994
2025-04-12 20:00:00,110.34999999999945
2025-04-12 21:00:00,110.05999999999676
2025-04-12 22:00:00,110.21999999999917
2025-04-12 23:00:00,110.5099999999983
2025-04-13 00:00:00,110.28000000000044
2025-04-13 01:00:00,109.85000000000062
2025-04-13 02:00:00,110.29999999999558
2025-04-13 03:00:00,109.62999999999636
2025-04-13 04:00:00,109.97999999999847
2025-04-13 05:00:00,110.62999999999653
2025-04-13 06:00:00,110.13000000000538
2025-04-13 07:00:00,13.692000000009953
2025-04-13 08:00:00,13.694999999996742
2025-04-13 09:00:00,13.577000000001128
2025-04-13 10:00:00,13.925999999995826
2025-04-13 11:00:00,13.956000000005329
2025-04-13 12:00:00,13.917999999998115
2025-04-13 13:00:00,107.31999999999631
2025-04-13 14:00:00,108.18000000000222
2025-04-13 15:00:00,108.34000000000044
2025-04-13 16:00:00,109.50999999999773
2025-04-13 17:00:00,110.1299999999992
2025-04-13 18:00:00,124.05000000000057
2025-04-13 19:00:00,127.05999999999972
2025-04-13 20:00:00,117.64000000000037
2025-04-13 21:00:00,111.60000000000365
2025-04-13 22:00:00,110.38999999999756
2025-04-13 23:00:00,110.36000000000024
2025-04-14 00:00:00,110.11000000000037
2025-04-14 01:00:00,109.51999999999872
2025-04-14 02:00:00,109.9900000000005
2025-04-14 03:00:00,109.90999999999914
2025-04-14 04:00:00,109.59999999999923
2025-04-14 05:00:00,109.9600000000042
2025-04-14 06:00:00,109.24000000000127
2025-04-14 07:00:00,107.80000000000157
2025-04-14 08:00:00,107.68999999999927
2025-04-14 09:00:00,107.79999999999936
2025-04-14 10:00:00,107.79999999999701
2025-04-14 11:00:00,107.77999999999969
2025-04-14 12:00:00,113.75999999999905
2025-04-14 13:00:00,111.9100000000053
2025-04-14 14:00:00,114.70000000000134
2025-04-14 15:00:00,123.97000000000033
2025-04-14 16:00:00,129.06999999999636
2025-04-14 17:00:00,137.88000000000156
2025-04-14 18:00:00,138.0400000000043
2025-04-14 19:00:00,138.09000000000228
2025-04-14 20:00:00,128.91000000000435
2025-04-14 21:00:00,127.70999999999698
2025-04-14 22:00:00,124.23999999999818
2025-04-14 23:00:00,116.20999999999978
2025-04-15 00:00:00,112.96999999999912
2025-04-15 01:00:00,112.6499999999968
2025-04-15 02:00:00,111.0599999999991
2025-04-15 03:00:00,111.16999999999778
2025-04-15 04:00:00,110.22000000000385
2025-04-15 05:00:00,110.28000000000519
2025-04-15 06:00:00,110.19000000000119
2025-04-15 07:00:00,108.20999999999736
2025-04-15 08:00:00,107.9799999999958
2025-04-15 09:00:00,107.93999999999991
2025-04-15 10:00:00,114.27000000000088
2025-04-15 11:00:00,114.25000000000405
2025-04-15 12:00:00,113.8800000000014
2025-04-15 13:00:00,115.3100000000052
2025-04-15 14:00:00,118.08000000000543
2025-04-15 15:00:00,117.28999999999908
2025-04-15 16:00:00,118.41999999999939
2025-04-15 17:00:00,119.04000000000227
2025-04-15 18:00:00,127.54999999999546
2025-04-15 19:00:00,127.92999999999482
2025-04-15 20:00:00,123.64999999999755
2025-04-15 21:00:00,122.18999999999818
2025-04-15 22:00:00,122.63999999999565
2025-04-15 23:00:00,116.25999999999956
2025-04-16 00:00:00,112.54000000000157
2025-04-16 01:00:00,112.67999999999908
2025-04-16 02:00:00,111.2699999999989
2025-04-16 03:00:00,110.25000000000144
2025-04-16 04:00:00,110.3699999999987
2025-04-16 05:00:00,110.58999999999831
2025-04-16 06:00:00,110.42999999999732
2025-04-16 07:00:00,107.75000000000337
2025-04-16 08:00:00,107.9300000000006
2025-04-16 09:00:00,107.91999999999736
2025-04-16 10:00:00,108.03999999999846
2025-04-16 11:00:00,108.04000000000448
2025-04-16 12:00:00,112.69999999999942
2025-04-16 13:00:00,112.75000000000159
2025-04-16 14:00:00,112.81000000000532
2025-04-16 15:00:00,111.50000000000679
2025-04-16 16:00:00,117.33999999999779
2025-04-16 17:00:00,117.66000000000007
2025-04-16 18:00:00,117.49999999999653
2025-04-16 19:00:00,117.34999999999894
2025-04-16 20:00:00,117.85999999999932
2025-04-16 21:00:00,116.01000000000168
2025-04-16 22:00:00,109.75999999999583
2025-04-16 23:00:00,109.51000000000104
2025-04-17 00:00:00,109.32999999999709
2025-04-17 01:00:00,109.50000000000286
2025-04-17 02:00:00,109.45999999999981
2025-04-17 03:00:00,109.7400000000023
2025-04-17 04:00:00,109.69999999999357
2025-04-17 05:00:00,109.74000000000136
2025-04-17 06:00:00,107.67999999999863
2025-04-17 07:00:00,106.77000000000804
2025-04-17 08:00:00,14.071000000004254
2025-04-17 09:00:00,14.068999999999644
2025-04-17 10:00:00,14.064999999999086
2025-04-17 11:00:00,107.34999999999869
2025-04-17 12:00:00,107.16000000000702
2025-04-17 13:00:00,107.93000000000028
2025-04-17 14:00:00,108.02000000000233
2025-04-17 15:00:00,108.47999999999556
2025-04-17 16:00:00,109.91000000000183
2025-04-17 17:00:00,110.00000000000162
2025-04-17 18:00:00,120.02000000000024
2025-04-17 19:00:00,126.23999999999278
2025-04-17 20:00:00,117.88999999999652
2025-04-17 21:00:00,117.92999999999718
2025-04-17 22:00:00,116.58999999999473
2025-04-17 23:00:00,115.82000000000018
2025-04-18 00:00:00,113.01999999999768
2025-04-18 01:00:00,112.57999999999821
2025-04-18 02:00:00,111.389999999996
2025-04-18 03:00:00,112.57999999999795
2025-04-18 04:00:00,111.32000000000026
2025-04-18 05:00:00,110.2700000000031
2025-04-18 06:00:00,108.04999999999596
2025-04-18 07:00:00,107.05000000000881
2025-04-18 08:00:00,14.069000000009451
2025-04-18 09:00:00,5.4789999999995205
2025-04-18 10:00:00,3.459300000001524
2025-04-18 11:00:00,0.05593000000270838
2025-04-18 12:00:00,14.034999999998066
2025-04-18 13:00:00,106.74999999998958
2025-04-18 14:00:00,106.89000000000316
2025-04-18 15:00:00,107.4599999999993
2025-04-18 16:00:00,108.55000000000109
2025-04-18 17:00:00,112.14000000000304
2025-04-18 18:00:00,110.1200000000011
2025-04-18 19:00:00,110.21000000000123
2025-04-18 20:00:00,109.98000000000197
2025-04-18 21:00:00,109.95000000000023
2025-04-18 22:00:00,109.73999999999636
2025-04-18 23:00:00,110.11999999999533
2025-04-19 00:00:00,110.10999999999933
2025-04-19 01:00:00,110.10999999999538
2025-04-19 02:00:00,113.31999999999638
2025-04-19 03:00:00,113.48000000000161
2025-04-19 04:00:00,112.63
2025-04-19 05:00:00,113.14000000000388
2025-04-19 06:00:00,112.92999999999742
2025-04-19 07:00:00,113.4800000000076
2025-04-19 08:00:00,14.021000000001072
2025-04-19 09:00:00,14.024000000001077
2025-04-19 10:00:00,14.023999999996073
2025-04-19 11:00:00,106.9499999999944
2025-04-19 12:00:00,107.35000000000387
2025-04-19 13:00:00,111.25999999999806
2025-04-19 14:00:00,110.42000000000291
2025-04-19 15:00:00,110.19999999999604
2025-04-19 16:00:00,110.56000000000161
2025-04-19 17:00:00,110.19999999999862
2025-04-19 18:00:00,128.1100000000038
2025-04-19 19:00:00,128.22999999999772
2025-04-19 20:00:00,128.2300000000019
2025-04-19 21:00:00,127.9599999999977
2025-04-19 22:00:00,126.17999999999824
2025-04-19 23:00:00,116.56999999999731
2025-04-20 00:00:00,112.5800000000026
2025-04-20 01:00:00,110.4599999999987
2025-04-20 02:00:00,110.36999999999541
2025-04-20 03:00:00,110.3699999999981
2025-04-20 04:00:00,110.36999999999775
2025-04-20 05:00:00,109.44000000000453
2025-04-20 06:00:00,109.67000000000411
2025-04-20 07:00:00,108.00999999999956
2025-04-20 08:00:00,107.94999999999658
2025-04-20 09:00:00,108.09000000000125
2025-04-20 10:00:00,108.09000000000671
2025-04-20 11:00:00,108.27000000000022
2025-04-20 12:00:00,113.9300000000047
2025-04-20 13:00:00,114.36999999999632
2025-04-20 14:00:00,114.82999999999882
2025-04-20 15:00:00,114.59000000000249
2025-04-20 16:00:00,118.9999999999989
2025-04-20 17:00:00,129.82999999999896
2025-04-20 18:00:00,142.0999999999989
2025-04-20 19:00:00,142.34999999999786
2025-04-20 20:00:00,141.98999999999987
2025-04-20 21:00:00,141.9899999999989
2025-04-20 22:00:00,142.2499999999996
2025-04-20 23:00:00,139.40999999999877
2025-04-21 00:00:00,127.57999999999787
2025-04-21 01:00:00,122.24999999999757
2025-04-21 02:00:00,115.10999999999832
2025-04-21 03:00:00,111.32000000000052
2025-04-21 04:00:00,109.00999999999672
2025-04-21 05:00:00,109.55999999999814
2025-04-21 06:00:00,108.8999999999977
2025-04-21 07:00:00,109.04999999999939
2025-04-21 08:00:00,113.3699999999963
2025-04-21 09:00:00,111.999999999998
2025-04-21 10:00:00,111.29000000000164
2025-04-21 11:00:00,113.17000000000193
2025-04-21 12:00:00,114.89000000000392
2025-04-21 13:00:00,115.16000000000298
2025-04-21 14:00:00,115.34999999999962
2025-04-21 15:00:00,115.34000000000032
2025-04-21 16:00:00,135.8300000000013
2025-04-21 17:00:00,140.1200000000031
2025-04-21 18:00:00,141.42999999999685
2025-04-21 19:00:00,183.17999999999446
2025-04-21 20:00:00,183.280000000001
2025-04-21 21:00:00,137.9400000000035
2025-04-21 22:00:00,128.1099999999956
2025-04-21 23:00:00,122.729999999999
2025-04-22 00:00:00,114.96000000000554
2025-04-22 01:00:00,112.22999999999301
2025-04-22 02:00:00,111.87000000000117
2025-04-22 03:00:00,111.5899999999961
2025-04-22 04:00:00,110.20999999999749
2025-04-22 05:00:00,108.77000000000157
2025-04-22 06:00:00,108.77999999999847
2025-04-22 07:00:00,108.36999999999888
2025-04-22 08:00:00,113.24000000000308
2025-04-22 09:00:00,114.9300000000018
2025-04-22 10:00:00,115.21000000000022
2025-04-22 11:00:00,115.19999999999916
2025-04-22 12:00:00,115.20000000000101
2025-04-22 13:00:00,119.72000000000261
2025-04-22 14:00:00,122.4900000000001
2025-04-22 15:00:00,126.41000000000025
2025-04-22 16:00:00,127.44000000000177
2025-04-22 17:00:00,127.88999999999899
2025-04-22 18:00:00,146.3500000000022
2025-04-22 19:00:00,143.34000000000015
2025-04-22 20:00:00,140.2399999999924
2025-04-22 21:00:00,138.37000000000205
2025-04-22 22:00:00,137.4100000000026
2025-04-22 23:00:00,128.35000000000252
2025-04-23 00:00:00,122.56000000000273
2025-04-23 01:00:00,111.7899999999998
2025-04-23 02:00:00,110.68999999999035
2025-04-23 03:00:00,109.13000000000005
2025-04-23 04:00:00,108.89999999999753
2025-04-23 05:00:00,108.5200000000015
2025-04-23 06:00:00,108.84000000000196
2025-04-23 07:00:00,106.96000000000242
2025-04-23 08:00:00,106.91499999999532
2025-04-23 09:00:00,111.67499999999687
2025-04-23 10:00:00,112.4050000000056
2025-04-23 11:00:00,114.76999999999862
2025-04-23 12:00:00,115.15000000000062
2025-04-23 13:00:00,115.92000000000571
2025-04-23 14:00:00,119.71000000000043
2025-04-23 15:00:00,127.52000000000258
2025-04-23 16:00:00,136.26000000000033
2025-04-23 17:00:00,137.71999999999858
2025-04-23 18:00:00,191.91999999999186
2025-04-23 19:00:00,188.12000000000262
2025-04-23 20:00:00,143.390000000002
2025-04-23 21:00:00,138.49999999999054
2025-04-23 22:00:00,137.55999999999494
2025-04-23 23:00:00,128.49000000000424
2025-04-24 00:00:00,122.28000000000205
2025-04-24 01:00:00,109.05000000000186
2025-04-24 02:00:00,108.51999999999694
2025-04-24 03:00:00,108.25000000000239
2025-04-24 04:00:00,108.47000000000322
2025-04-24 05:00:00,108.59999999999869
2025-04-24 06:00:00,108.36999999999847
2025-04-24 07:00:00,108.17999999999729
2025-04-24 08:00:00,108.91999999999977
2025-04-24 09:00:00,110.94000000000143
2025-04-24 10:00:00,110.90000000000092
2025-04-24 11:00:00,111.76000000000637
2025-04-24 12:00:00,115.13000000000197
2025-04-24 13:00:00,115.34000000000054
2025-04-24 14:00:00,114.59999999999906
2025-04-24 15:00:00,127.11000000000226
2025-04-24 16:00:00,134.91999999999376
2025-04-24 17:00:00,186.41999999999604
2025-04-24 18:00:00,188.29999999999848
2025-04-24 19:00:00,188.85000000000147
2025-04-24 20:00:00,188.79999999999927
2025-04-24 21:00:00,185.16000000000406
2025-04-24 22:00:00,137.17000000000016
2025-04-24 23:00:00,138.92999999999495
2025-04-25 00:00:00,139.1800000000057
2025-04-25 01:00:00,124.1700000000009
2025-04-25 02:00:00,117.46000000000168
2025-04-25 03:00:00,117.26999999999902
2025-04-25 04:00:00,117.55000000000051
2025-04-25 05:00:00,118.38999999999953
2025-04-25 06:00:00,117.05999999999726
2025-04-25 07:00:00,109.78999999999603
2025-04-25 08:00:00,111.28999999999792
2025-04-25 09:00:00,111.14999999999841
2025-04-25 10:00:00,127.25999999999667
2025-04-25 11:00:00,127.22999999999817
2025-04-25 12:00:00,127.23000000000172
2025-04-25 13:00:00,127.25999999999907
2025-04-25 14:00:00,127.13000000000144
2025-04-25 15:00:00,136.89000000000263
2025-04-25 16:00:00,139.16000000000292
2025-04-25 17:00:00,135.36999999999443
2025-04-25 18:00:00,185.72000000000392
2025-04-25 19:00:00,185.82000000000252
2025-04-25 20:00:00,136.95000000000573
2025-04-25 21:00:00,138.360000000002
2025-04-25 22:00:00,138.6699999999942
2025-04-25 23:00:00,137.95000000000198
2025-04-26 00:00:00,128.45000000000124
2025-04-26 01:00:00,128.4300000000075
2025-04-26 02:00:00,117.11999999999779
2025-04-26 03:00:00,117.90999999999528
2025-04-26 04:00:00,117.12000000000523
2025-04-26 05:00:00,108.5199999999987
2025-04-26 06:00:00,108.73000000000117
2025-04-26 07:00:00,109.85000000000014
2025-04-26 08:00:00,112.0699999999961
2025-04-26 09:00:00,112.46999999999443
2025-04-26 10:00:00,113.53000000000046
2025-04-26 11:00:00,114.78999999999887
2025-04-26 12:00:00,114.23999999999967
2025-04-26 13:00:00,113.43000000000953
2025-04-26 14:00:00,113.83000000000503
2025-04-26 15:00:00,128.09000000000177
2025-04-26 16:00:00,128.13000000000497
2025-04-26 17:00:00,141.75999999999834
2025-04-26 18:00:00,141.08000000000598
2025-04-26 19:00:00,141.13999999999902
2025-04-26 20:00:00,140.9699999999973
2025-04-26 21:00:00,138.42999999999964
2025-04-26 22:00:00,128.44000000000105
2025-04-26 23:00:00,128.21999999999227
2025-04-27 00:00:00,117.01999999999475
2025-04-27 01:00:00,108.86999999999682
2025-04-27 02:00:00,108.4099999999907
2025-04-27 03:00:00,108.409999999995
2025-04-27 04:00:00,108.44999999999646
2025-04-27 05:00:00,108.20000000000195
2025-04-27 06:00:00,108.4599999999982
2025-04-27 07:00:00,107.70999999999984
2025-04-27 08:00:00,107.28000000000041
2025-04-27 09:00:00,108.75999999999928
2025-04-27 10:00:00,109.12000000000745
2025-04-27 11:00:00,109.86000000000327
2025-04-27 12:00:00,108.92000000000255
2025-04-27 13:00:00,109.23000000000104
2025-04-27 14:00:00,109.5400000000023
2025-04-27 15:00:00,109.40000000000322
2025-04-27 16:00:00,108.6200000000017
2025-04-27 17:00:00,128.0799999999933
2025-04-27 18:00:00,138.67999999999938
2025-04-27 19:00:00,138.23000000000377
2025-04-27 20:00:00,141.4599999999957
2025-04-27 21:00:00,141.52999999999943
2025-04-27 22:00:00,138.49999999999815
2025-04-27 23:00:00,128.21999999999971
2025-04-28 00:00:00,115.16000000000183
2025-04-28 01:00:00,107.85999999999737
2025-04-28 02:00:00,107.85999999999592
2025-04-28 03:00:00,107.86000000000142
2025-04-28 04:00:00,107.8600000000027
2025-04-28 05:00:00,107.67000000000003
2025-04-28 06:00:00,107.46999999999895
2025-04-28 07:00:00,105.88000000000274
2025-04-28 08:00:00,105.77000000000169
2025-04-28 09:00:00,105.70999999999863
2025-04-28 10:00:00,110.65999999999796
2025-04-28 11:00:00,110.99999999999802
2025-04-28 12:00:00,111.50999999999692
2025-04-28 13:00:00,111.9000000000028
2025-04-28 14:00:00,117.67000000000546
2025-04-28 15:00:00,131.26000000000124
2025-04-28 16:00:00,130.74000000000714
2025-04-28 17:00:00,136.27000000000226
2025-04-28 18:00:00,146.07999999999788
2025-04-28 19:00:00,137.01000000000107
2025-04-28 20:00:00,135.53000000000162
2025-04-28 21:00:00,138.92999999999805
2025-04-28 22:00:00,136.2799999999959
2025-04-28 23:00:00,127.69000000000482
2025-04-29 00:00:00,121.98999999999796
2025-04-29 01:00:00,119.34000000000081
2025-04-29 02:00:00,114.19000000000031
2025-04-29 03:00:00,114.22999999999938
2025-04-29 04:00:00,108.80999999999615
2025-04-29 05:00:00,116.12000000000386
2025-04-29 06:00:00,115.59000000000701
2025-04-29 07:00:00,110.23999999999745
2025-04-29 08:00:00,111.08000000000038
2025-04-29 09:00:00,109.39000000000337
2025-04-29 10:00:00,109.37999999999919
2025-04-29 11:00:00,109.90999999999929
2025-04-29 12:00:00,111.88999999999804
2025-04-29 13:00:00,118.67999999999981
2025-04-29 14:00:00,125.53000000000253
2025-04-29 15:00:00,125.5099999999989
2025-04-29 16:00:00,130.09000000000358
2025-04-29 17:00:00,135.2299999999925
2025-04-29 18:00:00,184.48999999999165
2025-04-29 19:00:00,184.7000000000039
2025-04-29 20:00:00,184.07999999999592
2025-04-29 21:00:00,184.0200000000052
2025-04-29 22:00:00,136.25000000000026
2025-04-29 23:00:00,138.84999999999638
2025-04-30 00:00:00,128.22000000000395
2025-04-30 01:00:00,120.00000000000017
2025-04-30 02:00:00,120.01000000000266
2025-04-30 03:00:00,117.11000000000023
2025-04-30 04:00:00,116.23000000000137
2025-04-30 05:00:00,116.66999999999626
2025-04-30 06:00:00,108.29999999999579
2025-04-30 07:00:00,108.70999999999671
2025-04-30 08:00:00,109.56999999999913
2025-04-30 09:00:00,110.5700000000018
2025-04-30 10:00:00,111.06999999999744
2025-04-30 11:00:00,116.12000000000218
2025-04-30 12:00:00,115.21999999999963
2025-04-30 13:00:00,134.23999999999987
2025-04-30 14:00:00,134.0900000000003
2025-04-30 15:00:00,134.46999999999994
2025-04-30 16:00:00,137.17000000000132
2025-04-30 17:00:00,137.16999999998808
2025-04-30 18:00:00,188.2499999999917
2025-04-30 19:00:00,188.95999999999873
2025-04-30 20:00:00,184.49000000000038
2025-04-30 21:00:00,184.22000000000187
2025-04-30 22:00:00,184.79000000000303
2025-04-30 23:00:00,138.08000000000544
2025-05-01 00:00:00,127.10999999999767
2025-05-01 01:00:00,123.22999999999983
2025-05-01 02:00:00,121.42999999999634
2025-05-01 03:00:00,106.3500000000006
2025-05-01 04:00:00,106.39000000000108
2025-05-01 05:00:00,106.49999999999967
2025-05-01 06:00:00,106.51000000000093
2025-05-01 07:00:00,106.92999999999907
2025-05-01 08:00:00,107.01999999999948
2025-05-01 09:00:00,107.16999999999945
2025-05-01 10:00:00,107.13000000000622
2025-05-01 11:00:00,107.23000000000476
2025-05-01 12:00:00,107.42999999999411
2025-05-01 13:00:00,107.28000000000311
2025-05-01 14:00:00,107.28000000000634
2025-05-01 15:00:00,114.6299999999959
2025-05-01 16:00:00,125.69000000000413
2025-05-01 17:00:00,125.6899999999992
2025-05-01 18:00:00,139.10999999999405
2025-05-01 19:00:00,140.63999999999723
2025-05-01 20:00:00,139.13999999999248
2025-05-01 21:00:00,137.82000000000002
2025-05-01 22:00:00,138.06000000000134
2025-05-01 23:00:00,126.19999999999737
2025-05-02 00:00:00,123.25999999999623
2025-05-02 01:00:00,123.78999999999927
2025-05-02 02:00:00,121.56999999999837
2025-05-02 03:00:00,116.05000000000254
2025-05-02 04:00:00,115.93999999999947
2025-05-02 05:00:00,116.06000000000168
2025-05-02 06:00:00,116.67000000000058
2025-05-02 07:00:00,117.11999999999951
2025-05-02 08:00:00,126.6799999999924
2025-05-02 09:00:00,119.80999999999811
2025-05-02 10:00:00,115.2199999999981
2025-05-02 11:00:00,127.37000000000177
2025-05-02 12:00:00,128.31000000000117
2025-05-02 13:00:00,135.9300000000023
2025-05-02 14:00:00,138.50999999999658
2025-05-02 15:00:00,182.48000000000044
2025-05-02 16:00:00,187.25000000000074
2025-05-02 17:00:00,193.94000000000278
2025-05-02 18:00:00,185.7200000000003
2025-05-02 19:00:00,185.86000000000013
2025-05-02 20:00:00,184.63000000000125
2025-05-02 21:00:00,186.10999999999993
2025-05-02 22:00:00,143.74000000000086
2025-05-02 23:00:00,135.3299999999992
2025-05-03 00:00:00,126.50000000000142
2025-05-03 01:00:00,126.1199999999974
2025-05-03 02:00:00,116.69000000000314
2025-05-03 03:00:00,116.9900000000009
2025-05-03 04:00:00,117.18000000000566
2025-05-03 05:00:00,117.26000000000136
2025-05-03 06:00:00,106.4950000000055
2025-05-03 07:00:00,107.51000000000101
2025-05-03 08:00:00,120.63000000000234
2025-05-03 09:00:00,115.6449999999976
2025-05-03 10:00:00,106.96999999999969
2025-05-03 11:00:00,107.23499999999706
2025-05-03 12:00:00,114.51500000000085
2025-05-03 13:00:00,119.1600000000027
2025-05-03 14:00:00,121.29000000000245
2025-05-03 15:00:00,121.32000000000004
2025-05-03 16:00:00,125.87000000000184
2025-05-03 17:00:00,139.11000000000257
2025-05-03 18:00:00,187.73999999999904
2025-05-03 19:00:00,187.88000000000815
2025-05-03 20:00:00,186.11999999999472
2025-05-03 21:00:00,185.68000000000447
2025-05-03 22:00:00,137.2400000000066
2025-05-03 23:00:00,137.36999999999776
2025-05-04 00:00:00,115.39000000000318
2025-05-04 01:00:00,114.61999999999887
2025-05-04 02:00:00,106.2599999999991
2025-05-04 03:00:00,106.26000000000136
2025-05-04 04:00:00,106.4500000000004
2025-05-04 05:00:00,106.55999999999587
2025-05-04 06:00:00,106.56999999999698
2025-05-04 07:00:00,106.63999999999702
2025-05-04 08:00:00,106.46000000000267
2025-05-04 09:00:00,106.65000000000174
2025-05-04 10:00:00,107.02999999999717
2025-05-04 11:00:00,107.13999999999949
2025-05-04 12:00:00,106.51000000000495
2025-05-04 13:00:00,124.34999999999835
2025-05-04 14:00:00,130.59999999999513
2025-05-04 15:00:00,136.5800000000001
2025-05-04 16:00:00,137.62000000000253
2025-05-04 17:00:00,139.14999999999904
2025-05-04 18:00:00,136.95000000000056
2025-05-04 19:00:00,137.13999999999675
2025-05-04 20:00:00,136.8400000000002
2025-05-04 21:00:00,136.63000000000287
2025-05-04 22:00:00,137.2700000000033
2025-05-04 23:00:00,127.43999999999863
2025-05-05 00:00:00,129.1099999999994
2025-05-05 01:00:00,126.6800000000004
2025-05-05 02:00:00,118.33999999999637
2025-05-05 03:00:00,113.15000000000043
2025-05-05 04:00:00,113.4200000000038
2025-05-05 05:00:00,115.02999999999946
2025-05-05 06:00:00,114.03000000000372
2025-05-05 07:00:00,112.90000000000028
2025-05-05 08:00:00,124.4400000000001
2025-05-05 09:00:00,123.31000000000381
2025-05-05 10:00:00,123.6500000000096
2025-05-05 11:00:00,130.24000000000467
2025-05-05 12:00:00,131.619999999999
2025-05-05 13:00:00,130.72999999999527
2025-05-05 14:00:00,169.23999999999936
2025-05-05 15:00:00,172.9799999999999
2025-05-05 16:00:00,181.2999999999963
2025-05-05 17:00:00,190.97999999999894
2025-05-05 18:00:00,189.85999999999996
2025-05-05 19:00:00,190.18999999999895
2025-05-05 20:00:00,190.11999999999688
2025-05-05 21:00:00,190.77999999999673
2025-05-05 22:00:00,192.44000000001012
2025-05-05 23:00:00,136.26000000000457
2025-05-06 00:00:00,136.5799999999983
2025-05-06 01:00:00,127.74999999999736
2025-05-06 02:00:00,127.4999999999969
2025-05-06 03:00:00,126.50000000000061
2025-05-06 04:00:00,125.70000000000175
2025-05-06 05:00:00,125.36000000000101
2025-05-06 06:00:00,124.8500000000015
2025-05-06 07:00:00,123.34000000000115
2025-05-06 08:00:00,131.52999999999653
2025-05-06 09:00:00,132.03999999999877
2025-05-06 10:00:00,131.8900000000038
2025-05-06 11:00:00,132.4900000000002
2025-05-06 12:00:00,132.8500000000003
2025-05-06 13:00:00,134.82999999999407
2025-05-06 14:00:00,175.00999999999385
2025-05-06 15:00:00,188.0100000000008
2025-05-06 16:00:00,193.89999999999213
2025-05-06 17:00:00,190.94000000000915
2025-05-06 18:00:00,190.68999999999699
2025-05-06 19:00:00,190.56999999999724
2025-05-06 20:00:00,191.7399999999997
2025-05-06 21:00:00,191.9599999999938
2025-05-06 22:00:00,191.78999999999505
2025-05-06 23:00:00,188.02000000000382
2025-05-07 00:00:00,136.52000000000535
2025-05-07 01:00:00,136.16000000000102
2025-05-07 02:00:00,133.18999999999608
2025-05-07 03:00:00,127.52999999999913
2025-05-07 04:00:00,126.00000000000044
2025-05-07 05:00:00,125.80000000000109
2025-05-07 06:00:00,126.75000000000585
2025-05-07 07:00:00,108.15999999999782
2025-05-07 08:00:00,116.38000000000002
2025-05-07 09:00:00,132.1399999999996
2025-05-07 10:00:00,132.29000000000167
2025-05-07 11:00:00,132.6200000000023
2025-05-07 12:00:00,135.61000000000155
2025-05-07 13:00:00,134.4799999999938
2025-05-07 14:00:00,131.54999999999671
2025-05-07 15:00:00,133.59999999999812
2025-05-07 16:00:00,183.32999999999512
2025-05-07 17:00:00,184.6500000000057
2025-05-07 18:00:00,190.2499999999936
2025-05-07 19:00:00,190.26000000000545
2025-05-07 20:00:00,190.23000000000118
2025-05-07 21:00:00,192.11999999999966
2025-05-07 22:00:00,190.13999999999922
2025-05-07 23:00:00,183.90000000000106
2025-05-08 00:00:00,133.88000000000386
2025-05-08 01:00:00,126.89000000000011
2025-05-08 02:00:00,123.79999999999812
2025-05-08 03:00:00,114.3899999999997
2025-05-08 04:00:00,114.69999999999766
2025-05-08 05:00:00,115.20000000000792
2025-05-08 06:00:00,114.88999999999866
2025-05-08 07:00:00,107.56000000000498
2025-05-08 08:00:00,113.12999999999738
2025-05-08 09:00:00,123.03999999999587
2025-05-08 10:00:00,122.94000000000004
2025-05-08 11:00:00,122.92000000000418
2025-05-08 12:00:00,122.85000000000474
2025-05-08 13:00:00,132.11000000000243
2025-05-08 14:00:00,133.01999999999921
2025-05-08 15:00:00,133.32000000000082
2025-05-08 16:00:00,133.32999999999964
2025-05-08 17:00:00,141.77999999999088
2025-05-08 18:00:00,187.32999999999674
2025-05-08 19:00:00,189.87000000000313
2025-05-08 20:00:00,191.18000000000268
2025-05-08 21:00:00,187.95999999999813
2025-05-08 22:00:00,187.01999999999464
2025-05-08 23:00:00,186.47000000000048
2025-05-09 00:00:00,131.640000000002
2025-05-09 01:00:00,129.7299999999941
2025-05-09 02:00:00,117.28999999999874
2025-05-09 03:00:00,113.55999999999601
2025-05-09 04:00:00,107.07999999999988
2025-05-09 05:00:00,105.84000000000151
2025-05-09 06:00:00,105.60999999999733
2025-05-09 07:00:00,108.97000000000342
2025-05-09 08:00:00,111.49000000000123
2025-05-09 09:00:00,112.98000000000314
2025-05-09 10:00:00,112.83499999999736
2025-05-09 11:00:00,112.94000000000585
2025-05-09 12:00:00,112.93999999999558
2025-05-09 13:00:00,133.2500000000026
2025-05-09 14:00:00,134.16000000000057
2025-05-09 15:00:00,183.32999999999595
2025-05-09 16:00:00,185.54999999999654
2025-05-09 17:00:00,183.60999999999711
2025-05-09 18:00:00,187.43000000000288
2025-05-09 19:00:00,187.400000000006
2025-05-09 20:00:00,187.62999999999573
2025-05-09 21:00:00,187.6400000000006
2025-05-09 22:00:00,187.03000000000029
2025-05-09 23:00:00,173.77000000000615
2025-05-10 00:00:00,132.37000000000123
2025-05-10 01:00:00,129.38999999999737
2025-05-10 02:00:00,116.82000000000187
2025-05-10 03:00:00,112.25999999999235
2025-05-10 04:00:00,107.20000000000309
2025-05-10 05:00:00,107.0499999999984
2025-05-10 06:00:00,105.46000000000147
2025-05-10 07:00:00,108.7399999999959
2025-05-10 08:00:00,109.9299999999972
2025-05-10 09:00:00,109.10999999999818
2025-05-10 10:00:00,109.54000000000019
2025-05-10 11:00:00,109.88999999999879
2025-05-10 12:00:00,118.64999999999897
2025-05-10 13:00:00,122.6100000000045
2025-05-10 14:00:00,122.78000000000075
2025-05-10 15:00:00,132.6300000000044
2025-05-10 16:00:00,130.83000000000533
2025-05-10 17:00:00,128.77999999999878
2025-05-10 18:00:00,132.5199999999929
2025-05-10 19:00:00,188.74999999999483
2025-05-10 20:00:00,187.60000000000235
2025-05-10 21:00:00,187.4900000000026
2025-05-10 22:00:00,136.88000000000832
2025-05-10 23:00:00,130.91999999999484
2025-05-11 00:00:00,127.82000000000025
2025-05-11 01:00:00,112.87999999999681
2025-05-11 02:00:00,113.44000000000018
2025-05-11 03:00:00,112.41999999999882
2025-05-11 04:00:00,108.05000000000504
2025-05-11 05:00:00,105.30000000000328
2025-05-11 06:00:00,105.20999999999798
2025-05-11 07:00:00,104.78000000000372
2025-05-11 08:00:00,103.97000000000018
2025-05-11 09:00:00,103.39999999999596
2025-05-11 10:00:00,103.40000000000077
2025-05-11 11:00:00,104.22999999999982
2025-05-11 12:00:00,104.22999999999928
2025-05-11 13:00:00,104.01000000000228
2025-05-11 14:00:00,104.97000000000335
2025-05-11 15:00:00,104.62000000000008
2025-05-11 16:00:00,104.7900000000034
2025-05-11 17:00:00,104.89000000000064
2025-05-11 18:00:00,107.6000000000007
2025-05-11 19:00:00,108.88000000000618
2025-05-11 20:00:00,109.26000000000282
2025-05-11 21:00:00,109.83000000000087
2025-05-11 22:00:00,107.87999999999963
2025-05-11 23:00:00,106.56999999999422
2025-05-12 00:00:00,102.75000000000068
2025-05-12 01:00:00,102.62000000000265
2025-05-12 02:00:00,102.62000000000157
2025-05-12 03:00:00,102.59999999999997
2025-05-12 04:00:00,102.3400000000028
2025-05-12 05:00:00,102.33000000000172
2025-05-12 06:00:00,102.48999999999879
2025-05-12 07:00:00,100.30000000000042
2025-05-12 08:00:00,100.15999999999791
2025-05-12 09:00:00,100.45000000000175
2025-05-12 10:00:00,100.42500000000425
2025-05-12 11:00:00,100.30499999999853
2025-05-12 12:00:00,104.13999999999763
2025-05-12 13:00:00,104.20000000000351
2025-05-12 14:00:00,105.17000000000239
2025-05-12 15:00:00,106.99499999999969
2025-05-12 16:00:00,105.43000000000059
2025-05-12 17:00:00,119.98999999999948
2025-05-12 18:00:00,127.05000000000024
2025-05-12 19:00:00,127.04999999999805
2025-05-12 20:00:00,128.70999999999464
2025-05-12 21:00:00,130.00000000000534
2025-05-12 22:00:00,105.41000000000074
2025-05-12 23:00:00,105.30999999999852
2025-05-13 00:00:00,103.82000000000542
2025-05-13 01:00:00,102.73999999999671
2025-05-13 02:00:00,102.72999999999085
2025-05-13 03:00:00,102.7199999999952
2025-05-13 04:00:00,102.35000000000437
2025-05-13 05:00:00,102.15999999999869
2025-05-13 06:00:00,102.4799999999941
2025-05-13 07:00:00,101.31999999999933
2025-05-13 08:00:00,102.95000000000238
2025-05-13 09:00:00,105.50000000000323
2025-05-13 10:00:00,104.21000000000325
2025-05-13 11:00:00,108.36999999999578
2025-05-13 12:00:00,108.32000000000693
2025-05-13 13:00:00,107.03999999999549
2025-05-13 14:00:00,129.53000000000407
2025-05-13 15:00:00,129.32000000000377
2025-05-13 16:00:00,129.27000000000055
2025-05-13 17:00:00,130.06000000000117
2025-05-13 18:00:00,129.52000000000288
2025-05-13 19:00:00,128.92999999999458
2025-05-13 20:00:00,128.3099999999973
2025-05-13 21:00:00,128.85999999999723
2025-05-13 22:00:00,128.82000000000625
2025-05-13 23:00:00,117.89000000000424
2025-05-14 00:00:00,108.07000000000103
2025-05-14 01:00:00,106.84000000000327
2025-05-14 02:00:00,103.73999999999612
2025-05-14 03:00:00,103.91000000000103
2025-05-14 04:00:00,104.22000000000074
2025-05-14 05:00:00,103.64999999999887
2025-05-14 06:00:00,104.37000000000317
2025-05-14 07:00:00,105.20000000000095
2025-05-14 08:00:00,113.51999999999975
2025-05-14 09:00:00,115.65999999999879
2025-05-14 10:00:00,133.53000000000196
2025-05-14 11:00:00,135.68999999999932
2025-05-14 12:00:00,137.6400000000007
2025-05-14 13:00:00,130.11000000000055
2025-05-14 14:00:00,130.16999999999675
2025-05-14 15:00:00,130.1200000000004
2025-05-14 16:00:00,131.20000000000098
2025-05-14 17:00:00,141.2199999999985
2025-05-14 18:00:00,187.08000000000197
2025-05-14 19:00:00,186.79000000000565
2025-05-14 20:00:00,186.8500000000031
2025-05-14 21:00:00,181.9499999999978
2025-05-14 22:00:00,185.83999999999983
2025-05-14 23:00:00,127.74000000000102
2025-05-15 00:00:00,127.96999999999628
2025-05-15 01:00:00,109.98000000000364
2025-05-15 02:00:00,110.73999999999296
2025-05-15 03:00:00,110.89000000000273
2025-05-15 04:00:00,110.89000000000154
2025-05-15 05:00:00,110.39000000000217
2025-05-15 06:00:00,105.3999999999976
2025-05-15 07:00:00,106.66999999999577
2025-05-15 08:00:00,108.82999999999835
2025-05-15 09:00:00,107.8499999999999
2025-05-15 10:00:00,109.11999999999362
2025-05-15 11:00:00,119.124999999999
2025-05-15 12:00:00,117.98999999999988
2025-05-15 13:00:00,117.20000000000358
2025-05-15 14:00:00,117.00499999999654
2025-05-15 15:00:00,139.67999999999284
2025-05-15 16:00:00,142.33000000000433
2025-05-15 17:00:00,143.83999999999864
2025-05-15 18:00:00,185.7899999999966
2025-05-15 19:00:00,183.53999999999695
2025-05-15 20:00:00,182.53999999999067
2025-05-15 21:00:00,178.8200000000032
2025-05-15 22:00:00,174.77000000000191
2025-05-15 23:00:00,131.15000000000708
2025-05-16 00:00:00,129.00999999999826
2025-05-16 01:00:00,127.34000000000619
2025-05-16 02:00:00,120.20999999999151
2025-05-16 03:00:00,120.38000000000443
2025-05-16 04:00:00,117.6100000000054
2025-05-16 05:00:00,117.80999999999982
2025-05-16 06:00:00,102.69000000000565
2025-05-16 07:00:00,102.70999999999584
2025-05-16 08:00:00,105.55999999999992
2025-05-16 09:00:00,108.67999999999824
2025-05-16 10:00:00,109.62999999999445
2025-05-16 11:00:00,115.83000000000196
2025-05-16 12:00:00,119.07999999999717
2025-05-16 13:00:00,128.96999999999915
2025-05-16 14:00:00,130.0000000000006
2025-05-16 15:00:00,128.48000000000212
2025-05-16 16:00:00,129.55999999999145
2025-05-16 17:00:00,177.4099999999997
2025-05-16 18:00:00,184.27000000000157
2025-05-16 19:00:00,184.4300000000053
2025-05-16 20:00:00,183.32999999999896
2025-05-16 21:00:00,183.06999999999928
2025-05-16 22:00:00,186.96000000000032
2025-05-16 23:00:00,175.37000000000123
2025-05-17 00:00:00,130.9000000000021
2025-05-17 01:00:00,130.4699999999972
2025-05-17 02:00:00,128.85000000000176
2025-05-17 03:00:00,110.60000000000022
2025-05-17 04:00:00,110.39000000000199
2025-05-17 05:00:00,110.59000000000046
2025-05-17 06:00:00,103.92000000000175
2025-05-17 07:00:00,102.68999999999588
2025-05-17 08:00:00,116.80999999999544
2025-05-17 09:00:00,130.44999999999473
2025-05-17 10:00:00,132.24000000000032
2025-05-17 11:00:00,131.94999999999854
2025-05-17 12:00:00,133.88000000000105
2025-05-17 13:00:00,134.6500000000044
2025-05-17 14:00:00,132.3899999999956
2025-05-17 15:00:00,181.329999999994
2025-05-17 16:00:00,182.34000000000538
2025-05-17 17:00:00,182.3699999999976
2025-05-17 18:00:00,184.3200000000026
2025-05-17 19:00:00,184.3600000000015
2025-05-17 20:00:00,183.73999999999447
2025-05-17 21:00:00,182.260000000005
2025-05-17 22:00:00,130.60000000000156
2025-05-17 23:00:00,130.46999999999932
2025-05-18 00:00:00,130.12000000000168
2025-05-18 01:00:00,130.77999999999474
2025-05-18 02:00:00,115.989999999999
2025-05-18 03:00:00,109.53000000000515
2025-05-18 04:00:00,110.15000000000147
2025-05-18 05:00:00,109.03000000000382
2025-05-18 06:00:00,103.91999999999805
2025-05-18 07:00:00,102.59499999999954
2025-05-18 08:00:00,104.17000000001003
2025-05-18 09:00:00,105.43999999999694
2025-05-18 10:00:00,106.11000000000163
2025-05-18 11:00:00,107.29499999999956
2025-05-18 12:00:00,108.20000000000107
2025-05-18 13:00:00,108.82499999999736
2025-05-18 14:00:00,109.48000000000113
2025-05-18 15:00:00,109.21499999999936
2025-05-18 16:00:00,131.25000000000279
2025-05-18 17:00:00,129.43999999999428
2025-05-18 18:00:00,184.99000000000086
2025-05-18 19:00:00,184.82000000000178
2025-05-18 20:00:00,184.34000000000157
2025-05-18 21:00:00,184.33999999999978
2025-05-18 22:00:00,183.08000000000516
2025-05-18 23:00:00,136.57000000000497
2025-05-19 00:00:00,129.72999999999809
2025-05-19 01:00:00,131.110000000002
2025-05-19 02:00:00,109.86999999999915
2025-05-19 03:00:00,110.16999999999837
2025-05-19 04:00:00,110.43999999999703
2025-05-19 05:00:00,110.29000000000488
2025-05-19 06:00:00,104.28999999999694
2025-05-19 07:00:00,106.02999999999865
2025-05-19 08:00:00,107.65000000000187
2025-05-19 09:00:00,109.42999999999664
2025-05-19 10:00:00,109.040000000005
2025-05-19 11:00:00,113.19999999999506
2025-05-19 12:00:00,114.83000000000449
2025-05-19 13:00:00,128.57999999999439
2025-05-19 14:00:00,176.8899999999987
2025-05-19 15:00:00,176.23999999999592
2025-05-19 16:00:00,175.96000000000083
2025-05-19 17:00:00,183.2299999999983
2025-05-19 18:00:00,217.8400000000007
2025-05-19 19:00:00,219.17999999999995
2025-05-19 20:00:00,215.83000000000098
2025-05-19 21:00:00,189.56000000000031
2025-05-19 22:00:00,180.58999999999693
2025-05-19 23:00:00,130.6499999999937
2025-05-20 00:00:00,129.15999999999784
2025-05-20 01:00:00,129.6650000000029
2025-05-20 02:00:00,129.2699999999979
2025-05-20 03:00:00,130.67999999999878
2025-05-20 04:00:00,128.79000000000792
2025-05-20 05:00:00,126.83999999999853
2025-05-20 06:00:00,126.83999999999752
2025-05-20 07:00:00,118.88000000000599
2025-05-20 08:00:00,119.52999999999741
2025-05-20 09:00:00,129.66000000000662
2025-05-20 10:00:00,130.64999999999546
2025-05-20 11:00:00,135.8199999999989
2025-05-20 12:00:00,135.8899999999977
2025-05-20 13:00:00,133.21000000001064
2025-05-20 14:00:00,134.37999999999988
2025-05-20 15:00:00,132.9800000000036
2025-05-20 16:00:00,133.18999999999903
2025-05-20 17:00:00,180.7599999999921
2025-05-20 18:00:00,190.42999999999697
2025-05-20 19:00:00,215.78000000000083
2025-05-20 20:00:00,215.380000000006
2025-05-20 21:00:00,189.5900000000031
2025-05-20 22:00:00,181.0700000000036
2025-05-20 23:00:00,183.52000000000052
2025-05-21 00:00:00,176.2399999999971
2025-05-21 01:00:00,176.21999999999883
2025-05-21 02:00:00,130.47000000000605
2025-05-21 03:00:00,130.73999999999336
2025-05-21 04:00:00,131.02000000000774
2025-05-21 05:00:00,131.7100000000005
2025-05-21 06:00:00,128.31999999999817
2025-05-21 07:00:00,108.53999999999934
2025-05-21 08:00:00,119.52999999999268
2025-05-21 09:00:00,129.63999999999427
2025-05-21 10:00:00,132.03999999999914
2025-05-21 11:00:00,131.62999999999744
2025-05-21 12:00:00,131.74000000000115
2025-05-21 13:00:00,138.67999999999626
2025-05-21 14:00:00,176.59999999999653
2025-05-21 15:00:00,186.27000000000348
2025-05-21 16:00:00,185.55000000000226
2025-05-21 17:00:00,182.3799999999995
2025-05-21 18:00:00,214.55999999999727
2025-05-21 19:00:00,214.5300000000044
2025-05-21 20:00:00,214.03999999999667
2025-05-21 21:00:00,213.11000000000365
2025-05-21 22:00:00,186.17000000000155
2025-05-21 23:00:00,180.9000000000115
2025-05-22 00:00:00,138.7200000000033
2025-05-22 01:00:00,129.9899999999943
2025-05-22 02:00:00,128.86000000000038
2025-05-22 03:00:00,131.42999999999623
2025-05-22 04:00:00,131.61000000000175
2025-05-22 05:00:00,130.9400000000105
2025-05-22 06:00:00,107.86999999999539
2025-05-22 07:00:00,109.26000000000312
2025-05-22 08:00:00,119.36000000000509
2025-05-22 09:00:00,118.35999999999848
2025-05-22 10:00:00,118.29999999999876
2025-05-22 11:00:00,117.59999999999927
2025-05-22 12:00:00,117.33999999999588
2025-05-22 13:00:00,117.80999999999737
2025-05-22 14:00:00,117.91000000000125
2025-05-22 15:00:00,139.2200000000021
2025-05-22 16:00:00,140.99000000000453
2025-05-22 17:00:00,180.01999999999754
2025-05-22 18:00:00,179.32000000000622
2025-05-22 19:00:00,179.36000000000104
2025-05-22 20:00:00,181.31000000000537
2025-05-22 21:00:00,140.9200000000012
2025-05-22 22:00:00,129.44999999999465
2025-05-22 23:00:00,129.93999999999036
2025-05-23 00:00:00,134.34000000000282
2025-05-23 01:00:00,134.2099999999964
2025-05-23 02:00:00,132.34999999999857
2025-05-23 03:00:00,115.32999999999849
2025-05-23 04:00:00,115.54000000000136
2025-05-23 05:00:00,127.62000000000035
2025-05-23 06:00:00,130.8299999999969
2025-05-23 07:00:00,107.89000000000055
2025-05-23 08:00:00,112.8300000000023
2025-05-23 09:00:00,115.22000000000091
2025-05-23 10:00:00,118.20999999999819
2025-05-23 11:00:00,118.1000000000049
2025-05-23 12:00:00,118.28999999999706
2025-05-23 13:00:00,117.2199999999948
2025-05-23 14:00:00,115.93000000000394
2025-05-23 15:00:00,117.1599999999953
2025-05-23 16:00:00,134.60000000000144
2025-05-23 17:00:00,134.66000000000236
2025-05-23 18:00:00,133.2099999999993
2025-05-23 19:00:00,133.25999999999692
2025-05-23 20:00:00,131.3600000000003
2025-05-23 21:00:00,130.2299999999964
2025-05-23 22:00:00,131.68999999999946
2025-05-23 23:00:00,132.13000000000147
2025-05-24 00:00:00,118.30999999999909
2025-05-24 01:00:00,118.24999999999702
2025-05-24 02:00:00,108.94999999999584
2025-05-24 03:00:00,107.19000000000034
2025-05-24 04:00:00,106.62999999999847
2025-05-24 05:00:00,105.9900000000028
2025-05-24 06:00:00,106.25000000000024
2025-05-24 07:00:00,106.30999999999648
2025-05-24 08:00:00,100.65999999999842
2025-05-24 09:00:00,101.0299999999946
2025-05-24 10:00:00,108.56000000000434
2025-05-24 11:00:00,108.50000000000351
2025-05-24 12:00:00,108.98000000000026
2025-05-24 13:00:00,108.90000000000113
2025-05-24 14:00:00,113.11999999999759
2025-05-24 15:00:00,132.7499999999985
2025-05-24 16:00:00,132.75000000000045
2025-05-24 17:00:00,179.37999999999485
2025-05-24 18:00:00,186.18000000000458
2025-05-24 19:00:00,184.30999999998943
2025-05-24 20:00:00,181.5399999999957
2025-05-24 21:00:00,180.70000000000192
2025-05-24 22:00:00,176.2800000000094
2025-05-24 23:00:00,129.39000000000325
2025-05-25 00:00:00,131.60999999999945
2025-05-25 01:00:00,118.77000000000223
2025-05-25 02:00:00,118.99999999999544
2025-05-25 03:00:00,114.28999999999705
2025-05-25 04:00:00,109.78999999999913
2025-05-25 05:00:00,109.34000000000265
2025-05-25 06:00:00,105.9199999999982
2025-05-25 07:00:00,107.59999999999857
2025-05-25 08:00:00,107.50999999999821
2025-05-25 09:00:00,108.76000000000147
2025-05-25 10:00:00,108.78999999999694
2025-05-25 11:00:00,109.12000000000164
2025-05-25 12:00:00,109.45999999999424
2025-05-25 13:00:00,109.75000000000763
2025-05-25 14:00:00,113.65999999999626
2025-05-25 15:00:00,132.43999999999897
2025-05-25 16:00:00,129.69999999999675
2025-05-25 17:00:00,178.89999999999532
2025-05-25 18:00:00,190.92000000000044
2025-05-25 19:00:00,217.70000000000545
2025-05-25 20:00:00,184.610000000006
2025-05-25 21:00:00,184.5699999999948
2025-05-25 22:00:00,179.50000000000745
2025-05-25 23:00:00,136.23000000000354
2025-05-26 00:00:00,129.6799999999997
2025-05-26 01:00:00,118.6300000000039
2025-05-26 02:00:00,107.65999999999688
2025-05-26 03:00:00,107.08000000000028
2025-05-26 04:00:00,104.97999999999796
2025-05-26 05:00:00,103.98999999999492
2025-05-26 06:00:00,104.79000000000356
2025-05-26 07:00:00,105.9799999999969
2025-05-26 08:00:00,109.94000000000297
2025-05-26 09:00:00,109.11999999999777
2025-05-26 10:00:00,109.17999999999499
2025-05-26 11:00:00,118.7300000000005
2025-05-26 12:00:00,118.35000000000005
2025-05-26 13:00:00,117.86000000000054
2025-05-26 14:00:00,119.53000000000456
2025-05-26 15:00:00,119.37000000000343
2025-05-26 16:00:00,119.4300000000051
2025-05-26 17:00:00,121.47999999999458
2025-05-26 18:00:00,189.20999999999444
2025-05-26 19:00:00,188.75999999999874
2025-05-26 20:00:00,188.13999999999808
2025-05-26 21:00:00,184.64999999999208
2025-05-26 22:00:00,181.10000000000053
2025-05-26 23:00:00,181.16999999999518
2025-05-27 00:00:00,156.55999999999966
2025-05-27 01:00:00,129.33999999999315
2025-05-27 02:00:00,131.66999999999774
2025-05-27 03:00:00,115.20000000000266
2025-05-27 04:00:00,115.15000000000883
2025-05-27 05:00:00,113.33000000000438
2025-05-27 06:00:00,107.80000000000278
2025-05-27 07:00:00,108.07000000000008
2025-05-27 08:00:00,109.13999999999187
2025-05-27 09:00:00,108.39000000000145
2025-05-27 10:00:00,119.55000000000473
2025-05-27 11:00:00,119.6700000000003
2025-05-27 12:00:00,118.07999999999876
2025-05-27 13:00:00,117.81999999999567
2025-05-27 14:00:00,180.82999999998654
2025-05-27 15:00:00,180.6200000000051
2025-05-27 16:00:00,181.44999999999848
2025-05-27 17:00:00,181.6300000000051
2025-05-27 18:00:00,183.23999999999936
2025-05-27 19:00:00,188.3299999999962
2025-05-27 20:00:00,183.70000000000357
2025-05-27 21:00:00,184.24999999999883
2025-05-27 22:00:00,184.23000000000036
2025-05-27 23:00:00,179.40000000000413
2025-05-28 00:00:00,164.03000000000634
2025-05-28 01:00:00,132.48999999999933
2025-05-28 02:00:00,133.00999999999522
2025-05-28 03:00:00,113.69999999999925
2025-05-28 04:00:00,109.1300000000014
2025-05-28 05:00:00,109.08000000000418
2025-05-28 06:00:00,108.2499999999965
2025-05-28 07:00:00,108.9000000000046
2025-05-28 08:00:00,109.61999999999651
2025-05-28 09:00:00,109.29999999999637
2025-05-28 10:00:00,106.81999999999483
2025-05-28 11:00:00,116.9250000000017
2025-05-28 12:00:00,116.91000000000267
2025-05-28 13:00:00,116.55999999999813
2025-05-28 14:00:00,116.610000000001
2025-05-28 15:00:00,119.25000000000072
2025-05-28 16:00:00,119.77999999999746
2025-05-28 17:00:00,182.51999999999566
2025-05-28 18:00:00,184.0400000000012
2025-05-28 19:00:00,182.32000000000073
2025-05-28 20:00:00,179.5600000000057
2025-05-28 21:00:00,127.61000000000918
2025-05-28 22:00:00,119.56999999999543
2025-05-28 23:00:00,120.12999999999758
2025-05-29 00:00:00,126.46999999999757
2025-05-29 01:00:00,126.66999999999543
2025-05-29 02:00:00,124.19999999999807
2025-05-29 03:00:00,124.20000000000293
2025-05-29 04:00:00,124.20000000000066
2025-05-29 05:00:00,124.22999999999823
2025-05-29 06:00:00,117.76000000000079
2025-05-29 07:00:00,108.57999999999458
2025-05-29 08:00:00,119.67999999999071
2025-05-29 09:00:00,125.65000000000286
2025-05-29 10:00:00,125.60999999999787
2025-05-29 11:00:00,125.49000000000314
2025-05-29 12:00:00,125.51999999999612
2025-05-29 13:00:00,125.42000000000687
2025-05-29 14:00:00,123.83000000000258
2025-05-29 15:00:00,125.42000000000412
2025-05-29 16:00:00,125.34999999999614
2025-05-29 17:00:00,186.6299999999903
2025-05-29 18:00:00,182.90000000000083
2025-05-29 19:00:00,189.24999999999622
2025-05-29 20:00:00,184.85999999999672
2025-05-29 21:00:00,181.70000000000138
2025-05-29 22:00:00,132.3900000000043
2025-05-29 23:00:00,125.98999999999735
2025-05-30 00:00:00,124.4199999999997
2025-05-30 01:00:00,124.41999999999805
2025-05-30 02:00:00,124.41999999999376
2025-05-30 03:00:00,124.41999999999891
2025-05-30 04:00:00,124.41999999999898
2025-05-30 05:00:00,125.42000000000667
2025-05-30 06:00:00,124.49999999999585
2025-05-30 07:00:00,106.5400000000081
2025-05-30 08:00:00,113.34999999999657
2025-05-30 09:00:00,125.16000000000173
2025-05-30 10:00:00,125.30999999999807
2025-05-30 11:00:00,123.8999999999996
2025-05-30 12:00:00,125.22999999999605
2025-05-30 13:00:00,125.65999999999893
2025-05-30 14:00:00,125.66000000000075
2025-05-30 15:00:00,181.59999999999943
2025-05-30 16:00:00,181.56000000000256
2025-05-30 17:00:00,181.73999999999387
2025-05-30 18:00:00,215.61999999999065
2025-05-30 19:00:00,214.96000000000132
2025-05-30 20:00:00,214.92999999999267
2025-05-30 21:00:00,213.6100000000005
2025-05-30 22:00:00,181.07000000000184
2025-05-30 23:00:00,181.21999999999977
2025-05-31 00:00:00,126.05000000000474
2025-05-31 01:00:00,125.95000000000181
2025-05-31 02:00:00,124.16000000000666
2025-05-31 03:00:00,124.1600000000025
2025-05-31 04:00:00,126.2000000000006
2025-05-31 05:00:00,126.18999999999856
2025-05-31 06:00:00,119.19000000000192
2025-05-31 07:00:00,113.59000000000665
2025-05-31 08:00:00,119.25000000000007
2025-05-31 09:00:00,125.07000000000029
2025-05-31 10:00:00,125.08000000000129
2025-05-31 11:00:00,125.38000000000069
2025-05-31 12:00:00,125.86999999999954
2025-05-31 13:00:00,126.16999999999797
2025-05-31 14:00:00,126.04999999999309
2025-05-31 15:00:00,125.49000000000457
2025-05-31 16:00:00,126.50999999999016
2025-05-31 17:00:00,182.46999999999042
2025-05-31 18:00:00,190.5300000000019
2025-05-31 19:00:00,183.90999999999633
2025-05-31 20:00:00,183.88000000000434
2025-05-31 21:00:00,182.3100000000064
2025-05-31 22:00:00,128.96000000000495
2025-05-31 23:00:00,130.53999999999735
2025-06-01 00:00:00,123.14999999999856
2025-06-01 01:00:00,123.68999999998935
2025-06-01 02:00:00,120.3300000000043
2025-06-01 03:00:00,120.32000000000265
2025-06-01 04:00:00,117.43000000000634
2025-06-01 05:00:00,107.8300000000019
2025-06-01 06:00:00,103.9799999999958
2025-06-01 07:00:00,107.2799999999999
2025-06-01 08:00:00,107.08999999999716
2025-06-01 09:00:00,108.97999999999817
2025-06-01 10:00:00,108.98000000000279
2025-06-01 11:00:00,113.62000000000367
2025-06-01 12:00:00,115.47000000000207
2025-06-01 13:00:00,122.2799999999978
2025-06-01 14:00:00,121.8400000000033
2025-06-01 15:00:00,125.69999999999615
2025-06-01 16:00:00,129.76000000000545
2025-06-01 17:00:00,166.82999999999484
2025-06-01 18:00:00,182.63000000000793
2025-06-01 19:00:00,182.69999999999507
2025-06-01 20:00:00,182.97000000000364
2025-06-01 21:00:00,181.72999999999172
2025-06-01 22:00:00,179.08000000000155
2025-06-01 23:00:00,124.35000000000882
2025-06-02 00:00:00,122.07999999999748
2025-06-02 01:00:00,119.26000000000175
2025-06-02 02:00:00,119.25999999999448
2025-06-02 03:00:00,108.4199999999994
2025-06-02 04:00:00,104.16999999999861
2025-06-02 05:00:00,103.14999999999958
2025-06-02 06:00:00,104.2999999999962
2025-06-02 07:00:00,105.5899999999998
2025-06-02 08:00:00,108.36000000000067
2025-06-02 09:00:00,109.24999999999687
2025-06-02 10:00:00,108.63999999999474
2025-06-02 11:00:00,112.50000000000149
2025-06-02 12:00:00,122.63999999999791
2025-06-02 13:00:00,170.93999999999122
2025-06-02 14:00:00,211.67000000000155
2025-06-02 15:00:00,218.1199999999979
2025-06-02 16:00:00,218.4800000000071
2025-06-02 17:00:00,173.8100000000045
2025-06-02 18:00:00,174.439999999997
2025-06-02 19:00:00,172.9900000000002
2025-06-02 20:00:00,171.910000000001
2025-06-02 21:00:00,163.1199999999962
2025-06-02 22:00:00,162.61000000000266
2025-06-02 23:00:00,123.870000000004
2025-06-03 00:00:00,118.81000000000155
2025-06-03 01:00:00,119.28999999999088
2025-06-03 02:00:00,119.23999999999901
2025-06-03 03:00:00,108.25000000000095
2025-06-03 04:00:00,108.33000000000298
2025-06-03 05:00:00,109.44000000000312
2025-06-03 06:00:00,109.0599999999987
2025-06-03 07:00:00,105.95999999999204
2025-06-03 08:00:00,108.84000000000015
2025-06-03 09:00:00,108.72999999999942
2025-06-03 10:00:00,108.55999999999823
2025-06-03 11:00:00,119.21999999999582
2025-06-03 12:00:00,122.94999999999861
2025-06-03 13:00:00,132.21999999998812
2025-06-03 14:00:00,170.52999999999247
2025-06-03 15:00:00,172.67000000000291
2025-06-03 16:00:00,172.7300000000042
2025-06-03 17:00:00,172.73000000000386
2025-06-03 18:00:00,174.55000000000385
2025-06-03 19:00:00,174.13999999999848
2025-06-03 20:00:00,176.6599999999988
2025-06-03 21:00:00,176.2600000000022
2025-06-03 22:00:00,172.51000000000568
2025-06-03 23:00:00,171.09999999999738
2025-06-04 00:00:00,161.06000000000247
2025-06-04 01:00:00,165.86999999999813
2025-06-04 02:00:00,123.82000000000214
2025-06-04 03:00:00,123.71000000000126
2025-06-04 04:00:00,124.35999999999223
2025-06-04 05:00:00,124.82999999999704
2025-06-04 06:00:00,124.99000000000795
2025-06-04 07:00:00,124.67999999999729
2025-06-04 08:00:00,126.22000000000679
2025-06-04 09:00:00,128.55000000000462
2025-06-04 10:00:00,128.5699999999982
2025-06-04 11:00:00,129.42999999999805
2025-06-04 12:00:00,129.39000000000752
2025-06-04 13:00:00,129.87999999999224
2025-06-04 14:00:00,170.129999999996
2025-06-04 15:00:00,170.36000000000269
2025-06-04 16:00:00,170.79999999999418
2025-06-04 17:00:00,172.0799999999998
2025-06-04 18:00:00,175.6000000000077
2025-06-04 19:00:00,170.73000000000428
2025-06-04 20:00:00,138.17000000000243
2025-06-04 21:00:00,123.55999999999953
2025-06-04 22:00:00,123.28999999999803
2025-06-04 23:00:00,119.17999999999873
2025-06-05 00:00:00,106.02999999999774
2025-06-05 01:00:00,104.4399999999964
2025-06-05 02:00:00,103.97999999999942
2025-06-05 03:00:00,102.71999999999854
2025-06-05 04:00:00,102.61999999999922
2025-06-05 05:00:00,102.66000000000109
2025-06-05 06:00:00,102.66000000000085
2025-06-05 07:00:00,101.35999999999744
2025-06-05 08:00:00,100.94999999999823
2025-06-05 09:00:00,100.84000000000474
2025-06-05 10:00:00,105.97999999999779
2025-06-05 11:00:00,109.18999999999708
2025-06-05 12:00:00,106.65999999999991
2025-06-05 13:00:00,118.51999999999838
2025-06-05 14:00:00,126.10999999999994
2025-06-05 15:00:00,126.36999999999757
2025-06-05 16:00:00,171.75500000000034
2025-06-05 17:00:00,172.55000000000547
2025-06-05 18:00:00,172.93999999999724
2025-06-05 19:00:00,174.45000000000215
2025-06-05 20:00:00,173.2000000000027
2025-06-05 21:00:00,172.14999999999924
2025-06-05 22:00:00,170.65000000000651
2025-06-05 23:00:00,124.89000000000782
2025-06-06 00:00:00,129.7099999999942
2025-06-06 01:00:00,112.75000000000425
2025-06-06 02:00:00,108.1099999999947
2025-06-06 03:00:00,107.7200000000069
2025-06-06 04:00:00,108.59999999999951
2025-06-06 05:00:00,108.15999999999549
2025-06-06 06:00:00,107.58000000000213
2025-06-06 07:00:00,106.54999999999703
2025-06-06 08:00:00,109.6399999999978
2025-06-06 09:00:00,109.6300000000035
2025-06-06 10:00:00,108.00999999999621
2025-06-06 11:00:00,109.3600000000017
2025-06-06 12:00:00,109.32000000000008
2025-06-06 13:00:00,110.30000000000238
2025-06-06 14:00:00,126.52999999999842
2025-06-06 15:00:00,134.98000000000314
2025-06-06 16:00:00,135.21999999999588
2025-06-06 17:00:00,135.24000000001078
2025-06-06 18:00:00,135.85999999999808
2025-06-06 19:00:00,135.37000000000023
2025-06-06 20:00:00,134.369999999998
2025-06-06 21:00:00,126.09999999999955
2025-06-06 22:00:00,125.22999999999277
2025-06-06 23:00:00,129.3699999999974
2025-06-07 00:00:00,108.170000000006
2025-06-07 01:00:00,108.44000000000025
2025-06-07 02:00:00,106.7700000000001
2025-06-07 03:00:00,106.79999999999856
2025-06-07 04:00:00,104.42999999999836
2025-06-07 05:00:00,103.91999999999858
2025-06-07 06:00:00,103.75999999999834
2025-06-07 07:00:00,104.75999999999877
2025-06-07 08:00:00,107.49000000000338
2025-06-07 09:00:00,109.15499999999335
2025-06-07 10:00:00,109.39500000000143
2025-06-07 11:00:00,108.34000000000033
2025-06-07 12:00:00,108.8000000000032
2025-06-07 13:00:00,108.79999999999814
2025-06-07 14:00:00,130.20000000000425
2025-06-07 15:00:00,129.57000000000284
2025-06-07 16:00:00,129.4899999999939
2025-06-07 17:00:00,124.09000000000037
2025-06-07 18:00:00,124.72000000000186
2025-06-07 19:00:00,123.98999999999955
2025-06-07 20:00:00,125.94000000000453
2025-06-07 21:00:00,107.49999999999665
2025-06-07 22:00:00,106.55000000000602
2025-06-07 23:00:00,107.41999999999352
2025-06-08 00:00:00,107.34999999999825
2025-06-08 01:00:00,107.14999999999019
2025-06-08 02:00:00,106.57000000000285
2025-06-08 03:00:00,104.06000000000319
2025-06-08 04:00:00,103.08000000000509
2025-06-08 05:00:00,101.58999999998979
2025-06-08 06:00:00,101.499999999995
2025-06-08 07:00:00,103.75999999999534
2025-06-08 08:00:00,105.9149999999902
2025-06-08 09:00:00,107.11500000000412
2025-06-08 10:00:00,107.44999999999649
2025-06-08 11:00:00,108.43999999999997
2025-06-08 12:00:00,108.75000000000627
2025-06-08 13:00:00,109.32500000000836
2025-06-08 14:00:00,106.99499999999732
2025-06-08 15:00:00,112.76499999999689
2025-06-08 16:00:00,128.30499999999637
2025-06-08 17:00:00,111.14500000000903
2025-06-08 18:00:00,108.63999999999635
2025-06-08 19:00:00,109.0899999999946
2025-06-08 20:00:00,108.969999999993
2025-06-08 21:00:00,108.35000000000362
2025-06-08 22:00:00,105.98999999999138
2025-06-08 23:00:00,105.31999999999988
2025-06-09 00:00:00,103.95999999999447
2025-06-09 01:00:00,103.52999999999724
2025-06-09 02:00:00,102.80999999999955
2025-06-09 03:00:00,102.59000000000077
2025-06-09 04:00:00,102.59999999999867
2025-06-09 05:00:00,103.73999999999931
2025-06-09 06:00:00,103.54999999999917
2025-06-09 07:00:00,102.6199999999979
2025-06-09 08:00:00,106.5999999999979
2025-06-09 09:00:00,108.82000000000414
2025-06-09 10:00:00,109.00500000000258
2025-06-09 11:00:00,129.490000000005
2025-06-09 12:00:00,128.99000000000598
2025-06-09 13:00:00,129.7299999999983
2025-06-09 14:00:00,129.720000000002
2025-06-09 15:00:00,130.4200000000112
2025-06-09 16:00:00,124.88000000000176
2025-06-09 17:00:00,126.22999999999288
2025-06-09 18:00:00,136.9500000000011
2025-06-09 19:00:00,124.04000000000671
2025-06-09 20:00:00,110.21999999999352
2025-06-09 21:00:00,109.72000000000087
2025-06-09 22:00:00,105.79000000000235
2025-06-09 23:00:00,105.43999999999659
2025-06-10 00:00:00,103.93000000000151
2025-06-10 01:00:00,102.74999999999804
2025-06-10 02:00:00,102.7699999999906
2025-06-10 03:00:00,102.43999999999566
2025-06-10 04:00:00,102.07000000000684
2025-06-10 05:00:00,102.3000000000046
2025-06-10 06:00:00,102.37000000000191
2025-06-10 07:00:00,102.81999999999806
2025-06-10 08:00:00,101.96000000000214
2025-06-10 09:00:00,102.32999999999738
2025-06-10 10:00:00,104.47999999999907
2025-06-10 11:00:00,105.85000000000075
2025-06-10 12:00:00,109.02000000000017
2025-06-10 13:00:00,113.2799999999969
2025-06-10 14:00:00,130.23999999999936
2025-06-10 15:00:00,128.81000000000233
2025-06-10 16:00:00,126.61000000000416
2025-06-10 17:00:00,128.51999999999697
2025-06-10 18:00:00,123.46000000000605
2025-06-10 19:00:00,125.26000000000073
2025-06-10 20:00:00,125.65999999999471
2025-06-10 21:00:00,126.45000000000417
2025-06-10 22:00:00,127.82999999999396
2025-06-10 23:00:00,127.69000000000005
2025-06-11 00:00:00,108.66000000000545
2025-06-11 01:00:00,106.16000000000105
2025-06-11 02:00:00,104.64000000000289
2025-06-11 03:00:00,104.35000000000207
2025-06-11 04:00:00,103.37999999999768
2025-06-11 05:00:00,103.76999999999819
2025-06-11 06:00:00,103.94000000000045
2025-06-11 07:00:00,103.49999999999625
2025-06-11 08:00:00,105.47999999999936
2025-06-11 09:00:00,108.42
2025-06-11 10:00:00,108.44999999999568
2025-06-11 11:00:00,108.8899999999988
2025-06-11 12:00:00,109.59999999999835
2025-06-11 13:00:00,113.36000000000412
2025-06-11 14:00:00,125.0699999999984
2025-06-11 15:00:00,128.70000000000127
2025-06-11 16:00:00,128.0700000000015
2025-06-11 17:00:00,128.09000000001086
2025-06-11 18:00:00,128.92000000000067
2025-06-11 19:00:00,128.23000000000002
2025-06-11 20:00:00,127.8999999999977
2025-06-11 21:00:00,127.21999999999372
2025-06-11 22:00:00,126.01999999999697
2025-06-11 23:00:00,126.3199999999999
2025-06-12 00:00:00,108.88000000000012
2025-06-12 01:00:00,104.27000000000203
2025-06-12 02:00:00,103.89000000000256
2025-06-12 03:00:00,105.0999999999999
2025-06-12 04:00:00,105.03999999999976
2025-06-12 05:00:00,103.88000000000187
2025-06-12 06:00:00,103.70999999999883
2025-06-12 07:00:00,106.18000000000058
2025-06-12 08:00:00,106.87000000000181
2025-06-12 09:00:00,108.65999999999742
2025-06-12 10:00:00,108.53000000000414
2025-06-12 11:00:00,120.30999999999405
2025-06-12 12:00:00,119.99000000000407
2025-06-12 13:00:00,120.08000000000175
2025-06-12 14:00:00,120.07999999999844
2025-06-12 15:00:00,119.88999999999584
2025-06-12 16:00:00,120.0699999999998
2025-06-12 17:00:00,121.0500000000052
2025-06-12 18:00:00,119.9100000000062
2025-06-12 19:00:00,106.87999999999951
2025-06-12 20:00:00,107.08999999999307
2025-06-12 21:00:00,107.94999999999723
2025-06-12 22:00:00,108.74000000000652
2025-06-12 23:00:00,108.84999999999442
2025-06-13 00:00:00,105.41000000000247
2025-06-13 01:00:00,105.04999999999214
2025-06-13 02:00:00,103.88000000000174
2025-06-13 03:00:00,103.71999999999596
2025-06-13 04:00:00,103.22000000000061
2025-06-13 05:00:00,102.59000000000258
2025-06-13 06:00:00,102.60000000000085
2025-06-13 07:00:00,102.88000000000281
2025-06-13 08:00:00,106.71000000000154
2025-06-13 09:00:00,106.82000000000198
2025-06-13 10:00:00,107.75999999999561
2025-06-13 11:00:00,107.64000000000686
2025-06-13 12:00:00,108.33999999999314
2025-06-13 13:00:00,108.87999999999865
2025-06-13 14:00:00,111.56999999999759
2025-06-13 15:00:00,120.19000000000436
2025-06-13 16:00:00,128.99999999999767
2025-06-13 17:00:00,127.06000000000022
2025-06-13 18:00:00,127.26000000000079
2025-06-13 19:00:00,126.72999999999881
2025-06-13 20:00:00,128.01999999999418
2025-06-13 21:00:00,129.5400000000001
2025-06-13 22:00:00,128.8600000000012
2025-06-13 23:00:00,120.09999999999931
2025-06-14 00:00:00,108.61000000000008
2025-06-14 01:00:00,108.05999999999683
2025-06-14 02:00:00,106.56000000000236
2025-06-14 03:00:00,106.57999999999663
2025-06-14 04:00:00,105.43000000000228
2025-06-14 05:00:00,105.48000000000097
2025-06-14 06:00:00,106.67000000000044
2025-06-14 07:00:00,106.69999999999891
2025-06-14 08:00:00,101.10999999999456
2025-06-14 09:00:00,101.29000000000192
2025-06-14 10:00:00,106.78999999999515
2025-06-14 11:00:00,108.34000000000096
2025-06-14 12:00:00,108.60999999999916
2025-06-14 13:00:00,108.5800000000132
2025-06-14 14:00:00,109.57999999999994
2025-06-14 15:00:00,108.24000000000042
2025-06-14 16:00:00,108.060000000004
2025-06-14 17:00:00,106.69999999999666
2025-06-14 18:00:00,114.33000000000621
2025-06-14 19:00:00,116.64999999999984
2025-06-14 20:00:00,116.399999999993
2025-06-14 21:00:00,116.28000000000124
2025-06-14 22:00:00,107.84000000000383
2025-06-14 23:00:00,105.48999999999647
2025-06-15 00:00:00,105.35000000000197
2025-06-15 01:00:00,104.90999999999991
2025-06-15 02:00:00,104.51000000000975
2025-06-15 03:00:00,103.33000000000797
2025-06-15 04:00:00,103.26000000000333
2025-06-15 05:00:00,102.25000000000094
2025-06-15 06:00:00,102.24000000000264
2025-06-15 07:00:00,102.27999999999737
2025-06-15 08:00:00,102.94999999999844
2025-06-15 09:00:00,104.24000000000193
2025-06-15 10:00:00,106.79999999998873
2025-06-15 11:00:00,105.36999999999934
2025-06-15 12:00:00,104.4399999999956
2025-06-15 13:00:00,103.28999999999634
2025-06-15 14:00:00,105.37000000000084
2025-06-15 15:00:00,106.30000000000777
2025-06-15 16:00:00,104.1500000000028
2025-06-15 17:00:00,105.35999999999633
2025-06-15 18:00:00,110.00000000000367
2025-06-15 19:00:00,109.99999999999734
2025-06-15 20:00:00,104.80000000000386
2025-06-15 21:00:00,104.77000000000035
2025-06-15 22:00:00,103.93999999999991
2025-06-15 23:00:00,103.73000000000442
2025-06-16 00:00:00,103.75000000000018
2025-06-16 01:00:00,103.06999999999236
2025-06-16 02:00:00,103.09999999999606
2025-06-16 03:00:00,103.11999999999982
2025-06-16 04:00:00,103.06999999999967
2025-06-16 05:00:00,103.21999999999981
2025-06-16 06:00:00,103.22000000000227
2025-06-16 07:00:00,103.13999999999376
2025-06-16 08:00:00,103.62999999999852
2025-06-16 09:00:00,104.24999999999861
2025-06-16 10:00:00,103.89999999999992
2025-06-16 11:00:00,103.58000000000628
2025-06-16 12:00:00,103.54000000000015
2025-06-16 13:00:00,107.48999999999688
2025-06-16 14:00:00,118.41000000000123
2025-06-16 15:00:00,122.39000000000267
2025-06-16 16:00:00,122.47000000000725
2025-06-16 17:00:00,122.7200000000031
2025-06-16 18:00:00,123.21000000000768
2025-06-16 19:00:00,123.62000000000428
2025-06-16 20:00:00,113.68000000000387
2025-06-16 21:00:00,109.75999999999925
2025-06-16 22:00:00,103.67999999999859
2025-06-16 23:00:00,103.47999999999726
2025-06-17 00:00:00,103.29000000000329
2025-06-17 01:00:00,103.1799999999999
2025-06-17 02:00:00,103.12000000000326
2025-06-17 03:00:00,103.09999999999827
2025-06-17 04:00:00,103.09999999999803
2025-06-17 05:00:00,103.3500000000017
2025-06-17 06:00:00,103.1299999999968
2025-06-17 07:00:00,103.22999999999878
2025-06-17 08:00:00,103.72000000000274
2025-06-17 09:00:00,103.33000000000014
2025-06-17 10:00:00,103.63999999999491
2025-06-17 11:00:00,103.85000000000316
2025-06-17 12:00:00,104.27999999999778
2025-06-17 13:00:00,103.71999999999501
2025-06-17 14:00:00,107.60000000000201
2025-06-17 15:00:00,122.17999999999377
2025-06-17 16:00:00,122.59000000000358
2025-06-17 17:00:00,122.71000000000178
2025-06-17 18:00:00,125.97999999999746
2025-06-17 19:00:00,125.69500000000122
2025-06-17 20:00:00,122.48000000000441
2025-06-17 21:00:00,122.69499999999708
2025-06-17 22:00:00,103.60499999999809
2025-06-17 23:00:00,103.39999999999584
2025-06-18 00:00:00,103.08999999999895
2025-06-18 01:00:00,103.22999999999686
2025-06-18 02:00:00,103.52999999999642
2025-06-18 03:00:00,103.47000000000334
2025-06-18 04:00:00,103.49999999999612
2025-06-18 05:00:00,103.60000000000089
2025-06-18 06:00:00,104.03000000000645
2025-06-18 07:00:00,103.81999999999282
2025-06-18 08:00:00,103.86000000000253
2025-06-18 09:00:00,103.83999999999907
2025-06-18 10:00:00,104.06999999999732
2025-06-18 11:00:00,103.84000000000101
2025-06-18 12:00:00,103.89000000000358
2025-06-18 13:00:00,103.88999999998371
2025-06-18 14:00:00,126.72000000000072
2025-06-18 15:00:00,125.51999999999362
2025-06-18 16:00:00,125.89000000000283
2025-06-18 17:00:00,124.51000000000354
2025-06-18 18:00:00,126.04999999999394
2025-06-18 19:00:00,125.8600000000085
2025-06-18 20:00:00,106.6600000000037
2025-06-18 21:00:00,103.7799999999963
2025-06-18 22:00:00,103.50000000000792
2025-06-18 23:00:00,103.08999999999696
2025-06-19 00:00:00,103.23999999999289
2025-06-19 01:00:00,103.17999999999762
2025-06-19 02:00:00,103.29999999999723
2025-06-19 03:00:00,103.51999999999661
2025-06-19 04:00:00,103.65999999999946
2025-06-19 05:00:00,104.08000000000666
2025-06-19 06:00:00,103.28999999999667
2025-06-19 07:00:00,103.35999999999612
2025-06-19 08:00:00,104.05000000000193
2025-06-19 09:00:00,104.14999999999448
2025-06-19 10:00:00,103.94999999999362
2025-06-19 11:00:00,104.01999999999732
2025-06-19 12:00:00,103.85999999999929
2025-06-19 13:00:00,103.24999999999136
2025-06-19 14:00:00,107.42999999999684
2025-06-19 15:00:00,109.73999999999556
2025-06-19 16:00:00,110.15000000000752
2025-06-19 17:00:00,110.43000000000805
2025-06-19 18:00:00,110.65000000000863
2025-06-19 19:00:00,109.66000000000022
2025-06-19 20:00:00,110.350000000001
2025-06-19 21:00:00,107.62000000000154
2025-06-19 22:00:00,103.29000000000018
2025-06-19 23:00:00,103.24999999999596
2025-06-20 00:00:00,103.13999999999325
2025-06-20 01:00:00,102.78999999999871
2025-06-20 02:00:00,103.0700000000012
2025-06-20 03:00:00,103.12999999999539
2025-06-20 04:00:00,103.21999999999369
2025-06-20 05:00:00,103.2199999999998
2025-06-20 06:00:00,103.22000000000443
2025-06-20 07:00:00,103.27999999999943
2025-06-20 08:00:00,103.3900000000032
2025-06-20 09:00:00,103.39999999999961
2025-06-20 10:00:00,103.39999999998827
2025-06-20 11:00:00,103.43000000000454
2025-06-20 12:00:00,103.55999999999439
2025-06-20 13:00:00,103.67999999999873
2025-06-20 14:00:00,103.49000000000291
2025-06-20 15:00:00,110.41999999999737
2025-06-20 16:00:00,121.66999999999516
2025-06-20 17:00:00,122.2700000000001
2025-06-20 18:00:00,110.51000000000295
2025-06-20 19:00:00,110.7700000000054
2025-06-20 20:00:00,110.53999999999259
2025-06-20 21:00:00,110.13999999999754
2025-06-20 22:00:00,103.39000000000063
2025-06-20 23:00:00,103.27000000000179
2025-06-21 00:00:00,103.42999999999829
2025-06-21 01:00:00,102.95999999999663
2025-06-21 02:00:00,102.71999999999744
2025-06-21 03:00:00,102.55999999999496
2025-06-21 04:00:00,102.75999999999867
2025-06-21 05:00:00,102.82000000000329
2025-06-21 06:00:00,102.84999999999808
2025-06-21 07:00:00,103.3200000000012
2025-06-21 08:00:00,103.36000000000217
2025-06-21 09:00:00,103.73500000000085
2025-06-21 10:00:00,103.99000000000082
2025-06-21 11:00:00,103.99999999999706
2025-06-21 12:00:00,103.78499999999727
2025-06-21 13:00:00,103.89500000000412
2025-06-21 14:00:00,104.08999999999926
2025-06-21 15:00:00,103.87000000000369
2025-06-21 16:00:00,110.73000000000145
2025-06-21 17:00:00,111.92000000000057
2025-06-21 18:00:00,111.99999999999658
2025-06-21 19:00:00,112.3299999999985
2025-06-21 20:00:00,111.16999999999952
2025-06-21 21:00:00,111.17000000000257
2025-06-21 22:00:00,108.2899999999958
2025-06-21 23:00:00,103.10999999999683
2025-06-22 00:00:00,103.48999999999289
2025-06-22 01:00:00,102.6900000000032
2025-06-22 02:00:00,102.66000000000433
2025-06-22 03:00:00,103.06999999999893
2025-06-22 04:00:00,103.03000000000371
2025-06-22 05:00:00,102.8499999999907
2025-06-22 06:00:00,102.84999999999688
2025-06-22 07:00:00,103.17000000000228
2025-06-22 08:00:00,103.589999999999
2025-06-22 09:00:00,102.6399999999955
2025-06-22 10:00:00,103.55499999999999
2025-06-22 11:00:00,103.91499999999937
2025-06-22 12:00:00,104.0649999999983
2025-06-22 13:00:00,103.67000000000156
2025-06-22 14:00:00,103.81499999999654
2025-06-22 15:00:00,108.59000000002092
2025-06-22 16:00:00,108.91000000000753
2025-06-22 17:00:00,108.67000000001114
2025-06-22 18:00:00,108.63999999999531
2025-06-22 19:00:00,108.38000000000069
2025-06-22 20:00:00,108.29000000000379
2025-06-22 21:00:00,103.68000000000376
2025-06-22 22:00:00,103.78999999998854
2025-06-22 23:00:00,103.11000000000088
2025-06-23 00:00:00,104.55999999999769
2025-06-23 01:00:00,104.50000000000249
2025-06-23 02:00:00,104.29000000000327
2025-06-23 03:00:00,104.1700000000064
2025-06-23 04:00:00,104.81999999999915
2025-06-23 05:00:00,104.32000000000134
2025-06-23 06:00:00,104.32000000000005
2025-06-23 07:00:00,104.85999999999794
2025-06-23 08:00:00,104.92999999999708
2025-06-23 09:00:00,105.11999999999233
2025-06-23 10:00:00,105.26999999999533
2025-06-23 11:00:00,105.3400000000021
2025-06-23 12:00:00,105.09999999999563
2025-06-23 13:00:00,105.21000000000618
2025-06-23 14:00:00,105.14999999999266
2025-06-23 15:00:00,105.13000000000413
2025-06-23 16:00:00,105.26000000000862
2025-06-23 17:00:00,105.24999999999382
2025-06-23 18:00:00,128.75999999999692
2025-06-23 19:00:00,127.92000000000627
2025-06-23 20:00:00,113.68000000000326
2025-06-23 21:00:00,104.75000000000288
2025-06-23 22:00:00,103.68000000000337
2025-06-23 23:00:00,104.14999999999759
2025-06-24 00:00:00,104.31000000000093
2025-06-24 01:00:00,104.3199999999936
2025-06-24 02:00:00,104.26000000000514
2025-06-24 03:00:00,104.35000000000039
2025-06-24 04:00:00,104.37000000000009
2025-06-24 05:00:00,104.73000000000397
2025-06-24 06:00:00,104.56000000000272
2025-06-24 07:00:00,104.85999999999915
2025-06-24 08:00:00,105.36000000000259
2025-06-24 09:00:00,105.33999999999804
2025-06-24 10:00:00,105.21999999999393
2025-06-24 11:00:00,105.26000000000651
2025-06-24 12:00:00,105.11999999999261
2025-06-24 13:00:00,105.22000000000772
2025-06-24 14:00:00,105.15999999999845
2025-06-24 15:00:00,105.13000000001134
2025-06-24 16:00:00,108.58999999999558
2025-06-24 17:00:00,111.67000000001637
2025-06-24 18:00:00,125.55999999998498
2025-06-24 19:00:00,126.62999999999393
2025-06-24 20:00:00,126.66999999999732
2025-06-24 21:00:00,126.70000000000414
2025-06-24 22:00:00,110.44999999999754
2025-06-24 23:00:00,105.10000000000637
2025-06-25 00:00:00,104.95999999999563
2025-06-25 01:00:00,104.82999999999195
2025-06-25 02:00:00,104.3700000000004
2025-06-25 03:00:00,104.51000000000137
2025-06-25 04:00:00,104.8599999999955
2025-06-25 05:00:00,105.35999999999737
2025-06-25 06:00:00,104.76000000000339
2025-06-25 07:00:00,105.17000000000137
2025-06-25 08:00:00,105.44999999999438
2025-06-25 09:00:00,105.03000000000014
2025-06-25 10:00:00,105.16999999999136
2025-06-25 11:00:00,104.88000000000741
2025-06-25 12:00:00,104.99999999999784
2025-06-25 13:00:00,105.27999999999892
2025-06-25 14:00:00,112.73000000000498
2025-06-25 15:00:00,124.77000000000433
2025-06-25 16:00:00,125.0800000000042
2025-06-25 17:00:00,125.00000000000004
2025-06-25 18:00:00,124.03000000000348
2025-06-25 19:00:00,121.82999999999781
2025-06-25 20:00:00,121.83000000000106
2025-06-25 21:00:00,114.35999999999964
2025-06-25 22:00:00,111.12999999999205
2025-06-25 23:00:00,104.95000000000255
2025-06-26 00:00:00,104.55999999999602
2025-06-26 01:00:00,104.56000000000168
2025-06-26 02:00:00,104.3500000000018
2025-06-26 03:00:00,104.00000000000348
2025-06-26 04:00:00,104.35000000000254
2025-06-26 05:00:00,104.58999999999217
2025-06-26 06:00:00,104.96000000000146
2025-06-26 07:00:00,104.9700000000011
2025-06-26 08:00:00,105.06999999999978
2025-06-26 09:00:00,105.05999999999611
2025-06-26 10:00:00,105.28999999999643
2025-06-26 11:00:00,105.45999999999464
2025-06-26 12:00:00,105.54000000000313
2025-06-26 13:00:00,105.17999999999958
2025-06-26 14:00:00,117.42999999999913
2025-06-26 15:00:00,125.49000000000204
2025-06-26 16:00:00,125.30000000000487
2025-06-26 17:00:00,125.06000000000908
2025-06-26 18:00:00,127.18999999999099
2025-06-26 19:00:00,120.1300000000059
2025-06-26 20:00:00,104.68999999999627
2025-06-26 21:00:00,104.79999999999407
2025-06-26 22:00:00,104.68000000001875
2025-06-26 23:00:00,104.3499999999989
2025-06-27 00:00:00,104.56000000000168
2025-06-27 01:00:00,105.40999999999734
2025-06-27 02:00:00,105.40999999999529
2025-06-27 03:00:00,105.73999999999664
2025-06-27 04:00:00,105.70000000000226
2025-06-27 05:00:00,106.05000000000294
2025-06-27 06:00:00,106.37000000000073
2025-06-27 07:00:00,105.00999999999387
2025-06-27 08:00:00,104.59000000000613
2025-06-27 09:00:00,105.05999999999871
2025-06-27 10:00:00,105.09999999999818
2025-06-27 11:00:00,105.61000000000205
2025-06-27 12:00:00,105.27000000000416
2025-06-27 13:00:00,105.27000000000288
2025-06-27 14:00:00,105.55000000000176
2025-06-27 15:00:00,120.46000000000346
2025-06-27 16:00:00,123.73000000000076
2025-06-27 17:00:00,115.95000000000417
2025-06-27 18:00:00,116.29999999999986
2025-06-27 19:00:00,116.24999999999318
2025-06-27 20:00:00,105.59999999999233
2025-06-27 21:00:00,104.81999999999896
2025-06-27 22:00:00,104.67000000000304
2025-06-27 23:00:00,104.73999999999579
2025-06-28 00:00:00,104.53000000000335
2025-06-28 01:00:00,105.78999999999857
2025-06-28 02:00:00,105.40999999999919
2025-06-28 03:00:00,105.40999999999912
2025-06-28 04:00:00,105.52999999999426
2025-06-28 05:00:00,105.70000000000303
2025-06-28 06:00:00,105.17000000000313
2025-06-28 07:00:00,104.55999999999666
2025-06-28 08:00:00,104.58000000000702
2025-06-28 09:00:00,104.81000000000459
2025-06-28 10:00:00,104.21999999999458
2025-06-28 11:00:00,103.9650000000002
2025-06-28 12:00:00,104.29999999998599
2025-06-28 13:00:00,104.63000000000652
2025-06-28 14:00:00,104.35999999999903
2025-06-28 15:00:00,104.58999999999911
2025-06-28 16:00:00,104.45000000000324
2025-06-28 17:00:00,104.54999999999511
2025-06-28 18:00:00,106.00999999999573
2025-06-28 19:00:00,105.34999999999658
2025-06-28 20:00:00,105.12999999999636
2025-06-28 21:00:00,104.85999999999804
2025-06-28 22:00:00,104.43000000000274
2025-06-28 23:00:00,104.86000000000007
2025-06-29 00:00:00,105.41999999999493
2025-06-29 01:00:00,104.85999999999365
2025-06-29 02:00:00,104.15000000000371
2025-06-29 03:00:00,103.25000000000587
2025-06-29 04:00:00,102.91000000000416
2025-06-29 05:00:00,103.09999999999508
2025-06-29 06:00:00,103.5699999999956
2025-06-29 07:00:00,103.47000000000182
2025-06-29 08:00:00,102.95000000000088
2025-06-29 09:00:00,102.94999999999753
2025-06-29 10:00:00,103.04000000000032
2025-06-29 11:00:00,103.81000000000009
2025-06-29 12:00:00,104.19000000000078
2025-06-29 13:00:00,104.40000000000192
2025-06-29 14:00:00,104.43000000000278
2025-06-29 15:00:00,103.07000000000139
2025-06-29 16:00:00,104.8099999999911
2025-06-29 17:00:00,104.99000000000221
2025-06-29 18:00:00,105.57999999999099
2025-06-29 19:00:00,105.24999999999879
2025-06-29 20:00:00,105.18000000000372
2025-06-29 21:00:00,105.13000000000648
2025-06-29 22:00:00,104.85999999999557
2025-06-29 23:00:00,104.37000000000683
2025-06-30 00:00:00,105.21999999999
2025-06-30 01:00:00,105.22999999999809
2025-06-30 02:00:00,105.30000000000342
2025-06-30 03:00:00,105.2600000000049
2025-06-30 04:00:00,105.55999999999095
2025-06-30 05:00:00,105.77000000000142
2025-06-30 06:00:00,106.02000000000024
2025-06-30 07:00:00,104.90999999999792
2025-06-30 08:00:00,105.33000000001157
2025-06-30 09:00:00,104.9199999999998
2025-06-30 10:00:00,105.71999999999431
2025-06-30 11:00:00,106.2500000000043
2025-06-30 12:00:00,106.24999999999575
2025-06-30 13:00:00,106.11000000000321
2025-06-30 14:00:00,106.00999999999625
2025-06-30 15:00:00,105.99000000000804
2025-06-30 16:00:00,106.29000000000475
2025-06-30 17:00:00,106.92999999999795
2025-06-30 18:00:00,111.96000000000012
2025-06-30 19:00:00,117.469999999997
2025-06-30 20:00:00,114.5599999999931
2025-06-30 21:00:00,113.65999999999977
2025-06-30 22:00:00,105.71000000001017
2025-06-30 23:00:00,104.97999999999345
2025-07-01 00:00:00,105.4300000000069
2025-07-01 01:00:00,105.48999999999377
2025-07-01 02:00:00,105.17999999999677
2025-07-01 03:00:00,106.66000000000714
2025-07-01 04:00:00,105.44999999999598
2025-07-01 05:00:00,106.49000000000476
2025-07-01 06:00:00,105.82000000000225
2025-07-01 07:00:00,105.29000000000072
2025-07-01 08:00:00,103.74000000000072
2025-07-01 09:00:00,104.71500000000151
2025-07-01 10:00:00,104.83500000000662
2025-07-01 11:00:00,105.47999999999533
2025-07-01 12:00:00,105.73000000000228
2025-07-01 13:00:00,106.05999999999861
2025-07-01 14:00:00,106.1100000000031
2025-07-01 15:00:00,106.00500000000203
2025-07-01 16:00:00,105.73999999999944
2025-07-01 17:00:00,106.05000000000182
2025-07-01 18:00:00,115.1900000000053
2025-07-01 19:00:00,125.51999999999914
2025-07-01 20:00:00,124.81999999999452
2025-07-01 21:00:00,122.92000000000216
2025-07-01 22:00:00,105.82000000000242
2025-07-01 23:00:00,105.6399999999927
2025-07-02 00:00:00,104.79999999999171
2025-07-02 01:00:00,104.86999999999671
2025-07-02 02:00:00,105.43999999999807
2025-07-02 03:00:00,105.25000000000341
2025-07-02 04:00:00,105.44999999999173
2025-07-02 05:00:00,106.53999999999675
2025-07-02 06:00:00,106.54000000000197
2025-07-02 07:00:00,105.80999999999861
2025-07-02 08:00:00,105.60999999999211
2025-07-02 09:00:00,105.85000000000258
2025-07-02 10:00:00,106.25999999998564
2025-07-02 11:00:00,106.2600000000075
2025-07-02 12:00:00,106.12999999999941
2025-07-02 13:00:00,106.0499999999972
2025-07-02 14:00:00,106.42000000000135
2025-07-02 15:00:00,113.92999999999769
2025-07-02 16:00:00,121.31999999999967
2025-07-02 17:00:00,121.70000000000333
2025-07-02 18:00:00,122.03999999999954
2025-07-02 19:00:00,126.03
2025-07-02 20:00:00,125.409999999993
2025-07-02 21:00:00,123.88999999999795
2025-07-02 22:00:00,109.76999999999784
2025-07-02 23:00:00,105.8499999999931
2025-07-03 00:00:00,105.63000000001033
2025-07-03 01:00:00,105.38000000000301
2025-07-03 02:00:00,105.02999999999871
2025-07-03 03:00:00,105.1199999999905
2025-07-03 04:00:00,105.45000000000213
2025-07-03 05:00:00,106.20000000000024
2025-07-03 06:00:00,106.20000000000148
2025-07-03 07:00:00,105.59000000000543
2025-07-03 08:00:00,105.70999999999833
2025-07-03 09:00:00,105.83999999999746
2025-07-03 10:00:00,105.95999999999805
2025-07-03 11:00:00,106.0600000000013
2025-07-03 12:00:00,105.97000000000492
2025-07-03 13:00:00,106.28000000000485
2025-07-03 14:00:00,106.31999999999177
2025-07-03 15:00:00,106.59999999999826
2025-07-03 16:00:00,106.71999999999838
2025-07-03 17:00:00,114.79000000000832
2025-07-03 18:00:00,123.02999999999913
2025-07-03 19:00:00,127.76000000000221
2025-07-03 20:00:00,127.45999999999444
2025-07-03 21:00:00,127.62000000000364
2025-07-03 22:00:00,111.60000000000939
2025-07-03 23:00:00,109.79999999999986
2025-07-04 00:00:00,105.96999999999235
2025-07-04 01:00:00,105.92999999999779
2025-07-04 02:00:00,105.95000000000415
2025-07-04 03:00:00,105.96999999999608
2025-07-04 04:00:00,105.77999999999322
2025-07-04 05:00:00,105.96000000000299
2025-07-04 06:00:00,105.82999999999306
2025-07-04 07:00:00,105.56999999999674
2025-07-04 08:00:00,105.82000000000734
2025-07-04 09:00:00,106.06999999999884
2025-07-04 10:00:00,106.20999999999587
2025-07-04 11:00:00,106.39999999999618
2025-07-04 12:00:00,106.33999999999433
2025-07-04 13:00:00,106.65000000000238
2025-07-04 14:00:00,106.29000000000757
2025-07-04 15:00:00,106.239999999998
2025-07-04 16:00:00,105.7300000000027
2025-07-04 17:00:00,114.67999999999232
2025-07-04 18:00:00,124.19999999999834
2025-07-04 19:00:00,126.04000000000482
2025-07-04 20:00:00,125.8900000000029
2025-07-04 21:00:00,125.43000000000099
2025-07-04 22:00:00,116.07000000000305
2025-07-04 23:00:00,114.17999999999472
2025-07-05 00:00:00,105.62000000000096
2025-07-05 01:00:00,105.40999999999218
2025-07-05 02:00:00,105.2900000000022
2025-07-05 03:00:00,105.29000000000109
2025-07-05 04:00:00,105.52000000000089
2025-07-05 05:00:00,105.53999999999758
2025-07-05 06:00:00,105.38000000001293
2025-07-05 07:00:00,106.12000000000222
2025-07-05 08:00:00,106.25000000000709
2025-07-05 09:00:00,106.01000000000133
2025-07-05 10:00:00,106.30000000000149
2025-07-05 11:00:00,106.2250000000013
2025-07-05 12:00:00,114.11499999999715
2025-07-05 13:00:00,114.0450000000024
2025-07-05 14:00:00,123.970000000001
2025-07-05 15:00:00,125.04000000000003
2025-07-05 16:00:00,124.15999999999732
2025-07-05 17:00:00,123.39499999999546
2025-07-05 18:00:00,125.26500000000281
2025-07-05 19:00:00,124.79999999999896
2025-07-05 20:00:00,124.62000000000434
2025-07-05 21:00:00,114.41999999999797
2025-07-05 22:00:00,105.57000000000568
2025-07-05 23:00:00,106.0299999999885
2025-07-06 00:00:00,105.49000000000707
2025-07-06 01:00:00,105.52999999999557
2025-07-06 02:00:00,106.1
2025-07-06 03:00:00,106.22000000000463
2025-07-06 04:00:00,106.07000000000475
2025-07-06 05:00:00,106.05999999999959
2025-07-06 06:00:00,106.06000000000135
2025-07-06 07:00:00,105.88999999999831
2025-07-06 08:00:00,105.56999999999984
2025-07-06 09:00:00,104.94000000000102
2025-07-06 10:00:00,105.17000000000532
2025-07-06 11:00:00,105.8399999999999
2025-07-06 12:00:00,105.97000000000534
2025-07-06 13:00:00,106.03999999999955
2025-07-06 14:00:00,106.2400000000065
2025-07-06 15:00:00,106.41000000000133
2025-07-06 16:00:00,106.14000000000101
2025-07-06 17:00:00,118.93000000000148
2025-07-06 18:00:00,128.92999999999313
2025-07-06 19:00:00,128.5100000000006
2025-07-06 20:00:00,125.43999999999795
2025-07-06 21:00:00,111.4699999999924
2025-07-06 22:00:00,105.97000000000976
2025-07-06 23:00:00,105.56999999999505
2025-07-07 00:00:00,108.66999999999659
2025-07-07 01:00:00,108.47000000000614
2025-07-07 02:00:00,107.59000000000619
2025-07-07 03:00:00,107.33999999999868
2025-07-07 04:00:00,107.1900000000041
2025-07-07 05:00:00,107.18999999999959
2025-07-07 06:00:00,107.18999999999536
2025-07-07 07:00:00,107.60999999999436
2025-07-07 08:00:00,107.44000000000469
2025-07-07 09:00:00,107.59000000000168
2025-07-07 10:00:00,107.49999999999565
2025-07-07 11:00:00,106.97000000000023
2025-07-07 12:00:00,106.23999999999539
2025-07-07 13:00:00,110.12999999999855
2025-07-07 14:00:00,110.96999999999724
2025-07-07 15:00:00,110.13000000000747
2025-07-07 16:00:00,109.05000000001152
2025-07-07 17:00:00,108.14999999999384
2025-07-07 18:00:00,108.19000000000031
2025-07-07 19:00:00,108.46000000000153
2025-07-07 20:00:00,109.55999999999295
2025-07-07 21:00:00,109.54999999999858
2025-07-07 22:00:00,110.66999999999898
2025-07-07 23:00:00,107.18000000000019
2025-07-08 00:00:00,107.18999999999386
2025-07-08 01:00:00,107.04000000000143
2025-07-08 02:00:00,107.1249999999971
2025-07-08 03:00:00,106.98500000000415
2025-07-08 04:00:00,107.00000000000843
2025-07-08 05:00:00,107.61000000001003
2025-07-08 06:00:00,107.66000000000355
2025-07-08 07:00:00,107.45000000000253
2025-07-08 08:00:00,107.61000000000165
2025-07-08 09:00:00,107.1500000000046
2025-07-08 10:00:00,106.40999999999758
2025-07-08 11:00:00,107.11000000000482
2025-07-08 12:00:00,107.10999999999996
2025-07-08 13:00:00,106.55999999999624
2025-07-08 14:00:00,106.94000000000297
2025-07-08 15:00:00,114.48000000000636
2025-07-08 16:00:00,113.99000000000458
2025-07-08 17:00:00,113.79000000000481
2025-07-08 18:00:00,111.55000000000294
2025-07-08 19:00:00,117.15999999999805
2025-07-08 20:00:00,116.6199999999954
2025-07-08 21:00:00,111.43999999999707
2025-07-08 22:00:00,111.79999999999174
2025-07-08 23:00:00,111.74000000000345
2025-07-09 00:00:00,111.69999999999968
2025-07-09 01:00:00,111.5999999999951
2025-07-09 02:00:00,107.16000000000567
2025-07-09 03:00:00,107.35000000000178
2025-07-09 04:00:00,107.31999999999582
2025-07-09 05:00:00,107.32000000000937
2025-07-09 06:00:00,107.35000000000522
2025-07-09 07:00:00,106.17999999999941
2025-07-09 08:00:00,106.1400000000001
2025-07-09 09:00:00,107.14999999999034
2025-07-09 10:00:00,107.31999999998799
2025-07-09 11:00:00,112.99000000000049
2025-07-09 12:00:00,113.85000000000169
2025-07-09 13:00:00,115.60999999999487
2025-07-09 14:00:00,115.37000000000356
2025-07-09 15:00:00,113.61000000001003
2025-07-09 16:00:00,112.91999999999913
2025-07-09 17:00:00,110.88000000000225
2025-07-09 18:00:00,117.90000000000255
2025-07-09 19:00:00,125.59999999999339
2025-07-09 20:00:00,125.95999999999866
2025-07-09 21:00:00,116.73000000000106
2025-07-09 22:00:00,114.53999999999698
2025-07-09 23:00:00,112.49999999999804
2025-07-10 00:00:00,112.79999999999811
2025-07-10 01:00:00,112.3200000000003
2025-07-10 02:00:00,111.61999999999628
2025-07-10 03:00:00,111.25999999999982
2025-07-10 04:00:00,109.64000000000573
2025-07-10 05:00:00,111.2099999999931
2025-07-10 06:00:00,109.6300000000053
2025-07-10 07:00:00,107.58999999999806
2025-07-10 08:00:00,113.80999999999743
2025-07-10 09:00:00,114.73999999999732
2025-07-10 10:00:00,115.24000000000116
2025-07-10 11:00:00,115.45999999999675
2025-07-10 12:00:00,115.2700000000015
2025-07-10 13:00:00,115.07000000000313
2025-07-10 14:00:00,115.4599999999989
2025-07-10 15:00:00,114.91000000000786
2025-07-10 16:00:00,114.35000000000102
2025-07-10 17:00:00,114.04000000000576
2025-07-10 18:00:00,114.64999999999553
2025-07-10 19:00:00,114.54000000000303
2025-07-10 20:00:00,114.63999999999928
2025-07-10 21:00:00,114.12999999999211
2025-07-10 22:00:00,112.39999999999803
2025-07-10 23:00:00,112.13999999999727
2025-07-11 00:00:00,111.8199999999962
2025-07-11 01:00:00,107.5300000000035
2025-07-11 02:00:00,107.50000000000313
2025-07-11 03:00:00,107.5000000000061
2025-07-11 04:00:00,107.62000000000295
2025-07-11 05:00:00,108.46000000000319
2025-07-11 06:00:00,107.44000000000311
2025-07-11 07:00:00,107.33999999999729
2025-07-11 08:00:00,107.20999999999934
2025-07-11 09:00:00,107.00999999999686
2025-07-11 10:00:00,107.47999999999105
2025-07-11 11:00:00,113.7699999999886
2025-07-11 12:00:00,113.81000000000381
2025-07-11 13:00:00,114.09000000000694
2025-07-11 14:00:00,114.2399999999987
2025-07-11 15:00:00,113.40999999999943
2025-07-11 16:00:00,114.9800000000115
2025-07-11 17:00:00,116.47000000000916
2025-07-11 18:00:00,118.27999999999317
2025-07-11 19:00:00,117.84000000000081
2025-07-11 20:00:00,117.23000000000572
2025-07-11 21:00:00,117.26999999998789
2025-07-11 22:00:00,115.45999999999763
2025-07-11 23:00:00,114.6200000000041
2025-07-12 00:00:00,112.38999999999702
2025-07-12 01:00:00,112.07000000000518
2025-07-12 02:00:00,107.49999999999777
2025-07-12 03:00:00,106.94999999999568
2025-07-12 04:00:00,106.99000000000623
2025-07-12 05:00:00,106.99000000000987
2025-07-12 06:00:00,106.87999999999461
2025-07-12 07:00:00,106.35000000000183
2025-07-12 08:00:00,106.25000000000307
2025-07-12 09:00:00,106.86000000000217
2025-07-12 10:00:00,107.01999999999533
2025-07-12 11:00:00,107.60000000000377
2025-07-12 12:00:00,107.5900000000031
2025-07-12 13:00:00,114.16999999999854
2025-07-12 14:00:00,115.12000000001586
2025-07-12 15:00:00,114.16999999999882
2025-07-12 16:00:00,114.1000000000078
2025-07-12 17:00:00,111.8100000000066
2025-07-12 18:00:00,124.40999999999586
2025-07-12 19:00:00,128.5499999999963
2025-07-12 20:00:00,125.37999999999438
2025-07-12 21:00:00,123.00999999999665
2025-07-12 22:00:00,122.98000000000313
2025-07-12 23:00:00,113.07999999999882
2025-07-13 00:00:00,113.27999999999153
2025-07-13 01:00:00,112.55999999999703
2025-07-13 02:00:00,112.3400000000076
2025-07-13 03:00:00,107.58000000001124
2025-07-13 04:00:00,107.40999999999974
2025-07-13 05:00:00,107.3400000000054
2025-07-13 06:00:00,105.75999999999422
2025-07-13 07:00:00,107.36999999999718
2025-07-13 08:00:00,107.30999999999577
2025-07-13 09:00:00,107.49999999999838
2025-07-13 10:00:00,107.45999999999947
2025-07-13 11:00:00,107.45000000000437
2025-07-13 12:00:00,107.33000000000209
2025-07-13 13:00:00,107.48000000000714
2025-07-13 14:00:00,114.40999999999677
2025-07-13 15:00:00,114.25000000000404
2025-07-13 16:00:00,110.09500000000367
2025-07-13 17:00:00,111.43999999999423
2025-07-13 18:00:00,110.25999999999891
2025-07-13 19:00:00,109.99000000000059
2025-07-13 20:00:00,110.27999999999723
2025-07-13 21:00:00,111.63000000000208
2025-07-13 22:00:00,110.82000000000873
2025-07-13 23:00:00,107.58999999999519
2025-07-14 00:00:00,109.1700000000018
2025-07-14 01:00:00,108.75999999999983
2025-07-14 02:00:00,107.72000000000664
2025-07-14 03:00:00,107.65999999999788
2025-07-14 04:00:00,108.27999999999652
2025-07-14 05:00:00,109.41000000000236
2025-07-14 06:00:00,109.1199999999981
2025-07-14 07:00:00,109.35999999999906
2025-07-14 08:00:00,108.93999999999436
2025-07-14 09:00:00,108.94999999999216
2025-07-14 10:00:00,108.95000000000682
2025-07-14 11:00:00,109.2500000000089
2025-07-14 12:00:00,109.05999999999973
2025-07-14 13:00:00,109.2299999999971
2025-07-14 14:00:00,110.02000000000123
2025-07-14 15:00:00,110.03000000000266
2025-07-14 16:00:00,109.6700000000023
2025-07-14 17:00:00,109.76999999999579
2025-07-14 18:00:00,115.28000000000931
2025-07-14 19:00:00,118.47000000000263
2025-07-14 20:00:00,117.47999999999361
2025-07-14 21:00:00,115.7999999999988
2025-07-14 22:00:00,115.75999999999718
2025-07-14 23:00:00,109.61999999999584
2025-07-15 00:00:00,109.6900000000059
2025-07-15 01:00:00,109.92999999999523
2025-07-15 02:00:00,109.809999999997
2025-07-15 03:00:00,109.46000000001031
2025-07-15 04:00:00,109.54000000000038
2025-07-15 05:00:00,109.42000000000087
2025-07-15 06:00:00,109.23000000000073
2025-07-15 07:00:00,109.1899999999972
2025-07-15 08:00:00,108.98000000000073
2025-07-15 09:00:00,109.12999999999496
2025-07-15 10:00:00,109.54999999999634
2025-07-15 11:00:00,110.2799999999983
2025-07-15 12:00:00,110.51999999999467
2025-07-15 13:00:00,115.13000000000096
2025-07-15 14:00:00,117.54000000000165
2025-07-15 15:00:00,117.86000000000561
2025-07-15 16:00:00,118.86000000000621
2025-07-15 17:00:00,119.0800000000026
2025-07-15 18:00:00,124.84000000000044
2025-07-15 19:00:00,127.62000000000465
2025-07-15 20:00:00,126.60999999999936
2025-07-15 21:00:00,124.97000000000519
2025-07-15 22:00:00,122.01000000000282
2025-07-15 23:00:00,116.77000000000143
2025-07-16 00:00:00,109.71000000000171
2025-07-16 01:00:00,109.7100000000018
2025-07-16 02:00:00,109.62000000000221
2025-07-16 03:00:00,109.5400000000054
2025-07-16 04:00:00,109.30999999999358
2025-07-16 05:00:00,109.44999999999906
2025-07-16 06:00:00,109.51999999999894
2025-07-16 07:00:00,109.08000000000314
2025-07-16 08:00:00,109.45000000000233
2025-07-16 09:00:00,109.42999999999196
2025-07-16 10:00:00,109.42999999999955
2025-07-16 11:00:00,109.70999999999964
2025-07-16 12:00:00,109.5700000000006
2025-07-16 13:00:00,114.99999999999936
2025-07-16 14:00:00,118.13000000000267
2025-07-16 15:00:00,118.54000000000045
2025-07-16 16:00:00,119.70000000000003
2025-07-16 17:00:00,120.01999999999741
2025-07-16 18:00:00,125.12000000000299
2025-07-16 19:00:00,127.76999999999677
2025-07-16 20:00:00,128.230000000008
2025-07-16 21:00:00,126.49000000000153
2025-07-16 22:00:00,124.12999999999093
2025-07-16 23:00:00,117.34000000000313
2025-07-17 00:00:00,109.90999999999423
2025-07-17 01:00:00,109.67000000000267
2025-07-17 02:00:00,109.6400000000007
2025-07-17 03:00:00,109.49999999999564
2025-07-17 04:00:00,109.63999999999614
2025-07-17 05:00:00,109.7900000000013
2025-07-17 06:00:00,109.68999999999997
2025-07-17 07:00:00,109.12000000000121
2025-07-17 08:00:00,108.61999999999168
2025-07-17 09:00:00,109.1700000000041
2025-07-17 10:00:00,108.7099999999987
2025-07-17 11:00:00,108.96999999999868
2025-07-17 12:00:00,110.55999999999784
2025-07-17 13:00:00,110.56000000000184
2025-07-17 14:00:00,111.08000000000135
2025-07-17 15:00:00,117.31999999999412
2025-07-17 16:00:00,118.75000000000419
2025-07-17 17:00:00,118.78000000000353
2025-07-17 18:00:00,126.59999999999647
2025-07-17 19:00:00,128.5899999999966
2025-07-17 20:00:00,127.93000000000026
2025-07-17 21:00:00,124.79000000000389
2025-07-17 22:00:00,123.66999999999831
2025-07-17 23:00:00,117.04000000000764
2025-07-18 00:00:00,109.82000000000328
2025-07-18 01:00:00,109.80999999999838
2025-07-18 02:00:00,109.85000000000906
2025-07-18 03:00:00,109.79000000000225
2025-07-18 04:00:00,109.78000000000104
2025-07-18 05:00:00,110.04000000000656
2025-07-18 06:00:00,109.96000000000636
2025-07-18 07:00:00,109.33999999999386
2025-07-18 08:00:00,109.80999999999976
2025-07-18 09:00:00,109.3500000000043
2025-07-18 10:00:00,109.34999999999347
2025-07-18 11:00:00,110.31000000000451
2025-07-18 12:00:00,110.20500000000015
2025-07-18 13:00:00,110.27999999999017
2025-07-18 14:00:00,110.65000000000853
2025-07-18 15:00:00,110.2200000000022
2025-07-18 16:00:00,110.0199999999974
2025-07-18 17:00:00,109.81999999999991
2025-07-18 18:00:00,109.79000000000214
2025-07-18 19:00:00,116.12000000000049
2025-07-18 20:00:00,114.76000000000529
2025-07-18 21:00:00,109.73000000000242
2025-07-18 22:00:00,109.63999999999884
2025-07-18 23:00:00,109.64999999999833
2025-07-19 00:00:00,109.6899999999965
2025-07-19 01:00:00,109.59000000000627
2025-07-19 02:00:00,109.46000000000214
2025-07-19 03:00:00,109.30000000000044
2025-07-19 04:00:00,109.54000000000129
2025-07-19 05:00:00,109.70999999999918
2025-07-19 06:00:00,109.77999999999636
2025-07-19 07:00:00,109.22000000000452
2025-07-19 08:00:00,108.96999999999372
2025-07-19 09:00:00,109.2500000000008
2025-07-19 10:00:00,109.33999999999814
2025-07-19 11:00:00,109.28999999999809
2025-07-19 12:00:00,108.78000000000876
2025-07-19 13:00:00,109.23000000000268
2025-07-19 14:00:00,109.43000000000397
2025-07-19 15:00:00,110.38000000000221
2025-07-19 16:00:00,110.74000000000478
2025-07-19 17:00:00,109.73999999999373
2025-07-19 18:00:00,109.86999999999554
2025-07-19 19:00:00,119.33499999999559
2025-07-19 20:00:00,117.94999999999688
2025-07-19 21:00:00,117.06999999999819
2025-07-19 22:00:00,109.82999999999767
2025-07-19 23:00:00,109.52999999999747
2025-07-20 00:00:00,112.99999999999933
2025-07-20 01:00:00,110.4399999999992
2025-07-20 02:00:00,107.32999999999741
2025-07-20 03:00:00,108.17000000000286
2025-07-20 04:00:00,108.33999999999949
2025-07-20 05:00:00,108.64000000000289
2025-07-20 06:00:00,109.25000000000807
2025-07-20 07:00:00,109.11499999999472
2025-07-20 08:00:00,109.2450000000007
2025-07-20 09:00:00,108.11999999999965
2025-07-20 10:00:00,108.9950000000081
2025-07-20 11:00:00,109.18000000000805
2025-07-20 12:00:00,108.56000000000289
2025-07-20 13:00:00,108.4000000000045
2025-07-20 14:00:00,108.8899999999938
2025-07-20 15:00:00,109.87000000000212
2025-07-20 16:00:00,109.97000000000479
2025-07-20 17:00:00,109.89999999999702
2025-07-20 18:00:00,117.48999999998551
2025-07-20 19:00:00,123.43999999999477
2025-07-20 20:00:00,124.09999999999538
2025-07-20 21:00:00,118.04999999999337
2025-07-20 22:00:00,109.86000000000423
2025-07-20 23:00:00,109.56000000000176
2025-07-21 00:00:00,110.7599999999994
2025-07-21 01:00:00,110.59000000000113
2025-07-21 02:00:00,110.61999999999719
2025-07-21 03:00:00,110.2899999999998
2025-07-21 04:00:00,110.34999999999361
2025-07-21 05:00:00,111.69000000000197
2025-07-21 06:00:00,110.44000000000266
2025-07-21 07:00:00,109.9400000000014
2025-07-21 08:00:00,110.33000000000484
2025-07-21 09:00:00,110.32999999999531
2025-07-21 10:00:00,118.95000000000404
2025-07-21 11:00:00,118.76000000000248
2025-07-21 12:00:00,123.03000000000176
2025-07-21 13:00:00,122.51999999999686
2025-07-21 14:00:00,122.68000000000414
2025-07-21 15:00:00,122.41999999999832
2025-07-21 16:00:00,122.57999999999609
2025-07-21 17:00:00,123.41000000000444
2025-07-21 18:00:00,126.26999999999593
2025-07-21 19:00:00,126.73000000000548
2025-07-21 20:00:00,127.71000000000545
2025-07-21 21:00:00,126.10999999999943
2025-07-21 22:00:00,124.84999999999859
2025-07-21 23:00:00,118.91000000000929
2025-07-22 00:00:00,110.71999999999662
2025-07-22 01:00:00,110.59000000000121
2025-07-22 02:00:00,110.65000000000317
2025-07-22 03:00:00,110.46000000000106
2025-07-22 04:00:00,110.40000000000173
2025-07-22 05:00:00,110.32999999999716
2025-07-22 06:00:00,110.49999999999457
2025-07-22 07:00:00,111.19000000000746
2025-07-22 08:00:00,110.30999999999901
2025-07-22 09:00:00,110.30999999999963
2025-07-22 10:00:00,110.54000000000931
2025-07-22 11:00:00,110.5399999999995
2025-07-22 12:00:00,110.88999999999388
2025-07-22 13:00:00,117.16999999999726
2025-07-22 14:00:00,117.7100000000009
2025-07-22 15:00:00,117.85999999999079
2025-07-22 16:00:00,127.90999999999751
2025-07-22 17:00:00,127.75000000000132
2025-07-22 18:00:00,127.8000000000049
2025-07-22 19:00:00,124.65000000000725
2025-07-22 20:00:00,123.85999999999795
2025-07-22 21:00:00,123.73000000000474
2025-07-22 22:00:00,118.08999999999467
2025-07-22 23:00:00,117.85000000001159
2025-07-23 00:00:00,110.36000000000324
2025-07-23 01:00:00,110.38999999999771
2025-07-23 02:00:00,110.39999999999733
2025-07-23 03:00:00,110.3900000000057
2025-07-23 04:00:00,110.32999999999377
2025-07-23 05:00:00,110.40000000000721
2025-07-23 06:00:00,110.48000000000123
2025-07-23 07:00:00,110.3999999999978
2025-07-23 08:00:00,111.249999999998
2025-07-23 09:00:00,111.25000000000152
2025-07-23 10:00:00,111.07000000000342
2025-07-23 11:00:00,111.18999999999514
2025-07-23 12:00:00,111.51000000000431
2025-07-23 13:00:00,111.6600000000004
2025-07-23 14:00:00,116.74999999999699
2025-07-23 15:00:00,127.39999999999993
2025-07-23 16:00:00,127.67999999999614
2025-07-23 17:00:00,127.60000000000562
2025-07-23 18:00:00,127.55999999999793
2025-07-23 19:00:00,128.46000000000305
2025-07-23 20:00:00,127.95000000000326
2025-07-23 21:00:00,127.96000000000008
2025-07-23 22:00:00,128.81999999999647
2025-07-23 23:00:00,122.82999999998636
2025-07-24 00:00:00,110.41000000000713
2025-07-24 01:00:00,110.23999999999496
2025-07-24 02:00:00,110.39000000000007
2025-07-24 03:00:00,110.33000000000621
2025-07-24 04:00:00,110.33000000000092
2025-07-24 05:00:00,110.33999999999818
2025-07-24 06:00:00,110.10000000000093
2025-07-24 07:00:00,110.72000000000136
2025-07-24 08:00:00,111.09000000000238
2025-07-24 09:00:00,111.40000000000549
2025-07-24 10:00:00,111.52999999999456
2025-07-24 11:00:00,111.4399999999982
2025-07-24 12:00:00,115.76000000000336
2025-07-24 13:00:00,115.7500000000001
2025-07-24 14:00:00,117.94999999999867
2025-07-24 15:00:00,132.04000000000272
2025-07-24 16:00:00,131.67000000000317
2025-07-24 17:00:00,126.86999999999742
2025-07-24 18:00:00,127.96999999999836
2025-07-24 19:00:00,128.23999999998858
2025-07-24 20:00:00,127.61999999999968
2025-07-24 21:00:00,125.9499999999906
2025-07-24 22:00:00,126.51000000001108
2025-07-24 23:00:00,110.47000000000436
2025-07-25 00:00:00,110.16999999999881
2025-07-25 01:00:00,109.85999999999365
2025-07-25 02:00:00,109.90999999999819
2025-07-25 03:00:00,110.1200000000084
2025-07-25 04:00:00,109.98999999999657
2025-07-25 05:00:00,109.59000000000214
2025-07-25 06:00:00,110.08000000000436
2025-07-25 07:00:00,110.75999999999588
2025-07-25 08:00:00,110.84999999999722
2025-07-25 09:00:00,110.86999999999233
2025-07-25 10:00:00,111.04000000000367
2025-07-25 11:00:00,111.12000000000072
2025-07-25 12:00:00,110.98000000001181
2025-07-25 13:00:00,111.32000000000475
2025-07-25 14:00:00,118.61999999999898
2025-07-25 15:00:00,119.23000000000893
2025-07-25 16:00:00,111.00999999999273
2025-07-25 17:00:00,110.71000000000008
2025-07-25 18:00:00,110.97999999999932
2025-07-25 19:00:00,110.70999999999789
2025-07-25 20:00:00,110.4999999999943
2025-07-25 21:00:00,110.5300000000051
2025-07-25 22:00:00,110.51999999998786
2025-07-25 23:00:00,110.35000000000487
2025-07-26 00:00:00,110.31000000000213
2025-07-26 01:00:00,110.06000000001097
2025-07-26 02:00:00,109.77999999999633
2025-07-26 03:00:00,109.93999999999896
2025-07-26 04:00:00,109.82999999999255
2025-07-26 05:00:00,110.23000000000282
2025-07-26 06:00:00,110.14999999999885
2025-07-26 07:00:00,108.96999999999531
2025-07-26 08:00:00,109.25000000000959
2025-07-26 09:00:00,108.0399999999943
2025-07-26 10:00:00,109.42999999999813
2025-07-26 11:00:00,110.14000000000391
2025-07-26 12:00:00,110.13000000000258
2025-07-26 13:00:00,110.16999999998987
2025-07-26 14:00:00,111.05000000000226
2025-07-26 15:00:00,110.88999999999307
2025-07-26 16:00:00,110.95999999999486
2025-07-26 17:00:00,111.09000000000631
2025-07-26 18:00:00,111.02000000000453
2025-07-26 19:00:00,111.07999999999656
2025-07-26 20:00:00,111.02000000000321
2025-07-26 21:00:00,110.74000000000213
2025-07-26 22:00:00,110.7299999999919
2025-07-26 23:00:00,110.42000000000833
2025-07-27 00:00:00,110.25000000000156
2025-07-27 01:00:00,111.20000000000408
2025-07-27 02:00:00,110.50999999999793
2025-07-27 03:00:00,110.41999999999571
2025-07-27 04:00:00,110.41999999999307
2025-07-27 05:00:00,109.96000000000815
2025-07-27 06:00:00,109.81999999999564
2025-07-27 07:00:00,109.43000000000639
2025-07-27 08:00:00,109.15500000000335
2025-07-27 09:00:00,108.97500000000325
2025-07-27 10:00:00,109.0050000000034
2025-07-27 11:00:00,108.15500000000692
2025-07-27 12:00:00,108.83999999999156
2025-07-27 13:00:00,108.83999999999692
2025-07-27 14:00:00,110.83999999999996
2025-07-27 15:00:00,111.01999999999701
2025-07-27 16:00:00,111.01999999999202
2025-07-27 17:00:00,110.97000000000085
2025-07-27 18:00:00,110.60000000000221
2025-07-27 19:00:00,110.66000000000459
2025-07-27 20:00:00,110.43000000000026
2025-07-27 21:00:00,110.35999999999231
2025-07-27 22:00:00,110.56999999999947
2025-07-27 23:00:00,110.33000000000855
2025-07-28 00:00:00,109.43000000000373
2025-07-28 01:00:00,109.37999999999161
2025-07-28 02:00:00,109.45999999998921
2025-07-28 03:00:00,109.18999999999481
2025-07-28 04:00:00,109.18999999999721
2025-07-28 05:00:00,109.99000000000352
2025-07-28 06:00:00,109.37000000000836
2025-07-28 07:00:00,109.10999999999885
2025-07-28 08:00:00,108.26000000000971
2025-07-28 09:00:00,109.64000000000402
2025-07-28 10:00:00,109.61000000000365
2025-07-28 11:00:00,109.94000000000051
2025-07-28 12:00:00,109.87999999999307
2025-07-28 13:00:00,114.35999999999653
2025-07-28 14:00:00,115.05999999999456
2025-07-28 15:00:00,109.73000000000049
2025-07-28 16:00:00,109.7300000000019
2025-07-28 17:00:00,117.70000000000442
2025-07-28 18:00:00,118.30999999999763
2025-07-28 19:00:00,120.22
2025-07-28 20:00:00,110.41000000000237
2025-07-28 21:00:00,109.959999999996
2025-07-28 22:00:00,109.56999999999884
2025-07-28 23:00:00,109.39000000001259
2025-07-29 00:00:00,109.45999999999948
2025-07-29 01:00:00,108.92000000000327
2025-07-29 02:00:00,108.6600000000006
2025-07-29 03:00:00,108.13000000000012
2025-07-29 04:00:00,109.0100000000058
2025-07-29 05:00:00,109.83000000000402
2025-07-29 06:00:00,109.66999999999797
2025-07-29 07:00:00,109.81999999999336
2025-07-29 08:00:00,109.66999999999858
2025-07-29 09:00:00,109.77000000000315
2025-07-29 10:00:00,110.07999999999403
2025-07-29 11:00:00,109.96000000000512
2025-07-29 12:00:00,110.33999999999588
2025-07-29 13:00:00,110.2500000000007
2025-07-29 14:00:00,110.12000000001352
2025-07-29 15:00:00,109.77999999999405
2025-07-29 16:00:00,109.84000000001065
2025-07-29 17:00:00,109.84000000000165
2025-07-29 18:00:00,119.37000000000072
2025-07-29 19:00:00,119.01999999999524
2025-07-29 20:00:00,118.58999999999362
2025-07-29 21:00:00,109.64999999999861
2025-07-29 22:00:00,109.44000000000102
2025-07-29 23:00:00,109.50000000000145
2025-07-30 00:00:00,109.46999999999565
2025-07-30 01:00:00,109.64999999999492
2025-07-30 02:00:00,109.48999999999266
2025-07-30 03:00:00,109.15000000000548
2025-07-30 04:00:00,109.45000000000243
2025-07-30 05:00:00,109.94999999998933
2025-07-30 06:00:00,109.71000000000541
2025-07-30 07:00:00,108.42999999998894
2025-07-30 08:00:00,107.79000000000458
2025-07-30 09:00:00,107.44000000000086
2025-07-30 10:00:00,108.3699999999983
2025-07-30 11:00:00,109.33000000000077
2025-07-30 12:00:00,117.3700000000071
2025-07-30 13:00:00,117.15500000000826
2025-07-30 14:00:00,117.12500000000956
2025-07-30 15:00:00,114.42500000000057
2025-07-30 16:00:00,120.68000000001206
2025-07-30 17:00:00,121.1000000000063
2025-07-30 18:00:00,129.38000000000025
2025-07-30 19:00:00,128.84000000000142
2025-07-30 20:00:00,129.5899999999945
2025-07-30 21:00:00,125.58000000000156
2025-07-30 22:00:00,118.13999999999145
2025-07-30 23:00:00,110.08000000000631
2025-07-31 00:00:00,109.86999999999182
2025-07-31 01:00:00,109.76000000000727
2025-07-31 02:00:00,109.64999999999634
2025-07-31 03:00:00,109.64999999999455
2025-07-31 04:00:00,109.73000000000516
2025-07-31 05:00:00,110.0800000000018
2025-07-31 06:00:00,110.07000000000207
2025-07-31 07:00:00,108.21999999999541
2025-07-31 08:00:00,108.21999999999531
2025-07-31 09:00:00,107.68999999999743
2025-07-31 10:00:00,107.56999999999879
2025-07-31 11:00:00,110.11000000000237
2025-07-31 12:00:00,110.23999999999837
2025-07-31 13:00:00,110.15000000000079
2025-07-31 14:00:00,110.24000000000477
2025-07-31 15:00:00,110.1499999999991
2025-07-31 16:00:00,118.26999999999634
2025-07-31 17:00:00,118.98000000000042
2025-07-31 18:00:00,119.22000000000227
2025-07-31 19:00:00,118.71000000000313
2025-07-31 20:00:00,118.31999999999132
2025-07-31 21:00:00,118.13000000000505
2025-07-31 22:00:00,109.95000000000068
2025-07-31 23:00:00,109.66999999999472
2025-08-01 00:00:00,111.11999999999807
2025-08-01 01:00:00,110.7899999999883
2025-08-01 02:00:00,109.67000000001454
2025-08-01 03:00:00,109.98000000000488
2025-08-01 04:00:00,110.08000000000388
2025-08-01 05:00:00,110.42999999999442
2025-08-01 06:00:00,109.93999999999403
2025-08-01 07:00:00,109.6900000000013
2025-08-01 08:00:00,109.01000000000163
2025-08-01 09:00:00,108.57000000000573
2025-08-01 10:00:00,108.39999999999701
2025-08-01 11:00:00,108.88499999999983
2025-08-01 12:00:00,107.97499999999961
2025-08-01 13:00:00,114.64500000000086
2025-08-01 14:00:00,114.90500000000367
2025-08-01 15:00:00,114.93000000001325
2025-08-01 16:00:00,112.03000000000125
2025-08-01 17:00:00,117.78999999999346
2025-08-01 18:00:00,128.20000000000434
2025-08-01 19:00:00,128.97999999999973
2025-08-01 20:00:00,128.81000000000662
2025-08-01 21:00:00,127.14000000000657
2025-08-01 22:00:00,127.07000000000319
2025-08-01 23:00:00,127.14000000000013
2025-08-02 00:00:00,125.34999999999607
2025-08-02 01:00:00,120.14999999999938
2025-08-02 02:00:00,120.31999999999651
2025-08-02 03:00:00,117.76000000000333
2025-08-02 04:00:00,112.25000000000277
2025-08-02 05:00:00,111.86000000000544
2025-08-02 06:00:00,112.0700000000066
2025-08-02 07:00:00,112.1499999999973
2025-08-02 08:00:00,114.31000000000424
2025-08-02 09:00:00,115.07999999999579
2025-08-02 10:00:00,115.78000000000013
2025-08-02 11:00:00,115.43000000001112
2025-08-02 12:00:00,114.9899999999989
2025-08-02 13:00:00,116.11000000000931
2025-08-02 14:00:00,115.89000000000271
2025-08-02 15:00:00,118.86000000000692
2025-08-02 16:00:00,127.42999999999662
2025-08-02 17:00:00,127.19000000000757
2025-08-02 18:00:00,136.56999999998746
2025-08-02 19:00:00,135.28000000000267
2025-08-02 20:00:00,127.9699999999948
2025-08-02 21:00:00,130.3600000000047
2025-08-02 22:00:00,111.97999999999776
2025-08-02 23:00:00,112.57000000000309
2025-08-03 00:00:00,112.32999999999794
2025-08-03 01:00:00,112.48000000000708
2025-08-03 02:00:00,112.31000000000536
2025-08-03 03:00:00,110.9299999999941
2025-08-03 04:00:00,110.80000000000172
2025-08-03 05:00:00,109.31000000000411
2025-08-03 06:00:00,109.14000000000298
2025-08-03 07:00:00,109.17999999999438
2025-08-03 08:00:00,109.38000000000243
2025-08-03 09:00:00,109.37999999999045
2025-08-03 10:00:00,109.2250000000001
2025-08-03 11:00:00,109.03499999999713
2025-08-03 12:00:00,109.33500000000522
2025-08-03 13:00:00,113.85499999999925
2025-08-03 14:00:00,114.26000000000712
2025-08-03 15:00:00,114.21000000000716
2025-08-03 16:00:00,114.96500000000229
2025-08-03 17:00:00,115.03999999999087
2025-08-03 18:00:00,126.97999999999496
2025-08-03 19:00:00,128.65000000000043
2025-08-03 20:00:00,125.73000000000614
2025-08-03 21:00:00,117.69000000000051
2025-08-03 22:00:00,114.86999999998926
2025-08-03 23:00:00,114.30000000000281
2025-08-04 00:00:00,111.0099999999987
2025-08-04 01:00:00,111.01999999999609
2025-08-04 02:00:00,111.07000000000214
2025-08-04 03:00:00,111.07000000000976
2025-08-04 04:00:00,111.04000000000158
2025-08-04 05:00:00,111.32000000000508
2025-08-04 06:00:00,111.3000000000018
2025-08-04 07:00:00,110.96999999999933
2025-08-04 08:00:00,110.30999999999742
2025-08-04 09:00:00,110.22999999999654
2025-08-04 10:00:00,111.06999999998932
2025-08-04 11:00:00,111.03000000000362
2025-08-04 12:00:00,110.73999999999393
2025-08-04 13:00:00,110.69000000000905
2025-08-04 14:00:00,121.3099999999993
2025-08-04 15:00:00,125.51999999999607
2025-08-04 16:00:00,126.57000000000153
2025-08-04 17:00:00,116.35000000000997
2025-08-04 18:00:00,119.18000000000227
2025-08-04 19:00:00,119.09999999999863
2025-08-04 20:00:00,110.75000000000225
2025-08-04 21:00:00,111.22999999999888
2025-08-04 22:00:00,110.86999999999159
2025-08-04 23:00:00,110.74999999999295
2025-08-05 00:00:00,111.10000000000541
2025-08-05 01:00:00,110.43999999999161
2025-08-05 02:00:00,110.91999999999982
2025-08-05 03:00:00,110.8600000000031
2025-08-05 04:00:00,110.69999999999366
2025-08-05 05:00:00,111.07000000000583
2025-08-05 06:00:00,110.82999999999052
2025-08-05 07:00:00,110.71000000000933
2025-08-05 08:00:00,110.72999999999367
2025-08-05 09:00:00,110.5999999999974
2025-08-05 10:00:00,110.6000000000001
2025-08-05 11:00:00,110.70999999999424
2025-08-05 12:00:00,110.67000000000263
2025-08-05 13:00:00,110.61999999999064
2025-08-05 14:00:00,111.12000000000626
2025-08-05 15:00:00,110.95999999999793
2025-08-05 16:00:00,110.639999999996
2025-08-05 17:00:00,110.53000000000782
2025-08-05 18:00:00,117.22999999999392
2025-08-05 19:00:00,129.40999999999468
2025-08-05 20:00:00,125.09000000000692
2025-08-05 21:00:00,110.91000000000025
2025-08-05 22:00:00,110.42999999999932
2025-08-05 23:00:00,110.44000000000048
2025-08-06 00:00:00,110.52999999999298
2025-08-06 01:00:00,110.529999999992
2025-08-06 02:00:00,109.96999999999318
2025-08-06 03:00:00,109.7999999999928
2025-08-06 04:00:00,109.87000000000141
2025-08-06 05:00:00,110.46000000000073
2025-08-06 06:00:00,109.69999999999797
2025-08-06 07:00:00,108.6300000000005
2025-08-06 08:00:00,107.04000000000276
2025-08-06 09:00:00,108.15000000000155
2025-08-06 10:00:00,107.95000000000509
2025-08-06 11:00:00,108.45999999999712
2025-08-06 12:00:00,117.92999999999135
2025-08-06 13:00:00,116.9499999999923
2025-08-06 14:00:00,117.32000000000043
2025-08-06 15:00:00,118.78000000000553
2025-08-06 16:00:00,118.71999999999584
2025-08-06 17:00:00,116.48999999999496
2025-08-06 18:00:00,110.71000000000507
2025-08-06 19:00:00,111.05000000000608
2025-08-06 20:00:00,110.95999999999356
2025-08-06 21:00:00,111.06999999999675
2025-08-06 22:00:00,111.1999999999983
2025-08-06 23:00:00,111.27999999999416
2025-08-07 00:00:00,110.46000000000241
2025-08-07 01:00:00,110.58999999999729
2025-08-07 02:00:00,110.23999999999971
2025-08-07 03:00:00,110.11000000000755
2025-08-07 04:00:00,110.34999999999908
2025-08-07 05:00:00,110.93999999999662
2025-08-07 06:00:00,110.51999999999786
2025-08-07 07:00:00,110.44999999999551
2025-08-07 08:00:00,110.85000000000508
2025-08-07 09:00:00,110.80999999999369
2025-08-07 10:00:00,115.28000000000065
2025-08-07 11:00:00,117.87000000000099
2025-08-07 12:00:00,118.80999999999878
2025-08-07 13:00:00,118.1099999999936
2025-08-07 14:00:00,118.48999999999867
2025-08-07 15:00:00,123.75999999999728
2025-08-07 16:00:00,128.77000000001206
2025-08-07 17:00:00,126.51000000000074
2025-08-07 18:00:00,128.62999999999587
2025-08-07 19:00:00,134.0700000000007
2025-08-07 20:00:00,133.9799999999994
2025-08-07 21:00:00,128.5000000000042
2025-08-07 22:00:00,127.54000000001015
2025-08-07 23:00:00,122.9300000000019
2025-08-08 00:00:00,111.64000000000104
2025-08-08 01:00:00,111.51000000000042
2025-08-08 02:00:00,111.48999999999694
2025-08-08 03:00:00,111.13999999999912
2025-08-08 04:00:00,111.03000000000118
2025-08-08 05:00:00,111.03999999999576
2025-08-08 06:00:00,111.02000000000422
2025-08-08 07:00:00,110.96000000000312
2025-08-08 08:00:00,110.82999999999045
2025-08-08 09:00:00,110.77999999998512
2025-08-08 10:00:00,111.48000000000744
2025-08-08 11:00:00,111.57000000000649
2025-08-08 12:00:00,111.350000000002
2025-08-08 13:00:00,111.09000000000032
2025-08-08 14:00:00,116.50000000000743
2025-08-08 15:00:00,117.85000000000129
2025-08-08 16:00:00,125.32000000000637
2025-08-08 17:00:00,129.4600000000012
2025-08-08 18:00:00,129.4599999999927
2025-08-08 19:00:00,134.1199999999965
2025-08-08 20:00:00,134.5800000000028
2025-08-08 21:00:00,133.68000000000094
2025-08-08 22:00:00,128.42999999999196
2025-08-08 23:00:00,126.0000000000014
2025-08-09 00:00:00,111.09000000000232
2025-08-09 01:00:00,111.19999999998942
2025-08-09 02:00:00,111.24000000000349
2025-08-09 03:00:00,111.08000000000405
2025-08-09 04:00:00,111.1200000000031
2025-08-09 05:00:00,111.20999999999877
2025-08-09 06:00:00,111.09000000000252
2025-08-09 07:00:00,111.02000000000287
2025-08-09 08:00:00,110.00999999998852
2025-08-09 09:00:00,110.79999999998968
2025-08-09 10:00:00,112.11999999999419
2025-08-09 11:00:00,111.74000000000817
2025-08-09 12:00:00,111.64000000000267
2025-08-09 13:00:00,111.68000000000401
2025-08-09 14:00:00,111.88000000000201
2025-08-09 15:00:00,111.2499999999988
2025-08-09 16:00:00,123.62999999999612
2025-08-09 17:00:00,128.22000000000136
2025-08-09 18:00:00,128.64000000000095
2025-08-09 19:00:00,129.87000000000353
2025-08-09 20:00:00,128.82999999999976
2025-08-09 21:00:00,130.16999999999123
2025-08-09 22:00:00,130.28000000000165
2025-08-09 23:00:00,124.72000000000243
2025-08-10 00:00:00,118.169999999993
2025-08-10 01:00:00,111.10000000000795
2025-08-10 02:00:00,110.88999999999706
2025-08-10 03:00:00,111.03999999999498
2025-08-10 04:00:00,110.57000000000629
2025-08-10 05:00:00,111.1199999999884
2025-08-10 06:00:00,109.71000000000079
2025-08-10 07:00:00,108.46999999999845
2025-08-10 08:00:00,107.76000000000445
2025-08-10 09:00:00,108.08999999999766
2025-08-10 10:00:00,108.88000000000126
2025-08-10 11:00:00,110.91999999999703
2025-08-10 12:00:00,110.50999999999691
2025-08-10 13:00:00,111.24999999999811
2025-08-10 14:00:00,111.2900000000049
2025-08-10 15:00:00,111.84000000000076
2025-08-10 16:00:00,111.15999999999339
2025-08-10 17:00:00,111.01000000000046
2025-08-10 18:00:00,130.42999999999626
2025-08-10 19:00:00,131.07999999999896
2025-08-10 20:00:00,118.44999999999781
2025-08-10 21:00:00,117.89999999998402
2025-08-10 22:00:00,111.1199999999974
2025-08-10 23:00:00,111.02999999999305
2025-08-11 00:00:00,111.14000000000702
2025-08-11 01:00:00,110.93999999999475
2025-08-11 02:00:00,110.45999999999864
2025-08-11 03:00:00,110.36000000000308
2025-08-11 04:00:00,111.16000000000341
2025-08-11 05:00:00,111.20999999999893
2025-08-11 06:00:00,111.12000000000013
2025-08-11 07:00:00,109.75000000000401
2025-08-11 08:00:00,109.96000000000012
2025-08-11 09:00:00,109.28000000000843
2025-08-11 10:00:00,110.12000000000907
2025-08-11 11:00:00,111.31000000000407
2025-08-11 12:00:00,111.29999999999959
2025-08-11 13:00:00,111.28999999999941
2025-08-11 14:00:00,112.13000000000179
2025-08-11 15:00:00,122.76000000001275
2025-08-11 16:00:00,124.56999999999428
2025-08-11 17:00:00,127.08000000000762
2025-08-11 18:00:00,130.21999999999986
2025-08-11 19:00:00,132.41999999999248
2025-08-11 20:00:00,129.98999999999555
2025-08-11 21:00:00,132.00999999999814
2025-08-11 22:00:00,132.04999999999782
2025-08-11 23:00:00,111.26000000000506
2025-08-12 00:00:00,110.91999999999376
2025-08-12 01:00:00,110.86999999999611
2025-08-12 02:00:00,110.97999999999396
2025-08-12 03:00:00,110.8800000000066
2025-08-12 04:00:00,110.99000000000727
2025-08-12 05:00:00,111.05000000000678
2025-08-12 06:00:00,111.04000000000254
2025-08-12 07:00:00,110.76000000000622
2025-08-12 08:00:00,110.75000000000588
2025-08-12 09:00:00,110.79999999999914
2025-08-12 10:00:00,111.8400000000021
2025-08-12 11:00:00,114.15000000000653
2025-08-12 12:00:00,115.74000000000248
2025-08-12 13:00:00,115.06999999999813
2025-08-12 14:00:00,116.26000000000633
2025-08-12 15:00:00,117.31000000000725
2025-08-12 16:00:00,119.3499999999992
2025-08-12 17:00:00,126.88000000000075
2025-08-12 18:00:00,131.6600000000013
2025-08-12 19:00:00,131.34999999999286
2025-08-12 20:00:00,134.46000000000376
2025-08-12 21:00:00,134.0899999999959
2025-08-12 22:00:00,129.04000000000303
2025-08-12 23:00:00,128.48000000000073
2025-08-13 00:00:00,118.99999999999719
2025-08-13 01:00:00,118.47999999999286
2025-08-13 02:00:00,110.99000000000595
2025-08-13 03:00:00,111.02999999999986
2025-08-13 04:00:00,111.10000000001457
2025-08-13 05:00:00,111.0900000000051
2025-08-13 06:00:00,111.28000000000002
2025-08-13 07:00:00,110.45000000000003
2025-08-13 08:00:00,110.36000000000035
2025-08-13 09:00:00,110.32000000000353
2025-08-13 10:00:00,119.8800000000069
2025-08-13 11:00:00,127.0399999999923
2025-08-13 12:00:00,128.57999999999925
2025-08-13 13:00:00,123.3600000000012
2025-08-13 14:00:00,123.90999999999758
2025-08-13 15:00:00,124.25999999999905
2025-08-13 16:00:00,124.73000000000297
2025-08-13 17:00:00,127.05000000000489
2025-08-13 18:00:00,130.68000000000208
2025-08-13 19:00:00,133.8300000000043
2025-08-13 20:00:00,133.29999999998722
2025-08-13 21:00:00,132.65999999999693
2025-08-13 22:00:00,130.08000000000703
2025-08-13 23:00:00,131.51000000000863
2025-08-14 00:00:00,111.22999999999954
2025-08-14 01:00:00,111.05000000000062
2025-08-14 02:00:00,111.0499999999904
2025-08-14 03:00:00,111.08999999999826
2025-08-14 04:00:00,111.06000000000284
2025-08-14 05:00:00,111.02999999999794
2025-08-14 06:00:00,111.03000000000524
2025-08-14 07:00:00,109.35999999999869
2025-08-14 08:00:00,109.06999999998763
2025-08-14 09:00:00,109.63999999999001
2025-08-14 10:00:00,116.80999999999918
2025-08-14 11:00:00,118.2999999999951
2025-08-14 12:00:00,117.80000000000003
2025-08-14 13:00:00,120.66999999999601
2025-08-14 14:00:00,120.71000000001344
2025-08-14 15:00:00,119.71999999999811
2025-08-14 16:00:00,124.68000000000065
2025-08-14 17:00:00,130.46000000000063
2025-08-14 18:00:00,130.80999999999855
2025-08-14 19:00:00,135.08000000000013
2025-08-14 20:00:00,130.62000000000236
2025-08-14 21:00:00,130.13999999999936
2025-08-14 22:00:00,130.23999999999862
2025-08-14 23:00:00,118.4699999999985
2025-08-15 00:00:00,111.83000000000611
2025-08-15 01:00:00,111.46999999999765
2025-08-15 02:00:00,111.23999999999954
2025-08-15 03:00:00,111.22000000000584
2025-08-15 04:00:00,111.29999999998905
2025-08-15 05:00:00,111.43999999999843
2025-08-15 06:00:00,111.07999999999676
2025-08-15 07:00:00,120.00999999999985
2025-08-15 08:00:00,120.08000000000463
2025-08-15 09:00:00,119.34999999999404
2025-08-15 10:00:00,123.96000000000146
2025-08-15 11:00:00,124.56999999999564
2025-08-15 12:00:00,124.13000000000345
2025-08-15 13:00:00,124.48999999999826
2025-08-15 14:00:00,123.54000000000175
2025-08-15 15:00:00,128.49
2025-08-15 16:00:00,127.16999999999767
2025-08-15 17:00:00,126.8999999999938
2025-08-15 18:00:00,130.57999999999413
2025-08-15 19:00:00,131.0900000000005
2025-08-15 20:00:00,131.17000000000482
2025-08-15 21:00:00,130.59000000000052
2025-08-15 22:00:00,129.68999999999727
2025-08-15 23:00:00,128.94999999999587
2025-08-16 00:00:00,126.61999999999982
2025-08-16 01:00:00,124.31999999999411
2025-08-16 02:00:00,118.99000000000008
2025-08-16 03:00:00,111.68000000000512
2025-08-16 04:00:00,111.31000000000165
2025-08-16 05:00:00,111.43000000000399
2025-08-16 06:00:00,111.53000000000084
2025-08-16 07:00:00,111.40000000000066
2025-08-16 08:00:00,111.51000000000262
2025-08-16 09:00:00,111.52000000000474
2025-08-16 10:00:00,111.62000000000207
2025-08-16 11:00:00,111.51999999999633
2025-08-16 12:00:00,111.1199999999941
2025-08-16 13:00:00,111.48999999999765
2025-08-16 14:00:00,116.10999999999909
2025-08-16 15:00:00,126.19000000000692
2025-08-16 16:00:00,131.50000000000142
2025-08-16 17:00:00,130.0499999999917
2025-08-16 18:00:00,196.13999999998384
2025-08-16 19:00:00,196.810000000012
2025-08-16 20:00:00,185.6799999999928
2025-08-16 21:00:00,172.29000000000923
2025-08-16 22:00:00,135.9000000000063
2025-08-16 23:00:00,131.3500000000009
2025-08-17 00:00:00,128.55999999999898
2025-08-17 01:00:00,126.23000000000671
2025-08-17 02:00:00,111.1899999999982
2025-08-17 03:00:00,111.23000000000742
2025-08-17 04:00:00,111.23000000000657
2025-08-17 05:00:00,111.140000000005
2025-08-17 06:00:00,111.18999999999754
2025-08-17 07:00:00,110.46000000000137
2025-08-17 08:00:00,110.45999999999368
2025-08-17 09:00:00,111.15999999999462
2025-08-17 10:00:00,110.1699999999997
2025-08-17 11:00:00,111.3500000000038
2025-08-17 12:00:00,111.4699999999866
2025-08-17 13:00:00,111.21999999999807
2025-08-17 14:00:00,111.75999999999718
2025-08-17 15:00:00,111.28999999999927
2025-08-17 16:00:00,111.50999999999834
2025-08-17 17:00:00,124.43000000000785
2025-08-17 18:00:00,132.39999999999128
2025-08-17 19:00:00,134.10999999999552
2025-08-17 20:00:00,134.1700000000003
2025-08-17 21:00:00,131.7100000000066
2025-08-17 22:00:00,130.17000000000064
2025-08-17 23:00:00,129.1100000000065
2025-08-18 00:00:00,112.55999999999966
2025-08-18 01:00:00,110.96000000000166
2025-08-18 02:00:00,110.38000000000152
2025-08-18 03:00:00,110.01999999999394
2025-08-18 04:00:00,110.18000000001327
2025-08-18 05:00:00,109.84000000000327
2025-08-18 06:00:00,109.96
2025-08-18 07:00:00,110.59999999999461
2025-08-18 08:00:00,110.46
2025-08-18 09:00:00,113.82999999998759
2025-08-18 10:00:00,114.41000000000524
2025-08-18 11:00:00,116.74999999999773
2025-08-18 12:00:00,116.50999999999596
2025-08-18 13:00:00,121.61000000000067
2025-08-18 14:00:00,130.42000000000334
2025-08-18 15:00:00,129.67000000000675
2025-08-18 16:00:00,135.3999999999993
2025-08-18 17:00:00,135.9800000000035
2025-08-18 18:00:00,171.1199999999936
2025-08-18 19:00:00,171.16999999998848
2025-08-18 20:00:00,170.87999999998925
2025-08-18 21:00:00,170.58000000001587
2025-08-18 22:00:00,134.12999999999764
2025-08-18 23:00:00,130.4300000000007
2025-08-19 00:00:00,124.28000000000567
2025-08-19 01:00:00,117.14000000000273
2025-08-19 02:00:00,114.25000000000858
2025-08-19 03:00:00,111.96000000000062
2025-08-19 04:00:00,111.17999999999857
2025-08-19 05:00:00,110.61000000000169
2025-08-19 06:00:00,110.51000000000856
2025-08-19 07:00:00,110.91999999999764
2025-08-19 08:00:00,112.0400000000022
2025-08-19 09:00:00,113.5900000000083
2025-08-19 10:00:00,114.11999999999651
2025-08-19 11:00:00,117.50999999999283
2025-08-19 12:00:00,118.4500000000034
2025-08-19 13:00:00,119.3399999999963
2025-08-19 14:00:00,130.6299999999982
2025-08-19 15:00:00,131.18999999998965
2025-08-19 16:00:00,182.08999999999634
2025-08-19 17:00:00,170.07000000002546
2025-08-19 18:00:00,175.1200000000017
2025-08-19 19:00:00,173.01000000000863
2025-08-19 20:00:00,134.47000000000511
2025-08-19 21:00:00,134.17999999999563
2025-08-19 22:00:00,133.28999999999115
2025-08-19 23:00:00,129.52999999999835
2025-08-20 00:00:00,116.87000000000553
2025-08-20 01:00:00,114.75000000000509
2025-08-20 02:00:00,114.82000000000362
2025-08-20 03:00:00,112.62000000000005
2025-08-20 04:00:00,112.26000000000771
2025-08-20 05:00:00,112.85000000000286
2025-08-20 06:00:00,111.51000000000496
2025-08-20 07:00:00,113.65000000000173
2025-08-20 08:00:00,112.81000000000714
2025-08-20 09:00:00,114.16999999999464
2025-08-20 10:00:00,115.02999999999568
2025-08-20 11:00:00,118.29999999999555
2025-08-20 12:00:00,116.70000000000175
2025-08-20 13:00:00,117.72000000000178
2025-08-20 14:00:00,129.49999999998954
2025-08-20 15:00:00,169.60999999999396
2025-08-20 16:00:00,197.71000000000285
2025-08-20 17:00:00,198.63000000000366
2025-08-20 18:00:00,184.9199999999897
2025-08-20 19:00:00,197.06999999999226
2025-08-20 20:00:00,171.06000000000714
2025-08-20 21:00:00,170.01999999998287
2025-08-20 22:00:00,168.84000000001063
2025-08-20 23:00:00,129.47000000000713
2025-08-21 00:00:00,116.9999999999965
2025-08-21 01:00:00,117.38999999999113
2025-08-21 02:00:00,117.6099999999981
2025-08-21 03:00:00,112.67999999999566
2025-08-21 04:00:00,112.27999999999246
2025-08-21 05:00:00,111.18000000000359
2025-08-21 06:00:00,110.83000000000102
2025-08-21 07:00:00,111.38999999998869
2025-08-21 08:00:00,109.49000000000467
2025-08-21 09:00:00,114.13999999999231
2025-08-21 10:00:00,114.00000000000867
2025-08-21 11:00:00,114.96000000000171
2025-08-21 12:00:00,116.92000000000023
2025-08-21 13:00:00,130.73999999999523
2025-08-21 14:00:00,128.61000000001388
2025-08-21 15:00:00,129.64999999999847
2025-08-21 16:00:00,129.2400000000059
2025-08-21 17:00:00,130.05999999999526
2025-08-21 18:00:00,136.1199999999854
2025-08-21 19:00:00,135.28999999999968
2025-08-21 20:00:00,131.83999999999463
2025-08-21 21:00:00,130.30999999999727
2025-08-21 22:00:00,130.30000000000152
2025-08-21 23:00:00,116.80000000000673
2025-08-22 00:00:00,115.130000000004
2025-08-22 01:00:00,113.99999999999841
2025-08-22 02:00:00,113.96000000001152
2025-08-22 03:00:00,113.20000000001804
2025-08-22 04:00:00,112.43000000000225
2025-08-22 05:00:00,111.16000000000555
2025-08-22 06:00:00,110.83000000000274
2025-08-22 07:00:00,109.59999999999549
2025-08-22 08:00:00,108.85000000000119
2025-08-22 09:00:00,108.68999999999818
2025-08-22 10:00:00,108.82000000000001
2025-08-22 11:00:00,108.16999999999506
2025-08-22 12:00:00,117.25999999999125
2025-08-22 13:00:00,117.0100000000074
2025-08-22 14:00:00,113.49999999999633
2025-08-22 15:00:00,120.48999999999847
2025-08-22 16:00:00,122.24000000000957
2025-08-22 17:00:00,134.44999999999322
2025-08-22 18:00:00,202.729999999989
2025-08-22 19:00:00,205.9600000000043
2025-08-22 20:00:00,201.72999999999507
2025-08-22 21:00:00,191.43000000001402
2025-08-22 22:00:00,132.08000000000374
2025-08-22 23:00:00,127.93999999999262
2025-08-23 00:00:00,120.82000000000492
2025-08-23 01:00:00,115.47999999999429
2025-08-23 02:00:00,114.609999999999
2025-08-23 03:00:00,114.44000000000509
2025-08-23 04:00:00,112.20999999998764
2025-08-23 05:00:00,110.90000000000003
2025-08-23 06:00:00,111.90999999999407
2025-08-23 07:00:00,108.91000000000324
2025-08-23 08:00:00,108.73999999999718
2025-08-23 09:00:00,109.2299999999973
2025-08-23 10:00:00,109.54999999999362
2025-08-23 11:00:00,117.59000000000107
2025-08-23 12:00:00,117.66000000000788
2025-08-23 13:00:00,117.65999999999694
2025-08-23 14:00:00,118.09000000000724
2025-08-23 15:00:00,120.7599999999984
2025-08-23 16:00:00,120.95000000000975
2025-08-23 17:00:00,129.73999999999612
2025-08-23 18:00:00,165.04999999999833
2025-08-23 19:00:00,173.17000000000994
2025-08-23 20:00:00,134.9500000000011
2025-08-23 21:00:00,132.73999999998577
2025-08-23 22:00:00,127.14999999999435
2025-08-23 23:00:00,130.7900000000049
2025-08-24 00:00:00,115.40999999999947
2025-08-24 01:00:00,113.30000000000045
2025-08-24 02:00:00,112.4600000000132
2025-08-24 03:00:00,111.39999999999966
2025-08-24 04:00:00,109.35999999999689
2025-08-24 05:00:00,109.23999999999741
2025-08-24 06:00:00,109.20000000001045
2025-08-24 07:00:00,109.02000000000105
2025-08-24 08:00:00,108.94000000000658
2025-08-24 09:00:00,109.01999999998793
2025-08-24 10:00:00,109.06999999999113
2025-08-24 11:00:00,109.03000000001198
2025-08-24 12:00:00,108.99000000000659
2025-08-24 13:00:00,108.69999999999753
2025-08-24 14:00:00,116.2600000000091
2025-08-24 15:00:00,112.75000000000031
2025-08-24 16:00:00,112.39000000001394
2025-08-24 17:00:00,113.6199999999966
2025-08-24 18:00:00,122.33999999999581
2025-08-24 19:00:00,131.7700000000062
2025-08-24 20:00:00,130.64000000000655
2025-08-24 21:00:00,129.1799999999805
2025-08-24 22:00:00,117.62999999998945
2025-08-24 23:00:00,111.22000000000314
2025-08-25 00:00:00,108.33999999999867
2025-08-25 01:00:00,108.33999999999551
2025-08-25 02:00:00,108.36000000000939
2025-08-25 03:00:00,108.09000000000303
2025-08-25 04:00:00,107.91000000000817
2025-08-25 05:00:00,107.95000000000313
2025-08-25 06:00:00,108.40000000000197
2025-08-25 07:00:00,107.61999999999696
2025-08-25 08:00:00,114.1699999999907
2025-08-25 09:00:00,113.56999999999242
2025-08-25 10:00:00,114.66999999999861
2025-08-25 11:00:00,113.72000000000004
2025-08-25 12:00:00,113.39000000000239
2025-08-25 13:00:00,115.4500000000015
2025-08-25 14:00:00,115.41000000000892
2025-08-25 15:00:00,122.62000000000228
2025-08-25 16:00:00,130.24999999999883
2025-08-25 17:00:00,128.06999999999283
2025-08-25 18:00:00,170.16999999999265
2025-08-25 19:00:00,170.94999999999703
2025-08-25 20:00:00,169.0299999999965
2025-08-25 21:00:00,133.29999999999922
2025-08-25 22:00:00,130.26999999999776
2025-08-25 23:00:00,120.73000000000438
2025-08-26 00:00:00,112.69999999998551
2025-08-26 01:00:00,110.32000000000939
2025-08-26 02:00:00,109.24999999999913
2025-08-26 03:00:00,108.10999999999562
2025-08-26 04:00:00,108.00000000000173
2025-08-26 05:00:00,108.02999999999359
2025-08-26 06:00:00,108.670000000002
2025-08-26 07:00:00,110.10999999999707
2025-08-26 08:00:00,113.89999999999307
2025-08-26 09:00:00,113.45999999999384
2025-08-26 10:00:00,113.85000000000214
2025-08-26 11:00:00,113.68999999999593
2025-08-26 12:00:00,113.79999999999775
2025-08-26 13:00:00,115.35999999999656
2025-08-26 14:00:00,117.11000000000159
2025-08-26 15:00:00,116.54000000000734
2025-08-26 16:00:00,127.98000000000285
2025-08-26 17:00:00,127.48000000000157
2025-08-26 18:00:00,135.19999999998868
2025-08-26 19:00:00,129.5300000000095
2025-08-26 20:00:00,129.62999999998993
2025-08-26 21:00:00,129.08000000000374
2025-08-26 22:00:00,123.64999999999544
2025-08-26 23:00:00,115.18000000000889
2025-08-27 00:00:00,112.31999999999387
2025-08-27 01:00:00,112.23000000000678
2025-08-27 02:00:00,112.0800000000048
2025-08-27 03:00:00,111.71000000000028
2025-08-27 04:00:00,108.95000000000248
2025-08-27 05:00:00,108.77999999999678
2025-08-27 06:00:00,108.27999999999692
2025-08-27 07:00:00,108.99000000000242
2025-08-27 08:00:00,111.17000000000161
2025-08-27 09:00:00,112.33999999999402
2025-08-27 10:00:00,111.3000000000024
2025-08-27 11:00:00,111.91999999999827
2025-08-27 12:00:00,121.39000000000169
2025-08-27 13:00:00,129.33999999999563
2025-08-27 14:00:00,127.65000000000562
2025-08-27 15:00:00,127.40999999999384
2025-08-27 16:00:00,121.96000000000123
2025-08-27 17:00:00,118.73999999999961
2025-08-27 18:00:00,126.28000000000311
2025-08-27 19:00:00,126.29000000000086
2025-08-27 20:00:00,127.65999999998931
2025-08-27 21:00:00,118.18999999999247
2025-08-27 22:00:00,114.35999999999721
2025-08-27 23:00:00,109.03000000001308
2025-08-28 00:00:00,107.79999999999566
2025-08-28 01:00:00,108.02999999999915
2025-08-28 02:00:00,107.62999999999202
2025-08-28 03:00:00,108.36000000000138
2025-08-28 04:00:00,108.38000000000072
2025-08-28 05:00:00,108.1400000000047
2025-08-28 06:00:00,108.5700000000123
2025-08-28 07:00:00,107.67999999999788
2025-08-28 08:00:00,107.56999999999621
2025-08-28 09:00:00,107.68999999999453
2025-08-28 10:00:00,108.039999999998
2025-08-28 11:00:00,108.04999999999984
2025-08-28 12:00:00,110.00000000000153
2025-08-28 13:00:00,115.15999999999403
2025-08-28 14:00:00,114.93000000000686
2025-08-28 15:00:00,115.16999999999935
2025-08-28 16:00:00,116.93000000000352
2025-08-28 17:00:00,116.97999999999902
2025-08-28 18:00:00,131.35999999999842
2025-08-28 19:00:00,131.5800000000175
2025-08-28 20:00:00,129.10999999999717
2025-08-28 21:00:00,128.23999999999788
2025-08-28 22:00:00,115.93000000000764
2025-08-28 23:00:00,109.37999999999712
2025-08-29 00:00:00,109.34000000000704
2025-08-29 01:00:00,108.85999999999946
2025-08-29 02:00:00,108.87999999999765
2025-08-29 03:00:00,108.86000000000617
2025-08-29 04:00:00,108.3300000000004
2025-08-29 05:00:00,108.31999999999286
2025-08-29 06:00:00,108.44999999999506
2025-08-29 07:00:00,108.3499999999924
2025-08-29 08:00:00,107.88999999999311
2025-08-29 09:00:00,108.24999999999312
2025-08-29 10:00:00,110.83999999999463
2025-08-29 11:00:00,111.31999999999638
2025-08-29 12:00:00,117.27999999999787
2025-08-29 13:00:00,117.68000000000895
2025-08-29 14:00:00,127.84999999999586
2025-08-29 15:00:00,130.30999999999912
2025-08-29 16:00:00,129.3900000000096
2025-08-29 17:00:00,127.68000000000045
2025-08-29 18:00:00,173.87999999998604
2025-08-29 19:00:00,170.35000000000773
2025-08-29 20:00:00,173.6500000000038
2025-08-29 21:00:00,167.94999999998797
2025-08-29 22:00:00,170.26999999999467
2025-08-29 23:00:00,127.73000000001585
2025-08-30 00:00:00,127.80999999999173
2025-08-30 01:00:00,122.92000000000311
2025-08-30 02:00:00,123.6299999999967
2025-08-30 03:00:00,120.4600000000052
2025-08-30 04:00:00,116.28000000000405
2025-08-30 05:00:00,117.99000000001011
2025-08-30 06:00:00,114.87999999999822
2025-08-30 07:00:00,114.88000000000471
2025-08-30 08:00:00,114.87999999999107
2025-08-30 09:00:00,114.89999999999945
2025-08-30 10:00:00,115.26999999999684
2025-08-30 11:00:00,116.76999999999894
2025-08-30 12:00:00,116.77000000000507
2025-08-30 13:00:00,116.70000000000071
2025-08-30 14:00:00,123.51000000000604
2025-08-30 15:00:00,171.80999999998676
2025-08-30 16:00:00,182.12000000000944
2025-08-30 17:00:00,137.86000000000257
2025-08-30 18:00:00,201.86999999999838
2025-08-30 19:00:00,202.4300000000071
2025-08-30 20:00:00,171.06000000000967
2025-08-30 21:00:00,133.46999999999707
2025-08-30 22:00:00,128.10999999999586
2025-08-30 23:00:00,129.17999999999518
2025-08-31 00:00:00,121.72999999999293
2025-08-31 01:00:00,116.77999999999092
2025-08-31 02:00:00,116.79000000000597
2025-08-31 03:00:00,115.60999999999878
2025-08-31 04:00:00,114.79000000000337
2025-08-31 05:00:00,110.91000000000321
2025-08-31 06:00:00,110.82999999999683
2025-08-31 07:00:00,109.04000000000073
2025-08-31 08:00:00,107.07000000000649
2025-08-31 09:00:00,106.97000000000337
2025-08-31 10:00:00,106.99999999999517
2025-08-31 11:00:00,107.06999999999675
2025-08-31 12:00:00,111.4799999999897
2025-08-31 13:00:00,112.92000000000252
2025-08-31 14:00:00,113.44999999999345
2025-08-31 15:00:00,114.29999999999949
2025-08-31 16:00:00,114.32000000000669
2025-08-31 17:00:00,122.27999999999093
2025-08-31 18:00:00,128.3900000000005
2025-08-31 19:00:00,129.86000000000405
2025-08-31 20:00:00,130.0199999999951
2025-08-31 21:00:00,128.66000000000082
2025-08-31 22:00:00,128.65999999998965
2025-08-31 23:00:00,131.56000000000094
2025-09-01 00:00:00,114.35000000001087
2025-09-01 01:00:00,106.71999999999748
2025-09-01 02:00:00,106.17999999999574
2025-09-01 03:00:00,106.20000000000152
2025-09-01 04:00:00,106.20000000000047
2025-09-01 05:00:00,106.35000000000193
2025-09-01 06:00:00,106.62000000000131
2025-09-01 07:00:00,105.92000000000458
2025-09-01 08:00:00,106.81000000000847
2025-09-01 09:00:00,107.35999999999338
2025-09-01 10:00:00,118.09999999998247
2025-09-01 11:00:00,118.67000000000814
2025-09-01 12:00:00,119.0400000000027
2025-09-01 13:00:00,118.78999999999674
2025-09-01 14:00:00,118.48000000000393
2025-09-01 15:00:00,127.2200000000068
2025-09-01 16:00:00,127.23000000000259
2025-09-01 17:00:00,135.83999999999358
2025-09-01 18:00:00,173.05999999998832
2025-09-01 19:00:00,173.0300000000027
2025-09-01 20:00:00,135.69999999999783
2025-09-01 21:00:00,133.29999999999376
2025-09-01 22:00:00,129.85999999999967
2025-09-01 23:00:00,129.27999999999759
2025-09-02 00:00:00,128.42999999999964
2025-09-02 01:00:00,106.0700000000027
2025-09-02 02:00:00,106.03999999999394
2025-09-02 03:00:00,105.9600000000043
2025-09-02 04:00:00,106.00999999999621
2025-09-02 05:00:00,106.19000000000017
2025-09-02 06:00:00,106.08000000000669
2025-09-02 07:00:00,106.24999999999852
2025-09-02 08:00:00,106.55999999999499
2025-09-02 09:00:00,106.50000000001084
2025-09-02 10:00:00,106.48999999998725
2025-09-02 11:00:00,114.12000000000234
2025-09-02 12:00:00,128.03999999998302
2025-09-02 13:00:00,171.85999999998725
2025-09-02 14:00:00,171.92999999999427
2025-09-02 15:00:00,171.98000000000508
2025-09-02 16:00:00,172.02999999999554
2025-09-02 17:00:00,173.13000000000724
2025-09-02 18:00:00,173.4800000000074
2025-09-02 19:00:00,173.5900000000015
2025-09-02 20:00:00,173.62999999999636
2025-09-02 21:00:00,173.34999999998857
2025-09-02 22:00:00,172.36000000000826
2025-09-02 23:00:00,128.09000000000194
2025-09-03 00:00:00,126.19999999998875
2025-09-03 01:00:00,118.62999999999448
2025-09-03 02:00:00,106.75999999999988
2025-09-03 03:00:00,105.8600000000024
2025-09-03 04:00:00,106.00999999999875
2025-09-03 05:00:00,106.07000000000471
2025-09-03 06:00:00,106.53000000000684
2025-09-03 07:00:00,106.89000000000375
2025-09-03 08:00:00,106.79999999999993
2025-09-03 09:00:00,107.03999999999171
2025-09-03 10:00:00,107.04000000000183
2025-09-03 11:00:00,112.77000000000726
2025-09-03 12:00:00,113.61000000000071
2025-09-03 13:00:00,127.3899999999934
2025-09-03 14:00:00,128.68999999998832
2025-09-03 15:00:00,128.5100000000097
2025-09-03 16:00:00,133.86999999999423
2025-09-03 17:00:00,197.86999999999517
2025-09-03 18:00:00,208.0699999999919
2025-09-03 19:00:00,210.11999999999264
2025-09-03 20:00:00,198.64999999999227
2025-09-03 21:00:00,197.65999999999656
2025-09-03 22:00:00,173.59999999999752
2025-09-03 23:00:00,135.55000000001294
2025-09-04 00:00:00,159.07999999999763
2025-09-04 01:00:00,153.62000000001032
2025-09-04 02:00:00,126.81000000001059
2025-09-04 03:00:00,126.8599999999939
2025-09-04 04:00:00,126.39000000000225
2025-09-04 05:00:00,125.64000000001137
2025-09-04 06:00:00,119.64000000000182
2025-09-04 07:00:00,106.68999999998792
2025-09-04 08:00:00,106.94999999999472
2025-09-04 09:00:00,107.16999999999625
2025-09-04 10:00:00,118.66999999998804
2025-09-04 11:00:00,125.87000000000681
2025-09-04 12:00:00,126.22999999999008
2025-09-04 13:00:00,132.9000000000075
2025-09-04 14:00:00,133.9299999999949
2025-09-04 15:00:00,191.2999999999816
2025-09-04 16:00:00,188.93000000000595
2025-09-04 17:00:00,195.9600000000008
2025-09-04 18:00:00,235.8799999999926
2025-09-04 19:00:00,236.04000000000184
2025-09-04 20:00:00,235.69000000000042
2025-09-04 21:00:00,235.6900000000027
2025-09-04 22:00:00,200.59999999999013
2025-09-04 23:00:00,188.090000000001
2025-09-05 00:00:00,174.23999999999754
2025-09-05 01:00:00,170.56999999999314
2025-09-05 02:00:00,126.75000000000648
2025-09-05 03:00:00,126.82000000000491
2025-09-05 04:00:00,126.01000000000597
2025-09-05 05:00:00,125.76000000000228
2025-09-05 06:00:00,126.04000000001965
2025-09-05 07:00:00,114.38000000000562
2025-09-05 08:00:00,119.48999999998816
2025-09-05 09:00:00,121.10999999999821
2025-09-05 10:00:00,129.48999999999378
2025-09-05 11:00:00,131.05000000000916
2025-09-05 12:00:00,131.13000000000397
2025-09-05 13:00:00,127.0700000000014
2025-09-05 14:00:00,133.76999999998705
2025-09-05 15:00:00,192.3799999999955
2025-09-05 16:00:00,196.65000000000373
2025-09-05 17:00:00,198.4400000000016
2025-09-05 18:00:00,211.0999999999935
2025-09-05 19:00:00,236.29999999999362
2025-09-05 20:00:00,199.44000000001162
2025-09-05 21:00:00,197.86999999999114
2025-09-05 22:00:00,173.38000000001566
2025-09-05 23:00:00,135.91000000000236
2025-09-06 00:00:00,128.9200000000078
2025-09-06 01:00:00,125.5799999999953
2025-09-06 02:00:00,119.71000000000365
2025-09-06 03:00:00,114.45999999999948
2025-09-06 04:00:00,114.90999999999195
2025-09-06 05:00:00,115.30999999999928
2025-09-06 06:00:00,106.38000000001288
2025-09-06 07:00:00,106.21000000000524
2025-09-06 08:00:00,106.14000000000645
2025-09-06 09:00:00,106.10999999999397
2025-09-06 10:00:00,106.25999999999473
2025-09-06 11:00:00,112.30000000000305
2025-09-06 12:00:00,127.86999999999188
2025-09-06 13:00:00,128.8199999999924
2025-09-06 14:00:00,119.48000000000388
2025-09-06 15:00:00,129.6699999999927
2025-09-06 16:00:00,128.9999999999903
2025-09-06 17:00:00,125.82999999999558
2025-09-06 18:00:00,183.13000000000724
2025-09-06 19:00:00,183.49000000000086
2025-09-06 20:00:00,163.5100000000002
2025-09-06 21:00:00,170.1100000000011
2025-09-06 22:00:00,133.77000000000223
2025-09-06 23:00:00,128.26999999999543
2025-09-07 00:00:00,126.68000000001867
2025-09-07 01:00:00,113.95999999999655
2025-09-07 02:00:00,114.09000000000337
2025-09-07 03:00:00,106.27000000001242
2025-09-07 04:00:00,106.1899999999922
2025-09-07 05:00:00,106.2199999999926
2025-09-07 06:00:00,106.1300000000044
2025-09-07 07:00:00,106.64999999999363
2025-09-07 08:00:00,106.59999999999673
2025-09-07 09:00:00,106.49000000000446
2025-09-07 10:00:00,106.84999999999305
2025-09-07 11:00:00,112.2099999999925
2025-09-07 12:00:00,112.18000000000922
2025-09-07 13:00:00,113.25999999999652
2025-09-07 14:00:00,127.39999999999756
2025-09-07 15:00:00,130.19000000001512
2025-09-07 16:00:00,125.69000000000231
2025-09-07 17:00:00,122.4200000000056
2025-09-07 18:00:00,127.33999999999341
2025-09-07 19:00:00,129.2499999999927
2025-09-07 20:00:00,127.84999999999455
2025-09-07 21:00:00,128.90000000000052
2025-09-07 22:00:00,127.61999999999955
2025-09-07 23:00:00,113.53999999999586
2025-09-08 00:00:00,107.1100000000058
2025-09-08 01:00:00,107.10999999998982
2025-09-08 02:00:00,106.66000000000211
2025-09-08 03:00:00,105.65999999999666
2025-09-08 04:00:00,105.67999999998867
2025-09-08 05:00:00,106.00999999999438
2025-09-08 06:00:00,105.81999999999935
2025-09-08 07:00:00,105.57999999999353
2025-09-08 08:00:00,110.4999999999942
2025-09-08 09:00:00,113.15999999999352
2025-09-08 10:00:00,115.49000000000015
2025-09-08 11:00:00,119.78999999999408
2025-09-08 12:00:00,118.89999999999871
2025-09-08 13:00:00,118.37000000000148
2025-09-08 14:00:00,120.11000000000155
2025-09-08 15:00:00,173.97000000000008
2025-09-08 16:00:00,186.44000000000494
2025-09-08 17:00:00,186.90999999999514
2025-09-08 18:00:00,190.8399999999862
2025-09-08 19:00:00,193.50000000000108
2025-09-08 20:00:00,184.3899999999874
2025-09-08 21:00:00,174.02000000000106
2025-09-08 22:00:00,133.1099999999912
2025-09-08 23:00:00,132.8300000000005
2025-09-09 00:00:00,127.10999999999291
2025-09-09 01:00:00,129.0899999999958
2025-09-09 02:00:00,117.42000000000722
2025-09-09 03:00:00,112.78000000000219
2025-09-09 04:00:00,112.9400000000076
2025-09-09 05:00:00,113.71000000000346
2025-09-09 06:00:00,113.79000000001474
2025-09-09 07:00:00,106.82000000000029
2025-09-09 08:00:00,108.72999999999413
2025-09-09 09:00:00,111.66999999999967
2025-09-09 10:00:00,112.06999999999616
2025-09-09 11:00:00,116.73000000000614
2025-09-09 12:00:00,120.80999999998762
2025-09-09 13:00:00,169.9599999999939
2025-09-09 14:00:00,189.72000000000645
2025-09-09 15:00:00,189.57999999999268
2025-09-09 16:00:00,184.51000000001804
2025-09-09 17:00:00,170.40999999999823
2025-09-09 18:00:00,170.43000000001524
2025-09-09 19:00:00,134.920000000007
2025-09-09 20:00:00,135.20999999999876
2025-09-09 21:00:00,128.9800000000046
2025-09-09 22:00:00,125.05000000000139
2025-09-09 23:00:00,125.14000000000799
2025-09-10 00:00:00,111.52999999999965
2025-09-10 01:00:00,107.10000000000302
2025-09-10 02:00:00,105.97000000000271
2025-09-10 03:00:00,105.67999999999309
2025-09-10 04:00:00,105.67999999999263
2025-09-10 05:00:00,105.5799999999913
2025-09-10 06:00:00,106.26000000000509
2025-09-10 07:00:00,105.4899999999936
2025-09-10 08:00:00,107.94000000000382
2025-09-10 09:00:00,108.46999999999528
2025-09-10 10:00:00,109.36000000000627
2025-09-10 11:00:00,114.29999999998805
2025-09-10 12:00:00,115.94000000000216
2025-09-10 13:00:00,113.7199999999999
2025-09-10 14:00:00,116.3599999999968
2025-09-10 15:00:00,119.91000000000192
2025-09-10 16:00:00,125.68999999999863
2025-09-10 17:00:00,128.55999999999574
2025-09-10 18:00:00,125.2800000000044
2025-09-10 19:00:00,135.30999999999833
2025-09-10 20:00:00,135.309999999998
2025-09-10 21:00:00,124.91999999999052
2025-09-10 22:00:00,126.5799999999824
2025-09-10 23:00:00,120.64000000001535
2025-09-11 00:00:00,108.83999999998969
2025-09-11 01:00:00,108.09000000000447
2025-09-11 02:00:00,106.4699999999992
2025-09-11 03:00:00,106.02999999999419
2025-09-11 04:00:00,106.48000000001002
2025-09-11 05:00:00,106.27999999999035
2025-09-11 06:00:00,106.28999999999724
2025-09-11 07:00:00,106.0400000000028
2025-09-11 08:00:00,107.51000000000009
2025-09-11 09:00:00,109.10999999999017
2025-09-11 10:00:00,105.10999999999314
2025-09-11 11:00:00,109.67999999999851
2025-09-11 12:00:00,109.83000000000895
2025-09-11 13:00:00,110.75000000000067
2025-09-11 14:00:00,111.48000000000816
2025-09-11 15:00:00,113.5100000000008
2025-09-11 16:00:00,126.7999999999944
2025-09-11 17:00:00,124.75000000001127
2025-09-11 18:00:00,136.06000000000083
2025-09-11 19:00:00,135.45999999999881
2025-09-11 20:00:00,134.81999999999874
2025-09-11 21:00:00,127.1100000000011
2025-09-11 22:00:00,126.72999999998868
2025-09-11 23:00:00,126.4600000000064
2025-09-12 00:00:00,106.93000000000463
2025-09-12 01:00:00,107.6799999999996
2025-09-12 02:00:00,106.4500000000007
2025-09-12 03:00:00,106.45000000000354
2025-09-12 04:00:00,105.81999999999996
2025-09-12 05:00:00,105.62999999999637
2025-09-12 06:00:00,105.72999999999892
2025-09-12 07:00:00,105.95999999999614
2025-09-12 08:00:00,105.14999999999834
2025-09-12 09:00:00,105.09999999999738
2025-09-12 10:00:00,104.98999999999789
2025-09-12 11:00:00,109.01000000000236
2025-09-12 12:00:00,109.01000000000334
2025-09-12 13:00:00,109.0200000000047
2025-09-12 14:00:00,111.5299999999997
2025-09-12 15:00:00,112.10999999999486
2025-09-12 16:00:00,116.91000000000565
2025-09-12 17:00:00,125.10999999999476
2025-09-12 18:00:00,175.76999999999651
2025-09-12 19:00:00,187.87999999999417
2025-09-12 20:00:00,170.3300000000129
2025-09-12 21:00:00,168.72000000000062
2025-09-12 22:00:00,175.1799999999997
2025-09-12 23:00:00,135.3300000000085
2025-09-13 00:00:00,128.45000000000158
2025-09-13 01:00:00,128.41000000000594
2025-09-13 02:00:00,128.30999999999597
2025-09-13 03:00:00,126.6400000000032
2025-09-13 04:00:00,118.23999999999103
2025-09-13 05:00:00,118.34999999999388
2025-09-13 06:00:00,113.69000000000047
2025-09-13 07:00:00,109.32999999999673
2025-09-13 08:00:00,117.82999999999086
2025-09-13 09:00:00,119.76000000000363
2025-09-13 10:00:00,125.45999999999205
2025-09-13 11:00:00,123.10999999999872
2025-09-13 12:00:00,122.75000000000448
2025-09-13 13:00:00,122.75000000000695
2025-09-13 14:00:00,122.80000000001381
2025-09-13 15:00:00,123.82999999999535
2025-09-13 16:00:00,125.89000000000185
2025-09-13 17:00:00,134.86999999998466
2025-09-13 18:00:00,173.89999999999833
2025-09-13 19:00:00,173.62000000000532
2025-09-13 20:00:00,126.64000000000361
2025-09-13 21:00:00,126.78000000000134
2025-09-13 22:00:00,127.37999999999481
2025-09-13 23:00:00,127.56000000000024
2025-09-14 00:00:00,113.04000000000109
2025-09-14 01:00:00,113.00999999999917
2025-09-14 02:00:00,108.25000000000503
2025-09-14 03:00:00,107.38000000000649
2025-09-14 04:00:00,107.0199999999988
2025-09-14 05:00:00,106.03999999998825
2025-09-14 06:00:00,106.04000000000755
2025-09-14 07:00:00,105.69999999999239
2025-09-14 08:00:00,105.0900000000019
2025-09-14 09:00:00,106.37999999999319
2025-09-14 10:00:00,106.42000000000196
2025-09-14 11:00:00,108.89999999999729
2025-09-14 12:00:00,110.04000000000532
2025-09-14 13:00:00,111.05999999999949
2025-09-14 14:00:00,109.80999999999943
2025-09-14 15:00:00,109.12000000001491
2025-09-14 16:00:00,106.57000000000578
2025-09-14 17:00:00,106.53999999999075
2025-09-14 18:00:00,118.76000000000802
2025-09-14 19:00:00,119.37000000000022
2025-09-14 20:00:00,113.95000000000192
2025-09-14 21:00:00,105.76000000001122
2025-09-14 22:00:00,105.39999999999937
2025-09-14 23:00:00,105.58999999999503
2025-09-15 00:00:00,108.43999999999701
2025-09-15 01:00:00,109.90999999999309
2025-09-15 02:00:00,109.62000000000255
2025-09-15 03:00:00,109.70999999999836
2025-09-15 04:00:00,109.71000000000582
2025-09-15 05:00:00,110.0699999999984
2025-09-15 06:00:00,111.27999999999544
2025-09-15 07:00:00,109.89000000000726
2025-09-15 08:00:00,108.5799999999969
2025-09-15 09:00:00,108.1199999999989
2025-09-15 10:00:00,108.26999999999981
2025-09-15 11:00:00,109.34000000000012
2025-09-15 12:00:00,109.31000000000685
2025-09-15 13:00:00,108.0100000000009
2025-09-15 14:00:00,108.36000000001415
2025-09-15 15:00:00,108.40000000000686
2025-09-15 16:00:00,108.17999999999354
2025-09-15 17:00:00,109.34999999999606
2025-09-15 18:00:00,114.2500000000102
2025-09-15 19:00:00,116.60000000000088
2025-09-15 20:00:00,116.78999999999742
2025-09-15 21:00:00,108.19000000000842
2025-09-15 22:00:00,107.26000000000315
2025-09-15 23:00:00,107.27000000000072
2025-09-16 00:00:00,107.41999999999456
2025-09-16 01:00:00,107.68999999999593
2025-09-16 02:00:00,107.50999999999316
2025-09-16 03:00:00,107.54000000000252
2025-09-16 04:00:00,107.72000000000179
2025-09-16 05:00:00,109.15000000000256
2025-09-16 06:00:00,109.20999999998945
2025-09-16 07:00:00,109.13999999999727
2025-09-16 08:00:00,107.95999999998844
2025-09-16 09:00:00,109.08999999999361
2025-09-16 10:00:00,108.89000000001508
2025-09-16 11:00:00,109.06000000000604
2025-09-16 12:00:00,113.0600000000004
2025-09-16 13:00:00,113.48000000000164
2025-09-16 14:00:00,124.62999999999313
2025-09-16 15:00:00,134.40999999999474
2025-09-16 16:00:00,135.1400000000128
2025-09-16 17:00:00,135.1099999999956
2025-09-16 18:00:00,180.20000000000408
2025-09-16 19:00:00,180.18999999999863
2025-09-16 20:00:00,139.24999999999488
2025-09-16 21:00:00,126.33999999999949
2025-09-16 22:00:00,127.88999999999986
2025-09-16 23:00:00,115.29999999998701
2025-09-17 00:00:00,113.3899999999927
2025-09-17 01:00:00,108.43000000001022
2025-09-17 02:00:00,108.42999999999287
2025-09-17 03:00:00,108.27999999999476
2025-09-17 04:00:00,108.01000000000776
2025-09-17 05:00:00,108.16999999999824
2025-09-17 06:00:00,108.04000000000308
2025-09-17 07:00:00,108.04000000000117
2025-09-17 08:00:00,108.34000000000806
2025-09-17 09:00:00,108.33000000000001
2025-09-17 10:00:00,108.36000000000735
2025-09-17 11:00:00,108.3200000000046
2025-09-17 12:00:00,108.0700000000055
2025-09-17 13:00:00,111.68000000000306
2025-09-17 14:00:00,125.18000000000181
2025-09-17 15:00:00,129.1999999999984
2025-09-17 16:00:00,126.13000000001082
2025-09-17 17:00:00,125.81999999997976
2025-09-17 18:00:00,185.16999999998995
2025-09-17 19:00:00,191.85999999999635
2025-09-17 20:00:00,191.8099999999985
2025-09-17 21:00:00,135.51000000001832
2025-09-17 22:00:00,126.1799999999928
2025-09-17 23:00:00,126.29000000000843
2025-09-18 00:00:00,108.51000000001291
2025-09-18 01:00:00,108.1800000000055
2025-09-18 02:00:00,108.4099999999983
2025-09-18 03:00:00,108.07999999999832
2025-09-18 04:00:00,108.03999999999161
2025-09-18 05:00:00,108.47000000000097
2025-09-18 06:00:00,108.16999999999756
2025-09-18 07:00:00,108.01000000000047
2025-09-18 08:00:00,108.23999999999006
2025-09-18 09:00:00,108.18999999999562
2025-09-18 10:00:00,108.13999999999969
2025-09-18 11:00:00,108.45000000001264
2025-09-18 12:00:00,108.51999999999015
2025-09-18 13:00:00,111.30999999999749
2025-09-18 14:00:00,125.60999999999163
2025-09-18 15:00:00,134.37000000000026
2025-09-18 16:00:00,128.00999999999877
2025-09-18 17:00:00,128.37999999999244
2025-09-18 18:00:00,134.71999999999633
2025-09-18 19:00:00,135.03000000000083
2025-09-18 20:00:00,134.8599999999891
2025-09-18 21:00:00,134.55000000000183
2025-09-18 22:00:00,135.31999999999888
2025-09-18 23:00:00,125.9699999999989
2025-09-19 00:00:00,108.11999999999207
2025-09-19 01:00:00,107.93000000000659
2025-09-19 02:00:00,107.94999999999423
2025-09-19 03:00:00,107.96999999999957
2025-09-19 04:00:00,108.19000000000729
2025-09-19 05:00:00,108.48000000000644
2025-09-19 06:00:00,108.41999999999163
2025-09-19 07:00:00,108.64999999999691
2025-09-19 08:00:00,125.6199999999976
2025-09-19 09:00:00,126.9400000000059
2025-09-19 10:00:00,126.87999999999674
2025-09-19 11:00:00,120.08999999999692
2025-09-19 12:00:00,120.0799999999976
2025-09-19 13:00:00,119.88000000000478
2025-09-19 14:00:00,112.14999999999783
2025-09-19 15:00:00,112.43000000000445
2025-09-19 16:00:00,113.03999999999769
2025-09-19 17:00:00,126.18999999999116
2025-09-19 18:00:00,125.45000000001629
2025-09-19 19:00:00,125.4100000000038
2025-09-19 20:00:00,125.12000000000297
2025-09-19 21:00:00,125.68999999999751
2025-09-19 22:00:00,123.87999999999943
2025-09-19 23:00:00,112.65999999999293
2025-09-20 00:00:00,108.7599999999888
2025-09-20 01:00:00,108.59999999999572
2025-09-20 02:00:00,108.60000000000288
2025-09-20 03:00:00,108.60000000000075
2025-09-20 04:00:00,108.5999999999984
2025-09-20 05:00:00,108.76000000000347
2025-09-20 06:00:00,108.8199999999867
2025-09-20 07:00:00,108.00000000000009
2025-09-20 08:00:00,108.750000000016
2025-09-20 09:00:00,113.63000000000501
2025-09-20 10:00:00,113.85999999999972
2025-09-20 11:00:00,108.54999999998864
2025-09-20 12:00:00,108.30000000000808
2025-09-20 13:00:00,108.56000000001048
2025-09-20 14:00:00,107.92999999999034
2025-09-20 15:00:00,112.79999999999465
2025-09-20 16:00:00,114.029999999993
2025-09-20 17:00:00,125.28000000000164
2025-09-20 18:00:00,128.43000000000134
2025-09-20 19:00:00,128.41999999999118
2025-09-20 20:00:00,123.90999999999677
2025-09-20 21:00:00,109.20999999999728
2025-09-20 22:00:00,109.5999999999999
2025-09-20 23:00:00,108.40999999998927
2025-09-21 00:00:00,107.05999999999618
2025-09-21 01:00:00,108.37999999999995
2025-09-21 02:00:00,108.55999999999905
2025-09-21 03:00:00,108.5599999999938
2025-09-21 04:00:00,108.54000000000353
2025-09-21 05:00:00,108.93000000000423
2025-09-21 06:00:00,108.45000000000366
2025-09-21 07:00:00,109.17000000000267
2025-09-21 08:00:00,108.53000000000539
2025-09-21 09:00:00,107.50999999999688
2025-09-21 10:00:00,107.35999999999724
2025-09-21 11:00:00,107.57000000000922
2025-09-21 12:00:00,107.59000000001181
2025-09-21 13:00:00,107.48999999999853
2025-09-21 14:00:00,106.72000000000546
2025-09-21 15:00:00,113.84999999999664
2025-09-21 16:00:00,126.63999999999994
2025-09-21 17:00:00,124.78000000000364
2025-09-21 18:00:00,127.19999999999848
2025-09-21 19:00:00,127.02999999999986
2025-09-21 20:00:00,126.85999999999973
2025-09-21 21:00:00,127.31000000000172
2025-09-21 22:00:00,121.08000000000698
2025-09-21 23:00:00,112.98000000000401
2025-09-22 00:00:00,108.62999999999549
2025-09-22 01:00:00,108.47999999999465
2025-09-22 02:00:00,108.18000000000275
2025-09-22 03:00:00,108.26000000000829
2025-09-22 04:00:00,108.61999999999097
2025-09-22 05:00:00,109.51999999999937
2025-09-22 06:00:00,109.01000000000015
2025-09-22 07:00:00,109.0100000000071
2025-09-22 08:00:00,108.73999999999971
2025-09-22 09:00:00,108.72000000000337
2025-09-22 10:00:00,108.23000000000476
2025-09-22 11:00:00,108.2199999999991
2025-09-22 12:00:00,107.75000000000692
2025-09-22 13:00:00,112.93000000000464
2025-09-22 14:00:00,117.10000000000475
2025-09-22 15:00:00,124.95999999999302
2025-09-22 16:00:00,127.44999999999774
2025-09-22 17:00:00,127.26999999999356
2025-09-22 18:00:00,183.22999999998348
2025-09-22 19:00:00,183.45000000000755
2025-09-22 20:00:00,127.73000000000606
2025-09-22 21:00:00,125.47999999998598
2025-09-22 22:00:00,126.3799999999856
2025-09-22 23:00:00,125.91999999999814
2025-09-23 00:00:00,108.32999999999602
2025-09-23 01:00:00,108.22999999999446
2025-09-23 02:00:00,108.0200000000045
2025-09-23 03:00:00,108.14999999999637
2025-09-23 04:00:00,108.41999999999399
2025-09-23 05:00:00,108.78000000000912
2025-09-23 06:00:00,109.77000000001253
2025-09-23 07:00:00,109.2600000000034
2025-09-23 08:00:00,109.01999999999768
2025-09-23 09:00:00,108.91999999999268
2025-09-23 10:00:00,108.88999999999261
2025-09-23 11:00:00,108.62999999999732
2025-09-23 12:00:00,108.24000000000078
2025-09-23 13:00:00,107.09999999999924
2025-09-23 14:00:00,127.29000000000066
2025-09-23 15:00:00,128.680000000017
2025-09-23 16:00:00,128.3399999999991
2025-09-23 17:00:00,126.54000000000104
2025-09-23 18:00:00,126.9899999999951
2025-09-23 19:00:00,127.64999999999058
2025-09-23 20:00:00,125.75999999999866
2025-09-23 21:00:00,126.03999999999193
2025-09-23 22:00:00,119.59000000000403
2025-09-23 23:00:00,108.9099999999915
2025-09-24 00:00:00,108.63000000000595
2025-09-24 01:00:00,108.72000000000185
2025-09-24 02:00:00,108.73000000000576
2025-09-24 03:00:00,108.74000000000188
2025-09-24 04:00:00,108.42000000000353
2025-09-24 05:00:00,108.13000000000125
2025-09-24 06:00:00,108.62999999999973
2025-09-24 07:00:00,108.35999999999963
2025-09-24 08:00:00,108.25999999999928
2025-09-24 09:00:00,108.3999999999989
2025-09-24 10:00:00,108.59000000000697
2025-09-24 11:00:00,114.80000000000523
2025-09-24 12:00:00,114.70999999999756
2025-09-24 13:00:00,113.14000000000306
2025-09-24 14:00:00,114.43000000000154
2025-09-24 15:00:00,115.65000000000279
2025-09-24 16:00:00,127.17000000000111
2025-09-24 17:00:00,127.44999999999769
2025-09-24 18:00:00,185.13999999998055
2025-09-24 19:00:00,188.7300000000119
2025-09-24 20:00:00,144.35000000000915
2025-09-24 21:00:00,141.29000000000138
2025-09-24 22:00:00,135.98000000000403
2025-09-24 23:00:00,126.50999999999271
2025-09-25 00:00:00,118.13999999999741
2025-09-25 01:00:00,112.35000000000079
2025-09-25 02:00:00,108.60000000000447
2025-09-25 03:00:00,108.31000000000634
2025-09-25 04:00:00,108.3699999999943
2025-09-25 05:00:00,108.27000000000504
2025-09-25 06:00:00,108.15000000000926
2025-09-25 07:00:00,108.52999999999035
2025-09-25 08:00:00,108.45999999998656
2025-09-25 09:00:00,108.68999999999647
2025-09-25 10:00:00,108.45999999999563
2025-09-25 11:00:00,116.69000000000047
2025-09-25 12:00:00,117.9099999999963
2025-09-25 13:00:00,117.90999999999698
2025-09-25 14:00:00,119.12999999999651
2025-09-25 15:00:00,129.12000000001711
2025-09-25 16:00:00,127.28999999999658
2025-09-25 17:00:00,185.41999999997833
2025-09-25 18:00:00,225.37999999999775
2025-09-25 19:00:00,224.109999999991
2025-09-25 20:00:00,191.46000000000922
2025-09-25 21:00:00,190.409999999989
2025-09-25 22:00:00,184.0500000000301
2025-09-25 23:00:00,126.25000000000736
2025-09-26 00:00:00,125.73000000000322
2025-09-26 01:00:00,112.27000000000835
2025-09-26 02:00:00,109.14999999999992
2025-09-26 03:00:00,109.11999999999576
2025-09-26 04:00:00,109.03000000001016
2025-09-26 05:00:00,108.50000000000658
2025-09-26 06:00:00,108.91999999999985
2025-09-26 07:00:00,108.90000000001307
2025-09-26 08:00:00,108.71000000000303
2025-09-26 09:00:00,108.78999999999736
2025-09-26 10:00:00,112.73000000000867
2025-09-26 11:00:00,126.61000000000047
2025-09-26 12:00:00,119.27999999999943
2025-09-26 13:00:00,118.6899999999986
2025-09-26 14:00:00,124.5799999999968
2025-09-26 15:00:00,128.19000000000466
2025-09-26 16:00:00,134.12
2025-09-26 17:00:00,145.00999999999573
2025-09-26 18:00:00,190.1099999999956
2025-09-26 19:00:00,190.10000000000574
2025-09-26 20:00:00,189.92999999999373
2025-09-26 21:00:00,182.80000000000487
2025-09-26 22:00:00,134.81000000000077
2025-09-26 23:00:00,127.29999999998847
2025-09-27 00:00:00,118.05999999999788
2025-09-27 01:00:00,108.5699999999967
2025-09-27 02:00:00,108.60000000000746
2025-09-27 03:00:00,108.48999999999207
2025-09-27 04:00:00,108.49000000000655
2025-09-27 05:00:00,108.2999999999921
2025-09-27 06:00:00,108.63000000000511
2025-09-27 07:00:00,112.56000000000326
2025-09-27 08:00:00,116.94000000000517
2025-09-27 09:00:00,113.2700000000072
2025-09-27 10:00:00,114.58999999999129
2025-09-27 11:00:00,113.74999999999744
2025-09-27 12:00:00,124.5199999999972
2025-09-27 13:00:00,124.99999999999194
2025-09-27 14:00:00,118.2499999999964
2025-09-27 15:00:00,119.3300000000065
2025-09-27 16:00:00,126.80999999998788
2025-09-27 17:00:00,184.70000000000113
2025-09-27 18:00:00,203.00999999999596
2025-09-27 19:00:00,203.01000000000383
2025-09-27 20:00:00,184.5400000000041
2025-09-27 21:00:00,185.19000000000656
2025-09-27 22:00:00,184.17000000000354
2025-09-27 23:00:00,128.09000000002294
2025-09-28 00:00:00,120.84999999999995
2025-09-28 01:00:00,115.42000000000832
2025-09-28 02:00:00,114.05000000000695
2025-09-28 03:00:00,109.26999999999887
2025-09-28 04:00:00,108.82000000000329
2025-09-28 05:00:00,108.73000000000133
2025-09-28 06:00:00,109.23000000000121
2025-09-28 07:00:00,109.15999999999205
2025-09-28 08:00:00,108.81000000001487
2025-09-28 09:00:00,108.29000000001328
2025-09-28 10:00:00,108.54000000000194
2025-09-28 11:00:00,108.59999999999526
2025-09-28 12:00:00,113.04999999998611
2025-09-28 13:00:00,110.7999999999961
2025-09-28 14:00:00,115.11999999999884
2025-09-28 15:00:00,125.72000000000205
2025-09-28 16:00:00,125.39999999998928
2025-09-28 17:00:00,125.31999999999373
2025-09-28 18:00:00,135.92000000000309
2025-09-28 19:00:00,136.23999999999464
2025-09-28 20:00:00,128.559999999997
2025-09-28 21:00:00,127.05000000000926
2025-09-28 22:00:00,125.58000000000233
2025-09-28 23:00:00,113.2600000000178
2025-09-29 00:00:00,109.54000000000264
2025-09-29 01:00:00,109.49999999999687
2025-09-29 02:00:00,109.79000000000434
2025-09-29 03:00:00,109.66999999999483
2025-09-29 04:00:00,109.6699999999989
2025-09-29 05:00:00,108.99999999999902
2025-09-29 06:00:00,109.23000000000275
2025-09-29 07:00:00,109.73999999999945
2025-09-29 08:00:00,109.3899999999928
2025-09-29 09:00:00,109.76999999999283
2025-09-29 10:00:00,109.36000000000539
2025-09-29 11:00:00,109.49999999999952
2025-09-29 12:00:00,108.86999999999325
2025-09-29 13:00:00,117.50000000000463
2025-09-29 14:00:00,120.25999999999944
2025-09-29 15:00:00,183.07999999998842
2025-09-29 16:00:00,184.45000000001284
2025-09-29 17:00:00,185.16999999999277
2025-09-29 18:00:00,190.81000000000284
2025-09-29 19:00:00,191.00000000000165
2025-09-29 20:00:00,190.90000000000083
2025-09-29 21:00:00,183.8500000000021
2025-09-29 22:00:00,183.59999999999732
2025-09-29 23:00:00,133.60000000000238
2025-09-30 00:00:00,125.80999999999662
2025-09-30 01:00:00,113.07999999999466
2025-09-30 02:00:00,110.400000000001
2025-09-30 03:00:00,109.49000000000747
2025-09-30 04:00:00,109.19999999999636
2025-09-30 05:00:00,109.20000000000286
2025-09-30 06:00:00,108.96999999999706
2025-09-30 07:00:00,109.1400000000072
2025-09-30 08:00:00,108.74999999999929
2025-09-30 09:00:00,108.99000000000825
2025-09-30 10:00:00,109.2999999999983
2025-09-30 11:00:00,109.27000000000123
2025-09-30 12:00:00,110.71000000000579
2025-09-30 13:00:00,113.72000000000062
2025-09-30 14:00:00,120.8099999999968
2025-09-30 15:00:00,185.0599999999822
2025-09-30 16:00:00,184.5900000000283
2025-09-30 17:00:00,127.74999999999326
2025-09-30 18:00:00,185.05999999998508
2025-09-30 19:00:00,185.16000000001569
2025-09-30 20:00:00,134.97000000000477
2025-09-30 21:00:00,126.66999999998875
2025-09-30 22:00:00,125.58000000000143
2025-09-30 23:00:00,113.9300000000055
2025-10-01 00:00:00,109.6699999999863
2025-10-01 01:00:00,109.69999999999789
2025-10-01 02:00:00,109.90999999999758
2025-10-01 03:00:00,109.79000000000079
2025-10-01 04:00:00,109.79000000000349
2025-10-01 05:00:00,109.75999999999993
2025-10-01 06:00:00,109.67000000000422
2025-10-01 07:00:00,109.04999999999278
2025-10-01 08:00:00,108.91999999999565
2025-10-01 09:00:00,108.91999999999743
2025-10-01 10:00:00,109.32999999999484
2025-10-01 11:00:00,109.36000000000385
2025-10-01 12:00:00,109.65000000000455
2025-10-01 13:00:00,109.76000000000616
2025-10-01 14:00:00,110.9500000000082
2025-10-01 15:00:00,114.68000000000306
2025-10-01 16:00:00,124.56000000000616
2025-10-01 17:00:00,123.8999999999931
2025-10-01 18:00:00,184.49999999997422
2025-10-01 19:00:00,183.9700000000117
2025-10-01 20:00:00,136.40000000000632
2025-10-01 21:00:00,124.99000000000073
2025-10-01 22:00:00,118.83000000001408
2025-10-01 23:00:00,109.66999999999857
2025-10-02 00:00:00,108.72999999999836
2025-10-02 01:00:00,109.04999999998914
2025-10-02 02:00:00,109.64999999998835
2025-10-02 03:00:00,109.66999999999692
2025-10-02 04:00:00,109.44999999999949
2025-10-02 05:00:00,109.83999999999793
2025-10-02 06:00:00,109.55999999999798
2025-10-02 07:00:00,108.38000000001117
2025-10-02 08:00:00,108.74999999999685
2025-10-02 09:00:00,108.88999999999311
2025-10-02 10:00:00,108.77999999999922
2025-10-02 11:00:00,109.26999999999822
2025-10-02 12:00:00,109.39000000001654
2025-10-02 13:00:00,109.31999999999572
2025-10-02 14:00:00,108.70000000000648
2025-10-02 15:00:00,109.20999999999445
2025-10-02 16:00:00,114.12000000002209
2025-10-02 17:00:00,124.94999999997975
2025-10-02 18:00:00,183.25999999999954
2025-10-02 19:00:00,135.53000000000645
2025-10-02 20:00:00,129.63999999998816
2025-10-02 21:00:00,125.31000000001038
2025-10-02 22:00:00,121.4899999999989
2025-10-02 23:00:00,111.62000000000845
2025-10-03 00:00:00,109.28000000000993
2025-10-03 01:00:00,109.15000000000099
2025-10-03 02:00:00,109.12000000000842
2025-10-03 03:00:00,109.43000000000502
2025-10-03 04:00:00,109.84000000000391
2025-10-03 05:00:00,109.87000000001527
2025-10-03 06:00:00,109.78000000000031
2025-10-03 07:00:00,110.19999999999771
2025-10-03 08:00:00,109.2599999999962
2025-10-03 09:00:00,109.05000000000257
2025-10-03 10:00:00,109.15999999999737
2025-10-03 11:00:00,109.130000000009
2025-10-03 12:00:00,109.64999999999233
2025-10-03 13:00:00,109.53000000001069
2025-10-03 14:00:00,109.21000000000878
2025-10-03 15:00:00,108.8300000000007
2025-10-03 16:00:00,109.67000000001082
2025-10-03 17:00:00,110.49000000000653
2025-10-03 18:00:00,124.45999999999592
2025-10-03 19:00:00,124.86000000000809
2025-10-03 20:00:00,110.90999999999399
2025-10-03 21:00:00,110.13999999998973
2025-10-03 22:00:00,109.61000000000162
2025-10-03 23:00:00,109.04000000000407
2025-10-04 00:00:00,108.36999999998065
2025-10-04 01:00:00,108.15999999999693
2025-10-04 02:00:00,108.44000000000686
2025-10-04 03:00:00,109.03999999999859
2025-10-04 04:00:00,109.80000000001071
2025-10-04 05:00:00,109.80000000000523
2025-10-04 06:00:00,109.76000000000519
2025-10-04 07:00:00,108.42999999999795
2025-10-04 08:00:00,108.87000000001707
2025-10-04 09:00:00,5.442700000016109
2025-10-04 10:00:00,5.350599999973153
2025-10-04 11:00:00,108.59999999998118
2025-10-04 12:00:00,109.1799999999978
2025-10-04 13:00:00,109.13000000000294
2025-10-04 14:00:00,109.77000000000947
2025-10-04 15:00:00,109.78000000000414
2025-10-04 16:00:00,109.67999999999698
2025-10-04 17:00:00,114.71000000000684
2025-10-04 18:00:00,124.11999999999247
2025-10-04 19:00:00,123.95999999999896
2025-10-04 20:00:00,122.02000000001092
2025-10-04 21:00:00,115.18000000000508
2025-10-04 22:00:00,110.47000000001141
2025-10-04 23:00:00,110.19000000000034
2025-10-05 00:00:00,110.21999999999278
2025-10-05 01:00:00,108.57000000000816
2025-10-05 02:00:00,108.37999999999482
2025-10-05 03:00:00,108.77999999999328
2025-10-05 04:00:00,109.5599999999963
2025-10-05 05:00:00,110.04999999999501
2025-10-05 06:00:00,109.8999999999982
2025-10-05 07:00:00,109.28000000000497
2025-10-05 08:00:00,109.4099999999915
2025-10-05 09:00:00,109.27999999999867
2025-10-05 10:00:00,109.54000000001106
2025-10-05 11:00:00,109.73999999999944
2025-10-05 12:00:00,109.79999999999609
2025-10-05 13:00:00,109.92999999999209
2025-10-05 14:00:00,109.83000000000116
2025-10-05 15:00:00,110.42000000000682
2025-10-05 16:00:00,110.61000000000354
2025-10-05 17:00:00,115.14999999999421
2025-10-05 18:00:00,130.21999999998894
2025-10-05 19:00:00,117.5000000000027
2025-10-05 20:00:00,112.060000000002
2025-10-05 21:00:00,110.77999999999894
2025-10-05 22:00:00,109.50999999999715
2025-10-05 23:00:00,107.73999999999779
2025-10-06 00:00:00,107.81999999998767
2025-10-06 01:00:00,108.45999999999242
2025-10-06 02:00:00,109.1199999999875
2025-10-06 03:00:00,108.70000000000447
2025-10-06 04:00:00,108.68999999999926
2025-10-06 05:00:00,108.60999999999018
2025-10-06 06:00:00,108.30000000000452
2025-10-06 07:00:00,108.54000000000579
2025-10-06 08:00:00,109.53000000000145
2025-10-06 09:00:00,109.70999999999212
2025-10-06 10:00:00,109.67000000000766
2025-10-06 11:00:00,111.84999999999916
2025-10-06 12:00:00,113.68000000001817
2025-10-06 13:00:00,114.17999999999671
2025-10-06 14:00:00,120.27000000000834
2025-10-06 15:00:00,130.8300000000023
2025-10-06 16:00:00,128.1100000000021
2025-10-06 17:00:00,129.6500000000052
2025-10-06 18:00:00,136.22999999999607
2025-10-06 19:00:00,135.31999999999698
2025-10-06 20:00:00,124.81999999999202
2025-10-06 21:00:00,114.31999999998679
2025-10-06 22:00:00,110.16000000000935
2025-10-06 23:00:00,109.60999999999602
2025-10-07 00:00:00,109.44000000000177
2025-10-07 01:00:00,108.5599999999878
2025-10-07 02:00:00,109.24000000000028
2025-10-07 03:00:00,109.44999999999368
2025-10-07 04:00:00,109.45000000000863
2025-10-07 05:00:00,109.79999999999731
2025-10-07 06:00:00,110.02999999999103
2025-10-07 07:00:00,110.02000000000068
2025-10-07 08:00:00,110.62999999999671
2025-10-07 09:00:00,110.48999999999916
2025-10-07 10:00:00,110.19000000000229
2025-10-07 11:00:00,111.00000000000625
2025-10-07 12:00:00,114.32999999999895
2025-10-07 13:00:00,111.2599999999989
2025-10-07 14:00:00,124.65000000000016
2025-10-07 15:00:00,128.64000000000374
2025-10-07 16:00:00,129.51000000002009
2025-10-07 17:00:00,128.08999999998358
2025-10-07 18:00:00,183.9899999999912
2025-10-07 19:00:00,136.17000000002335
2025-10-07 20:00:00,128.09999999999738
2025-10-07 21:00:00,125.30000000000152
2025-10-07 22:00:00,124.94000000000551
2025-10-07 23:00:00,111.79000000000693
2025-10-08 00:00:00,109.37999999998314
2025-10-08 01:00:00,109.53000000000793
2025-10-08 02:00:00,109.19999999999376
2025-10-08 03:00:00,109.34999999998814
2025-10-08 04:00:00,109.54999999999826
2025-10-08 05:00:00,109.66000000001024
2025-10-08 06:00:00,109.81999999999312
2025-10-08 07:00:00,109.55000000000445
2025-10-08 08:00:00,109.54999999999539
2025-10-08 09:00:00,109.53000000000151
2025-10-08 10:00:00,109.56999999998844
2025-10-08 11:00:00,109.6700000000132
2025-10-08 12:00:00,109.52999999999129
2025-10-08 13:00:00,127.92000000001126
2025-10-08 14:00:00,126.86999999999131
2025-10-08 15:00:00,184.34999999999485
2025-10-08 16:00:00,190.4300000000131
2025-10-08 17:00:00,190.75000000000685
2025-10-08 18:00:00,190.1900000000107
2025-10-08 19:00:00,185.59000000000464
2025-10-08 20:00:00,135.89000000001255
2025-10-08 21:00:00,126.40999999999694
2025-10-08 22:00:00,125.03000000000273
2025-10-08 23:00:00,111.87999999999843
2025-10-09 00:00:00,110.11000000000956
2025-10-09 01:00:00,109.11999999999786
2025-10-09 02:00:00,109.1300000000001
2025-10-09 03:00:00,108.9699999999982
2025-10-09 04:00:00,109.5799999999894
2025-10-09 05:00:00,110.20000000000582
2025-10-09 06:00:00,109.68000000000454
2025-10-09 07:00:00,109.72999999999277
2025-10-09 08:00:00,110.23000000000019
2025-10-09 09:00:00,110.51999999999984
2025-10-09 10:00:00,113.94000000001361
2025-10-09 11:00:00,114.91000000000304
2025-10-09 12:00:00,114.80000000000719
2025-10-09 13:00:00,113.50999999999867
2025-10-09 14:00:00,120.45000000000715
2025-10-09 15:00:00,126.90999999998994
2025-10-09 16:00:00,183.72000000000128
2025-10-09 17:00:00,183.640000000008
2025-10-09 18:00:00,184.82000000001517
2025-10-09 19:00:00,184.75000000000614
2025-10-09 20:00:00,185.18000000000555
2025-10-09 21:00:00,133.48000000000363
2025-10-09 22:00:00,127.31999999999631
2025-10-09 23:00:00,125.07000000000853
2025-10-10 00:00:00,109.53999999999515
2025-10-10 01:00:00,109.28999999998423
2025-10-10 02:00:00,109.28000000000529
2025-10-10 03:00:00,109.26000000000465
2025-10-10 04:00:00,108.80999999999601
2025-10-10 05:00:00,108.9300000000055
2025-10-10 06:00:00,109.66999999998963
2025-10-10 07:00:00,109.60000000000075
2025-10-10 08:00:00,109.84000000000098
2025-10-10 09:00:00,114.02000000000984
2025-10-10 10:00:00,113.74999999999194
2025-10-10 11:00:00,118.98000000001345
2025-10-10 12:00:00,118.99999999999129
2025-10-10 13:00:00,118.78000000000733
2025-10-10 14:00:00,119.03000000000274
2025-10-10 15:00:00,118.7800000000046
2025-10-10 16:00:00,127.51000000000403
2025-10-10 17:00:00,127.47999999999554
2025-10-10 18:00:00,127.42000000000063
2025-10-10 19:00:00,134.64000000000078
2025-10-10 20:00:00,128.72000000000847
2025-10-10 21:00:00,124.30999999999122
2025-10-10 22:00:00,123.85999999999929
2025-10-10 23:00:00,113.51000000001459
2025-10-11 00:00:00,110.06999999998668
2025-10-11 01:00:00,108.93000000000332
2025-10-11 02:00:00,109.0500000000104
2025-10-11 03:00:00,109.17999999999962
2025-10-11 04:00:00,109.28000000001083
2025-10-11 05:00:00,109.44999999999919
2025-10-11 06:00:00,109.5400000000036
2025-10-11 07:00:00,110.77000000000345
2025-10-11 08:00:00,116.04000000000619
2025-10-11 09:00:00,113.73000000000461
2025-10-11 10:00:00,111.02999999999552
2025-10-11 11:00:00,115.01999999999069
2025-10-11 12:00:00,114.61000000000105
2025-10-11 13:00:00,114.16000000000442
2025-10-11 14:00:00,113.66000000000784
2025-10-11 15:00:00,114.480000000002
2025-10-11 16:00:00,121.05000000000302
2025-10-11 17:00:00,125.04999999998626
2025-10-11 18:00:00,136.59000000000773
2025-10-11 19:00:00,128.36000000000027
2025-10-11 20:00:00,124.67999999998531
2025-10-11 21:00:00,124.55999999999503
2025-10-11 22:00:00,114.21999999999449
2025-10-11 23:00:00,109.20000000000931
2025-10-12 00:00:00,109.4400000000078
2025-10-12 01:00:00,109.25000000000087
2025-10-12 02:00:00,109.01999999998566
2025-10-12 03:00:00,108.94999999999438
2025-10-12 04:00:00,108.92999999999721
2025-10-12 05:00:00,108.92999999999643
2025-10-12 06:00:00,109.4800000000111
2025-10-12 07:00:00,109.32999999999339
2025-10-12 08:00:00,109.04999999999296
2025-10-12 09:00:00,109.5000000000076
2025-10-12 10:00:00,109.34999999999982
2025-10-12 11:00:00,109.35999999999987
2025-10-12 12:00:00,109.37000000000027
2025-10-12 13:00:00,108.75000000000004
2025-10-12 14:00:00,108.92000000000971
2025-10-12 15:00:00,107.64999999999803
2025-10-12 16:00:00,108.16999999999271
2025-10-12 17:00:00,119.71999999999352
2025-10-12 18:00:00,124.50000000000453
2025-10-12 19:00:00,124.04000000000279
2025-10-12 20:00:00,124.55000000001269
2025-10-12 21:00:00,121.70999999999776
2025-10-12 22:00:00,111.72999999998908
2025-10-12 23:00:00,108.74999999999251
2025-10-13 00:00:00,108.12999999999467
2025-10-13 01:00:00,108.62000000000404
2025-10-13 02:00:00,108.68999999999764
2025-10-13 03:00:00,108.80000000001063
2025-10-13 04:00:00,108.80000000000088
2025-10-13 05:00:00,108.36999999999338
2025-10-13 06:00:00,108.27999999999582
2025-10-13 07:00:00,108.63000000000312
2025-10-13 08:00:00,108.89000000001064
2025-10-13 09:00:00,109.22999999999729
2025-10-13 10:00:00,109.49999999999856
2025-10-13 11:00:00,109.60999999999761
2025-10-13 12:00:00,109.67999999999522
2025-10-13 13:00:00,112.65000000000073
2025-10-13 14:00:00,128.48999999999563
2025-10-13 15:00:00,126.88000000001516
2025-10-13 16:00:00,126.63999999998923
2025-10-13 17:00:00,185.04999999999615
2025-10-13 18:00:00,202.84999999998678
2025-10-13 19:00:00,202.8500000000199
2025-10-13 20:00:00,128.07000000002125
2025-10-13 21:00:00,130.51999999999381
2025-10-13 22:00:00,125.3299999999992
2025-10-13 23:00:00,110.39999999999208
2025-10-14 00:00:00,107.81999999999468
2025-10-14 01:00:00,107.35999999999707
2025-10-14 02:00:00,108.00999999999493
2025-10-14 03:00:00,108.0100000000028
2025-10-14 04:00:00,107.27999999999582
2025-10-14 05:00:00,108.4299999999945
2025-10-14 06:00:00,109.40999999999342
2025-10-14 07:00:00,108.76000000000394
2025-10-14 08:00:00,108.33000000000025
2025-10-14 09:00:00,108.89999999999482
2025-10-14 10:00:00,108.8999999999956
2025-10-14 11:00:00,109.40999999999904
2025-10-14 12:00:00,109.62000000000624
2025-10-14 13:00:00,113.75000000000702
2025-10-14 14:00:00,120.99999999998232
2025-10-14 15:00:00,126.66000000000429
2025-10-14 16:00:00,130.05999999999509
2025-10-14 17:00:00,185.32999999999944
2025-10-14 18:00:00,184.85999999999953
2025-10-14 19:00:00,136.17000000000408
2025-10-14 20:00:00,127.63999999999474
2025-10-14 21:00:00,124.8199999999965
2025-10-14 22:00:00,111.95000000000596
2025-10-14 23:00:00,107.98999999998883
2025-10-15 00:00:00,108.5999999999929
2025-10-15 01:00:00,108.59999999998283
2025-10-15 02:00:00,108.59999999999597
2025-10-15 03:00:00,107.9799999999866
2025-10-15 04:00:00,108.50000000000219
2025-10-15 05:00:00,108.65999999999525
2025-10-15 06:00:00,108.90999999999904
2025-10-15 07:00:00,108.92000000000527
2025-10-15 08:00:00,108.96999999999467
2025-10-15 09:00:00,109.3199999999896
2025-10-15 10:00:00,109.21999999999409
2025-10-15 11:00:00,109.3799999999984
2025-10-15 12:00:00,110.29000000000794
2025-10-15 13:00:00,108.91999999999841
2025-10-15 14:00:00,108.51999999999927
2025-10-15 15:00:00,125.28000000000239
2025-10-15 16:00:00,123.95000000000374
2025-10-15 17:00:00,123.58000000000595
2025-10-15 18:00:00,131.59000000000654
2025-10-15 19:00:00,130.4600000000049
2025-10-15 20:00:00,124.69999999999362
2025-10-15 21:00:00,114.24999999999407
2025-10-15 22:00:00,109.32000000000974
2025-10-15 23:00:00,108.66999999999994
2025-10-16 00:00:00,108.47999999998764
2025-10-16 01:00:00,108.00999999998896
2025-10-16 02:00:00,107.87999999999795
2025-10-16 03:00:00,107.22999999999315
2025-10-16 04:00:00,107.65000000000293
2025-10-16 05:00:00,108.83999999998997
2025-10-16 06:00:00,109.4300000000037
2025-10-16 07:00:00,108.5299999999909
2025-10-16 08:00:00,108.58000000000247
2025-10-16 09:00:00,108.87999999999086
2025-10-16 10:00:00,109.1100000000117
2025-10-16 11:00:00,109.16000000000288
2025-10-16 12:00:00,109.18000000000461
2025-10-16 13:00:00,109.10999999999828
2025-10-16 14:00:00,112.7800000000118
2025-10-16 15:00:00,112.30000000001955
2025-10-16 16:00:00,127.3400000000046
2025-10-16 17:00:00,127.4500000000057
2025-10-16 18:00:00,135.07000000000295
2025-10-16 19:00:00,127.03999999999856
2025-10-16 20:00:00,128.62999999999
2025-10-16 21:00:00,128.59000000000202
2025-10-16 22:00:00,119.64999999999114
2025-10-16 23:00:00,108.53999999999571
2025-10-17 00:00:00,108.5000000000023
2025-10-17 01:00:00,108.65000000000559
2025-10-17 02:00:00,108.65999999998986
2025-10-17 03:00:00,108.66999999999149
2025-10-17 04:00:00,109.19999999999048
2025-10-17 05:00:00,108.68999999999873
2025-10-17 06:00:00,108.82999999999797
2025-10-17 07:00:00,108.670000000004
2025-10-17 08:00:00,107.43000000000404
2025-10-17 09:00:00,106.22999999999519
2025-10-17 10:00:00,106.85000000000059
2025-10-17 11:00:00,108.83999999999929
2025-10-17 12:00:00,108.98000000000376
2025-10-17 13:00:00,109.06000000000016
2025-10-17 14:00:00,109.58999999999693
2025-10-17 15:00:00,127.43999999999743
2025-10-17 16:00:00,128.09000000000415
2025-10-17 17:00:00,127.32999999999514
2025-10-17 18:00:00,135.00999999999704
2025-10-17 19:00:00,133.72000000001648
2025-10-17 20:00:00,128.81000000000492
2025-10-17 21:00:00,125.75999999998855
2025-10-17 22:00:00,123.9699999999922
2025-10-17 23:00:00,107.95999999999383
2025-10-18 00:00:00,108.03000000000367
2025-10-18 01:00:00,107.63000000000217
2025-10-18 02:00:00,107.9300000000019
2025-10-18 03:00:00,107.97999999999372
2025-10-18 04:00:00,108.79999999999903
2025-10-18 05:00:00,109.42999999999992
2025-10-18 06:00:00,108.6800000000014
2025-10-18 07:00:00,108.68000000000922
2025-10-18 08:00:00,108.61000000001317
2025-10-18 09:00:00,108.56999999999911
2025-10-18 10:00:00,108.71999999999713
2025-10-18 11:00:00,108.92000000001198
2025-10-18 12:00:00,108.94000000000842
2025-10-18 13:00:00,108.57999999999964
2025-10-18 14:00:00,109.3700000000019
2025-10-18 15:00:00,109.53000000000438
2025-10-18 16:00:00,117.7000000000013
2025-10-18 17:00:00,183.90999999999184
2025-10-18 18:00:00,184.73000000002534
2025-10-18 19:00:00,134.77000000000626
2025-10-18 20:00:00,129.03000000000227
2025-10-18 21:00:00,128.08999999999594
2025-10-18 22:00:00,120.65999999998715
2025-10-18 23:00:00,108.8399999999934
2025-10-19 00:00:00,109.05999999999021
2025-10-19 01:00:00,109.06000000000391
2025-10-19 02:00:00,108.59999999999282
2025-10-19 03:00:00,108.6000000000057
2025-10-19 04:00:00,108.12000000000386
2025-10-19 05:00:00,108.78000000000121
2025-10-19 06:00:00,109.33999999999553
2025-10-19 07:00:00,107.34000000000727
2025-10-19 08:00:00,108.69000000001826
2025-10-19 09:00:00,5.415400000029807
2025-10-19 10:00:00,5.415299999981256
2025-10-19 11:00:00,108.54999999999295
2025-10-19 12:00:00,108.62000000000367
2025-10-19 13:00:00,108.7299999999978
2025-10-19 14:00:00,108.74000000000837
2025-10-19 15:00:00,109.40000000000578
2025-10-19 16:00:00,109.8999999999903
2025-10-19 17:00:00,115.0200000000097
2025-10-19 18:00:00,124.03999999999876
2025-10-19 19:00:00,126.93999999998658
2025-10-19 20:00:00,114.82000000000417
2025-10-19 21:00:00,109.3699999999954
2025-10-19 22:00:00,109.42000000000785
2025-10-19 23:00:00,109.44000000000456
2025-10-20 00:00:00,107.55999999998667
2025-10-20 01:00:00,107.11999999998183
2025-10-20 02:00:00,106.81999999999482
2025-10-20 03:00:00,107.5399999999951
2025-10-20 04:00:00,106.58000000000139
2025-10-20 05:00:00,106.13999999999818
2025-10-20 06:00:00,106.28000000000262
2025-10-20 07:00:00,106.25000000000325
2025-10-20 08:00:00,107.01999999999768
2025-10-20 09:00:00,107.5600000000058
2025-10-20 10:00:00,107.4699999999987
2025-10-20 11:00:00,107.81000000000365
2025-10-20 12:00:00,107.5800000000123
2025-10-20 13:00:00,111.14999999999154
2025-10-20 14:00:00,111.7200000000225
2025-10-20 15:00:00,114.01000000000005
2025-10-20 16:00:00,116.64000000000486
2025-10-20 17:00:00,119.81000000000543
2025-10-20 18:00:00,129.30000000000376
2025-10-20 19:00:00,125.27000000000488
2025-10-20 20:00:00,116.54000000000254
2025-10-20 21:00:00,113.79999999999453
2025-10-20 22:00:00,110.93000000000134
2025-10-20 23:00:00,107.4899999999853
2025-10-21 00:00:00,107.58000000000214
2025-10-21 01:00:00,107.57999999999873
2025-10-21 02:00:00,107.01999999999643
2025-10-21 03:00:00,106.66999999999761
2025-10-21 04:00:00,107.06000000001693
2025-10-21 05:00:00,106.56000000000165
2025-10-21 06:00:00,106.12000000000275
2025-10-21 07:00:00,105.57999999997662
2025-10-21 08:00:00,105.71000000000937
2025-10-21 09:00:00,106.36999999999743
2025-10-21 10:00:00,106.68999999999708
2025-10-21 11:00:00,107.78000000000408
2025-10-21 12:00:00,107.7500000000025
2025-10-21 13:00:00,107.83000000000399
2025-10-21 14:00:00,113.95999999999214
2025-10-21 15:00:00,126.37000000000653
2025-10-21 16:00:00,124.97999999999942
2025-10-21 17:00:00,126.35999999999332
2025-10-21 18:00:00,127.36999999999898
2025-10-21 19:00:00,127.88999999998349
2025-10-21 20:00:00,124.21999999999828
2025-10-21 21:00:00,120.12000000000266
2025-10-21 22:00:00,106.98999999999825
2025-10-21 23:00:00,106.93999999997484
2025-10-22 00:00:00,107.11999999998226
2025-10-22 01:00:00,107.17999999999284
2025-10-22 02:00:00,107.47999999999459
2025-10-22 03:00:00,107.84000000000937
2025-10-22 04:00:00,107.8099999999859
2025-10-22 05:00:00,107.8100000000092
2025-10-22 06:00:00,107.83000000000288
2025-10-22 07:00:00,107.86000000000092
2025-10-22 08:00:00,108.89999999999654
2025-10-22 09:00:00,108.71000000000362
2025-10-22 10:00:00,108.88000000000189
2025-10-22 11:00:00,107.99999999999982
2025-10-22 12:00:00,107.6600000000091
2025-10-22 13:00:00,107.95000000000061
2025-10-22 14:00:00,107.76000000000536
2025-10-22 15:00:00,107.45000000000577
2025-10-22 16:00:00,120.18000000000643
2025-10-22 17:00:00,123.67999999999954
2025-10-22 18:00:00,127.72999999999932
2025-10-22 19:00:00,127.72999999999543
2025-10-22 20:00:00,123.93999999999743
2025-10-22 21:00:00,117.36000000001435
2025-10-22 22:00:00,107.70000000001255
2025-10-22 23:00:00,107.85999999998336
2025-10-23 00:00:00,106.95999999999228
2025-10-23 01:00:00,106.95999999999273
2025-10-23 02:00:00,106.9399999999881
2025-10-23 03:00:00,106.84999999999097
2025-10-23 04:00:00,106.94000000000351
2025-10-23 05:00:00,106.94000000000356
2025-10-23 06:00:00,106.89000000001097
2025-10-23 07:00:00,107.64000000000017
2025-10-23 08:00:00,108.24000000000332
2025-10-23 09:00:00,106.92000000000812
2025-10-23 10:00:00,107.87999999999656
2025-10-23 11:00:00,108.72999999999811
2025-10-23 12:00:00,108.78000000001073
2025-10-23 13:00:00,107.8300000000067
2025-10-23 14:00:00,107.80000000000518
2025-10-23 15:00:00,112.78999999999938
2025-10-23 16:00:00,116.6400000000042
2025-10-23 17:00:00,123.8000000000169
2025-10-23 18:00:00,128.18999999999116
2025-10-23 19:00:00,126.85000000000211
2025-10-23 20:00:00,114.96999999999892
2025-10-23 21:00:00,107.79999999999265
2025-10-23 22:00:00,107.6199999999966
2025-10-23 23:00:00,107.5099999999993
2025-10-24 00:00:00,106.94999999999462
2025-10-24 01:00:00,107.01999999999796
2025-10-24 02:00:00,106.10999999999405
2025-10-24 03:00:00,106.10999999999427
2025-10-24 04:00:00,107.0299999999996
2025-10-24 05:00:00,107.19000000000567
2025-10-24 06:00:00,107.23000000000324
2025-10-24 07:00:00,107.06999999998533
2025-10-24 08:00:00,107.18000000000248
2025-10-24 09:00:00,108.61000000001371
2025-10-24 10:00:00,108.78000000000725
2025-10-24 11:00:00,108.3800000000101
2025-10-24 12:00:00,107.61000000001674
2025-10-24 13:00:00,111.85999999998837
2025-10-24 14:00:00,113.48000000001107
2025-10-24 15:00:00,112.60999999998636
2025-10-24 16:00:00,113.1300000000119
2025-10-24 17:00:00,117.34999999998841
2025-10-24 18:00:00,122.61000000000091
2025-10-24 19:00:00,123.54000000000173
2025-10-24 20:00:00,115.29999999999262
2025-10-24 21:00:00,108.98999999998564
2025-10-24 22:00:00,108.50000000001458
2025-10-24 23:00:00,106.90999999999458
2025-10-25 00:00:00,106.22999999999931
2025-10-25 01:00:00,106.2300000000001
2025-10-25 02:00:00,106.40999999999174
2025-10-25 03:00:00,106.41000000000177
2025-10-25 04:00:00,106.4099999999984
2025-10-25 05:00:00,106.56999999999653
2025-10-25 06:00:00,105.859999999996
2025-10-25 07:00:00,106.17000000000358
2025-10-25 08:00:00,106.45999999999997
2025-10-25 09:00:00,107.1299999999987
2025-10-25 10:00:00,106.43999999998364
2025-10-25 11:00:00,108.42000000000561
2025-10-25 12:00:00,108.40000000000812
2025-10-25 13:00:00,108.3100000000105
2025-10-25 14:00:00,108.20999999998533
2025-10-25 15:00:00,112.23000000001377
2025-10-25 16:00:00,107.69000000000587
2025-10-25 17:00:00,117.47999999999158
2025-10-25 18:00:00,130.3300000000085
2025-10-25 19:00:00,114.73000000001318
2025-10-25 20:00:00,108.50999999999554
2025-10-25 21:00:00,108.12000000000103
2025-10-25 22:00:00,106.94000000001401
2025-10-25 23:00:00,106.8499999999854
2025-10-26 00:00:00,106.6700000000028
2025-10-26 01:00:00,106.7999999999946
2025-10-26 02:00:00,106.84999999999448
2025-10-26 03:00:00,106.9299999999987
2025-10-26 04:00:00,107.68000000000775
2025-10-26 05:00:00,107.05999999998937
2025-10-26 06:00:00,106.13000000000311
2025-10-26 07:00:00,106.850000000005
2025-10-26 08:00:00,105.84000000000272
2025-10-26 09:00:00,106.29999999999717
2025-10-26 10:00:00,106.2100000000004
2025-10-26 11:00:00,107.26000000000288
2025-10-26 12:00:00,107.3900000000083
2025-10-26 13:00:00,107.52000000000487
2025-10-26 14:00:00,107.30999999999722
2025-10-26 15:00:00,108.0100000000079
2025-10-26 16:00:00,112.71000000000775
2025-10-26 17:00:00,118.4399999999948
2025-10-26 18:00:00,123.66999999999705
2025-10-26 19:00:00,117.29000000000441
2025-10-26 20:00:00,117.39000000000905
2025-10-26 21:00:00,115.38000000000007
2025-10-26 22:00:00,112.6699999999934
2025-10-26 23:00:00,107.75999999999262
2025-10-27 00:00:00,105.56999999999076
2025-10-27 01:00:00,103.8999999999969
2025-10-27 02:00:00,105.3200000000013
2025-10-27 03:00:00,103.88000000000096
2025-10-27 04:00:00,103.5100000000075
2025-10-27 05:00:00,103.72999999998612
2025-10-27 06:00:00,103.86000000002589
2025-10-27 07:00:00,103.79999999999323
2025-10-27 08:00:00,105.49000000000063
2025-10-27 09:00:00,106.0500000000046
2025-10-27 10:00:00,106.1099999999776
2025-10-27 11:00:00,106.17000000000228
2025-10-27 12:00:00,106.18000000000542
2025-10-27 13:00:00,110.46000000000505
2025-10-27 14:00:00,110.13000000000386
2025-10-27 15:00:00,125.4900000000018
2025-10-27 16:00:00,129.25000000000887
2025-10-27 17:00:00,128.86000000000047
2025-10-27 18:00:00,130.2200000000007
2025-10-27 19:00:00,129.44999999999203
2025-10-27 20:00:00,126.55000000000096
2025-10-27 21:00:00,114.34999999999492
2025-10-27 22:00:00,120.12999999999785
2025-10-27 23:00:00,105.54999999999694
2025-10-28 00:00:00,106.01999999999713
2025-10-28 01:00:00,105.50999999999472
2025-10-28 02:00:00,105.50999999998766
2025-10-28 03:00:00,106.03000000001047
2025-10-28 04:00:00,106.12000000000309
2025-10-28 05:00:00,106.67999999999266
2025-10-28 06:00:00,106.7899999999953
2025-10-28 07:00:00,106.68000000000154
2025-10-28 08:00:00,105.27999999999346
2025-10-28 09:00:00,105.18999999999872
2025-10-28 10:00:00,105.97999999999558
2025-10-28 11:00:00,105.98000000000748
2025-10-28 12:00:00,106.50000000000577
2025-10-28 13:00:00,106.68000000000325
2025-10-28 14:00:00,105.9499999999978
2025-10-28 15:00:00,110.7500000000046
2025-10-28 16:00:00,115.69000000000095
2025-10-28 17:00:00,123.88000000000595
2025-10-28 18:00:00,124.44999999999978
2025-10-28 19:00:00,124.3500000000126
2025-10-28 20:00:00,115.12000000001754
2025-10-28 21:00:00,110.55999999999845
2025-10-28 22:00:00,110.41999999998886
2025-10-28 23:00:00,105.82999999999676
2025-10-29 00:00:00,106.06999999999304
2025-10-29 01:00:00,105.78999999999938
2025-10-29 02:00:00,105.10999999999315
2025-10-29 03:00:00,105.11000000001063
2025-10-29 04:00:00,106.11999999998885
2025-10-29 05:00:00,106.78999999998692
2025-10-29 06:00:00,107.229999999991
2025-10-29 07:00:00,106.79000000001388
2025-10-29 08:00:00,106.45999999999586
2025-10-29 09:00:00,106.87000000000796
2025-10-29 10:00:00,107.03000000000112
2025-10-29 11:00:00,107.02000000001016
2025-10-29 12:00:00,106.97000000001651
2025-10-29 13:00:00,106.67000000000735
2025-10-29 14:00:00,107.18000000000582
2025-10-29 15:00:00,126.9299999999983
2025-10-29 16:00:00,124.47000000001651
2025-10-29 17:00:00,124.37000000001004
2025-10-29 18:00:00,132.9899999999977
2025-10-29 19:00:00,126.110000000004
2025-10-29 20:00:00,111.37000000001383
2025-10-29 21:00:00,106.82999999997277
2025-10-29 22:00:00,106.97000000001891
2025-10-29 23:00:00,106.5399999999862
2025-10-30 00:00:00,106.10000000000133
2025-10-30 01:00:00,106.09999999999279
2025-10-30 02:00:00,105.76000000001206
2025-10-30 03:00:00,105.49999999998283
2025-10-30 04:00:00,105.69000000000356
2025-10-30 05:00:00,105.7999999999937
2025-10-30 06:00:00,105.78999999999418
2025-10-30 07:00:00,105.59000000000151
2025-10-30 08:00:00,106.15000000000677
2025-10-30 09:00:00,106.14000000001197
2025-10-30 10:00:00,106.33000000001329
2025-10-30 11:00:00,106.5200000000029
2025-10-30 12:00:00,106.44000000000678
2025-10-30 13:00:00,106.80999999998993
2025-10-30 14:00:00,106.8100000000068
2025-10-30 15:00:00,106.86999999998575
2025-10-30 16:00:00,106.86999999999989
2025-10-30 17:00:00,110.75999999998744
2025-10-30 18:00:00,113.23000000001606
2025-10-30 19:00:00,106.71000000000247
2025-10-30 20:00:00,107.19999999999696
2025-10-30 21:00:00,106.77000000000751
2025-10-30 22:00:00,106.08999999999858
2025-10-30 23:00:00,104.91999999998899
2025-10-31 00:00:00,104.59000000000538
2025-10-31 01:00:00,104.4799999999956
2025-10-31 02:00:00,104.4500000000055
2025-10-31 03:00:00,104.45999999998733
2025-10-31 04:00:00,104.3900000000026
2025-10-31 05:00:00,105.01999999997892
2025-10-31 06:00:00,105.3400000000285
2025-10-31 07:00:00,5.365099999988867
2025-10-31 08:00:00,104.17999999998446
2025-10-31 09:00:00,104.69000000000634
2025-10-31 10:00:00,103.77000000000244
2025-10-31 11:00:00,103.4300000000074
2025-10-31 12:00:00,103.44000000000338
2025-10-31 13:00:00,104.3100000000004
2025-10-31 14:00:00,105.93999999999981
2025-10-31 15:00:00,105.96000000001568
2025-10-31 16:00:00,105.7299999999965
2025-10-31 17:00:00,111.08000000000912
2025-10-31 18:00:00,111.17999999999671
2025-10-31 19:00:00,106.19000000000828
2025-10-31 20:00:00,106.09999999999198
2025-10-31 21:00:00,105.82000000000222
2025-10-31 22:00:00,104.93999999998813
2025-10-31 23:00:00,104.57999999999441
2025-11-01 00:00:00,105.51999999999998
2025-11-01 01:00:00,106.24999999998857
2025-11-01 02:00:00,106.67999999998987
2025-11-01 03:00:00,106.37999999999747
2025-11-01 04:00:00,106.36999999999318
2025-11-01 05:00:00,106.35999999998347
2025-11-01 06:00:00,106.23999999999639
2025-11-01 07:00:00,105.28999999999436
2025-11-01 08:00:00,106.42000000001681
2025-11-01 09:00:00,105.95999999999717
2025-11-01 10:00:00,106.46000000000154
2025-11-01 11:00:00,106.42000000000395
2025-11-01 12:00:00,106.77999999999592
2025-11-01 13:00:00,106.4000000000076
2025-11-01 14:00:00,107.03000000002513
2025-11-01 15:00:00,106.6700000000068
2025-11-01 16:00:00,107.29000000000839
2025-11-01 17:00:00,107.27999999998639
2025-11-01 18:00:00,113.3100000000024
2025-11-01 19:00:00,108.18000000001265
2025-11-01 20:00:00,106.78000000000263
2025-11-01 21:00:00,106.67999999999513
2025-11-01 22:00:00,106.28999999999394
2025-11-01 23:00:00,106.22999999999267
2025-11-02 00:00:00,106.23000000000373
2025-11-02 01:00:00,106.26999999998162
2025-11-02 02:00:00,106.26999999998426
2025-11-02 03:00:00,105.31999999999638
2025-11-02 04:00:00,105.32000000000683
2025-11-02 05:00:00,105.31999999999258
2025-11-02 06:00:00,105.51000000001304
2025-11-02 07:00:00,5.242100000006397
2025-11-02 08:00:00,5.223800000001021
2025-11-02 09:00:00,5.299999999970974
2025-11-02 10:00:00,106.27999999996625
2025-11-02 11:00:00,107.0000000000166
2025-11-02 12:00:00,105.12999999999182
2025-11-02 13:00:00,106.58000000000386
2025-11-02 14:00:00,106.5800000000122
2025-11-02 15:00:00,106.11000000001393
2025-11-02 16:00:00,106.60000000000055
2025-11-02 17:00:00,110.78000000001379
2025-11-02 18:00:00,112.67000000000306
2025-11-02 19:00:00,112.79000000000048
2025-11-02 20:00:00,106.78999999998271
2025-11-02 21:00:00,106.24999999999218
2025-11-02 22:00:00,106.2400000000053
2025-11-02 23:00:00,106.7899999999982
2025-11-03 00:00:00,104.13000000000899
2025-11-03 01:00:00,105.02999999999463
2025-11-03 02:00:00,104.08999999998592
2025-11-03 03:00:00,103.45999999998963
2025-11-03 04:00:00,103.5900000000068
2025-11-03 05:00:00,104.40000000000084
2025-11-03 06:00:00,104.80000000000149
2025-11-03 07:00:00,104.01999999999745
2025-11-03 08:00:00,103.86000000000307
2025-11-03 09:00:00,103.86000000001289
2025-11-03 10:00:00,103.85999999999378
2025-11-03 11:00:00,104.77000000001162
2025-11-03 12:00:00,104.10000000001573
2025-11-03 13:00:00,104.09999999999822
2025-11-03 14:00:00,103.84000000000536
2025-11-03 15:00:00,103.70000000000454
2025-11-03 16:00:00,103.8599999999961
2025-11-03 17:00:00,105.33000000001135
2025-11-03 18:00:00,105.34999999999904
2025-11-03 19:00:00,104.76000000000126
2025-11-03 20:00:00,103.82000000000363
2025-11-03 21:00:00,103.4299999999954
2025-11-03 22:00:00,103.03000000000549
2025-11-03 23:00:00,103.24999999999085
2025-11-04 00:00:00,103.52000000002742
2025-11-04 01:00:00,4.932200000025564
2025-11-04 02:00:00,4.936500000004632
2025-11-04 03:00:00,4.930200000014707
2025-11-04 04:00:00,4.958300000000095
2025-11-04 05:00:00,4.956299999981423
2025-11-04 06:00:00,102.98999999996514
2025-11-04 07:00:00,103.49000000000714
2025-11-04 08:00:00,103.28000000000611
2025-11-04 09:00:00,103.45999999998932
2025-11-04 10:00:00,103.44999999999848
2025-11-04 11:00:00,104.20000000000378
2025-11-04 12:00:00,104.71000000000596
2025-11-04 13:00:00,103.35999999999775
2025-11-04 14:00:00,103.91999999999648
2025-11-04 15:00:00,104.17000000002211
2025-11-04 16:00:00,104.74999999999713
2025-11-04 17:00:00,104.9000000000145
2025-11-04 18:00:00,105.86000000000001
2025-11-04 19:00:00,105.03000000000938
2025-11-04 20:00:00,104.42999999999036
2025-11-04 21:00:00,103.77999999999534
2025-11-04 22:00:00,103.43999999998975
2025-11-04 23:00:00,102.34000000001203
2025-11-05 00:00:00,104.05999999998913
2025-11-05 01:00:00,103.36000000002036
2025-11-05 02:00:00,5.010900000012723
2025-11-05 03:00:00,4.977000000010875
2025-11-05 04:00:00,4.895099999970806
2025-11-05 05:00:00,101.21999999997986
2025-11-05 06:00:00,103.82000000002056
2025-11-05 07:00:00,104.12999999998902
2025-11-05 08:00:00,103.90000000001758
2025-11-05 09:00:00,103.48999999998917
2025-11-05 10:00:00,104.15000000000252
2025-11-05 11:00:00,104.86999999999443
2025-11-05 12:00:00,105.13999999999842
2025-11-05 13:00:00,104.81000000000257
2025-11-05 14:00:00,104.15000000000562
2025-11-05 15:00:00,104.82000000000956
2025-11-05 16:00:00,104.98000000001377
2025-11-05 17:00:00,105.78999999999685
2025-11-05 18:00:00,110.97999999999071
2025-11-05 19:00:00,111.4799999999839
2025-11-05 20:00:00,111.02000000000055
2025-11-05 21:00:00,105.19000000001515
2025-11-05 22:00:00,105.17999999998601
2025-11-05 23:00:00,105.03000000000108
2025-11-06 00:00:00,103.96999999999016
2025-11-06 01:00:00,102.86999999999296
2025-11-06 02:00:00,103.87999999997801
2025-11-06 03:00:00,104.46000000000151
2025-11-06 04:00:00,103.23999999999317
2025-11-06 05:00:00,103.00999999999338
2025-11-06 06:00:00,104.31999999999908
2025-11-06 07:00:00,104.51999999999487
2025-11-06 08:00:00,105.02999999999209
2025-11-06 09:00:00,104.94999999999607
2025-11-06 10:00:00,104.85000000000356
2025-11-06 11:00:00,105.03000000000344
2025-11-06 12:00:00,104.9600000000048
2025-11-06 13:00:00,105.06000000000161
2025-11-06 14:00:00,105.03000000000718
2025-11-06 15:00:00,104.41000000001321
2025-11-06 16:00:00,108.64000000001079
2025-11-06 17:00:00,109.760000000003
2025-11-06 18:00:00,123.17000000000957
2025-11-06 19:00:00,122.26000000000901
2025-11-06 20:00:00,109.07000000000332
2025-11-06 21:00:00,105.0299999999953
2025-11-06 22:00:00,104.6699999999784
2025-11-06 23:00:00,104.5300000000103
2025-11-07 00:00:00,104.6699999999897
2025-11-07 01:00:00,104.38999999999432
2025-11-07 02:00:00,104.56999999998564
2025-11-07 03:00:00,104.55000000000918
2025-11-07 04:00:00,104.79999999999234
2025-11-07 05:00:00,105.14000000001111
2025-11-07 06:00:00,104.89999999998533
2025-11-07 07:00:00,105.03000000001103
2025-11-07 08:00:00,105.17999999999388
2025-11-07 09:00:00,105.0999999999981
2025-11-07 10:00:00,105.22999999998723
2025-11-07 11:00:00,104.9600000000099
2025-11-07 12:00:00,103.83000000000631
2025-11-07 13:00:00,105.02999999999645
2025-11-07 14:00:00,108.57999999999558
2025-11-07 15:00:00,126.25000000000551
2025-11-07 16:00:00,123.67000000001202
2025-11-07 17:00:00,124.4100000000001
2025-11-07 18:00:00,136.1299999999929
2025-11-07 19:00:00,124.23000000000683
2025-11-07 20:00:00,121.35999999999122
2025-11-07 21:00:00,122.45999999999611
2025-11-07 22:00:00,109.07000000000852
2025-11-07 23:00:00,105.44999999999942
2025-11-08 00:00:00,105.32999999998788
2025-11-08 01:00:00,105.2399999999984
2025-11-08 02:00:00,104.28999999999407
2025-11-08 03:00:00,104.26999999999883
2025-11-08 04:00:00,104.39000000000689
2025-11-08 05:00:00,105.02999999999955
2025-11-08 06:00:00,105.21000000000375
2025-11-08 07:00:00,105.23000000000326
2025-11-08 08:00:00,105.12999999999816
2025-11-08 09:00:00,105.38000000000122
2025-11-08 10:00:00,105.38999999998939
2025-11-08 11:00:00,105.03000000000841
2025-11-08 12:00:00,104.96000000000632
2025-11-08 13:00:00,104.70000000000901
2025-11-08 14:00:00,104.22999999999206
2025-11-08 15:00:00,125.77999999999923
2025-11-08 16:00:00,123.81999999999371
2025-11-08 17:00:00,191.94999999998018
2025-11-08 18:00:00,191.770000000015
2025-11-08 19:00:00,134.8099999999926
2025-11-08 20:00:00,133.90999999999394
2025-11-08 21:00:00,126.62000000000461
2025-11-08 22:00:00,124.34999999999944
2025-11-08 23:00:00,108.52000000000345
2025-11-09 00:00:00,108.74999999999511
2025-11-09 01:00:00,105.29000000000694
2025-11-09 02:00:00,105.14999999999479
2025-11-09 03:00:00,104.6100000000007
2025-11-09 04:00:00,104.54999999999801
2025-11-09 05:00:00,105.0299999999948
2025-11-09 06:00:00,105.03000000000168
2025-11-09 07:00:00,105.37999999998746
2025-11-09 08:00:00,105.67999999999576
2025-11-09 09:00:00,105.68999999999849
2025-11-09 10:00:00,105.6699999999908
2025-11-09 11:00:00,104.9400000000081
2025-11-09 12:00:00,104.74999999999811
2025-11-09 13:00:00,103.69000000001061
2025-11-09 14:00:00,103.15000000000032
2025-11-09 15:00:00,105.3500000000147
2025-11-09 16:00:00,104.95999999999837
2025-11-09 17:00:00,125.03000000000141
2025-11-09 18:00:00,125.71000000000977
2025-11-09 19:00:00,113.99000000000585
2025-11-09 20:00:00,105.3799999999997
2025-11-09 21:00:00,105.46000000000583
2025-11-09 22:00:00,105.07999999998852
2025-11-09 23:00:00,104.78999999998194
2025-11-10 00:00:00,103.38000000000864
2025-11-10 01:00:00,103.37999999999077
2025-11-10 02:00:00,103.38000000000204
2025-11-10 03:00:00,103.31999999999687
2025-11-10 04:00:00,103.32999999998628
2025-11-10 05:00:00,103.65000000000254
2025-11-10 06:00:00,103.90999999999136
2025-11-10 07:00:00,103.84999999998753
2025-11-10 08:00:00,103.53999999999088
2025-11-10 09:00:00,103.88999999999443
2025-11-10 10:00:00,102.989999999994
2025-11-10 11:00:00,103.76999999999506
2025-11-10 12:00:00,103.84000000000755
2025-11-10 13:00:00,103.89000000000208
2025-11-10 14:00:00,104.27000000000132
2025-11-10 15:00:00,103.86000000001226
2025-11-10 16:00:00,103.61999999999294
2025-11-10 17:00:00,104.13999999999464
2025-11-10 18:00:00,108.46999999999355
2025-11-10 19:00:00,107.90000000000323
2025-11-10 20:00:00,102.96999999999164
2025-11-10 21:00:00,103.04999999999656
2025-11-10 22:00:00,103.59999999999792
2025-11-10 23:00:00,103.47000000000199
2025-11-11 00:00:00,101.53999999999972
2025-11-11 01:00:00,101.62999999999005
2025-11-11 02:00:00,101.59999999999636
2025-11-11 03:00:00,102.95999999999735
2025-11-11 04:00:00,103.65999999999988
2025-11-11 05:00:00,103.87000000000322
2025-11-11 06:00:00,103.53999999999256
2025-11-11 07:00:00,103.31000000000019
2025-11-11 08:00:00,103.9800000000015
2025-11-11 09:00:00,103.93999999999771
2025-11-11 10:00:00,103.88999999999585
2025-11-11 11:00:00,103.97999999999456
2025-11-11 12:00:00,103.96000000001986
2025-11-11 13:00:00,103.94000000000074
2025-11-11 14:00:00,103.88000000000581
2025-11-11 15:00:00,101.63000000000352
2025-11-11 16:00:00,102.08000000000544
2025-11-11 17:00:00,103.7500000000083
2025-11-11 18:00:00,104.17999999999883
2025-11-11 19:00:00,103.79000000001044
2025-11-11 20:00:00,103.8399999999992
2025-11-11 21:00:00,102.02000000000064
2025-11-11 22:00:00,101.76000000001731
2025-11-11 23:00:00,4.958100000009647
2025-11-12 00:00:00,4.946999999994824
2025-11-12 01:00:00,4.951399999990812
2025-11-12 02:00:00,4.949599999987166
2025-11-12 03:00:00,4.928200000016271
2025-11-12 04:00:00,4.929199999985792
2025-11-12 05:00:00,4.9103000000223
2025-11-12 06:00:00,5.168899999995118
2025-11-12 07:00:00,5.223799999984339
2025-11-12 08:00:00,5.255599999998265
2025-11-12 09:00:00,5.320700000001797
2025-11-12 10:00:00,5.363099999985565
2025-11-12 11:00:00,5.3254000000116575
2025-11-12 12:00:00,5.255099999988197
2025-11-12 13:00:00,101.4599999999832
2025-11-12 14:00:00,101.6200000000123
2025-11-12 15:00:00,101.64000000000195
2025-11-12 16:00:00,101.37000000000945
2025-11-12 17:00:00,101.64999999999645
2025-11-12 18:00:00,103.78000000000503
2025-11-12 19:00:00,103.04999999998894
2025-11-12 20:00:00,101.48000000000563
2025-11-12 21:00:00,101.37999999996318
2025-11-12 22:00:00,99.45300000000532
2025-11-12 23:00:00,4.94910000002607
2025-11-13 00:00:00,4.947099999986426
2025-11-13 01:00:00,4.9296999999883395
2025-11-13 02:00:00,4.929999999991193
2025-11-13 03:00:00,4.930000000009793
2025-11-13 04:00:00,4.9573999999868645
2025-11-13 05:00:00,4.941000000002488
2025-11-13 06:00:00,4.9093999999754345
2025-11-13 07:00:00,101.82999999997564
2025-11-13 08:00:00,102.94999999999638
2025-11-13 09:00:00,103.65999999999741
2025-11-13 10:00:00,103.66000000000662
2025-11-13 11:00:00,102.72000000000517
2025-11-13 12:00:00,103.68999999999701
2025-11-13 13:00:00,103.48999999999887
2025-11-13 14:00:00,103.49000000001699
2025-11-13 15:00:00,102.27999999999031
2025-11-13 16:00:00,102.19000000000369
2025-11-13 17:00:00,102.20000000000755
2025-11-13 18:00:00,104.26000000000252
2025-11-13 19:00:00,104.44000000000017
2025-11-13 20:00:00,103.58999999998906
2025-11-13 21:00:00,101.39999999999716
2025-11-13 22:00:00,101.07000000000006
2025-11-13 23:00:00,100.45999999999653
2025-11-14 00:00:00,99.8760000000195
2025-11-14 01:00:00,4.9132000000018055
2025-11-14 02:00:00,4.913199999985832
2025-11-14 03:00:00,5.027599999979376
2025-11-14 04:00:00,99.61699999996718
2025-11-14 05:00:00,99.5360000000157
2025-11-14 06:00:00,100.7499999999975
2025-11-14 07:00:00,100.80999999999452
2025-11-14 08:00:00,101.55999999999086
2025-11-14 09:00:00,104.31999999999714
2025-11-14 10:00:00,104.45999999998837
2025-11-14 11:00:00,104.02000000000578
2025-11-14 12:00:00,105.55999999999469
2025-11-14 13:00:00,104.8699999999997
2025-11-14 14:00:00,104.88000000000163
2025-11-14 15:00:00,106.63000000000704
2025-11-14 16:00:00,103.37000000000842
2025-11-14 17:00:00,103.62999999999874
2025-11-14 18:00:00,104.63999999999346
2025-11-14 19:00:00,104.55000000000466
2025-11-14 20:00:00,103.07999999999524
2025-11-14 21:00:00,102.74999999999555
2025-11-14 22:00:00,102.4000000000013
2025-11-14 23:00:00,101.83999999999426
2025-11-15 00:00:00,102.17999999999438
2025-11-15 01:00:00,100.97000000000287
2025-11-15 02:00:00,100.88000000000241
2025-11-15 03:00:00,100.88000000000187
2025-11-15 04:00:00,100.66000000001827
2025-11-15 05:00:00,100.43000000000765
2025-11-15 06:00:00,100.79999999999234
2025-11-15 07:00:00,100.47000000000158
2025-11-15 08:00:00,103.60999999999089
2025-11-15 09:00:00,101.83999999999793
2025-11-15 10:00:00,102.66000000000038
2025-11-15 11:00:00,103.45999999999779
2025-11-15 12:00:00,103.6499999999997
2025-11-15 13:00:00,103.4100000000016
2025-11-15 14:00:00,103.64000000001901
2025-11-15 15:00:00,104.43999999998985
2025-11-15 16:00:00,105.56999999999915
2025-11-15 17:00:00,108.65000000000636
2025-11-15 18:00:00,110.6500000000094
2025-11-15 19:00:00,110.5099999999889
2025-11-15 20:00:00,108.33999999999021
2025-11-15 21:00:00,104.20999999998656
2025-11-15 22:00:00,103.35000000000251
2025-11-15 23:00:00,103.34999999999971
2025-11-16 00:00:00,103.29999999998843
2025-11-16 01:00:00,103.1099999999885
2025-11-16 02:00:00,103.10999999999171
2025-11-16 03:00:00,103.10999999999513
2025-11-16 04:00:00,103.1100000000077
2025-11-16 05:00:00,102.68999999999944
2025-11-16 06:00:00,103.66000000000854
2025-11-16 07:00:00,5.1929000000171435
2025-11-16 08:00:00,5.222399999981343
2025-11-16 09:00:00,5.24950000001601
2025-11-16 10:00:00,5.31389999997412
2025-11-16 11:00:00,103.31999999998907
2025-11-16 12:00:00,103.63000000000902
2025-11-16 13:00:00,103.8000000000129
2025-11-16 14:00:00,103.61999999999895
2025-11-16 15:00:00,103.54000000000772
2025-11-16 16:00:00,104.35999999999089
2025-11-16 17:00:00,104.8100000000032
2025-11-16 18:00:00,115.70000000000594
2025-11-16 19:00:00,114.80999999999588
2025-11-16 20:00:00,110.65000000000671
2025-11-16 21:00:00,110.33000000000165
2025-11-16 22:00:00,104.99999999999334
2025-11-16 23:00:00,104.03999999998847
2025-11-17 00:00:00,101.55000000001321
2025-11-17 01:00:00,100.22999999999861
2025-11-17 02:00:00,100.22999999999571
2025-11-17 03:00:00,100.09999999999833
2025-11-17 04:00:00,100.95000000001055
2025-11-17 05:00:00,101.74000000000808
2025-11-17 06:00:00,101.42999999998058
2025-11-17 07:00:00,101.23999999999111
2025-11-17 08:00:00,101.26999999999906
2025-11-17 09:00:00,101.33000000000874
2025-11-17 10:00:00,101.3299999999963
2025-11-17 11:00:00,101.69000000000001
2025-11-17 12:00:00,101.36000000000351
2025-11-17 13:00:00,101.31999999999368
2025-11-17 14:00:00,105.80000000000142
2025-11-17 15:00:00,110.87000000000232
2025-11-17 16:00:00,121.91000000001446
2025-11-17 17:00:00,120.29000000000016
2025-11-17 18:00:00,136.33000000001024
2025-11-17 19:00:00,126.61000000000388
2025-11-17 20:00:00,122.84999999999751
2025-11-17 21:00:00,112.30999999999489
2025-11-17 22:00:00,106.72999999999408
2025-11-17 23:00:00,101.31999999998956
2025-11-18 00:00:00,101.34000000000081
2025-11-18 01:00:00,101.33999999999132
2025-11-18 02:00:00,101.51999999999325
2025-11-18 03:00:00,101.42000000000279
2025-11-18 04:00:00,101.3399999999984
2025-11-18 05:00:00,101.3399999999986
2025-11-18 06:00:00,101.19999999999952
2025-11-18 07:00:00,101.14999999999675
2025-11-18 08:00:00,101.19999999999152
2025-11-18 09:00:00,101.32000000000419
2025-11-18 10:00:00,104.9299999999953
2025-11-18 11:00:00,109.92000000000733
2025-11-18 12:00:00,111.76999999999931
2025-11-18 13:00:00,113.5200000000126
2025-11-18 14:00:00,109.6200000000134
2025-11-18 15:00:00,109.53999999999456
2025-11-18 16:00:00,124.82000000001138
2025-11-18 17:00:00,124.35000000000791
2025-11-18 18:00:00,124.56999999999873
2025-11-18 19:00:00,124.1200000000013
2025-11-18 20:00:00,120.33999999998832
2025-11-18 21:00:00,120.76999999999565
2025-11-18 22:00:00,110.66000000000592
2025-11-18 23:00:00,101.30999999998973
2025-11-19 00:00:00,101.33000000000037
2025-11-19 01:00:00,101.29999999999339
2025-11-19 02:00:00,100.94999999999008
2025-11-19 03:00:00,100.70000000000135
2025-11-19 04:00:00,101.20000000000233
2025-11-19 05:00:00,101.31000000000434
2025-11-19 06:00:00,101.0699999999826
2025-11-19 07:00:00,101.14999999999895
2025-11-19 08:00:00,101.08999999999985
2025-11-19 09:00:00,106.06000000000242
2025-11-19 10:00:00,105.85999999998785
2025-11-19 11:00:00,105.37000000001204
2025-11-19 12:00:00,104.95000000000125
2025-11-19 13:00:00,104.96999999999264
2025-11-19 14:00:00,105.0799999999896
2025-11-19 15:00:00,104.40999999999916
2025-11-19 16:00:00,111.06999999999378
2025-11-19 17:00:00,122.58999999999466
2025-11-19 18:00:00,124.64000000000794
2025-11-19 19:00:00,124.6399999999948
2025-11-19 20:00:00,105.88000000000149
2025-11-19 21:00:00,101.50999999999962
2025-11-19 22:00:00,101.50999999998803
2025-11-19 23:00:00,101.39000000001843
2025-11-20 00:00:00,101.10999999999912
2025-11-20 01:00:00,101.23999999999971
2025-11-20 02:00:00,101.2399999999908
2025-11-20 03:00:00,101.2499999999974
2025-11-20 04:00:00,101.24999999999707
2025-11-20 05:00:00,101.33000000000294
2025-11-20 06:00:00,101.63999999999412
2025-11-20 07:00:00,101.04000000000278
2025-11-20 08:00:00,100.75000000000908
2025-11-20 09:00:00,100.70999999998915
2025-11-20 10:00:00,100.72000000000735
2025-11-20 11:00:00,101.24999999999979
2025-11-20 12:00:00,101.16000000000228
2025-11-20 13:00:00,100.98999999999698
2025-11-20 14:00:00,101.100000000014
2025-11-20 15:00:00,104.78000000000719
2025-11-20 16:00:00,110.56000000000354
2025-11-20 17:00:00,113.68999999999744
2025-11-20 18:00:00,113.90999999999681
2025-11-20 19:00:00,123.5299999999953
2025-11-20 20:00:00,106.6100000000009
2025-11-20 21:00:00,101.31000000000002
2025-11-20 22:00:00,101.21000000000929
2025-11-20 23:00:00,100.99999999999834
2025-11-21 00:00:00,101.23999999998675
2025-11-21 01:00:00,100.38999999999541
2025-11-21 02:00:00,100.15999999999241
2025-11-21 03:00:00,101.14999999999826
2025-11-21 04:00:00,101.40000000000799
2025-11-21 05:00:00,100.37000000000899
2025-11-21 06:00:00,100.1700000000029
2025-11-21 07:00:00,100.72999999999288
2025-11-21 08:00:00,99.41699999999811
2025-11-21 09:00:00,100.95000000000324
2025-11-21 10:00:00,100.2099999999963
2025-11-21 11:00:00,101.34000000001191
2025-11-21 12:00:00,101.31000000001377
2025-11-21 13:00:00,100.98000000000361
2025-11-21 14:00:00,101.04999999999934
2025-11-21 15:00:00,101.93999999999862
2025-11-21 16:00:00,101.01000000000438
2025-11-21 17:00:00,121.429999999996
2025-11-21 18:00:00,121.78999999999733
2025-11-21 19:00:00,112.21999999999522
2025-11-21 20:00:00,106.57999999999303
2025-11-21 21:00:00,106.69999999999074
2025-11-21 22:00:00,101.32999999999407
2025-11-21 23:00:00,100.84999999999609
2025-11-22 00:00:00,100.86999999998268
2025-11-22 01:00:00,101.23999999999808
2025-11-22 02:00:00,100.7200000000004
2025-11-22 03:00:00,100.72000000000884
2025-11-22 04:00:00,101.76999999999869
2025-11-22 05:00:00,102.27999999998785
2025-11-22 06:00:00,102.39000000000838
2025-11-22 07:00:00,101.1599999999994
2025-11-22 08:00:00,101.01999999999528
2025-11-22 09:00:00,101.32999999999399
2025-11-22 10:00:00,101.37000000000228
2025-11-22 11:00:00,101.4600000000027
2025-11-22 12:00:00,101.32000000000852
2025-11-22 13:00:00,102.82000000000592
2025-11-22 14:00:00,102.54000000000231
2025-11-22 15:00:00,101.92000000000711
2025-11-22 16:00:00,100.3099999999954
2025-11-22 17:00:00,109.4600000000054
2025-11-22 18:00:00,109.61000000000733
2025-11-22 19:00:00,108.07000000000058
2025-11-22 20:00:00,103.1299999999999
2025-11-22 21:00:00,102.06999999999913
2025-11-22 22:00:00,101.92999999999758
2025-11-22 23:00:00,101.87999999999482
2025-11-23 00:00:00,101.24000000000983
2025-11-23 01:00:00,101.67999999999397
2025-11-23 02:00:00,101.41000000000079
2025-11-23 03:00:00,100.84999999999208
2025-11-23 04:00:00,100.77999999999693
2025-11-23 05:00:00,100.76999999999288
2025-11-23 06:00:00,101.3400000000028
2025-11-23 07:00:00,101.32999999999552
2025-11-23 08:00:00,101.26999999999488
2025-11-23 09:00:00,101.1900000000102
2025-11-23 10:00:00,101.24000000000201
2025-11-23 11:00:00,101.35000000000028
2025-11-23 12:00:00,101.37000000000755
2025-11-23 13:00:00,101.8400000000121
2025-11-23 14:00:00,102.21000000001284
2025-11-23 15:00:00,101.88000000000639
2025-11-23 16:00:00,100.58999999999408
2025-11-23 17:00:00,101.86000000000162
2025-11-23 18:00:00,101.31999999999272
2025-11-23 19:00:00,100.96000000001003
2025-11-23 20:00:00,100.15999999999502
2025-11-23 21:00:00,100.2700000000007
2025-11-23 22:00:00,100.38999999999362
2025-11-23 23:00:00,100.5199999999959
2025-11-24 00:00:00,100.14999999999625
2025-11-24 01:00:00,100.00999999999203
2025-11-24 02:00:00,100.08999999999585
2025-11-24 03:00:00,99.80600000000514
2025-11-24 04:00:00,99.84900000000586
2025-11-24 05:00:00,99.50399999999615
2025-11-24 06:00:00,99.50100000001073
2025-11-24 07:00:00,100.36000000000247
2025-11-24 08:00:00,100.37000000000565
2025-11-24 09:00:00,100.35999999999595
2025-11-24 10:00:00,100.4300000000058
2025-11-24 11:00:00,100.69000000000707
2025-11-24 12:00:00,100.82000000001632
2025-11-24 13:00:00,100.82000000000845
2025-11-24 14:00:00,101.12000000000036
2025-11-24 15:00:00,101.21000000000284
2025-11-24 16:00:00,106.84999999999732
2025-11-24 17:00:00,112.3200000000094
2025-11-24 18:00:00,118.73000000000017
2025-11-24 19:00:00,118.74000000000532
2025-11-24 20:00:00,117.79999999999004
2025-11-24 21:00:00,105.27999999998961
2025-11-24 22:00:00,105.08999999998208
2025-11-24 23:00:00,105.28999999999122
2025-11-25 00:00:00,100.8799999999984
2025-11-25 01:00:00,100.75999999999202
2025-11-25 02:00:00,100.71999999997526
2025-11-25 03:00:00,100.45000000000141
2025-11-25 04:00:00,100.45000000000788
2025-11-25 05:00:00,101.01000000000036
2025-11-25 06:00:00,100.89999999998777
2025-11-25 07:00:00,100.91999999999386
2025-11-25 08:00:00,100.9000000000123
2025-11-25 09:00:00,100.81000000001492
2025-11-25 10:00:00,100.80999999999256
2025-11-25 11:00:00,101.28999999999546
2025-11-25 12:00:00,101.2500000000168
2025-11-25 13:00:00,101.2199999999891
2025-11-25 14:00:00,104.96000000000825
2025-11-25 15:00:00,106.41000000000598
2025-11-25 16:00:00,111.39999999999918
2025-11-25 17:00:00,122.2899999999988
2025-11-25 18:00:00,124.48000000000594
2025-11-25 19:00:00,123.35000000000267
2025-11-25 20:00:00,119.06999999999051
2025-11-25 21:00:00,105.85999999999088
2025-11-25 22:00:00,105.02000000000028
2025-11-25 23:00:00,104.63000000001219
2025-11-26 00:00:00,100.87000000000013
2025-11-26 01:00:00,100.92999999999174
2025-11-26 02:00:00,100.7699999999939
2025-11-26 03:00:00,101.0299999999938
2025-11-26 04:00:00,100.85999999999942
2025-11-26 05:00:00,101.1199999999919
2025-11-26 06:00:00,101.1400000000023
2025-11-26 07:00:00,101.03000000000792
2025-11-26 08:00:00,100.88999999999503
2025-11-26 09:00:00,100.85999999999282
2025-11-26 10:00:00,100.11999999999665
2025-11-26 11:00:00,100.659999999999
2025-11-26 12:00:00,100.90000000000317
2025-11-26 13:00:00,107.7900000000093
2025-11-26 14:00:00,109.06999999999836
2025-11-26 15:00:00,109.16000000000003
2025-11-26 16:00:00,125.34000000000039
2025-11-26 17:00:00,125.32000000001044
2025-11-26 18:00:00,125.61999999998582
2025-11-26 19:00:00,125.83000000000558
2025-11-26 20:00:00,125.5499999999964
2025-11-26 21:00:00,123.89000000000061
2025-11-26 22:00:00,108.89999999999405
2025-11-26 23:00:00,105.18999999999563
2025-11-27 00:00:00,100.77000000000226
2025-11-27 01:00:00,100.62000000000056
2025-11-27 02:00:00,100.42999999998834
2025-11-27 03:00:00,100.5500000000084
2025-11-27 04:00:00,100.70000000000572
2025-11-27 05:00:00,100.81999999999756
2025-11-27 06:00:00,100.70999999999903
2025-11-27 07:00:00,100.89999999999628
2025-11-27 08:00:00,100.73000000000391
2025-11-27 09:00:00,100.90000000000735
2025-11-27 10:00:00,100.34000000000775
2025-11-27 11:00:00,100.62000000000158
2025-11-27 12:00:00,100.80000000000663
2025-11-27 13:00:00,100.79999999999835
2025-11-27 14:00:00,100.79999999998557
2025-11-27 15:00:00,100.74000000000296
2025-11-27 16:00:00,108.05000000000037
2025-11-27 17:00:00,118.98999999999262
2025-11-27 18:00:00,127.29000000000865
2025-11-27 19:00:00,124.86999999999884
2025-11-27 20:00:00,123.24000000000416
2025-11-27 21:00:00,116.14000000000104
2025-11-27 22:00:00,108.22999999999466
2025-11-27 23:00:00,105.07999999999197
2025-11-28 00:00:00,100.81999999999772
2025-11-28 01:00:00,100.8999999999856
2025-11-28 02:00:00,100.81000000000432
2025-11-28 03:00:00,100.38000000000045
2025-11-28 04:00:00,100.38000000000149
2025-11-28 05:00:00,100.37999999999613
2025-11-28 06:00:00,100.81999999998646
2025-11-28 07:00:00,100.95999999999725
2025-11-28 08:00:00,100.76000000000406
2025-11-28 09:00:00,100.9600000000007
2025-11-28 10:00:00,101.01000000000953
2025-11-28 11:00:00,101.23000000000287
2025-11-28 12:00:00,100.82000000000244
2025-11-28 13:00:00,101.0300000000011
2025-11-28 14:00:00,101.07000000000087
2025-11-28 15:00:00,100.84000000001328
2025-11-28 16:00:00,105.27999999999616
2025-11-28 17:00:00,109.98999999998155
2025-11-28 18:00:00,112.79000000000147
2025-11-28 19:00:00,106.87000000000742
2025-11-28 20:00:00,106.29000000000052
2025-11-28 21:00:00,101.51999999997938
2025-11-28 22:00:00,101.61000000000423
2025-11-28 23:00:00,101.00000000000836
2025-11-29 00:00:00,100.90000000000019
2025-11-29 01:00:00,100.4299999999877
2025-11-29 02:00:00,100.21999999999719
2025-11-29 03:00:00,100.24999999999338
2025-11-29 04:00:00,100.23999999999741
2025-11-29 05:00:00,100.59000000000746
2025-11-29 06:00:00,100.81999999999636
2025-11-29 07:00:00,100.87000000000035
2025-11-29 08:00:00,100.51000000000403
2025-11-29 09:00:00,100.58000000000182
2025-11-29 10:00:00,100.73999999999164
2025-11-29 11:00:00,100.65000000001062
2025-11-29 12:00:00,101.10999999999693
2025-11-29 13:00:00,101.08999999999973
2025-11-29 14:00:00,100.92000000000489
2025-11-29 15:00:00,99.64799999999569
2025-11-29 16:00:00,100.05000000000456
2025-11-29 17:00:00,107.61999999998932
2025-11-29 18:00:00,113.74999999999503
2025-11-29 19:00:00,108.58000000001623
2025-11-29 20:00:00,100.81999999999285
2025-11-29 21:00:00,100.47999999999196
2025-11-29 22:00:00,100.18000000000342
2025-11-29 23:00:00,100.02000000000399
2025-11-30 00:00:00,100.52000000000243
2025-11-30 01:00:00,99.89700000000866
2025-11-30 02:00:00,100.50999999998994
2025-11-30 03:00:00,100.1100000000005
2025-11-30 04:00:00,100.46000000000053
2025-11-30 05:00:00,100.91999999999875
2025-11-30 06:00:00,100.92000000000183
2025-11-30 07:00:00,100.81999999999823
2025-11-30 08:00:00,101.33000000000797
2025-11-30 09:00:00,101.00000000000033
2025-11-30 10:00:00,101.12999999999417
2025-11-30 11:00:00,100.84999999999032
2025-11-30 12:00:00,100.85000000000218
2025-11-30 13:00:00,101.33000000000838
2025-11-30 14:00:00,100.79999999999913
2025-11-30 15:00:00,100.82000000000467
2025-11-30 16:00:00,100.3999999999963
2025-11-30 17:00:00,107.9300000000044
2025-11-30 18:00:00,108.95000000000681
2025-11-30 19:00:00,108.72999999998348
2025-11-30 20:00:00,107.52999999999301
2025-11-30 21:00:00,100.1600000000011
2025-11-30 22:00:00,99.99999999998596
2025-11-30 23:00:00,99.78200000001304
2025-12-01 00:00:00,98.68899999999938
2025-12-01 01:00:00,98.55999999999919
2025-12-01 02:00:00,98.56000000000341
2025-12-01 03:00:00,98.4549999999983
2025-12-01 04:00:00,98.73900000000683
2025-12-01 05:00:00,98.60699999998971
2025-12-01 06:00:00,100.0600000000071
2025-12-01 07:00:00,100.03999999999722
2025-12-01 08:00:00,99.90899999999397
2025-12-01 09:00:00,99.93699999999995
2025-12-01 10:00:00,99.72999999999328
2025-12-01 11:00:00,100.01999999999163
2025-12-01 12:00:00,99.98700000000063
2025-12-01 13:00:00,100.2400000000024
2025-12-01 14:00:00,100.19000000000425
2025-12-01 15:00:00,100.19000000000796
2025-12-01 16:00:00,106.7499999999922
2025-12-01 17:00:00,115.48000000000118
2025-12-01 18:00:00,122.18000000000055
2025-12-01 19:00:00,106.7500000000221
2025-12-01 20:00:00,100.61999999999699
2025-12-01 21:00:00,99.26199999999584
2025-12-01 22:00:00,99.82099999999126
2025-12-01 23:00:00,99.50099999998969
2025-12-02 00:00:00,99.65200000001064
2025-12-02 01:00:00,98.49599999999114
2025-12-02 02:00:00,98.48500000001243
2025-12-02 03:00:00,98.70200000000884
2025-12-02 04:00:00,98.70799999998809
2025-12-02 05:00:00,99.64500000000618
2025-12-02 06:00:00,100.33000000000334
2025-12-02 07:00:00,100.31999999999515
2025-12-02 08:00:00,98.89499999999217
2025-12-02 09:00:00,99.72999999999628
2025-12-02 10:00:00,99.7299999999948
2025-12-02 11:00:00,99.27600000000844
2025-12-02 12:00:00,105.15999999999492
2025-12-02 13:00:00,109.16999999999393
2025-12-02 14:00:00,111.07999999999359
2025-12-02 15:00:00,121.96000000001432
2025-12-02 16:00:00,120.82000000001081
2025-12-02 17:00:00,120.37000000001058
2025-12-02 18:00:00,119.69000000000501
2025-12-02 19:00:00,111.81000000000876
2025-12-02 20:00:00,105.80999999999052
2025-12-02 21:00:00,104.93999999999814
2025-12-02 22:00:00,105.07999999998626
2025-12-02 23:00:00,105.19999999999071
2025-12-03 00:00:00,105.81999999998375
2025-12-03 01:00:00,104.15999999998328
2025-12-03 02:00:00,99.9940000000097
2025-12-03 03:00:00,99.80799999999975
2025-12-03 04:00:00,99.5870000000075
2025-12-03 05:00:00,100.34999999999137
2025-12-03 06:00:00,100.34000000000957
2025-12-03 07:00:00,99.80700000000336
2025-12-03 08:00:00,99.79099999999607
2025-12-03 09:00:00,99.80999999999933
2025-12-03 10:00:00,99.77099999999638
2025-12-03 11:00:00,99.65199999998025
2025-12-03 12:00:00,99.30800000000184
2025-12-03 13:00:00,99.7399999999974
2025-12-03 14:00:00,104.2900000000182
2025-12-03 15:00:00,104.29000000000505
2025-12-03 16:00:00,104.35999999997696
2025-12-03 17:00:00,119.57000000000268
2025-12-03 18:00:00,120.29999999999801
2025-12-03 19:00:00,111.99999999997951
2025-12-03 20:00:00,111.71999999999935
2025-12-03 21:00:00,105.19999999999669
2025-12-03 22:00:00,105.05999999999813
2025-12-03 23:00:00,105.4199999999936
2025-12-04 00:00:00,105.52999999998252
2025-12-04 01:00:00,105.47999999999936
2025-12-04 02:00:00,99.62000000000512
2025-12-04 03:00:00,99.80200000000531
2025-12-04 04:00:00,99.80800000000086
2025-12-04 05:00:00,99.92100000000181
2025-12-04 06:00:00,100.57999999999166
2025-12-04 07:00:00,100.41999999999122
2025-12-04 08:00:00,100.39000000000831
2025-12-04 09:00:00,100.37000000000509
2025-12-04 10:00:00,99.89000000000195
2025-12-04 11:00:00,99.9079999999971
2025-12-04 12:00:00,100.24000000000137
2025-12-04 13:00:00,99.87099999999172
2025-12-04 14:00:00,123.17999999999691
2025-12-04 15:00:00,122.58000000000756
2025-12-04 16:00:00,120.67000000000564
2025-12-04 17:00:00,119.12000000000424
2025-12-04 18:00:00,127.7399999999937
2025-12-04 19:00:00,112.39000000000074
2025-12-04 20:00:00,112.50999999999198
2025-12-04 21:00:00,112.35000000001854
2025-12-04 22:00:00,105.33999999998612
2025-12-04 23:00:00,105.27000000000294
2025-12-05 00:00:00,100.28000000000414
2025-12-05 01:00:00,99.80599999999606
2025-12-05 02:00:00,100.19999999999862
2025-12-05 03:00:00,99.73000000001764
2025-12-05 04:00:00,100.06999999999513
2025-12-05 05:00:00,99.99799999999834
2025-12-05 06:00:00,100.18000000000778
2025-12-05 07:00:00,100.43999999999755
2025-12-05 08:00:00,99.80599999999993
2025-12-05 09:00:00,99.81000000001133
2025-12-05 10:00:00,99.99999999999552
2025-12-05 11:00:00,99.84499999999565
2025-12-05 12:00:00,99.87000000000836
2025-12-05 13:00:00,99.41300000000454
2025-12-05 14:00:00,103.59999999999413
2025-12-05 15:00:00,99.84199999999458
2025-12-05 16:00:00,118.90000000000339
2025-12-05 17:00:00,118.22000000000588
2025-12-05 18:00:00,118.94999999999557
2025-12-05 19:00:00,118.26000000000634
2025-12-05 20:00:00,111.65000000001487
2025-12-05 21:00:00,105.28000000001207
2025-12-05 22:00:00,105.09999999999587
2025-12-05 23:00:00,105.69999999997464
2025-12-06 00:00:00,105.1800000000006
2025-12-06 01:00:00,104.23999999999346
2025-12-06 02:00:00,99.91399999998572
2025-12-06 03:00:00,99.99600000000697
2025-12-06 04:00:00,99.99600000000017
2025-12-06 05:00:00,100.5500000000166
2025-12-06 06:00:00,100.64000000000543
2025-12-06 07:00:00,100.43999999999713
2025-12-06 08:00:00,100.40999999998724
2025-12-06 09:00:00,104.94999999999249
2025-12-06 10:00:00,108.01999999999308
2025-12-06 11:00:00,105.34999999999741
2025-12-06 12:00:00,105.79999999999485
2025-12-06 13:00:00,105.83000000001587
2025-12-06 14:00:00,105.73999999999808
2025-12-06 15:00:00,111.01999999999148
2025-12-06 16:00:00,112.25999999999198
2025-12-06 17:00:00,119.45000000000354
2025-12-06 18:00:00,118.82000000000181
2025-12-06 19:00:00,119.34000000001076
2025-12-06 20:00:00,119.89999999999603
2025-12-06 21:00:00,110.39999999999117
2025-12-06 22:00:00,106.6599999999927
2025-12-06 23:00:00,105.75999999998213
2025-12-07 00:00:00,104.99000000000193
2025-12-07 01:00:00,100.28999999998949
2025-12-07 02:00:00,99.99499999998507
2025-12-07 03:00:00,100.16000000000932
2025-12-07 04:00:00,100.31000000000309
2025-12-07 05:00:00,100.33999999999368
2025-12-07 06:00:00,99.73000000001778
2025-12-07 07:00:00,100.4499999999991
2025-12-07 08:00:00,100.43999999998998
2025-12-07 09:00:00,100.4499999999958
2025-12-07 10:00:00,100.4600000000064
2025-12-07 11:00:00,105.88999999998897
2025-12-07 12:00:00,105.89000000000976
2025-12-07 13:00:00,106.44999999999331
2025-12-07 14:00:00,119.44999999999811
2025-12-07 15:00:00,119.57000000000342
2025-12-07 16:00:00,118.73000000002067
2025-12-07 17:00:00,119.03000000001073
2025-12-07 18:00:00,118.56000000000431
2025-12-07 19:00:00,120.81999999999509
2025-12-07 20:00:00,119.59999999999548
2025-12-07 21:00:00,119.48000000000518
2025-12-07 22:00:00,106.50999999999227
2025-12-07 23:00:00,106.55999999999057
2025-12-08 00:00:00,104.41000000000732
2025-12-08 01:00:00,104.26999999997955
2025-12-08 02:00:00,103.47000000000963
2025-12-08 03:00:00,99.43300000000703
2025-12-08 04:00:00,99.43299999998942
2025-12-08 05:00:00,104.96999999999825
2025-12-08 06:00:00,106.64000000000844
2025-12-08 07:00:00,104.71999999999838
2025-12-08 08:00:00,99.56899999999679
2025-12-08 09:00:00,99.3920000000151
2025-12-08 10:00:00,99.3989999999941
2025-12-08 11:00:00,99.23599999999651
2025-12-08 12:00:00,104.28000000001246
2025-12-08 13:00:00,104.29000000001612
2025-12-08 14:00:00,108.3699999999837
2025-12-08 15:00:00,123.79000000001004
2025-12-08 16:00:00,127.08999999999655
2025-12-08 17:00:00,189.41999999998828
2025-12-08 18:00:00,189.60999999999103
2025-12-08 19:00:00,188.21000000000953
2025-12-08 20:00:00,127.74000000001377
2025-12-08 21:00:00,126.34999999999559
2025-12-08 22:00:00,120.35000000002151
2025-12-08 23:00:00,103.96999999999794
2025-12-09 00:00:00,104.50000000000331
2025-12-09 01:00:00,102.7900000000113
2025-12-09 02:00:00,99.3199999999963
2025-12-09 03:00:00,99.00999999999773
2025-12-09 04:00:00,99.69000000001097
2025-12-09 05:00:00,104.60000000000556
2025-12-09 06:00:00,99.62100000000063
2025-12-09 07:00:00,99.09500000001381
2025-12-09 08:00:00,99.43100000000805
2025-12-09 09:00:00,99.69000000000221
2025-12-09 10:00:00,103.31000000001292
2025-12-09 11:00:00,104.52999999999076
2025-12-09 12:00:00,104.60000000000244
2025-12-09 13:00:00,104.21999999999618
2025-12-09 14:00:00,108.21000000001865
2025-12-09 15:00:00,123.91999999998211
2025-12-09 16:00:00,122.66000000002484
2025-12-09 17:00:00,129.48000000000803
2025-12-09 18:00:00,157.32999999998282
2025-12-09 19:00:00,128.71000000000328
2025-12-09 20:00:00,129.390000000001
2025-12-09 21:00:00,118.52999999999436
2025-12-09 22:00:00,119.01999999999586
2025-12-09 23:00:00,110.30999999999132
2025-12-10 00:00:00,104.12999999997594
2025-12-10 01:00:00,104.47999999999139
2025-12-10 02:00:00,99.12200000000934
2025-12-10 03:00:00,98.99400000000178
2025-12-10 04:00:00,98.99399999999999
2025-12-10 05:00:00,99.79100000001259
2025-12-10 06:00:00,99.77799999999917
2025-12-10 07:00:00,99.1209999999953
2025-12-10 08:00:00,99.08899999998421
2025-12-10 09:00:00,98.28699999999617
2025-12-10 10:00:00,99.02200000000339
2025-12-10 11:00:00,98.76000000000957
2025-12-10 12:00:00,98.5670000000035
2025-12-10 13:00:00,98.94000000000139
2025-12-10 14:00:00,103.40000000000728
2025-12-10 15:00:00,104.32000000000927
2025-12-10 16:00:00,109.22000000001658
2025-12-10 17:00:00,126.25999999999769
2025-12-10 18:00:00,135.30000000001297
2025-12-10 19:00:00,118.34999999999715
2025-12-10 20:00:00,118.37999999999923
2025-12-10 21:00:00,104.33999999999199
2025-12-10 22:00:00,103.8599999999836
2025-12-10 23:00:00,99.27800000001129
2025-12-11 00:00:00,98.93999999999724
2025-12-11 01:00:00,98.96600000000493
2025-12-11 02:00:00,98.96200000000107
2025-12-11 03:00:00,98.96199999999331
2025-12-11 04:00:00,99.10999999999152
2025-12-11 05:00:00,99.10600000000011
2025-12-11 06:00:00,99.12199999999781
2025-12-11 07:00:00,99.09600000000206
2025-12-11 08:00:00,103.41000000001331
2025-12-11 09:00:00,102.99000000000187
2025-12-11 10:00:00,102.98999999999465
2025-12-11 11:00:00,102.69000000001469
2025-12-11 12:00:00,103.53999999998997
2025-12-11 13:00:00,121.77000000000312
2025-12-11 14:00:00,121.98000000000111
2025-12-11 15:00:00,118.50000000002328
2025-12-11 16:00:00,126.15999999997187
2025-12-11 17:00:00,188.45000000000235
2025-12-11 18:00:00,135.58000000002136
2025-12-11 19:00:00,127.95999999998261
2025-12-11 20:00:00,120.30000000000817
2025-12-11 21:00:00,104.72999999998295
2025-12-11 22:00:00,103.75999999999839
2025-12-11 23:00:00,99.35699999999191
2025-12-12 00:00:00,99.1310000000039
2025-12-12 01:00:00,99.02500000000364
2025-12-12 02:00:00,99.02499999998984
2025-12-12 03:00:00,98.94000000001246
2025-12-12 04:00:00,99.14100000001021
2025-12-12 05:00:00,99.58900000000422
2025-12-12 06:00:00,99.58799999999167
2025-12-12 07:00:00,99.59999999998367
2025-12-12 08:00:00,99.34799999999295
2025-12-12 09:00:00,98.83899999998856
2025-12-12 10:00:00,98.61399999998703
2025-12-12 11:00:00,99.20300000000604
2025-12-12 12:00:00,108.67000000000851
2025-12-12 13:00:00,119.15999999999104
2025-12-12 14:00:00,127.92000000001008
2025-12-12 15:00:00,129.17999999999844
2025-12-12 16:00:00,129.60000000000426
2025-12-12 17:00:00,129.60000000000667
2025-12-12 18:00:00,127.15999999999897
2025-12-12 19:00:00,119.47999999999945
2025-12-12 20:00:00,104.08000000000467
2025-12-12 21:00:00,103.84999999999215
2025-12-12 22:00:00,103.85000000000532
2025-12-12 23:00:00,104.08000000000136
2025-12-13 00:00:00,102.94999999999781
2025-12-13 01:00:00,99.01199999998084
2025-12-13 02:00:00,98.94000000001866
2025-12-13 03:00:00,98.81000000000749
2025-12-13 04:00:00,98.93999999999913
2025-12-13 05:00:00,99.21000000001729
2025-12-13 06:00:00,99.55200000001801
2025-12-13 07:00:00,99.54999999999335
2025-12-13 08:00:00,99.2770000000028
2025-12-13 09:00:00,99.52500000000398
2025-12-13 10:00:00,99.52500000001223
2025-12-13 11:00:00,99.75300000000135
2025-12-13 12:00:00,103.19000000000493
2025-12-13 13:00:00,103.22000000000065
2025-12-13 14:00:00,107.39999999999662
2025-12-13 15:00:00,108.5000000000112
2025-12-13 16:00:00,108.48000000000043
2025-12-13 17:00:00,118.28000000000006
2025-12-13 18:00:00,133.44999999998893
2025-12-13 19:00:00,134.26000000001102
2025-12-13 20:00:00,118.55999999997377
2025-12-13 21:00:00,120.37000000000461
2025-12-13 22:00:00,108.45999999999816
2025-12-13 23:00:00,103.01999999999798
2025-12-14 00:00:00,98.71200000000638
2025-12-14 01:00:00,98.73699999999538
2025-12-14 02:00:00,98.70699999998047
2025-12-14 03:00:00,98.70900000000884
2025-12-14 04:00:00,98.70900000001379
2025-12-14 05:00:00,98.52800000000694
2025-12-14 06:00:00,99.0400000000095
2025-12-14 07:00:00,99.12599999998008
2025-12-14 08:00:00,99.18099999998697
2025-12-14 09:00:00,99.04400000001311
2025-12-14 10:00:00,99.03699999999915
2025-12-14 11:00:00,99.23699999999444
2025-12-14 12:00:00,99.12499999999946
2025-12-14 13:00:00,98.88000000001686
2025-12-14 14:00:00,98.97900000000834
2025-12-14 15:00:00,99.13299999999433
2025-12-14 16:00:00,99.03000000001354
2025-12-14 17:00:00,104.68999999999365
2025-12-14 18:00:00,104.73999999999879
2025-12-14 19:00:00,105.09999999998824
2025-12-14 20:00:00,99.72099999997786
2025-12-14 21:00:00,99.32399999998582
2025-12-14 22:00:00,99.1579999999982
2025-12-14 23:00:00,98.9399999999841
2025-12-15 00:00:00,98.10400000000287
2025-12-15 01:00:00,97.93199999999189
2025-12-15 02:00:00,97.93200000000985
2025-12-15 03:00:00,97.93299999998767
2025-12-15 04:00:00,97.93000000000887
2025-12-15 05:00:00,98.13900000000004
2025-12-15 06:00:00,97.95700000000006
2025-12-15 07:00:00,98.34200000000952
2025-12-15 08:00:00,98.51900000000288
2025-12-15 09:00:00,98.59899999999561
2025-12-15 10:00:00,98.20499999998903
2025-12-15 11:00:00,98.10500000000334
2025-12-15 12:00:00,98.36000000000898
2025-12-15 13:00:00,98.87000000000675
2025-12-15 14:00:00,99.08700000000339
2025-12-15 15:00:00,99.08200000000615
2025-12-15 16:00:00,103.08000000000693
2025-12-15 17:00:00,110.13999999999304
2025-12-15 18:00:00,118.37999999999225
2025-12-15 19:00:00,108.03000000000769
2025-12-15 20:00:00,98.90100000000194
2025-12-15 21:00:00,98.04499999997877
2025-12-15 22:00:00,98.07499999998689
2025-12-15 23:00:00,98.30399999999612
2025-12-16 00:00:00,98.0840000000051
2025-12-16 01:00:00,98.08399999999199
2025-12-16 02:00:00,97.73900000000687
2025-12-16 03:00:00,97.65500000000043
2025-12-16 04:00:00,97.84000000001231
2025-12-16 05:00:00,97.7609999999916
2025-12-16 06:00:00,97.89700000001135
2025-12-16 07:00:00,98.26900000000975
2025-12-16 08:00:00,98.20100000000143
2025-12-16 09:00:00,98.15199999999176
2025-12-16 10:00:00,97.84000000000178
2025-12-16 11:00:00,97.93500000000172
2025-12-16 12:00:00,98.1529999999897
2025-12-16 13:00:00,98.15600000000106
2025-12-16 14:00:00,98.05600000000673
2025-12-16 15:00:00,98.1250000000116
2025-12-16 16:00:00,98.1540000000131
2025-12-16 17:00:00,102.96000000000991
2025-12-16 18:00:00,103.22000000000203
2025-12-16 19:00:00,99.00799999999968
2025-12-16 20:00:00,98.31999999999778
2025-12-16 21:00:00,97.91999999999472
2025-12-16 22:00:00,98.53299999999439
2025-12-16 23:00:00,97.9889999999982
2025-12-17 00:00:00,97.82900000000262
2025-12-17 01:00:00,98.07099999998242
2025-12-17 02:00:00,97.94400000000712
2025-12-17 03:00:00,97.85899999998739
2025-12-17 04:00:00,97.98500000000867
2025-12-17 05:00:00,97.95300000000795
2025-12-17 06:00:00,98.1840000000026
2025-12-17 07:00:00,98.28700000000025
2025-12-17 08:00:00,98.7939999999999
2025-12-17 09:00:00,98.51199999999923
2025-12-17 10:00:00,98.44199999998982
2025-12-17 11:00:00,98.52700000000547
2025-12-17 12:00:00,98.55100000000827
2025-12-17 13:00:00,98.90699999999435
2025-12-17 14:00:00,102.68000000001415
2025-12-17 15:00:00,103.54000000000578
2025-12-17 16:00:00,118.05999999999482
2025-12-17 17:00:00,118.25000000001346
2025-12-17 18:00:00,118.14000000000223
2025-12-17 19:00:00,118.10999999999945
2025-12-17 20:00:00,115.6999999999952
2025-12-17 21:00:00,119.60000000000458
2025-12-17 22:00:00,105.79999999999804
2025-12-17 23:00:00,102.88999999999703
2025-12-18 00:00:00,98.5300000000071
2025-12-18 01:00:00,98.31899999997694
2025-12-18 02:00:00,98.09100000001109
2025-12-18 03:00:00,98.29999999999514
2025-12-18 04:00:00,98.44800000000251
2025-12-18 05:00:00,98.86100000000708
2025-12-18 06:00:00,98.49500000000157
2025-12-18 07:00:00,98.51000000000492
2025-12-18 08:00:00,98.43699999999816
2025-12-18 09:00:00,98.36400000001525
2025-12-18 10:00:00,98.37600000001395
2025-12-18 11:00:00,98.73700000000593
2025-12-18 12:00:00,98.67299999999895
2025-12-18 13:00:00,98.53899999998941
2025-12-18 14:00:00,104.09999999999933
2025-12-18 15:00:00,103.43000000000491
2025-12-18 16:00:00,115.32999999999794
2025-12-18 17:00:00,118.47999999999674
2025-12-18 18:00:00,120.02999999998954
2025-12-18 19:00:00,118.27999999999892
2025-12-18 20:00:00,118.41999999999385
2025-12-18 21:00:00,105.98999999999872
2025-12-18 22:00:00,103.59999999997754
2025-12-18 23:00:00,101.97000000000023
2025-12-19 00:00:00,98.6569999999993
2025-12-19 01:00:00,98.47899999999993
2025-12-19 02:00:00,98.41099999999469
2025-12-19 03:00:00,98.34000000001852
2025-12-19 04:00:00,98.75200000001087
2025-12-19 05:00:00,98.8279999999951
2025-12-19 06:00:00,98.88099999999308
2025-12-19 07:00:00,98.34499999999792
2025-12-19 08:00:00,98.4979999999994
2025-12-19 09:00:00,98.81599999999798
2025-12-19 10:00:00,98.2500000000038
2025-12-19 11:00:00,102.20999999999863
2025-12-19 12:00:00,102.53999999999743
2025-12-19 13:00:00,120.55000000000727
2025-12-19 14:00:00,121.54000000000401
2025-12-19 15:00:00,120.54999999999767
2025-12-19 16:00:00,120.130000000003
2025-12-19 17:00:00,118.6600000000042
2025-12-19 18:00:00,120.08999999999367
2025-12-19 19:00:00,120.06999999999942
2025-12-19 20:00:00,107.04000000000113
2025-12-19 21:00:00,102.82000000000563
2025-12-19 22:00:00,102.66999999999244
2025-12-19 23:00:00,101.91000000001638
2025-12-20 00:00:00,98.6220000000046
2025-12-20 01:00:00,98.54999999998284
2025-12-20 02:00:00,98.58700000001052
2025-12-20 03:00:00,98.28200000000619
2025-12-20 04:00:00,98.05500000000141
2025-12-20 05:00:00,98.93199999999646
2025-12-20 06:00:00,98.93199999999138
2025-12-20 07:00:00,98.92799999998692
2025-12-20 08:00:00,99.84599999999884
2025-12-20 09:00:00,99.55299999999694
2025-12-20 10:00:00,98.50999999999769
2025-12-20 11:00:00,99.50200000000035
2025-12-20 12:00:00,98.61199999999945
2025-12-20 13:00:00,98.58100000000556
2025-12-20 14:00:00,98.58300000000426
2025-12-20 15:00:00,98.57900000000049
2025-12-20 16:00:00,98.5589999999873
2025-12-20 17:00:00,127.8300000000016
2025-12-20 18:00:00,127.95999999999658
2025-12-20 19:00:00,118.66000000001249
2025-12-20 20:00:00,116.04999999996821
2025-12-20 21:00:00,109.72000000000648
2025-12-20 22:00:00,104.84999999999107
2025-12-20 23:00:00,104.86999999999529
2025-12-21 00:00:00,102.11000000000308
2025-12-21 01:00:00,98.45900000001403
2025-12-21 02:00:00,98.43100000000427
2025-12-21 03:00:00,97.99399999998853
2025-12-21 04:00:00,97.99600000000069
2025-12-21 05:00:00,97.92299999999808
2025-12-21 06:00:00,98.0560000000181
2025-12-21 07:00:00,98.37600000001292
2025-12-21 08:00:00,98.13699999999382
2025-12-21 09:00:00,98.09499999998962
2025-12-21 10:00:00,97.96899999999368
2025-12-21 11:00:00,98.19600000000034
2025-12-21 12:00:00,98.02299999999524
2025-12-21 13:00:00,98.05500000000676
2025-12-21 14:00:00,97.99700000001401
2025-12-21 15:00:00,97.92999999999908
2025-12-21 16:00:00,119.13000000000321
2025-12-21 17:00:00,118.15000000000137
2025-12-21 18:00:00,118.75000000000264
2025-12-21 19:00:00,107.32000000000272
2025-12-21 20:00:00,102.52999999999925
2025-12-21 21:00:00,102.24999999998714
2025-12-21 22:00:00,102.51999999999441
2025-12-21 23:00:00,102.63999999999406
2025-12-22 00:00:00,97.18900000000161
2025-12-22 01:00:00,97.04299999999438
2025-12-22 02:00:00,96.87400000000106
2025-12-22 03:00:00,96.80400000000448
2025-12-22 04:00:00,96.80399999999774
2025-12-22 05:00:00,97.17500000002163
2025-12-22 06:00:00,96.88599999999893
2025-12-22 07:00:00,97.63099999998948
2025-12-22 08:00:00,97.45600000000086
2025-12-22 09:00:00,97.28299999999865
2025-12-22 10:00:00,97.23999999999216
2025-12-22 11:00:00,97.21000000000099
2025-12-22 12:00:00,97.22000000001285
2025-12-22 13:00:00,97.22700000000597
2025-12-22 14:00:00,97.22000000000548
2025-12-22 15:00:00,100.34999999999444
2025-12-22 16:00:00,118.2899999999946
2025-12-22 17:00:00,127.28000000000267
2025-12-22 18:00:00,127.11000000000134
2025-12-22 19:00:00,127.39999999999934
2025-12-22 20:00:00,118.2100000000057
2025-12-22 21:00:00,118.64999999999597
2025-12-22 22:00:00,118.65000000000425
2025-12-22 23:00:00,103.01999999999575
2025-12-23 00:00:00,97.46100000000557
2025-12-23 01:00:00,97.35199999998856
2025-12-23 02:00:00,97.3489999999926
2025-12-23 03:00:00,97.34899999999523
2025-12-23 04:00:00,97.3360000000153
2025-12-23 05:00:00,97.76899999999475
2025-12-23 06:00:00,97.33400000000469
2025-12-23 07:00:00,97.60600000000727
2025-12-23 08:00:00,97.26399999999211
2025-12-23 09:00:00,96.80199999999569
2025-12-23 10:00:00,96.83399999999767
2025-12-23 11:00:00,97.22000000000455
2025-12-23 12:00:00,97.34999999999627
2025-12-23 13:00:00,97.16000000000871
2025-12-23 14:00:00,97.27799999999756
2025-12-23 15:00:00,97.74499999997867
2025-12-23 16:00:00,104.93000000000383
2025-12-23 17:00:00,118.33999999999692
2025-12-23 18:00:00,118.65000000000427
2025-12-23 19:00:00,118.28999999999768
2025-12-23 20:00:00,109.30999999999236
2025-12-23 21:00:00,106.5999999999884
2025-12-23 22:00:00,103.77999999999442
2025-12-23 23:00:00,97.14000000000408
2025-12-24 00:00:00,97.11500000001068
2025-12-24 01:00:00,97.37699999999272
2025-12-24 02:00:00,97.08699999999381
2025-12-24 03:00:00,97.24099999998738
2025-12-24 04:00:00,97.32600000001086
2025-12-24 05:00:00,97.33600000000754
2025-12-24 06:00:00,97.74600000001395
2025-12-24 07:00:00,97.68900000000743
2025-12-24 08:00:00,97.69499999999019
2025-12-24 09:00:00,97.694999999986
2025-12-24 10:00:00,97.6669999999777
2025-12-24 11:00:00,97.37500000000661
2025-12-24 12:00:00,97.76700000000343
2025-12-24 13:00:00,97.51200000000651
2025-12-24 14:00:00,97.5890000000202
2025-12-24 15:00:00,97.69399999998873
2025-12-24 16:00:00,109.55999999999902
2025-12-24 17:00:00,118.33000000001783
2025-12-24 18:00:00,119.78999999999367
2025-12-24 19:00:00,107.05000000003405
2025-12-24 20:00:00,97.51300000000639
2025-12-24 21:00:00,97.75199999998081
2025-12-24 22:00:00,97.44400000000304
2025-12-24 23:00:00,97.34600000000431
2025-12-25 00:00:00,97.54099999998336
2025-12-25 01:00:00,97.26299999999875
2025-12-25 02:00:00,96.81700000002411
2025-12-25 03:00:00,96.8169999999773
2025-12-25 04:00:00,96.89000000001562
2025-12-25 05:00:00,96.81599999999148
2025-12-25 06:00:00,97.03999999999547
2025-12-25 07:00:00,96.9040000000024
2025-12-25 08:00:00,97.14200000000584
2025-12-25 09:00:00,97.02299999998462
2025-12-25 10:00:00,97.03399999999932
2025-12-25 11:00:00,96.99199999999462
2025-12-25 12:00:00,96.99200000001387
2025-12-25 13:00:00,97.28999999999495
2025-12-25 14:00:00,96.77800000000585
2025-12-25 15:00:00,96.85100000000402
2025-12-25 16:00:00,97.44300000000636
2025-12-25 17:00:00,98.46899999999832
2025-12-25 18:00:00,98.666999999994
2025-12-25 19:00:00,98.54100000000405
2025-12-25 20:00:00,97.42200000000041
2025-12-25 21:00:00,97.19200000000184
2025-12-25 22:00:00,97.14499999999019
2025-12-25 23:00:00,96.88099999998782
2025-12-26 00:00:00,96.73100000001334
2025-12-26 01:00:00,97.15700000001388
2025-12-26 02:00:00,96.81800000000902
2025-12-26 03:00:00,96.98200000000715
2025-12-26 04:00:00,96.8179999999949
2025-12-26 05:00:00,97.03500000000201
2025-12-26 06:00:00,97.038999999991
2025-12-26 07:00:00,97.08000000000578
2025-12-26 08:00:00,97.03600000000655
2025-12-26 09:00:00,96.8460000000024
2025-12-26 10:00:00,96.73900000000951
2025-12-26 11:00:00,96.7200000000034
2025-12-26 12:00:00,96.78600000000438
2025-12-26 13:00:00,97.54700000000129
2025-12-26 14:00:00,97.65300000000767
2025-12-26 15:00:00,97.83699999998929
2025-12-26 16:00:00,97.95900000000213
2025-12-26 17:00:00,104.21000000000797
2025-12-26 18:00:00,109.42999999998341
2025-12-26 19:00:00,108.09000000000361
2025-12-26 20:00:00,98.09400000000218
2025-12-26 21:00:00,98.16400000000566
2025-12-26 22:00:00,97.737
2025-12-26 23:00:00,97.33600000000597
2025-12-27 00:00:00,97.19899999999511
2025-12-27 01:00:00,97.26399999999374
2025-12-27 02:00:00,97.15899999999323
2025-12-27 03:00:00,97.30099999999464
2025-12-27 04:00:00,97.17200000000398
2025-12-27 05:00:00,97.34399999998625
2025-12-27 06:00:00,97.74699999999655
2025-12-27 07:00:00,97.58699999999871
2025-12-27 08:00:00,96.96499999999978
2025-12-27 09:00:00,97.12900000000528
2025-12-27 10:00:00,97.12899999999834
2025-12-27 11:00:00,97.25599999999915
2025-12-27 12:00:00,97.4960000000004
2025-12-27 13:00:00,97.20099999999545
2025-12-27 14:00:00,97.12200000000773
2025-12-27 15:00:00,97.12199999999386
2025-12-27 16:00:00,97.26700000001115
2025-12-27 17:00:00,101.57000000000396
2025-12-27 18:00:00,118.74999999999356
2025-12-27 19:00:00,118.97000000001577
2025-12-27 20:00:00,105.68000000000931
2025-12-27 21:00:00,97.86700000000704
2025-12-27 22:00:00,97.23199999999493
2025-12-27 23:00:00,97.33599999999733
2025-12-28 00:00:00,96.92599999998266
2025-12-28 01:00:00,97.24799999999217
2025-12-28 02:00:00,97.23900000000124
2025-12-28 03:00:00,97.04699999998893
2025-12-28 04:00:00,97.05700000000495
2025-12-28 05:00:00,97.13400000000057
2025-12-28 06:00:00,97.1330000000023
2025-12-28 07:00:00,96.96599999999968
2025-12-28 08:00:00,96.57799999999757
2025-12-28 09:00:00,96.27600000001023
2025-12-28 10:00:00,96.37599999998882
2025-12-28 11:00:00,96.77900000001134
2025-12-28 12:00:00,97.08800000000615
2025-12-28 13:00:00,96.84899999999612
2025-12-28 14:00:00,97.46399999999795
2025-12-28 15:00:00,97.163999999997
2025-12-28 16:00:00,96.96900000000677
2025-12-28 17:00:00,103.21000000000167
2025-12-28 18:00:00,118.52999999998293
2025-12-28 19:00:00,107.26000000000619
2025-12-28 20:00:00,101.02000000000322
2025-12-28 21:00:00,97.21399999999865
2025-12-28 22:00:00,96.8120000000078
2025-12-28 23:00:00,96.72000000000834
2025-12-29 00:00:00,95.77499999998757
2025-12-29 01:00:00,95.63100000000512
2025-12-29 02:00:00,95.63099999998114
2025-12-29 03:00:00,95.63099999999838
2025-12-29 04:00:00,95.70000000000194
2025-12-29 05:00:00,96.0390000000168
2025-12-29 06:00:00,96.0279999999949
2025-12-29 07:00:00,96.3349999999852
2025-12-29 08:00:00,95.28999999999228
2025-12-29 09:00:00,96.07900000000627
2025-12-29 10:00:00,95.63500000000536
2025-12-29 11:00:00,95.8200000000093
2025-12-29 12:00:00,95.99200000000937
2025-12-29 13:00:00,96.14299999999504
2025-12-29 14:00:00,99.41700000000033
2025-12-29 15:00:00,119.44000000000005
2025-12-29 16:00:00,119.80000000000965
2025-12-29 17:00:00,118.4900000000091
2025-12-29 18:00:00,118.12000000000769
2025-12-29 19:00:00,118.14999999999507
2025-12-29 20:00:00,103.31000000000954
2025-12-29 21:00:00,101.50000000000092
2025-12-29 22:00:00,99.59200000000787
2025-12-29 23:00:00,95.79899999999746
2025-12-30 00:00:00,96.10100000000533
2025-12-30 01:00:00,96.10099999998107
2025-12-30 02:00:00,96.10099999998675
2025-12-30 03:00:00,96.1009999999932
2025-12-30 04:00:00,96.10100000000763
2025-12-30 05:00:00,96.46499999999477
2025-12-30 06:00:00,96.09000000000681
2025-12-30 07:00:00,96.28499999998564
2025-12-30 08:00:00,96.2839999999894
2025-12-30 09:00:00,96.22100000000351
2025-12-30 10:00:00,96.22099999998927
2025-12-30 11:00:00,96.22000000000554
2025-12-30 12:00:00,96.22000000000548
2025-12-30 13:00:00,96.27499999999843
2025-12-30 14:00:00,96.44900000000847
2025-12-30 15:00:00,96.36400000001085
2025-12-30 16:00:00,96.18199999999432
2025-12-30 17:00:00,99.6989999999929
2025-12-30 18:00:00,100.52000000000164
2025-12-30 19:00:00,96.16400000000367
2025-12-30 20:00:00,96.19799999999957
2025-12-30 21:00:00,95.9829999999926
2025-12-30 22:00:00,96.25099999999215
2025-12-30 23:00:00,95.63800000001011
2025-12-31 00:00:00,95.60599999999287
2025-12-31 01:00:00,95.53999999998285
2025-12-31 02:00:00,95.56700000000495
2025-12-31 03:00:00,95.54000000000728
2025-12-31 04:00:00,95.56700000000491
2025-12-31 05:00:00,95.58700000001933
2025-12-31 06:00:00,95.5720000000101
2025-12-31 07:00:00,95.13000000000014
2025-12-31 08:00:00,95.13800000000487
2025-12-31 09:00:00,95.93500000000233
2025-12-31 10:00:00,96.39099999999851
2025-12-31 11:00:00,95.64499999999681
2025-12-31 12:00:00,95.64299999999841
2025-12-31 13:00:00,95.95799999999225
2025-12-31 14:00:00,96.01299999999671
2025-12-31 15:00:00,96.2420000000091
2025-12-31 16:00:00,96.29500000001212
2025-12-31 17:00:00,96.63000000000555
2025-12-31 18:00:00,96.96299999999944
2025-12-31 19:00:00,96.54899999999441
2025-12-31 20:00:00,96.09799999999632
2025-12-31 21:00:00,95.77300000000358
2025-12-31 22:00:00,96.01300000000978
2025-12-31 23:00:00,95.84799999999618
